ann_id,image_id,file_name,orientation,face_visible,num_keypoints,area,bbox_h,gt_shoulder_sign,pose_model,box_source,detector,n_person_det,top1_score,top1_iou,best_iou,best_rank,pose_oks_raw,pose_oks_corrected,pose_pck02_corrected,pose_n_scored,pose_chirality_swapped,pose_chirality_margin,pose_n_chir,pose_pred_shoulder_sign,pose_conf_mean
183349,7281,000000007281.jpg,FRONT,3,15,4698.5,166.4,-1,body7_official,gt_box,gt_box,,,1.0,1.0,0,0.9175984456696481,0.9175984456696481,1.0,13,0,-0.6268575580302963,8,-1,0.817812442779541
183349,7281,000000007281.jpg,FRONT,3,15,4698.5,166.4,-1,body7_official,rtmdet_ins_tiny,rtmdet_ins_tiny,38,0.6852,0.5773,0.9067,1,0.9227897917887783,0.9227897917887783,1.0,13,0,-0.624185148476314,8,-1,0.7639575004577637
183349,7281,000000007281.jpg,FRONT,3,15,4698.5,166.4,-1,body7_self,gt_box,gt_box,,,1.0,1.0,0,0.9175984456696481,0.9175984456696481,1.0,13,0,-0.6268575580302963,8,-1,0.8178125023841858
183349,7281,000000007281.jpg,FRONT,3,15,4698.5,166.4,-1,body7_self,rtmdet_ins_tiny,rtmdet_ins_tiny,38,0.6852,0.5773,0.9067,1,0.9227897917887783,0.9227897917887783,1.0,13,0,-0.624185148476314,8,-1,0.7639575688277974
183349,7281,000000007281.jpg,FRONT,3,15,4698.5,166.4,-1,aic_coco_self,gt_box,gt_box,,,1.0,1.0,0,0.9291310338135849,0.9291310338135849,1.0,13,0,-0.6227687639615255,8,-1,0.8697676974184373
183349,7281,000000007281.jpg,FRONT,3,15,4698.5,166.4,-1,aic_coco_self,rtmdet_ins_tiny,rtmdet_ins_tiny,38,0.6852,0.5773,0.9067,1,0.9475711803236139,0.9475711803236139,1.0,13,0,-0.6275493825543236,8,-1,0.8231342434883118
183598,488251,000000488251.jpg,FRONT,3,13,45440.1,327.0,-1,body7_official,gt_box,gt_box,,,1.0,1.0,0,0.954175640949498,0.954175640949498,1.0,13,0,-0.6571294397461944,8,-1,0.7479859432753395
183598,488251,000000488251.jpg,FRONT,3,13,45440.1,327.0,-1,body7_official,rtmdet_ins_tiny,rtmdet_ins_tiny,24,0.8559,0.9325,0.9325,0,0.9575294614992327,0.9575294614992327,1.0,13,0,-0.660922313392431,8,-1,0.743055943180533
183598,488251,000000488251.jpg,FRONT,3,13,45440.1,327.0,-1,body7_self,gt_box,gt_box,,,1.0,1.0,0,0.954175640949498,0.954175640949498,1.0,13,0,-0.6571294397461944,8,-1,0.7479859853492064
183598,488251,000000488251.jpg,FRONT,3,13,45440.1,327.0,-1,body7_self,rtmdet_ins_tiny,rtmdet_ins_tiny,24,0.8559,0.9325,0.9325,0,0.9575294614992327,0.9575294614992327,1.0,13,0,-0.660922313392431,8,-1,0.7430559992790222
183598,488251,000000488251.jpg,FRONT,3,13,45440.1,327.0,-1,aic_coco_self,gt_box,gt_box,,,1.0,1.0,0,0.9656284593432546,0.9656284593432546,1.0,13,0,-0.6661411165088251,8,-1,0.7430887099574593
183598,488251,000000488251.jpg,FRONT,3,13,45440.1,327.0,-1,aic_coco_self,rtmdet_ins_tiny,rtmdet_ins_tiny,24,0.8559,0.9325,0.9325,0,0.9658266660983952,0.9658266660983952,1.0,13,0,-0.6691484876190741,8,-1,0.732435858424972
183910,494188,000000494188.jpg,FRONT,3,16,13740.4,259.0,-1,body7_official,gt_box,gt_box,,,1.0,1.0,0,0.9745398592778242,0.9745398592778242,1.0,16,0,-0.3238816476449115,12,-1,0.8772750041064095
183910,494188,000000494188.jpg,FRONT,3,16,13740.4,259.0,-1,body7_official,rtmdet_ins_tiny,rtmdet_ins_tiny,27,0.8876,0.9416,0.9416,0,0.9732173730243274,0.9732173730243274,1.0,16,0,-0.3303236220479646,12,-1,0.8874517538968254
183910,494188,000000494188.jpg,FRONT,3,16,13740.4,259.0,-1,body7_self,gt_box,gt_box,,,1.0,1.0,0,0.9745398592778242,0.9745398592778242,1.0,16,0,-0.3238816476449115,12,-1,0.877274891909431
183910,494188,000000494188.jpg,FRONT,3,16,13740.4,259.0,-1,body7_self,rtmdet_ins_tiny,rtmdet_ins_tiny,27,0.8876,0.9416,0.9416,0,0.9732173730243274,0.9732173730243274,1.0,16,0,-0.3303236220479646,12,-1,0.8874517854522256
183910,494188,000000494188.jpg,FRONT,3,16,13740.4,259.0,-1,aic_coco_self,gt_box,gt_box,,,1.0,1.0,0,0.979773621128715,0.979773621128715,1.0,16,0,-0.3298201475953614,12,-1,0.9150858977261711
183910,494188,000000494188.jpg,FRONT,3,16,13740.4,259.0,-1,aic_coco_self,rtmdet_ins_tiny,rtmdet_ins_tiny,27,0.8876,0.9416,0.9416,0,0.9695238691066218,0.9695238691066218,1.0,16,0,-0.32937283798770534,12,-1,0.9114883121322183
184316,132408,000000132408.jpg,FRONT,3,17,5076.8,143.2,-1,body7_official,gt_box,gt_box,,,1.0,1.0,0,0.935856569347463,0.935856569347463,1.0,16,0,-0.4761806491096513,10,-1,0.8695236409411711
184316,132408,000000132408.jpg,FRONT,3,17,5076.8,143.2,-1,body7_official,rtmdet_ins_tiny,rtmdet_ins_tiny,18,0.8704,0.9471,0.9471,0,0.9556264567658137,0.9556264567658137,1.0,16,0,-0.48094603201566566,10,-1,0.8762664935168099
184316,132408,000000132408.jpg,FRONT,3,17,5076.8,143.2,-1,body7_self,gt_box,gt_box,,,1.0,1.0,0,0.935856569347463,0.935856569347463,1.0,16,0,-0.4761806491096513,10,-1,0.8695236514596378
184316,132408,000000132408.jpg,FRONT,3,17,5076.8,143.2,-1,body7_self,rtmdet_ins_tiny,rtmdet_ins_tiny,18,0.8704,0.9471,0.9471,0,0.9556264567658137,0.9556264567658137,1.0,16,0,-0.48094603201566566,10,-1,0.8762665320845211
184316,132408,000000132408.jpg,FRONT,3,17,5076.8,143.2,-1,aic_coco_self,gt_box,gt_box,,,1.0,1.0,0,0.9690016385216809,0.9690016385216809,1.0,16,0,-0.4800454212036628,10,-1,0.8721559924237868
184316,132408,000000132408.jpg,FRONT,3,17,5076.8,143.2,-1,aic_coco_self,rtmdet_ins_tiny,rtmdet_ins_tiny,18,0.8704,0.9471,0.9471,0,0.9808002003656706,0.9808002003656706,1.0,16,0,-0.48362263341989076,10,-1,0.8688111550667706
185430,458223,000000458223.jpg,REAR,0,13,4569.5,143.2,1,body7_official,gt_box,gt_box,,,1.0,1.0,0,0.9732716189999002,0.9732716189999002,1.0,12,0,-0.36267376194566125,10,1,0.7712940328261432
185430,458223,000000458223.jpg,REAR,0,13,4569.5,143.2,1,body7_official,rtmdet_ins_tiny,rtmdet_ins_tiny,11,0.8077,0.9104,0.9104,0,0.9682023048132492,0.9682023048132492,1.0,12,0,-0.3649465817373358,10,1,0.802364847239326
185430,458223,000000458223.jpg,REAR,0,13,4569.5,143.2,1,body7_self,gt_box,gt_box,,,1.0,1.0,0,0.9732716189999002,0.9732716189999002,1.0,12,0,-0.36267376194566125,10,1,0.7712940784061656
185430,458223,000000458223.jpg,REAR,0,13,4569.5,143.2,1,body7_self,rtmdet_ins_tiny,rtmdet_ins_tiny,11,0.8077,0.9104,0.9104,0,0.9682023048132492,0.9682023048132492,1.0,12,0,-0.3649465817373358,10,1,0.8023648156839258
185430,458223,000000458223.jpg,REAR,0,13,4569.5,143.2,1,aic_coco_self,gt_box,gt_box,,,1.0,1.0,0,0.9677017268049332,0.9677017268049332,1.0,12,0,-0.36532938400099746,10,1,0.7705218266038334
185430,458223,000000458223.jpg,REAR,0,13,4569.5,143.2,1,aic_coco_self,rtmdet_ins_tiny,rtmdet_ins_tiny,11,0.8077,0.9104,0.9104,0,0.9639733524513825,0.9639733524513825,1.0,12,0,-0.3653788774057625,10,1,0.7921485725571128
186421,506656,000000506656.jpg,OBLIQUE,2,15,9947.1,242.7,-1,body7_official,gt_box,gt_box,,,1.0,1.0,0,0.9599547825622408,0.9599547825622408,1.0,15,0,-0.04396890048205618,12,-1,0.8028760832898757
186421,506656,000000506656.jpg,OBLIQUE,2,15,9947.1,242.7,-1,body7_official,rtmdet_ins_tiny,rtmdet_ins_tiny,28,0.8341,0.8684,0.8684,0,0.9506519062245782,0.9506519062245782,1.0,15,0,-0.047279202735103096,12,-1,0.8364894705660203
186421,506656,000000506656.jpg,OBLIQUE,2,15,9947.1,242.7,-1,body7_self,gt_box,gt_box,,,1.0,1.0,0,0.9599547825622408,0.9599547825622408,1.0,15,0,-0.04396890048205618,12,-1,0.8028761674376095
186421,506656,000000506656.jpg,OBLIQUE,2,15,9947.1,242.7,-1,body7_self,rtmdet_ins_tiny,rtmdet_ins_tiny,28,0.8341,0.8684,0.8684,0,0.9506519062245782,0.9506519062245782,1.0,15,0,-0.047279202735103096,12,-1,0.8364894775783315
186421,506656,000000506656.jpg,OBLIQUE,2,15,9947.1,242.7,-1,aic_coco_self,gt_box,gt_box,,,1.0,1.0,0,0.970184240274716,0.970184240274716,1.0,15,0,-0.05381015979002507,12,-1,0.8197721207843107
186421,506656,000000506656.jpg,OBLIQUE,2,15,9947.1,242.7,-1,aic_coco_self,rtmdet_ins_tiny,rtmdet_ins_tiny,28,0.8341,0.8684,0.8684,0,0.9701344741897484,0.9701344741897484,1.0,15,0,-0.05183923024265956,12,-1,0.8281916485113257
186786,64868,000000064868.jpg,OBLIQUE,2,15,46015.7,322.8,-1,body7_official,gt_box,gt_box,,,1.0,1.0,0,0.9484734762005272,0.9484734762005272,1.0,14,0,-0.2847363629310338,10,-1,0.78941551026176
186786,64868,000000064868.jpg,OBLIQUE,2,15,46015.7,322.8,-1,body7_official,rtmdet_ins_tiny,rtmdet_ins_tiny,7,0.7186,0.7967,0.7967,0,0.9499811267867615,0.9499811267867615,1.0,14,0,-0.2814475649461213,10,-1,0.7967504508355084
186786,64868,000000064868.jpg,OBLIQUE,2,15,46015.7,322.8,-1,body7_self,gt_box,gt_box,,,1.0,1.0,0,0.9484734762005272,0.9484734762005272,1.0,14,0,-0.2847363629310338,10,-1,0.7894155277925379
186786,64868,000000064868.jpg,OBLIQUE,2,15,46015.7,322.8,-1,body7_self,rtmdet_ins_tiny,rtmdet_ins_tiny,7,0.7186,0.7967,0.7967,0,0.9499811267867615,0.9499811267867615,1.0,14,0,-0.2814475649461213,10,-1,0.7967503491569968
186786,64868,000000064868.jpg,OBLIQUE,2,15,46015.7,322.8,-1,aic_coco_self,gt_box,gt_box,,,1.0,1.0,0,0.973829693368102,0.973829693368102,1.0,14,0,-0.29047873551656217,10,-1,0.7764179566327263
186786,64868,000000064868.jpg,OBLIQUE,2,15,46015.7,322.8,-1,aic_coco_self,rtmdet_ins_tiny,rtmdet_ins_tiny,7,0.7186,0.7967,0.7967,0,0.9595863434203424,0.9595863434203424,1.0,14,0,-0.29165157289163485,10,-1,0.7580813730464262
187457,23126,000000023126.jpg,FRONT,3,16,19992.3,334.1,-1,body7_official,gt_box,gt_box,,,1.0,1.0,0,0.9682187325790472,0.9682187325790472,1.0,16,0,-0.27734761112530554,12,-1,0.8680167759166044
187457,23126,000000023126.jpg,FRONT,3,16,19992.3,334.1,-1,body7_official,rtmdet_ins_tiny,rtmdet_ins_tiny,14,0.8510,0.9366,0.9366,0,0.9670688768920227,0.9670688768920227,1.0,16,0,-0.28027263420318566,12,-1,0.8751010859713835
187457,23126,000000023126.jpg,FRONT,3,16,19992.3,334.1,-1,body7_self,gt_box,gt_box,,,1.0,1.0,0,0.9682187325790472,0.9682187325790472,1.0,16,0,-0.27734761112530554,12,-1,0.8680167478673598
187457,23126,000000023126.jpg,FRONT,3,16,19992.3,334.1,-1,body7_self,rtmdet_ins_tiny,rtmdet_ins_tiny,14,0.8510,0.9366,0.9366,0,0.9670688768920227,0.9670688768920227,1.0,16,0,-0.28027263420318566,12,-1,0.8751010719467612
187457,23126,000000023126.jpg,FRONT,3,16,19992.3,334.1,-1,aic_coco_self,gt_box,gt_box,,,1.0,1.0,0,0.9752762981641142,0.9752762981641142,1.0,16,0,-0.2775919352924012,12,-1,0.8601548917153302
187457,23126,000000023126.jpg,FRONT,3,16,19992.3,334.1,-1,aic_coco_self,rtmdet_ins_tiny,rtmdet_ins_tiny,14,0.8510,0.9366,0.9366,0,0.9709670201888527,0.9709670201888527,1.0,16,0,-0.282289265559248,12,-1,0.868702348540811
188309,357978,000000357978.jpg,FRONT,3,17,12645.9,247.6,-1,body7_official,gt_box,gt_box,,,1.0,1.0,0,0.9815097411486472,0.9815097411486472,1.0,16,0,-0.33770170252577664,10,-1,0.9261532881680656
188309,357978,000000357978.jpg,FRONT,3,17,12645.9,247.6,-1,body7_official,rtmdet_ins_tiny,rtmdet_ins_tiny,13,0.8998,0.9469,0.9469,0,0.9826221347754472,0.9826221347754472,1.0,16,0,-0.33841140339515036,10,-1,0.9335375954123104
188309,357978,000000357978.jpg,FRONT,3,17,12645.9,247.6,-1,body7_self,gt_box,gt_box,,,1.0,1.0,0,0.9815097411486472,0.9815097411486472,1.0,16,0,-0.33770170252577664,10,-1,0.9261533337480882
188309,357978,000000357978.jpg,FRONT,3,17,12645.9,247.6,-1,body7_self,rtmdet_ins_tiny,rtmdet_ins_tiny,13,0.8998,0.9469,0.9469,0,0.9826221347754472,0.9826221347754472,1.0,16,0,-0.33841140339515036,10,-1,0.9335375147707322
188309,357978,000000357978.jpg,FRONT,3,17,12645.9,247.6,-1,aic_coco_self,gt_box,gt_box,,,1.0,1.0,0,0.9834427720412668,0.9834427720412668,1.0,16,0,-0.33871034786369614,10,-1,0.9296065603985506
188309,357978,000000357978.jpg,FRONT,3,17,12645.9,247.6,-1,aic_coco_self,rtmdet_ins_tiny,rtmdet_ins_tiny,13,0.8998,0.9469,0.9469,0,0.985457634414854,0.985457634414854,1.0,16,0,-0.3388150077259276,10,-1,0.9365903068991268
189717,342367,000000342367.jpg,FRONT,3,12,22562.8,257.0,-1,body7_official,gt_box,gt_box,,,1.0,1.0,0,0.975292319507497,0.975292319507497,1.0,12,0,-0.5188490925553535,8,-1,0.7204305108855752
189717,342367,000000342367.jpg,FRONT,3,12,22562.8,257.0,-1,body7_official,rtmdet_ins_tiny,rtmdet_ins_tiny,29,0.8303,0.9486,0.9486,0,0.9786425251676588,0.9786425251676588,1.0,12,0,-0.520085001213807,8,-1,0.7340038997285506
189717,342367,000000342367.jpg,FRONT,3,12,22562.8,257.0,-1,body7_self,gt_box,gt_box,,,1.0,1.0,0,0.975292319507497,0.975292319507497,1.0,12,0,-0.5188490925553535,8,-1,0.7204305108855752
189717,342367,000000342367.jpg,FRONT,3,12,22562.8,257.0,-1,body7_self,rtmdet_ins_tiny,rtmdet_ins_tiny,29,0.8303,0.9486,0.9486,0,0.9786425251676588,0.9786425251676588,1.0,12,0,-0.520085001213807,8,-1,0.7340039260247174
189717,342367,000000342367.jpg,FRONT,3,12,22562.8,257.0,-1,aic_coco_self,gt_box,gt_box,,,1.0,1.0,0,0.9849883249878383,0.9849883249878383,1.0,12,0,-0.5257623865636823,8,-1,0.6950630493023816
189717,342367,000000342367.jpg,FRONT,3,12,22562.8,257.0,-1,aic_coco_self,rtmdet_ins_tiny,rtmdet_ins_tiny,29,0.8303,0.9486,0.9486,0,0.9854918212035164,0.9854918212035164,1.0,12,0,-0.5259829512265723,8,-1,0.7122547346002915
191201,66038,000000066038.jpg,OBLIQUE,2,15,1956.3,116.9,-1,body7_official,gt_box,gt_box,,,1.0,1.0,0,0.8599680200227965,0.8599680200227965,1.0,14,0,-0.12408437859803476,10,-1,0.706775963306427
191201,66038,000000066038.jpg,OBLIQUE,2,15,1956.3,116.9,-1,body7_official,rtmdet_ins_tiny,rtmdet_ins_tiny,30,0.7191,0.0902,0.8706,1,0.00204879910984278,0.00204879910984278,0.0,14,0,-0.014343862941898489,10,-1,0.6841347883729374
191201,66038,000000066038.jpg,OBLIQUE,2,15,1956.3,116.9,-1,body7_self,gt_box,gt_box,,,1.0,1.0,0,0.8599680200227965,0.8599680200227965,1.0,14,0,-0.12408437859803476,10,-1,0.7067759843433604
191201,66038,000000066038.jpg,OBLIQUE,2,15,1956.3,116.9,-1,body7_self,rtmdet_ins_tiny,rtmdet_ins_tiny,30,0.7191,0.0902,0.8706,1,0.00204879910984278,0.00204879910984278,0.0,14,0,-0.014343862941898489,10,-1,0.6841348602491266
191201,66038,000000066038.jpg,OBLIQUE,2,15,1956.3,116.9,-1,aic_coco_self,gt_box,gt_box,,,1.0,1.0,0,0.889051142888215,0.889051142888215,1.0,14,0,-0.13386262525351453,10,-1,0.7363403649891124
191201,66038,000000066038.jpg,OBLIQUE,2,15,1956.3,116.9,-1,aic_coco_self,rtmdet_ins_tiny,rtmdet_ins_tiny,30,0.7191,0.0902,0.8706,1,0.0020458756540776063,0.0020458756540776063,0.0,14,0,-0.014495298822612024,10,-1,0.6972094809307772
191789,44877,000000044877.jpg,FRONT,3,13,51779.9,393.5,-1,body7_official,gt_box,gt_box,,,1.0,1.0,0,0.9851858349077814,0.9851858349077814,1.0,13,0,-0.2678666287491404,6,-1,0.782613745507072
191789,44877,000000044877.jpg,FRONT,3,13,51779.9,393.5,-1,body7_official,rtmdet_ins_tiny,rtmdet_ins_tiny,22,0.8771,0.9558,0.9558,0,0.9846478016735779,0.9846478016735779,1.0,13,0,-0.26686784898980437,6,-1,0.7932359558694503
191789,44877,000000044877.jpg,FRONT,3,13,51779.9,393.5,-1,body7_self,gt_box,gt_box,,,1.0,1.0,0,0.9851858349077814,0.9851858349077814,1.0,13,0,-0.2678666287491404,6,-1,0.7826136315570158
191789,44877,000000044877.jpg,FRONT,3,13,51779.9,393.5,-1,body7_self,rtmdet_ins_tiny,rtmdet_ins_tiny,22,0.8771,0.9558,0.9558,0,0.9846478016735779,0.9846478016735779,1.0,13,0,-0.26686784898980437,6,-1,0.7932359471040613
191789,44877,000000044877.jpg,FRONT,3,13,51779.9,393.5,-1,aic_coco_self,gt_box,gt_box,,,1.0,1.0,0,0.9832997455954422,0.9832997455954422,1.0,13,0,-0.26732130526651693,6,-1,0.7800475534270791
191789,44877,000000044877.jpg,FRONT,3,13,51779.9,393.5,-1,aic_coco_self,rtmdet_ins_tiny,rtmdet_ins_tiny,22,0.8771,0.9558,0.9558,0,0.9812187166004842,0.9812187166004842,1.0,13,0,-0.26153703712027304,6,-1,0.7819885366103229
193457,572462,000000572462.jpg,OBLIQUE,2,11,12508.0,223.7,1,body7_official,gt_box,gt_box,,,1.0,1.0,0,0.9200527126396836,0.9200527126396836,1.0,11,0,-0.16345472263883526,6,1,0.6515651134883657
193457,572462,000000572462.jpg,OBLIQUE,2,11,12508.0,223.7,1,body7_official,rtmdet_ins_tiny,rtmdet_ins_tiny,34,0.7316,0.0000,0.9337,1,4.031843734529173e-08,4.031843734529173e-08,0.0,11,0,-0.0013491186474765549,6,1,0.5127762573606828
193457,572462,000000572462.jpg,OBLIQUE,2,11,12508.0,223.7,1,body7_self,gt_box,gt_box,,,1.0,1.0,0,0.9200527126396836,0.9200527126396836,1.0,11,0,-0.16345472263883526,6,1,0.6515650959575877
193457,572462,000000572462.jpg,OBLIQUE,2,11,12508.0,223.7,1,body7_self,rtmdet_ins_tiny,rtmdet_ins_tiny,34,0.7316,0.0000,0.9337,1,4.031843734529173e-08,4.031843734529173e-08,0.0,11,0,-0.0013491186474765549,6,1,0.5127762783976162
193457,572462,000000572462.jpg,OBLIQUE,2,11,12508.0,223.7,1,aic_coco_self,gt_box,gt_box,,,1.0,1.0,0,0.9046948353855264,0.9046948353855264,1.0,11,0,-0.15215269789048286,6,1,0.6087848579182344
193457,572462,000000572462.jpg,OBLIQUE,2,11,12508.0,223.7,1,aic_coco_self,rtmdet_ins_tiny,rtmdet_ins_tiny,34,0.7316,0.0000,0.9337,1,1.5232558398663647e-05,1.5232558398663647e-05,0.0,11,0,-0.001097093362784074,6,1,0.5757944303400376
194035,534270,000000534270.jpg,REAR,0,12,18791.3,276.2,1,body7_official,gt_box,gt_box,,,1.0,1.0,0,0.9910011321126423,0.9910011321126423,1.0,12,0,-0.3304529796506376,10,1,0.7503564059734344
194035,534270,000000534270.jpg,REAR,0,12,18791.3,276.2,1,body7_official,rtmdet_ins_tiny,rtmdet_ins_tiny,21,0.8645,0.8972,0.8972,0,0.9870484494371934,0.9870484494371934,1.0,12,0,-0.32577839517436774,10,1,0.7575354646233952
194035,534270,000000534270.jpg,REAR,0,12,18791.3,276.2,1,body7_self,gt_box,gt_box,,,1.0,1.0,0,0.9910011321126423,0.9910011321126423,1.0,12,0,-0.3304529796506376,10,1,0.7503563814303454
194035,534270,000000534270.jpg,REAR,0,12,18791.3,276.2,1,body7_self,rtmdet_ins_tiny,rtmdet_ins_tiny,21,0.8645,0.8972,0.8972,0,0.9870484494371934,0.9870484494371934,1.0,12,0,-0.32577839517436774,10,1,0.7575354120310616
194035,534270,000000534270.jpg,REAR,0,12,18791.3,276.2,1,aic_coco_self,gt_box,gt_box,,,1.0,1.0,0,0.9839701484423858,0.9839701484423858,1.0,12,0,-0.32567631450798484,10,1,0.8315496690133038
194035,534270,000000534270.jpg,REAR,0,12,18791.3,276.2,1,aic_coco_self,rtmdet_ins_tiny,rtmdet_ins_tiny,21,0.8645,0.8972,0.8972,0,0.9852004860011955,0.9852004860011955,1.0,12,0,-0.32411079287911837,10,1,0.8171390295028687
195915,7816,000000007816.jpg,REAR,0,10,1560.1,106.6,1,body7_official,gt_box,gt_box,,,1.0,1.0,0,0.5375659773059253,0.6796016038103158,1.0,10,1,0.05120097142193007,8,-1,0.5632574908873614
195915,7816,000000007816.jpg,REAR,0,10,1560.1,106.6,1,body7_official,rtmdet_ins_tiny,rtmdet_ins_tiny,45,0.5778,0.6085,0.8820,3,0.5494193567451345,0.6678524266382,0.9,10,1,0.0502993226978386,8,-1,0.5181263369672439
195915,7816,000000007816.jpg,REAR,0,10,1560.1,106.6,1,body7_self,gt_box,gt_box,,,1.0,1.0,0,0.5375659773059253,0.6796016038103158,1.0,10,1,0.05120097142193007,8,-1,0.5632574628381168
195915,7816,000000007816.jpg,REAR,0,10,1560.1,106.6,1,body7_self,rtmdet_ins_tiny,rtmdet_ins_tiny,45,0.5778,0.6085,0.8820,3,0.5494193567451345,0.6678524266382,0.9,10,1,0.0502993226978386,8,-1,0.5181262405479655
195915,7816,000000007816.jpg,REAR,0,10,1560.1,106.6,1,aic_coco_self,gt_box,gt_box,,,1.0,1.0,0,0.49311328491735285,0.7052474293920981,1.0,10,1,0.07883095235844838,8,-1,0.5772618563736186
195915,7816,000000007816.jpg,REAR,0,10,1560.1,106.6,1,aic_coco_self,rtmdet_ins_tiny,rtmdet_ins_tiny,45,0.5778,0.6085,0.8820,3,0.6909307143890773,0.6909307143890773,1.0,10,0,-0.027564609494097447,8,1,0.5666674007387722
196583,468501,000000468501.jpg,FRONT,3,16,8300.6,144.6,-1,body7_official,gt_box,gt_box,,,1.0,1.0,0,0.9648885056476766,0.9648885056476766,1.0,16,0,-0.3715682341050302,12,-1,0.9058116534176994
196583,468501,000000468501.jpg,FRONT,3,16,8300.6,144.6,-1,body7_official,rtmdet_ins_tiny,rtmdet_ins_tiny,7,0.6559,0.7766,0.7766,0,0.9741118817061911,0.9741118817061911,1.0,16,0,-0.3736750730771454,12,-1,0.9264506943085614
196583,468501,000000468501.jpg,FRONT,3,16,8300.6,144.6,-1,body7_self,gt_box,gt_box,,,1.0,1.0,0,0.9648885056476766,0.9648885056476766,1.0,16,0,-0.3715682341050302,12,-1,0.9058115692699656
196583,468501,000000468501.jpg,FRONT,3,16,8300.6,144.6,-1,body7_self,rtmdet_ins_tiny,rtmdet_ins_tiny,7,0.6559,0.7766,0.7766,0,0.9741118817061911,0.9741118817061911,1.0,16,0,-0.3736750730771454,12,-1,0.9264506767777836
196583,468501,000000468501.jpg,FRONT,3,16,8300.6,144.6,-1,aic_coco_self,gt_box,gt_box,,,1.0,1.0,0,0.9512460955430715,0.9512460955430715,1.0,16,0,-0.3701451433965474,12,-1,0.9271931998869952
196583,468501,000000468501.jpg,FRONT,3,16,8300.6,144.6,-1,aic_coco_self,rtmdet_ins_tiny,rtmdet_ins_tiny,7,0.6559,0.7766,0.7766,0,0.9691896544918104,0.9691896544918104,1.0,16,0,-0.3749757639602881,12,-1,0.8990400608848123
197380,121242,000000121242.jpg,OBLIQUE,2,15,2916.3,114.0,-1,body7_official,gt_box,gt_box,,,1.0,1.0,0,0.8693113573413075,0.8693113573413075,1.0,15,0,-0.2477902360866583,12,-1,0.7332306364003349
197380,121242,000000121242.jpg,OBLIQUE,2,15,2916.3,114.0,-1,body7_official,rtmdet_ins_tiny,rtmdet_ins_tiny,21,0.7051,0.7424,0.7424,0,0.9033477298788016,0.9033477298788016,1.0,15,0,-0.2447461205585838,12,-1,0.7338271947468028
197380,121242,000000121242.jpg,OBLIQUE,2,15,2916.3,114.0,-1,body7_self,gt_box,gt_box,,,1.0,1.0,0,0.8693113573413075,0.8693113573413075,1.0,15,0,-0.2477902360866583,12,-1,0.7332306048449349
197380,121242,000000121242.jpg,OBLIQUE,2,15,2916.3,114.0,-1,body7_self,rtmdet_ins_tiny,rtmdet_ins_tiny,21,0.7051,0.7424,0.7424,0,0.9033477298788016,0.9033477298788016,1.0,15,0,-0.2447461205585838,12,-1,0.7338273840792039
197380,121242,000000121242.jpg,OBLIQUE,2,15,2916.3,114.0,-1,aic_coco_self,gt_box,gt_box,,,1.0,1.0,0,0.884164757233028,0.884164757233028,1.0,15,0,-0.2341512986458001,12,-1,0.7891151729752036
197380,121242,000000121242.jpg,OBLIQUE,2,15,2916.3,114.0,-1,aic_coco_self,rtmdet_ins_tiny,rtmdet_ins_tiny,21,0.7051,0.7424,0.7424,0,0.9067157744963475,0.9067157744963475,1.0,15,0,-0.23804100311196877,12,-1,0.7587762439952177
198467,389684,000000389684.jpg,FRONT,3,16,3797.0,121.8,-1,body7_official,gt_box,gt_box,,,1.0,1.0,0,0.9614283284788172,0.9614283284788172,1.0,14,0,-0.3707147177645664,10,-1,0.7525989798938527
198467,389684,000000389684.jpg,FRONT,3,16,3797.0,121.8,-1,body7_official,rtmdet_ins_tiny,rtmdet_ins_tiny,20,0.7855,0.9546,0.9546,0,0.9561124905180064,0.9561124905180064,1.0,14,0,-0.36844098786317037,10,-1,0.7503546318587135
198467,389684,000000389684.jpg,FRONT,3,16,3797.0,121.8,-1,body7_self,gt_box,gt_box,,,1.0,1.0,0,0.9614283284788172,0.9614283284788172,1.0,14,0,-0.3707147177645664,10,-1,0.752598944832297
198467,389684,000000389684.jpg,FRONT,3,16,3797.0,121.8,-1,body7_self,rtmdet_ins_tiny,rtmdet_ins_tiny,20,0.7855,0.9546,0.9546,0,0.9561124905180064,0.9561124905180064,1.0,14,0,-0.36844098786317037,10,-1,0.7503545494640574
198467,389684,000000389684.jpg,FRONT,3,16,3797.0,121.8,-1,aic_coco_self,gt_box,gt_box,,,1.0,1.0,0,0.9618664697478982,0.9618664697478982,1.0,14,0,-0.3719001440351575,10,-1,0.7574060559272766
198467,389684,000000389684.jpg,FRONT,3,16,3797.0,121.8,-1,aic_coco_self,rtmdet_ins_tiny,rtmdet_ins_tiny,20,0.7855,0.9546,0.9546,0,0.9542920382940132,0.9542920382940132,1.0,14,0,-0.36616495357303386,10,-1,0.7662001515136045
199447,411817,000000411817.jpg,REAR,0,9,8466.1,203.2,1,body7_official,gt_box,gt_box,,,1.0,1.0,0,0.9002389066956371,0.9002389066956371,1.0,9,0,-0.29178382824319515,6,1,0.6298592861960916
199447,411817,000000411817.jpg,REAR,0,9,8466.1,203.2,1,body7_official,rtmdet_ins_tiny,rtmdet_ins_tiny,20,0.8741,0.9559,0.9559,0,0.8901444028110169,0.8901444028110169,1.0,9,0,-0.2876778830373478,6,1,0.6309711705235874
199447,411817,000000411817.jpg,REAR,0,9,8466.1,203.2,1,body7_self,gt_box,gt_box,,,1.0,1.0,0,0.9002389066956371,0.9002389066956371,1.0,9,0,-0.29178382824319515,6,1,0.6298596192808712
199447,411817,000000411817.jpg,REAR,0,9,8466.1,203.2,1,body7_self,rtmdet_ins_tiny,rtmdet_ins_tiny,20,0.8741,0.9559,0.9559,0,0.8901444028110169,0.8901444028110169,1.0,9,0,-0.2876778830373478,6,1,0.6309712055851432
199447,411817,000000411817.jpg,REAR,0,9,8466.1,203.2,1,aic_coco_self,gt_box,gt_box,,,1.0,1.0,0,0.8342959647396386,0.8342959647396386,1.0,9,0,-0.26392108849003554,6,1,0.7138777901144588
199447,411817,000000411817.jpg,REAR,0,9,8466.1,203.2,1,aic_coco_self,rtmdet_ins_tiny,rtmdet_ins_tiny,20,0.8741,0.9559,0.9559,0,0.792900823233587,0.792900823233587,0.8888888888888888,9,0,-0.25620310109011163,6,1,0.7140103859059951
200681,574297,000000574297.jpg,FRONT,3,15,7441.9,221.7,-1,body7_official,gt_box,gt_box,,,1.0,1.0,0,0.9770043979294322,0.9770043979294322,1.0,14,0,-0.46870507565133535,8,-1,0.866248649709365
200681,574297,000000574297.jpg,FRONT,3,15,7441.9,221.7,-1,body7_official,rtmdet_ins_tiny,rtmdet_ins_tiny,6,0.8633,0.9610,0.9610,0,0.9751783993906004,0.9751783993906004,1.0,14,0,-0.4657717514126011,8,-1,0.8700717442175921
200681,574297,000000574297.jpg,FRONT,3,15,7441.9,221.7,-1,body7_self,gt_box,gt_box,,,1.0,1.0,0,0.9770043979294322,0.9770043979294322,1.0,14,0,-0.46870507565133535,8,-1,0.866248698795543
200681,574297,000000574297.jpg,FRONT,3,15,7441.9,221.7,-1,body7_self,rtmdet_ins_tiny,rtmdet_ins_tiny,6,0.8633,0.9610,0.9610,0,0.9751783993906004,0.9751783993906004,1.0,14,0,-0.4657717514126011,8,-1,0.8700717757729923
200681,574297,000000574297.jpg,FRONT,3,15,7441.9,221.7,-1,aic_coco_self,gt_box,gt_box,,,1.0,1.0,0,0.977261889560638,0.977261889560638,1.0,14,0,-0.4675324853146601,8,-1,0.8580625022158903
200681,574297,000000574297.jpg,FRONT,3,15,7441.9,221.7,-1,aic_coco_self,rtmdet_ins_tiny,rtmdet_ins_tiny,6,0.8633,0.9610,0.9610,0,0.9701281982444593,0.9701281982444593,1.0,14,0,-0.4632109418202616,8,-1,0.8634016373578239
200974,8690,000000008690.jpg,OBLIQUE,2,15,8204.9,291.6,-1,body7_official,gt_box,gt_box,,,1.0,1.0,0,0.8018304447127896,0.8018304447127896,1.0,11,0,-0.018023653923214936,8,1,0.6390886692439809
200974,8690,000000008690.jpg,OBLIQUE,2,15,8204.9,291.6,-1,body7_official,rtmdet_ins_tiny,rtmdet_ins_tiny,39,0.5659,0.3163,0.7748,1,4.6373444947615026e-05,4.6373444947615026e-05,0.0,11,0,-0.030834543035613837,8,-1,0.5114725179531995
200974,8690,000000008690.jpg,OBLIQUE,2,15,8204.9,291.6,-1,body7_self,gt_box,gt_box,,,1.0,1.0,0,0.8018304447127896,0.8018304447127896,1.0,11,0,-0.018023653923214936,8,1,0.6390886552193585
200974,8690,000000008690.jpg,OBLIQUE,2,15,8204.9,291.6,-1,body7_self,rtmdet_ins_tiny,rtmdet_ins_tiny,39,0.5659,0.3163,0.7748,1,4.6373444947615026e-05,4.6373444947615026e-05,0.0,11,0,-0.030834543035613837,8,-1,0.511472645927878
200974,8690,000000008690.jpg,OBLIQUE,2,15,8204.9,291.6,-1,aic_coco_self,gt_box,gt_box,,,1.0,1.0,0,0.7311448692088998,0.7311448692088998,0.9090909090909091,11,0,-0.06919104364501077,8,-1,0.6541363982593312
200974,8690,000000008690.jpg,OBLIQUE,2,15,8204.9,291.6,-1,aic_coco_self,rtmdet_ins_tiny,rtmdet_ins_tiny,39,0.5659,0.3163,0.7748,1,1.7882891788323284e-05,1.7882891788323284e-05,0.0,11,0,-0.015133267333284017,8,-1,0.5435673769782571
201384,109313,000000109313.jpg,OBLIQUE,2,15,64985.5,540.8,-1,body7_official,gt_box,gt_box,,,1.0,1.0,0,0.9857026262209457,0.9857026262209457,1.0,14,0,-0.43927575939325303,10,-1,0.8898103657890769
201384,109313,000000109313.jpg,OBLIQUE,2,15,64985.5,540.8,-1,body7_official,rtmdet_ins_tiny,rtmdet_ins_tiny,4,0.9120,0.9540,0.9540,0,0.9837155302577589,0.9837155302577589,1.0,14,0,-0.43821313453058985,10,-1,0.8848841085153467
201384,109313,000000109313.jpg,OBLIQUE,2,15,64985.5,540.8,-1,body7_self,gt_box,gt_box,,,1.0,1.0,0,0.9857026262209457,0.9857026262209457,1.0,14,0,-0.43927575939325303,10,-1,0.8898104464306551
201384,109313,000000109313.jpg,OBLIQUE,2,15,64985.5,540.8,-1,body7_self,rtmdet_ins_tiny,rtmdet_ins_tiny,4,0.9120,0.9540,0.9540,0,0.9837155302577589,0.9837155302577589,1.0,14,0,-0.43821313453058985,10,-1,0.8848841470830581
201384,109313,000000109313.jpg,OBLIQUE,2,15,64985.5,540.8,-1,aic_coco_self,gt_box,gt_box,,,1.0,1.0,0,0.985323125970383,0.985323125970383,1.0,14,0,-0.4349075943310745,10,-1,0.8924849804709939
201384,109313,000000109313.jpg,OBLIQUE,2,15,64985.5,540.8,-1,aic_coco_self,rtmdet_ins_tiny,rtmdet_ins_tiny,4,0.9120,0.9540,0.9540,0,0.9829235110285691,0.9829235110285691,1.0,14,0,-0.4364399273849267,10,-1,0.8919636326677659
202402,24243,000000024243.jpg,FRONT,3,17,13831.7,266.8,-1,body7_official,gt_box,gt_box,,,1.0,1.0,0,0.9653065647660697,0.9653065647660697,1.0,17,0,-0.2839839684424833,12,-1,0.9012333505293902
202402,24243,000000024243.jpg,FRONT,3,17,13831.7,266.8,-1,body7_official,rtmdet_ins_tiny,rtmdet_ins_tiny,14,0.8553,0.9246,0.9246,0,0.9673457328383342,0.9673457328383342,1.0,17,0,-0.28410669999345334,12,-1,0.9188505130655625
202402,24243,000000024243.jpg,FRONT,3,17,13831.7,266.8,-1,body7_self,gt_box,gt_box,,,1.0,1.0,0,0.9653065647660697,0.9653065647660697,1.0,17,0,-0.2839839684424833,12,-1,0.9012333820847904
202402,24243,000000024243.jpg,FRONT,3,17,13831.7,266.8,-1,body7_self,rtmdet_ins_tiny,rtmdet_ins_tiny,14,0.8553,0.9246,0.9246,0,0.9673457328383342,0.9673457328383342,1.0,17,0,-0.28410669999345334,12,-1,0.9188504709916956
202402,24243,000000024243.jpg,FRONT,3,17,13831.7,266.8,-1,aic_coco_self,gt_box,gt_box,,,1.0,1.0,0,0.9701457119719038,0.9701457119719038,1.0,17,0,-0.29218397594122003,12,-1,0.8896840635467979
202402,24243,000000024243.jpg,FRONT,3,17,13831.7,266.8,-1,aic_coco_self,rtmdet_ins_tiny,rtmdet_ins_tiny,14,0.8553,0.9246,0.9246,0,0.9690192699205431,0.9690192699205431,1.0,17,0,-0.2898891355152168,12,-1,0.8933963880819433
203803,144984,000000144984.jpg,FRONT,3,12,71965.7,457.4,-1,body7_official,gt_box,gt_box,,,1.0,1.0,0,0.9653941744308646,0.9653941744308646,1.0,10,0,-0.41355151930675954,4,-1,0.7137190962539
203803,144984,000000144984.jpg,FRONT,3,12,71965.7,457.4,-1,body7_official,rtmdet_ins_tiny,rtmdet_ins_tiny,4,0.8639,0.9671,0.9671,0,0.9679696600507999,0.9679696600507999,1.0,10,0,-0.40815024387710064,4,-1,0.725945837357465
203803,144984,000000144984.jpg,FRONT,3,12,71965.7,457.4,-1,body7_self,gt_box,gt_box,,,1.0,1.0,0,0.9653941744308646,0.9653941744308646,1.0,10,0,-0.41355151930675954,4,-1,0.7137190524269553
203803,144984,000000144984.jpg,FRONT,3,12,71965.7,457.4,-1,body7_self,rtmdet_ins_tiny,rtmdet_ins_tiny,4,0.8639,0.9671,0.9671,0,0.9679696600507999,0.9679696600507999,1.0,10,0,-0.40815024387710064,4,-1,0.725945870665943
203803,144984,000000144984.jpg,FRONT,3,12,71965.7,457.4,-1,aic_coco_self,gt_box,gt_box,,,1.0,1.0,0,0.9735333284198715,0.9735333284198715,1.0,10,0,-0.41237845641076704,4,-1,0.7420730801189647
203803,144984,000000144984.jpg,FRONT,3,12,71965.7,457.4,-1,aic_coco_self,rtmdet_ins_tiny,rtmdet_ins_tiny,4,0.8639,0.9671,0.9671,0,0.9746454341086508,0.9746454341086508,1.0,10,0,-0.4131718423409815,4,-1,0.7484105141723857
205190,445834,000000445834.jpg,OBLIQUE,2,15,12416.4,235.3,1,body7_official,gt_box,gt_box,,,1.0,1.0,0,0.9515766341942475,0.9515766341942475,1.0,14,0,-0.28679890385119006,10,1,0.791601258165696
205190,445834,000000445834.jpg,OBLIQUE,2,15,12416.4,235.3,1,body7_official,rtmdet_ins_tiny,rtmdet_ins_tiny,38,0.8686,0.0000,0.9529,1,0.0002845171706389432,0.0002845171706389432,0.0,14,0,-5.82044867365461e-05,10,1,0.7647598210503074
205190,445834,000000445834.jpg,OBLIQUE,2,15,12416.4,235.3,1,body7_self,gt_box,gt_box,,,1.0,1.0,0,0.9515766341942475,0.9515766341942475,1.0,14,0,-0.28679890385119006,10,1,0.791601251153385
205190,445834,000000445834.jpg,OBLIQUE,2,15,12416.4,235.3,1,body7_self,rtmdet_ins_tiny,rtmdet_ins_tiny,38,0.8686,0.0000,0.9529,1,0.0002845171706389432,0.0002845171706389432,0.0,14,0,-5.82044867365461e-05,10,1,0.7647598245564629
205190,445834,000000445834.jpg,OBLIQUE,2,15,12416.4,235.3,1,aic_coco_self,gt_box,gt_box,,,1.0,1.0,0,0.9584769821329882,0.9584769821329882,1.0,14,0,-0.2810814924999973,10,1,0.8559867564369651
205190,445834,000000445834.jpg,OBLIQUE,2,15,12416.4,235.3,1,aic_coco_self,rtmdet_ins_tiny,rtmdet_ins_tiny,38,0.8686,0.0000,0.9529,1,0.0002967391648980526,0.0002967391648980526,0.0,14,0,-1.564765576234084e-05,10,1,0.8149609460550196
206500,278848,000000278848.jpg,OBLIQUE,2,13,12158.4,272.8,1,body7_official,gt_box,gt_box,,,1.0,1.0,0,0.9422916935433612,0.9422916935433612,1.0,13,0,-0.10505083761851018,8,1,0.7354431327651528
206500,278848,000000278848.jpg,OBLIQUE,2,13,12158.4,272.8,1,body7_official,rtmdet_ins_tiny,rtmdet_ins_tiny,24,0.8794,0.1142,0.8480,1,0.0005294376530694709,0.005448472524775128,0.0,13,1,0.00025719629527065635,8,1,0.6971122552366817
206500,278848,000000278848.jpg,OBLIQUE,2,13,12158.4,272.8,1,body7_self,gt_box,gt_box,,,1.0,1.0,0,0.9422916935433612,0.9422916935433612,1.0,13,0,-0.10505083761851018,8,1,0.7354430871851304
206500,278848,000000278848.jpg,OBLIQUE,2,13,12158.4,272.8,1,body7_self,rtmdet_ins_tiny,rtmdet_ins_tiny,24,0.8794,0.1142,0.8480,1,0.0005294376530694709,0.005448472524775128,0.0,13,1,0.00025719629527065635,8,1,0.6971123060759377
206500,278848,000000278848.jpg,OBLIQUE,2,13,12158.4,272.8,1,aic_coco_self,gt_box,gt_box,,,1.0,1.0,0,0.9386146599892391,0.9386146599892391,1.0,13,0,-0.09886502891883751,8,1,0.6897368431091309
206500,278848,000000278848.jpg,OBLIQUE,2,13,12158.4,272.8,1,aic_coco_self,rtmdet_ins_tiny,rtmdet_ins_tiny,24,0.8794,0.1142,0.8480,1,0.0006171728242756645,0.006806822313234117,0.0,13,1,0.00012298569636204348,8,1,0.679605806575102
207834,556000,000000556000.jpg,OBLIQUE,2,11,49850.8,411.1,-1,body7_official,gt_box,gt_box,,,1.0,1.0,0,0.9744794333014636,0.9744794333014636,1.0,11,0,-0.3833374103300478,8,-1,0.7654443497166914
207834,556000,000000556000.jpg,OBLIQUE,2,11,49850.8,411.1,-1,body7_official,rtmdet_ins_tiny,rtmdet_ins_tiny,12,0.8463,0.9751,0.9751,0,0.9685245032626633,0.9685245032626633,1.0,11,0,-0.3839286898220478,8,-1,0.7470333155463723
207834,556000,000000556000.jpg,OBLIQUE,2,11,49850.8,411.1,-1,body7_self,gt_box,gt_box,,,1.0,1.0,0,0.9744794333014636,0.9744794333014636,1.0,11,0,-0.3833374103300478,8,-1,0.765444312025519
207834,556000,000000556000.jpg,OBLIQUE,2,11,49850.8,411.1,-1,body7_self,rtmdet_ins_tiny,rtmdet_ins_tiny,12,0.8463,0.9751,0.9751,0,0.9685245032626633,0.9685245032626633,1.0,11,0,-0.3839286898220478,8,-1,0.7470332480528775
207834,556000,000000556000.jpg,OBLIQUE,2,11,49850.8,411.1,-1,aic_coco_self,gt_box,gt_box,,,1.0,1.0,0,0.9734602685041392,0.9734602685041392,1.0,11,0,-0.3808668060682849,8,-1,0.7402156652773128
207834,556000,000000556000.jpg,OBLIQUE,2,11,49850.8,411.1,-1,aic_coco_self,rtmdet_ins_tiny,rtmdet_ins_tiny,12,0.8463,0.9751,0.9751,0,0.9737326885389478,0.9737326885389478,1.0,11,0,-0.3822769900332531,8,-1,0.7385927938363132
209358,303499,000000303499.jpg,REAR,0,10,11155.6,281.7,1,body7_official,gt_box,gt_box,,,1.0,1.0,0,0.957974858459541,0.957974858459541,1.0,9,0,-0.6247977702544878,8,1,0.6581558830597821
209358,303499,000000303499.jpg,REAR,0,10,11155.6,281.7,1,body7_official,rtmdet_ins_tiny,rtmdet_ins_tiny,31,0.6418,0.6649,0.6649,0,0.9356165387365536,0.9356165387365536,1.0,9,0,-0.600710459495784,8,1,0.6242048372240627
209358,303499,000000303499.jpg,REAR,0,10,11155.6,281.7,1,body7_self,gt_box,gt_box,,,1.0,1.0,0,0.957974858459541,0.957974858459541,1.0,9,0,-0.6247977702544878,8,1,0.6581557883935816
209358,303499,000000303499.jpg,REAR,0,10,11155.6,281.7,1,body7_self,rtmdet_ins_tiny,rtmdet_ins_tiny,31,0.6418,0.6649,0.6649,0,0.9356165387365536,0.9356165387365536,1.0,9,0,-0.600710459495784,8,1,0.6242048126809737
209358,303499,000000303499.jpg,REAR,0,10,11155.6,281.7,1,aic_coco_self,gt_box,gt_box,,,1.0,1.0,0,0.9625176418965459,0.9625176418965459,1.0,9,0,-0.6205158380384388,8,1,0.7773156902369331
209358,303499,000000303499.jpg,REAR,0,10,11155.6,281.7,1,aic_coco_self,rtmdet_ins_tiny,rtmdet_ins_tiny,31,0.6418,0.6649,0.6649,0,0.9697477439668263,0.9697477439668263,1.0,9,0,-0.6182771871688922,8,1,0.7449085186509525
210248,319100,000000319100.jpg,FRONT,3,14,35842.3,282.9,-1,body7_official,gt_box,gt_box,,,1.0,1.0,0,0.9792854487029253,0.9792854487029253,1.0,14,0,-0.2989879856677686,10,-1,0.7614508341340458
210248,319100,000000319100.jpg,FRONT,3,14,35842.3,282.9,-1,body7_official,rtmdet_ins_tiny,rtmdet_ins_tiny,9,0.7897,0.9272,0.9272,0,0.9772393398406314,0.9772393398406314,1.0,14,0,-0.297741042940242,10,-1,0.7677786946296692
210248,319100,000000319100.jpg,FRONT,3,14,35842.3,282.9,-1,body7_self,gt_box,gt_box,,,1.0,1.0,0,0.9792854487029253,0.9792854487029253,1.0,14,0,-0.2989879856677686,10,-1,0.7614508201094234
210248,319100,000000319100.jpg,FRONT,3,14,35842.3,282.9,-1,body7_self,rtmdet_ins_tiny,rtmdet_ins_tiny,9,0.7897,0.9272,0.9272,0,0.9772393398406314,0.9772393398406314,1.0,14,0,-0.297741042940242,10,-1,0.767778729691225
210248,319100,000000319100.jpg,FRONT,3,14,35842.3,282.9,-1,aic_coco_self,gt_box,gt_box,,,1.0,1.0,0,0.9816193622457738,0.9816193622457738,1.0,14,0,-0.3018041901573411,10,-1,0.7699126233072842
210248,319100,000000319100.jpg,FRONT,3,14,35842.3,282.9,-1,aic_coco_self,rtmdet_ins_tiny,rtmdet_ins_tiny,9,0.7897,0.9272,0.9272,0,0.9804188491519035,0.9804188491519035,1.0,14,0,-0.3026429988785335,10,-1,0.7723184122758753
212027,374052,000000374052.jpg,REAR,0,13,13586.1,251.6,1,body7_official,gt_box,gt_box,,,1.0,1.0,0,0.8566822066474106,0.8566822066474106,0.9090909090909091,11,0,-0.49255613078389887,8,1,0.6847183721906999
212027,374052,000000374052.jpg,REAR,0,13,13586.1,251.6,1,body7_official,rtmdet_ins_tiny,rtmdet_ins_tiny,13,0.7562,0.9339,0.9339,0,0.8610400997564266,0.8610400997564266,0.9090909090909091,11,0,-0.492636651711455,8,1,0.6640871289898368
212027,374052,000000374052.jpg,REAR,0,13,13586.1,251.6,1,body7_self,gt_box,gt_box,,,1.0,1.0,0,0.8566822066474106,0.8566822066474106,0.9090909090909091,11,0,-0.49255613078389887,8,1,0.684718519449234
212027,374052,000000374052.jpg,REAR,0,13,13586.1,251.6,1,body7_self,rtmdet_ins_tiny,rtmdet_ins_tiny,13,0.7562,0.9339,0.9339,0,0.8610400997564266,0.8610400997564266,0.9090909090909091,11,0,-0.492636651711455,8,1,0.6640871622983147
212027,374052,000000374052.jpg,REAR,0,13,13586.1,251.6,1,aic_coco_self,gt_box,gt_box,,,1.0,1.0,0,0.8547081828553964,0.8547081828553964,0.9090909090909091,11,0,-0.4855389731018019,8,1,0.7061310866299797
212027,374052,000000374052.jpg,REAR,0,13,13586.1,251.6,1,aic_coco_self,rtmdet_ins_tiny,rtmdet_ins_tiny,13,0.7562,0.9339,0.9339,0,0.8552693583968747,0.8552693583968747,0.9090909090909091,11,0,-0.4858098013915206,8,1,0.6946600675582886
213111,292236,000000292236.jpg,REAR,0,14,29948.7,395.5,1,body7_official,gt_box,gt_box,,,1.0,1.0,0,0.9652376345427439,0.9652376345427439,1.0,13,0,-0.329078728724711,12,1,0.8149018883705139
213111,292236,000000292236.jpg,REAR,0,14,29948.7,395.5,1,body7_official,rtmdet_ins_tiny,rtmdet_ins_tiny,43,0.8877,0.9472,0.9472,0,0.9603282375233554,0.9603282375233554,1.0,13,0,-0.3274980171255149,12,1,0.8157562385587132
213111,292236,000000292236.jpg,REAR,0,14,29948.7,395.5,1,body7_self,gt_box,gt_box,,,1.0,1.0,0,0.9652376345427439,0.9652376345427439,1.0,13,0,-0.329078728724711,12,1,0.8149018953828251
213111,292236,000000292236.jpg,REAR,0,14,29948.7,395.5,1,body7_self,rtmdet_ins_tiny,rtmdet_ins_tiny,43,0.8877,0.9472,0.9472,0,0.9603282375233554,0.9603282375233554,1.0,13,0,-0.3274980171255149,12,1,0.8157561772009906
213111,292236,000000292236.jpg,REAR,0,14,29948.7,395.5,1,aic_coco_self,gt_box,gt_box,,,1.0,1.0,0,0.9671436704105462,0.9671436704105462,1.0,13,0,-0.33524071997324845,12,1,0.839780635693494
213111,292236,000000292236.jpg,REAR,0,14,29948.7,395.5,1,aic_coco_self,rtmdet_ins_tiny,rtmdet_ins_tiny,43,0.8877,0.9472,0.9472,0,0.963060616050514,0.963060616050514,1.0,13,0,-0.33462731314246885,12,1,0.8425873167374555
214122,245448,000000245448.jpg,FRONT,3,14,9176.8,217.4,1,body7_official,gt_box,gt_box,,,1.0,1.0,0,0.9691464145219256,0.9691464145219256,1.0,14,0,-0.13248729904906126,8,1,0.7826935771633597
214122,245448,000000245448.jpg,FRONT,3,14,9176.8,217.4,1,body7_official,rtmdet_ins_tiny,rtmdet_ins_tiny,27,0.8817,0.9809,0.9809,0,0.9765929889038516,0.9765929889038516,1.0,14,0,-0.13166650075086017,8,1,0.7893591523170471
214122,245448,000000245448.jpg,FRONT,3,14,9176.8,217.4,1,body7_self,gt_box,gt_box,,,1.0,1.0,0,0.9691464145219256,0.9691464145219256,1.0,14,0,-0.13248729904906126,8,1,0.7826935438548818
214122,245448,000000245448.jpg,FRONT,3,14,9176.8,217.4,1,body7_self,rtmdet_ins_tiny,rtmdet_ins_tiny,27,0.8817,0.9809,0.9809,0,0.9765929889038516,0.9765929889038516,1.0,14,0,-0.13166650075086017,8,1,0.7893592241932365
214122,245448,000000245448.jpg,FRONT,3,14,9176.8,217.4,1,aic_coco_self,gt_box,gt_box,,,1.0,1.0,0,0.9729582908124924,0.9729582908124924,1.0,14,0,-0.1282741129456126,8,1,0.7890782391323763
214122,245448,000000245448.jpg,FRONT,3,14,9176.8,217.4,1,aic_coco_self,rtmdet_ins_tiny,rtmdet_ins_tiny,27,0.8817,0.9809,0.9809,0,0.9717368303397919,0.9717368303397919,1.0,14,0,-0.1261400724321109,8,1,0.7989559243707096
214561,61418,000000061418.jpg,PROFILE,1,15,9250.0,171.6,-1,body7_official,gt_box,gt_box,,,1.0,1.0,0,0.9387772086184072,0.9387772086184072,1.0,14,0,-0.19119473250543145,12,-1,0.774586491725024
214561,61418,000000061418.jpg,PROFILE,1,15,9250.0,171.6,-1,body7_official,rtmdet_ins_tiny,rtmdet_ins_tiny,6,0.7615,0.9376,0.9376,0,0.9514791221695841,0.9514791221695841,1.0,14,0,-0.19175609454727302,12,-1,0.7661564665682176
214561,61418,000000061418.jpg,PROFILE,1,15,9250.0,171.6,-1,body7_self,gt_box,gt_box,,,1.0,1.0,0,0.9387772086184072,0.9387772086184072,1.0,14,0,-0.19119473250543145,12,-1,0.7745865373050466
214561,61418,000000061418.jpg,PROFILE,1,15,9250.0,171.6,-1,body7_self,rtmdet_ins_tiny,rtmdet_ins_tiny,6,0.7615,0.9376,0.9376,0,0.9514791221695841,0.9514791221695841,1.0,14,0,-0.19175609454727302,12,-1,0.7661564665682176
214561,61418,000000061418.jpg,PROFILE,1,15,9250.0,171.6,-1,aic_coco_self,gt_box,gt_box,,,1.0,1.0,0,0.9338979224296242,0.9338979224296242,1.0,14,0,-0.18346172540892414,12,-1,0.7562095242388108
214561,61418,000000061418.jpg,PROFILE,1,15,9250.0,171.6,-1,aic_coco_self,rtmdet_ins_tiny,rtmdet_ins_tiny,6,0.7615,0.9376,0.9376,0,0.9396678997798922,0.9396678997798922,1.0,14,0,-0.18273642582705488,12,-1,0.7554843040073619
216341,292456,000000292456.jpg,FRONT,3,14,6855.7,238.3,-1,body7_official,gt_box,gt_box,,,1.0,1.0,0,0.9349786296158451,0.9349786296158451,1.0,13,0,-0.13193597722330697,6,-1,0.7410360434476067
216341,292456,000000292456.jpg,FRONT,3,14,6855.7,238.3,-1,body7_official,rtmdet_ins_tiny,rtmdet_ins_tiny,9,0.8236,0.9541,0.9541,0,0.9463970372321224,0.9463970372321224,1.0,13,0,-0.1320717411407386,6,-1,0.7569452717023737
216341,292456,000000292456.jpg,FRONT,3,14,6855.7,238.3,-1,body7_self,gt_box,gt_box,,,1.0,1.0,0,0.9349786296158451,0.9349786296158451,1.0,13,0,-0.13193597722330697,6,-1,0.7410360031268176
216341,292456,000000292456.jpg,FRONT,3,14,6855.7,238.3,-1,body7_self,rtmdet_ins_tiny,rtmdet_ins_tiny,9,0.8236,0.9541,0.9541,0,0.9463970372321224,0.9463970372321224,1.0,13,0,-0.1320717411407386,6,-1,0.7569453313070185
216341,292456,000000292456.jpg,FRONT,3,14,6855.7,238.3,-1,aic_coco_self,gt_box,gt_box,,,1.0,1.0,0,0.9373810389931939,0.9373810389931939,1.0,13,0,-0.1506053544650205,6,-1,0.7747392303803388
216341,292456,000000292456.jpg,FRONT,3,14,6855.7,238.3,-1,aic_coco_self,rtmdet_ins_tiny,rtmdet_ins_tiny,9,0.8236,0.9541,0.9541,0,0.9436949497797745,0.9436949497797745,1.0,13,0,-0.1590647215691925,6,-1,0.7868887536665973
217289,140640,000000140640.jpg,OBLIQUE,2,11,26237.6,287.8,-1,body7_official,gt_box,gt_box,,,1.0,1.0,0,0.9252775431421593,0.9252775431421593,1.0,11,0,-0.2928699635523355,8,-1,0.6365542481927311
217289,140640,000000140640.jpg,OBLIQUE,2,11,26237.6,287.8,-1,body7_official,rtmdet_ins_tiny,rtmdet_ins_tiny,4,0.8267,0.9364,0.9364,0,0.9106972955156202,0.9106972955156202,1.0,11,0,-0.28497282983086014,8,-1,0.635528951883316
217289,140640,000000140640.jpg,OBLIQUE,2,11,26237.6,287.8,-1,body7_self,gt_box,gt_box,,,1.0,1.0,0,0.9252775431421593,0.9252775431421593,1.0,11,0,-0.2928699635523355,8,-1,0.6365543113035315
217289,140640,000000140640.jpg,OBLIQUE,2,11,26237.6,287.8,-1,body7_self,rtmdet_ins_tiny,rtmdet_ins_tiny,4,0.8267,0.9364,0.9364,0,0.9106972955156202,0.9106972955156202,1.0,11,0,-0.28497282983086014,8,-1,0.6355288765009712
217289,140640,000000140640.jpg,OBLIQUE,2,11,26237.6,287.8,-1,aic_coco_self,gt_box,gt_box,,,1.0,1.0,0,0.9461976190790402,0.9461976190790402,1.0,11,0,-0.29910886326081787,8,-1,0.6175846536369884
217289,140640,000000140640.jpg,OBLIQUE,2,11,26237.6,287.8,-1,aic_coco_self,rtmdet_ins_tiny,rtmdet_ins_tiny,4,0.8267,0.9364,0.9364,0,0.9439888494516495,0.9439888494516495,1.0,11,0,-0.3020975115786247,8,-1,0.6365340369589189
218627,210299,000000210299.jpg,FRONT,3,16,11489.2,201.5,-1,body7_official,gt_box,gt_box,,,1.0,1.0,0,0.9228278939364937,0.9228278939364937,1.0,15,0,-0.5640738069852359,10,-1,0.7587994302020353
218627,210299,000000210299.jpg,FRONT,3,16,11489.2,201.5,-1,body7_official,rtmdet_ins_tiny,rtmdet_ins_tiny,8,0.7241,0.8641,0.8641,0,0.9333895015844079,0.9333895015844079,1.0,15,0,-0.5667914780728059,10,-1,0.8000521642320296
218627,210299,000000210299.jpg,FRONT,3,16,11489.2,201.5,-1,body7_self,gt_box,gt_box,,,1.0,1.0,0,0.9228278939364937,0.9228278939364937,1.0,15,0,-0.5640738069852359,10,-1,0.7587995494113249
218627,210299,000000210299.jpg,FRONT,3,16,11489.2,201.5,-1,body7_self,rtmdet_ins_tiny,rtmdet_ins_tiny,8,0.7241,0.8641,0.8641,0,0.9333895015844079,0.9333895015844079,1.0,15,0,-0.5667914780728059,10,-1,0.8000522413674522
218627,210299,000000210299.jpg,FRONT,3,16,11489.2,201.5,-1,aic_coco_self,gt_box,gt_box,,,1.0,1.0,0,0.9054167725236475,0.9054167725236475,1.0,15,0,-0.563736288990994,10,-1,0.7998723037102643
218627,210299,000000210299.jpg,FRONT,3,16,11489.2,201.5,-1,aic_coco_self,rtmdet_ins_tiny,rtmdet_ins_tiny,8,0.7241,0.8641,0.8641,0,0.9141782172737705,0.9141782172737705,1.0,15,0,-0.5706842941040225,10,-1,0.749051595435423
220854,233771,000000233771.jpg,FRONT,3,12,14220.1,193.3,-1,body7_official,gt_box,gt_box,,,1.0,1.0,0,0.8999096708437929,0.8999096708437929,1.0,11,0,-0.5537833207356818,6,-1,0.6043009736082133
220854,233771,000000233771.jpg,FRONT,3,12,14220.1,193.3,-1,body7_official,rtmdet_ins_tiny,rtmdet_ins_tiny,51,0.7370,0.1497,0.8015,1,1.894584591981938e-05,1.894584591981938e-05,0.0,11,0,-0.053218606571923344,6,-1,0.6639590035466587
220854,233771,000000233771.jpg,FRONT,3,12,14220.1,193.3,-1,body7_self,gt_box,gt_box,,,1.0,1.0,0,0.8999096708437929,0.8999096708437929,1.0,11,0,-0.5537833207356818,6,-1,0.6043010345276665
220854,233771,000000233771.jpg,FRONT,3,12,14220.1,193.3,-1,body7_self,rtmdet_ins_tiny,rtmdet_ins_tiny,51,0.7370,0.1497,0.8015,1,1.894584591981938e-05,1.894584591981938e-05,0.0,11,0,-0.053218606571923344,6,-1,0.6639590193243587
220854,233771,000000233771.jpg,FRONT,3,12,14220.1,193.3,-1,aic_coco_self,gt_box,gt_box,,,1.0,1.0,0,0.8645970470524212,0.8645970470524212,1.0,11,0,-0.5627136613764726,6,-1,0.5880158946794622
220854,233771,000000233771.jpg,FRONT,3,12,14220.1,193.3,-1,aic_coco_self,rtmdet_ins_tiny,rtmdet_ins_tiny,51,0.7370,0.1497,0.8015,1,1.3119202817417613e-05,1.3119202817417613e-05,0.0,11,0,-0.07351288362659858,6,-1,0.6862263118519503
221624,511999,000000511999.jpg,FRONT,3,14,3219.6,138.3,1,body7_official,gt_box,gt_box,,,1.0,1.0,0,0.9545499688339343,0.9545499688339343,1.0,14,0,-0.11347214913578763,8,1,0.7010935615090763
221624,511999,000000511999.jpg,FRONT,3,14,3219.6,138.3,1,body7_official,rtmdet_ins_tiny,rtmdet_ins_tiny,10,0.8745,0.0000,0.9541,1,7.737970109571636e-08,7.737970109571636e-08,0.0,14,0,-0.0015151771792718538,8,1,0.742081386201522
221624,511999,000000511999.jpg,FRONT,3,14,3219.6,138.3,1,body7_self,gt_box,gt_box,,,1.0,1.0,0,0.9545499688339343,0.9545499688339343,1.0,14,0,-0.11347214913578763,8,1,0.701093522941365
221624,511999,000000511999.jpg,FRONT,3,14,3219.6,138.3,1,body7_self,rtmdet_ins_tiny,rtmdet_ins_tiny,10,0.8745,0.0000,0.9541,1,7.737970109571636e-08,7.737970109571636e-08,0.0,14,0,-0.0015151771792718538,8,1,0.742081368670744
221624,511999,000000511999.jpg,FRONT,3,14,3219.6,138.3,1,aic_coco_self,gt_box,gt_box,,,1.0,1.0,0,0.9395041082901017,0.9395041082901017,1.0,14,0,-0.12187811231658482,8,1,0.7250007671468398
221624,511999,000000511999.jpg,FRONT,3,14,3219.6,138.3,1,aic_coco_self,rtmdet_ins_tiny,rtmdet_ins_tiny,10,0.8745,0.0000,0.9541,1,7.436468818622472e-08,7.436468818622472e-08,0.0,14,0,-0.0016147317550372353,8,1,0.771290610818302
222432,13729,000000013729.jpg,FRONT,3,14,13876.2,307.4,-1,body7_official,gt_box,gt_box,,,1.0,1.0,0,0.9362070326337116,0.9362070326337116,1.0,14,0,-0.06988039898848153,8,-1,0.7928500035229851
222432,13729,000000013729.jpg,FRONT,3,14,13876.2,307.4,-1,body7_official,rtmdet_ins_tiny,rtmdet_ins_tiny,18,0.8241,0.9151,0.9151,0,0.9317375592054667,0.9317375592054667,1.0,14,0,-0.06897814817813269,8,-1,0.7883001355563893
222432,13729,000000013729.jpg,FRONT,3,14,13876.2,307.4,-1,body7_self,gt_box,gt_box,,,1.0,1.0,0,0.9362070326337116,0.9362070326337116,1.0,14,0,-0.06988039898848153,8,-1,0.7928499859922072
222432,13729,000000013729.jpg,FRONT,3,14,13876.2,307.4,-1,body7_self,rtmdet_ins_tiny,rtmdet_ins_tiny,18,0.8241,0.9151,0.9151,0,0.9317375592054667,0.9317375592054667,1.0,14,0,-0.06897814817813269,8,-1,0.7883000759517446
222432,13729,000000013729.jpg,FRONT,3,14,13876.2,307.4,-1,aic_coco_self,gt_box,gt_box,,,1.0,1.0,0,0.9527407487383182,0.9527407487383182,1.0,14,0,-0.06537028703042125,8,-1,0.7984101737246794
222432,13729,000000013729.jpg,FRONT,3,14,13876.2,307.4,-1,aic_coco_self,rtmdet_ins_tiny,rtmdet_ins_tiny,18,0.8241,0.9151,0.9151,0,0.9511730899150531,0.9511730899150531,1.0,14,0,-0.06335210536772551,8,-1,0.8092203701243681
223891,266981,000000266981.jpg,FRONT,3,16,6963.6,204.9,-1,body7_official,gt_box,gt_box,,,1.0,1.0,0,0.9678958453345964,0.9678958453345964,1.0,16,0,-0.33462293948659705,12,-1,0.8761961109497968
223891,266981,000000266981.jpg,FRONT,3,16,6963.6,204.9,-1,body7_official,rtmdet_ins_tiny,rtmdet_ins_tiny,15,0.9080,0.9500,0.9500,0,0.9661260936303531,0.9661260936303531,1.0,16,0,-0.33352139740713455,12,-1,0.8925726939650143
223891,266981,000000266981.jpg,FRONT,3,16,6963.6,204.9,-1,body7_self,gt_box,gt_box,,,1.0,1.0,0,0.9678958453345964,0.9678958453345964,1.0,16,0,-0.33462293948659705,12,-1,0.8761960653697743
223891,266981,000000266981.jpg,FRONT,3,16,6963.6,204.9,-1,body7_self,rtmdet_ins_tiny,rtmdet_ins_tiny,15,0.9080,0.9500,0.9500,0,0.9661260936303531,0.9661260936303531,1.0,16,0,-0.33352139740713455,12,-1,0.8925726343603695
223891,266981,000000266981.jpg,FRONT,3,16,6963.6,204.9,-1,aic_coco_self,gt_box,gt_box,,,1.0,1.0,0,0.9664881621806256,0.9664881621806256,1.0,16,0,-0.3357979460594255,12,-1,0.8916878034086788
223891,266981,000000266981.jpg,FRONT,3,16,6963.6,204.9,-1,aic_coco_self,rtmdet_ins_tiny,rtmdet_ins_tiny,15,0.9080,0.9500,0.9500,0,0.973183066680989,0.973183066680989,1.0,16,0,-0.33916199487772003,12,-1,0.9000713299302494
225494,163746,000000163746.jpg,FRONT,3,16,17558.2,315.8,-1,body7_official,gt_box,gt_box,,,1.0,1.0,0,0.9804971768566906,0.9804971768566906,1.0,16,0,-0.4377150124513377,12,-1,0.8873144142767962
225494,163746,000000163746.jpg,FRONT,3,16,17558.2,315.8,-1,body7_official,rtmdet_ins_tiny,rtmdet_ins_tiny,31,0.9197,0.9595,0.9595,0,0.9768353192399077,0.9768353192399077,1.0,16,0,-0.43812895092499643,12,-1,0.8999705454882454
225494,163746,000000163746.jpg,FRONT,3,16,17558.2,315.8,-1,body7_self,gt_box,gt_box,,,1.0,1.0,0,0.9804971768566906,0.9804971768566906,1.0,16,0,-0.4377150124513377,12,-1,0.8873143546721515
225494,163746,000000163746.jpg,FRONT,3,16,17558.2,315.8,-1,body7_self,rtmdet_ins_tiny,rtmdet_ins_tiny,31,0.9197,0.9595,0.9595,0,0.9768353192399077,0.9768353192399077,1.0,16,0,-0.43812895092499643,12,-1,0.8999705700313344
225494,163746,000000163746.jpg,FRONT,3,16,17558.2,315.8,-1,aic_coco_self,gt_box,gt_box,,,1.0,1.0,0,0.9821448838519404,0.9821448838519404,1.0,16,0,-0.4345544584769139,12,-1,0.912853430299198
225494,163746,000000163746.jpg,FRONT,3,16,17558.2,315.8,-1,aic_coco_self,rtmdet_ins_tiny,rtmdet_ins_tiny,31,0.9197,0.9595,0.9595,0,0.9883952882961733,0.9883952882961733,1.0,16,0,-0.44149231582393594,12,-1,0.9119467454798081
228234,468501,000000468501.jpg,PROFILE,1,14,15185.6,293.2,1,body7_official,gt_box,gt_box,,,1.0,1.0,0,0.8749363026256981,0.8749363026256981,1.0,13,0,-0.13635783779523167,10,-1,0.695737740572761
228234,468501,000000468501.jpg,PROFILE,1,14,15185.6,293.2,1,body7_official,rtmdet_ins_tiny,rtmdet_ins_tiny,16,0.9106,0.1802,0.9012,1,0.06415567321986247,0.06415567321986247,0.07692307692307693,13,0,-0.01918125562972317,10,1,0.7785548462587244
228234,468501,000000468501.jpg,PROFILE,1,14,15185.6,293.2,1,body7_self,gt_box,gt_box,,,1.0,1.0,0,0.8749363026256981,0.8749363026256981,1.0,13,0,-0.13635783779523167,10,-1,0.6957376318819383
228234,468501,000000468501.jpg,PROFILE,1,14,15185.6,293.2,1,body7_self,rtmdet_ins_tiny,rtmdet_ins_tiny,16,0.9106,0.1802,0.9012,1,0.06415567321986247,0.06415567321986247,0.07692307692307693,13,0,-0.01918125562972317,10,1,0.7785546972471125
228234,468501,000000468501.jpg,PROFILE,1,14,15185.6,293.2,1,aic_coco_self,gt_box,gt_box,,,1.0,1.0,0,0.8670686922004391,0.8670686922004391,1.0,13,0,-0.13581833611028848,10,-1,0.727621969054727
228234,468501,000000468501.jpg,PROFILE,1,14,15185.6,293.2,1,aic_coco_self,rtmdet_ins_tiny,rtmdet_ins_tiny,16,0.9106,0.1802,0.9012,1,0.07522947592206787,0.07522947592206787,0.07692307692307693,13,0,-0.01679734496874674,10,1,0.749374005724402
230134,413689,000000413689.jpg,REAR,0,12,5516.7,181.6,1,body7_official,gt_box,gt_box,,,1.0,1.0,0,0.9434616273055825,0.9434616273055825,1.0,10,0,-0.3358679693988262,8,1,0.716603010892868
230134,413689,000000413689.jpg,REAR,0,12,5516.7,181.6,1,body7_official,rtmdet_ins_tiny,rtmdet_ins_tiny,13,0.8566,0.0000,0.9369,1,2.401197593856377e-07,2.401197593856377e-07,0.0,10,0,-0.005897743836591696,8,1,0.7827842656303855
230134,413689,000000413689.jpg,REAR,0,12,5516.7,181.6,1,body7_self,gt_box,gt_box,,,1.0,1.0,0,0.9434616273055825,0.9434616273055825,1.0,10,0,-0.3358679693988262,8,1,0.7166029775843901
230134,413689,000000413689.jpg,REAR,0,12,5516.7,181.6,1,body7_self,rtmdet_ins_tiny,rtmdet_ins_tiny,13,0.8566,0.0000,0.9369,1,2.401197593856377e-07,2.401197593856377e-07,0.0,10,0,-0.005897743836591696,8,1,0.7827842305688297
230134,413689,000000413689.jpg,REAR,0,12,5516.7,181.6,1,aic_coco_self,gt_box,gt_box,,,1.0,1.0,0,0.9648496893984646,0.9648496893984646,1.0,10,0,-0.3425557572920384,8,1,0.7707216950023875
230134,413689,000000413689.jpg,REAR,0,12,5516.7,181.6,1,aic_coco_self,rtmdet_ins_tiny,rtmdet_ins_tiny,13,0.8566,0.0000,0.9369,1,2.6688584485035516e-07,2.6688584485035516e-07,0.0,10,0,-0.0054114374326881265,8,1,0.807167764972238
232029,61418,000000061418.jpg,OBLIQUE,2,12,10035.9,171.0,1,body7_official,gt_box,gt_box,,,1.0,1.0,0,0.9433336817927502,0.9433336817927502,1.0,12,0,-0.15756535052711704,8,1,0.6719221735701841
232029,61418,000000061418.jpg,OBLIQUE,2,12,10035.9,171.0,1,body7_official,rtmdet_ins_tiny,rtmdet_ins_tiny,18,0.8233,0.9636,0.9636,0,0.9422522258631195,0.9422522258631195,1.0,12,0,-0.15857478507036146,8,1,0.6660992012304419
232029,61418,000000061418.jpg,OBLIQUE,2,12,10035.9,171.0,1,body7_self,gt_box,gt_box,,,1.0,1.0,0,0.9433336817927502,0.9433336817927502,1.0,12,0,-0.15756535052711704,8,1,0.6719221595455619
232029,61418,000000061418.jpg,OBLIQUE,2,12,10035.9,171.0,1,body7_self,rtmdet_ins_tiny,rtmdet_ins_tiny,18,0.8233,0.9636,0.9636,0,0.9422522258631195,0.9422522258631195,1.0,12,0,-0.15857478507036146,8,1,0.6660991188357858
232029,61418,000000061418.jpg,OBLIQUE,2,12,10035.9,171.0,1,aic_coco_self,gt_box,gt_box,,,1.0,1.0,0,0.9435818330777462,0.9435818330777462,1.0,12,0,-0.15400264924074142,8,1,0.6548910316298989
232029,61418,000000061418.jpg,OBLIQUE,2,12,10035.9,171.0,1,aic_coco_self,rtmdet_ins_tiny,rtmdet_ins_tiny,18,0.8233,0.9636,0.9636,0,0.9402414876341706,0.9402414876341706,1.0,12,0,-0.1574000104664275,8,1,0.6706940742099986
233799,495146,000000495146.jpg,PROFILE,1,9,2355.0,121.5,-1,body7_official,gt_box,gt_box,,,1.0,1.0,0,0.9669882983508029,0.9669882983508029,1.0,9,0,-0.09767511443231014,4,-1,0.7155341400819666
233799,495146,000000495146.jpg,PROFILE,1,9,2355.0,121.5,-1,body7_official,rtmdet_ins_tiny,rtmdet_ins_tiny,30,0.8145,0.8087,0.8087,0,0.9710626042970143,0.9710626042970143,1.0,9,0,-0.09557831898497238,4,-1,0.7190857319270864
233799,495146,000000495146.jpg,PROFILE,1,9,2355.0,121.5,-1,body7_self,gt_box,gt_box,,,1.0,1.0,0,0.9669882983508029,0.9669882983508029,1.0,9,0,-0.09767511443231014,4,-1,0.7155341716373668
233799,495146,000000495146.jpg,PROFILE,1,9,2355.0,121.5,-1,body7_self,rtmdet_ins_tiny,rtmdet_ins_tiny,30,0.8145,0.8087,0.8087,0,0.9710626042970143,0.9710626042970143,1.0,9,0,-0.09557831898497238,4,-1,0.7190857003716862
233799,495146,000000495146.jpg,PROFILE,1,9,2355.0,121.5,-1,aic_coco_self,gt_box,gt_box,,,1.0,1.0,0,0.9657414521771148,0.9657414521771148,1.0,9,0,-0.09629748213804115,4,-1,0.7029099183924058
233799,495146,000000495146.jpg,PROFILE,1,9,2355.0,121.5,-1,aic_coco_self,rtmdet_ins_tiny,rtmdet_ins_tiny,30,0.8145,0.8087,0.8087,0,0.9642637497077173,0.9642637497077173,1.0,9,0,-0.10479868988524385,4,-1,0.6884806506774005
234974,554579,000000554579.jpg,FRONT,3,17,34941.3,319.3,-1,body7_official,gt_box,gt_box,,,1.0,1.0,0,0.893803922084949,0.893803922084949,1.0,15,0,-0.3176216636498539,10,-1,0.7380228708772099
234974,554579,000000554579.jpg,FRONT,3,17,34941.3,319.3,-1,body7_official,rtmdet_ins_tiny,rtmdet_ins_tiny,14,0.8200,0.0934,0.9016,1,0.0007795241419901025,0.0007795241419901025,0.0,15,0,-0.0016169359799049765,10,-1,0.7835534074727226
234974,554579,000000554579.jpg,FRONT,3,17,34941.3,319.3,-1,body7_self,gt_box,gt_box,,,1.0,1.0,0,0.893803922084949,0.893803922084949,1.0,15,0,-0.3176216636498539,10,-1,0.7380230111234328
234974,554579,000000554579.jpg,FRONT,3,17,34941.3,319.3,-1,body7_self,rtmdet_ins_tiny,rtmdet_ins_tiny,14,0.8200,0.0934,0.9016,1,0.0007795241419901025,0.0007795241419901025,0.0,15,0,-0.0016169359799049765,10,-1,0.7835533163126778
234974,554579,000000554579.jpg,FRONT,3,17,34941.3,319.3,-1,aic_coco_self,gt_box,gt_box,,,1.0,1.0,0,0.9043516924465825,0.9043516924465825,1.0,15,0,-0.3329149957971304,10,-1,0.752345926621381
234974,554579,000000554579.jpg,FRONT,3,17,34941.3,319.3,-1,aic_coco_self,rtmdet_ins_tiny,rtmdet_ins_tiny,14,0.8200,0.0934,0.9016,1,0.0007013241658139392,0.0007013241658139392,0.0,15,0,-0.0017054286081065184,10,-1,0.8018169297891504
236416,377723,000000377723.jpg,OBLIQUE,2,13,2323.5,105.7,-1,body7_official,gt_box,gt_box,,,1.0,1.0,0,0.8965419626660623,0.8965419626660623,0.9230769230769231,13,0,-0.000610151140266843,8,1,0.6700278450460995
236416,377723,000000377723.jpg,OBLIQUE,2,13,2323.5,105.7,-1,body7_official,rtmdet_ins_tiny,rtmdet_ins_tiny,45,0.8446,0.9168,0.9168,0,0.8797596617497359,0.88016690505802,1.0,13,1,0.0017202781063157258,8,1,0.6674714754609501
236416,377723,000000377723.jpg,OBLIQUE,2,13,2323.5,105.7,-1,body7_self,gt_box,gt_box,,,1.0,1.0,0,0.8965419626660623,0.8965419626660623,0.9230769230769231,13,0,-0.000610151140266843,8,1,0.6700278380337883
236416,377723,000000377723.jpg,OBLIQUE,2,13,2323.5,105.7,-1,body7_self,rtmdet_ins_tiny,rtmdet_ins_tiny,45,0.8446,0.9168,0.9168,0,0.8797596617497359,0.88016690505802,1.0,13,1,0.0017202781063157258,8,1,0.6674714403993943
236416,377723,000000377723.jpg,OBLIQUE,2,13,2323.5,105.7,-1,aic_coco_self,gt_box,gt_box,,,1.0,1.0,0,0.9092248933003348,0.9092248933003348,0.9230769230769231,13,0,-0.004096941636409321,8,1,0.6867147386074066
236416,377723,000000377723.jpg,OBLIQUE,2,13,2323.5,105.7,-1,aic_coco_self,rtmdet_ins_tiny,rtmdet_ins_tiny,45,0.8446,0.9168,0.9168,0,0.9207762031162721,0.8840565073251965,1.0,13,1,0.002101419948378161,8,1,0.7106751974891213
236973,480985,000000480985.jpg,REAR,0,9,1562.0,104.5,-1,body7_official,gt_box,gt_box,,,1.0,1.0,0,0.9283837779281685,0.9283837779281685,1.0,9,0,-0.11383020933011925,4,-1,0.7554376440889695
236973,480985,000000480985.jpg,REAR,0,9,1562.0,104.5,-1,body7_official,rtmdet_ins_tiny,rtmdet_ins_tiny,61,0.5937,0.0000,0.8943,1,4.512316950322992e-12,4.512316950322992e-12,0.0,9,0,-0.00015294594905301828,4,-1,0.5529096091494841
236973,480985,000000480985.jpg,REAR,0,9,1562.0,104.5,-1,body7_self,gt_box,gt_box,,,1.0,1.0,0,0.9283837779281685,0.9283837779281685,1.0,9,0,-0.11383020933011925,4,-1,0.7554376686320585
236973,480985,000000480985.jpg,REAR,0,9,1562.0,104.5,-1,body7_self,rtmdet_ins_tiny,rtmdet_ins_tiny,61,0.5937,0.0000,0.8943,1,4.512316950322992e-12,4.512316950322992e-12,0.0,9,0,-0.00015294594905301828,4,-1,0.5529095653225394
236973,480985,000000480985.jpg,REAR,0,9,1562.0,104.5,-1,aic_coco_self,gt_box,gt_box,,,1.0,1.0,0,0.921152106178526,0.921152106178526,1.0,9,0,-0.11800272510200574,4,-1,0.6928252086919897
236973,480985,000000480985.jpg,REAR,0,9,1562.0,104.5,-1,aic_coco_self,rtmdet_ins_tiny,rtmdet_ins_tiny,61,0.5937,0.0000,0.8943,1,4.428870416654446e-12,4.428870416654446e-12,0.0,9,0,-0.00018622767522979977,4,-1,0.5600882014807533
251324,180751,000000180751.jpg,FRONT,3,10,50304.8,370.8,-1,body7_official,gt_box,gt_box,,,1.0,1.0,0,0.9357624157808191,0.9357624157808191,1.0,10,0,-0.34901657985408374,4,-1,0.6318436563014984
251324,180751,000000180751.jpg,FRONT,3,10,50304.8,370.8,-1,body7_official,rtmdet_ins_tiny,rtmdet_ins_tiny,1,0.9364,0.9229,0.9229,0,0.9373394266111766,0.9373394266111766,1.0,10,0,-0.34258808031805843,4,-1,0.6246604218202478
251324,180751,000000180751.jpg,FRONT,3,10,50304.8,370.8,-1,body7_self,gt_box,gt_box,,,1.0,1.0,0,0.9357624157808191,0.9357624157808191,1.0,10,0,-0.34901657985408374,4,-1,0.6318436159807093
251324,180751,000000180751.jpg,FRONT,3,10,50304.8,370.8,-1,body7_self,rtmdet_ins_tiny,rtmdet_ins_tiny,1,0.9364,0.9229,0.9229,0,0.9373394266111766,0.9373394266111766,1.0,10,0,-0.34258808031805843,4,-1,0.624660337672514
251324,180751,000000180751.jpg,FRONT,3,10,50304.8,370.8,-1,aic_coco_self,gt_box,gt_box,,,1.0,1.0,0,0.9543305217436948,0.9543305217436948,1.0,10,0,-0.35174214344608373,4,-1,0.6478230830501107
251324,180751,000000180751.jpg,FRONT,3,10,50304.8,370.8,-1,aic_coco_self,rtmdet_ins_tiny,rtmdet_ins_tiny,1,0.9364,0.9229,0.9229,0,0.9437682208677709,0.9437682208677709,1.0,10,0,-0.3446736377424961,4,-1,0.6458438144010656
255092,59635,000000059635.jpg,REAR,0,15,4631.7,139.4,-1,body7_official,gt_box,gt_box,,,1.0,1.0,0,0.922441568339261,0.922441568339261,1.0,11,0,-0.5465584438327146,10,-1,0.793133374522714
255092,59635,000000059635.jpg,REAR,0,15,4631.7,139.4,-1,body7_official,rtmdet_ins_tiny,rtmdet_ins_tiny,5,0.8167,0.9009,0.9009,0,0.9218876237405946,0.9218876237405946,1.0,11,0,-0.5462442652297034,10,-1,0.8009341885061825
255092,59635,000000059635.jpg,REAR,0,15,4631.7,139.4,-1,body7_self,gt_box,gt_box,,,1.0,1.0,0,0.922441568339261,0.922441568339261,1.0,11,0,-0.5465584438327146,10,-1,0.793133349979625
255092,59635,000000059635.jpg,REAR,0,15,4631.7,139.4,-1,body7_self,rtmdet_ins_tiny,rtmdet_ins_tiny,5,0.8167,0.9009,0.9009,0,0.9218876237405946,0.9218876237405946,1.0,11,0,-0.5462442652297034,10,-1,0.80093414292616
255092,59635,000000059635.jpg,REAR,0,15,4631.7,139.4,-1,aic_coco_self,gt_box,gt_box,,,1.0,1.0,0,0.934936014930264,0.934936014930264,1.0,11,0,-0.5402574051191225,10,-1,0.783180247334873
255092,59635,000000059635.jpg,REAR,0,15,4631.7,139.4,-1,aic_coco_self,rtmdet_ins_tiny,rtmdet_ins_tiny,5,0.8167,0.9009,0.9009,0,0.9481322559819099,0.9481322559819099,1.0,11,0,-0.5420530039379488,10,-1,0.7866177593960482
261088,125572,000000125572.jpg,REAR,0,11,1831.2,102.5,1,body7_official,gt_box,gt_box,,,1.0,1.0,0,0.9738715501283343,0.9738715501283343,1.0,9,0,-0.2808108492381339,6,1,0.7221657809089211
261088,125572,000000125572.jpg,REAR,0,11,1831.2,102.5,1,body7_official,rtmdet_ins_tiny,rtmdet_ins_tiny,54,0.7094,0.7820,0.7820,0,0.9739314834794417,0.9739314834794417,1.0,9,0,-0.2764844184777612,6,1,0.6549484659643734
261088,125572,000000125572.jpg,REAR,0,11,1831.2,102.5,1,body7_self,gt_box,gt_box,,,1.0,1.0,0,0.9738715501283343,0.9738715501283343,1.0,9,0,-0.2808108492381339,6,1,0.7221657037734985
261088,125572,000000125572.jpg,REAR,0,11,1831.2,102.5,1,body7_self,rtmdet_ins_tiny,rtmdet_ins_tiny,54,0.7094,0.7820,0.7820,0,0.9739314834794417,0.9739314834794417,1.0,9,0,-0.2764844184777612,6,1,0.6549483853227952
261088,125572,000000125572.jpg,REAR,0,11,1831.2,102.5,1,aic_coco_self,gt_box,gt_box,,,1.0,1.0,0,0.9797525343070013,0.9797525343070013,1.0,9,0,-0.2942276395358731,6,1,0.7241535291952246
261088,125572,000000125572.jpg,REAR,0,11,1831.2,102.5,1,aic_coco_self,rtmdet_ins_tiny,rtmdet_ins_tiny,54,0.7094,0.7820,0.7820,0,0.9763824266408953,0.9763824266408953,1.0,9,0,-0.2735136395890981,6,1,0.6685483455657959
265849,157767,000000157767.jpg,PROFILE,1,15,3691.7,160.1,-1,body7_official,gt_box,gt_box,,,1.0,1.0,0,0.9653783076811011,0.9653783076811011,1.0,14,0,-0.1980294326334237,12,-1,0.7530494753052207
265849,157767,000000157767.jpg,PROFILE,1,15,3691.7,160.1,-1,body7_official,rtmdet_ins_tiny,rtmdet_ins_tiny,32,0.8684,0.0798,0.8895,1,0.01373289504550995,0.0032738887407462343,0.0,14,1,0.002412668740942925,12,1,0.7588082534425399
265849,157767,000000157767.jpg,PROFILE,1,15,3691.7,160.1,-1,body7_self,gt_box,gt_box,,,1.0,1.0,0,0.9653783076811011,0.9653783076811011,1.0,14,0,-0.1980294326334237,12,-1,0.7530495208852431
265849,157767,000000157767.jpg,PROFILE,1,15,3691.7,160.1,-1,body7_self,rtmdet_ins_tiny,rtmdet_ins_tiny,32,0.8684,0.0798,0.8895,1,0.01373289504550995,0.0032738887407462343,0.0,14,1,0.002412668740942925,12,1,0.7588082043563619
265849,157767,000000157767.jpg,PROFILE,1,15,3691.7,160.1,-1,aic_coco_self,gt_box,gt_box,,,1.0,1.0,0,0.9578358742060876,0.9578358742060876,1.0,14,0,-0.19908853094818577,12,-1,0.7896045165903428
265849,157767,000000157767.jpg,PROFILE,1,15,3691.7,160.1,-1,aic_coco_self,rtmdet_ins_tiny,rtmdet_ins_tiny,32,0.8684,0.0798,0.8895,1,0.01127785251798149,0.003181497792248983,0.0,14,1,0.010044781839607997,12,1,0.7978490415741416
421541,437239,000000437239.jpg,REAR,0,12,12326.4,243.5,1,body7_official,gt_box,gt_box,,,1.0,1.0,0,0.9564508489401135,0.9564508489401135,1.0,12,0,-0.3907665062087191,12,1,0.7838023129631492
421541,437239,000000437239.jpg,REAR,0,12,12326.4,243.5,1,body7_official,rtmdet_ins_tiny,rtmdet_ins_tiny,18,0.8758,0.9316,0.9316,0,0.9614452921327793,0.9614452921327793,1.0,12,0,-0.38942255020415645,12,1,0.7890072990866268
421541,437239,000000437239.jpg,REAR,0,12,12326.4,243.5,1,body7_self,gt_box,gt_box,,,1.0,1.0,0,0.9564508489401135,0.9564508489401135,1.0,12,0,-0.3907665062087191,12,1,0.7838021972600151
421541,437239,000000437239.jpg,REAR,0,12,12326.4,243.5,1,body7_self,rtmdet_ins_tiny,rtmdet_ins_tiny,18,0.8758,0.9316,0.9316,0,0.9614452921327793,0.9614452921327793,1.0,12,0,-0.38942255020415645,12,1,0.7890073271358714
421541,437239,000000437239.jpg,REAR,0,12,12326.4,243.5,1,aic_coco_self,gt_box,gt_box,,,1.0,1.0,0,0.9659876480841526,0.9659876480841526,1.0,12,0,-0.38903101439930593,12,1,0.80328570393955
421541,437239,000000437239.jpg,REAR,0,12,12326.4,243.5,1,aic_coco_self,rtmdet_ins_tiny,rtmdet_ins_tiny,18,0.8758,0.9316,0.9316,0,0.9655897879676041,0.9655897879676041,1.0,12,0,-0.38914551571881406,12,1,0.8033177852630615
421757,450559,000000450559.jpg,OBLIQUE,2,15,40417.3,326.0,-1,body7_official,gt_box,gt_box,,,1.0,1.0,0,0.9507417854515788,0.9507417854515788,1.0,15,0,-0.22020028673343475,12,-1,0.7507359210182639
421757,450559,000000450559.jpg,OBLIQUE,2,15,40417.3,326.0,-1,body7_official,rtmdet_ins_tiny,rtmdet_ins_tiny,19,0.9103,0.9268,0.9268,0,0.9559772484156465,0.9559772484156465,1.0,15,0,-0.219700513758329,12,-1,0.7505398007000194
421757,450559,000000450559.jpg,OBLIQUE,2,15,40417.3,326.0,-1,body7_self,gt_box,gt_box,,,1.0,1.0,0,0.9507417854515788,0.9507417854515788,1.0,15,0,-0.22020028673343475,12,-1,0.7507359315367306
421757,450559,000000450559.jpg,OBLIQUE,2,15,40417.3,326.0,-1,body7_self,rtmdet_ins_tiny,rtmdet_ins_tiny,19,0.9103,0.9268,0.9268,0,0.9559772484156465,0.9559772484156465,1.0,15,0,-0.219700513758329,12,-1,0.7505398497861975
421757,450559,000000450559.jpg,OBLIQUE,2,15,40417.3,326.0,-1,aic_coco_self,gt_box,gt_box,,,1.0,1.0,0,0.9301156435325948,0.9301156435325948,0.9333333333333333,15,0,-0.2048324054184838,12,-1,0.768650679027333
421757,450559,000000450559.jpg,OBLIQUE,2,15,40417.3,326.0,-1,aic_coco_self,rtmdet_ins_tiny,rtmdet_ins_tiny,19,0.9103,0.9268,0.9268,0,0.9242800498478533,0.9242800498478533,0.9333333333333333,15,0,-0.20028827088246864,12,-1,0.766708246048759
422313,302990,000000302990.jpg,PROFILE,1,15,9823.7,150.9,1,body7_official,gt_box,gt_box,,,1.0,1.0,0,0.8992002912165125,0.8992002912165125,0.9285714285714286,14,0,-0.6073733500860149,12,1,0.8077194725765902
422313,302990,000000302990.jpg,PROFILE,1,15,9823.7,150.9,1,body7_official,rtmdet_ins_tiny,rtmdet_ins_tiny,14,0.8338,0.8476,0.8476,0,0.9118485303503618,0.9118485303503618,0.9285714285714286,14,0,-0.6176203008772176,12,1,0.8181254793615902
422313,302990,000000302990.jpg,PROFILE,1,15,9823.7,150.9,1,body7_self,gt_box,gt_box,,,1.0,1.0,0,0.8992002912165125,0.8992002912165125,0.9285714285714286,14,0,-0.6073733500860149,12,1,0.8077194392681122
422313,302990,000000302990.jpg,PROFILE,1,15,9823.7,150.9,1,body7_self,rtmdet_ins_tiny,rtmdet_ins_tiny,14,0.8338,0.8476,0.8476,0,0.9118485303503618,0.9118485303503618,0.9285714285714286,14,0,-0.6176203008772176,12,1,0.8181255003985237
422313,302990,000000302990.jpg,PROFILE,1,15,9823.7,150.9,1,aic_coco_self,gt_box,gt_box,,,1.0,1.0,0,0.9553877620450376,0.9553877620450376,1.0,14,0,-0.6734494391203518,12,1,0.8042430176454431
422313,302990,000000302990.jpg,PROFILE,1,15,9823.7,150.9,1,aic_coco_self,rtmdet_ins_tiny,rtmdet_ins_tiny,14,0.8338,0.8476,0.8476,0,0.9711797408424312,0.9711797408424312,1.0,14,0,-0.6816694234120525,12,1,0.8190120651441462
423037,269121,000000269121.jpg,REAR,0,13,42971.8,565.2,1,body7_official,gt_box,gt_box,,,1.0,1.0,0,0.9738659973018243,0.9738659973018243,1.0,12,0,-0.5329599777895229,12,1,0.8121546717251048
423037,269121,000000269121.jpg,REAR,0,13,42971.8,565.2,1,body7_official,rtmdet_ins_tiny,rtmdet_ins_tiny,7,0.9036,0.9498,0.9498,0,0.9770407301214968,0.9770407301214968,1.0,12,0,-0.5316648800623038,12,1,0.8160416133263532
423037,269121,000000269121.jpg,REAR,0,13,42971.8,565.2,1,body7_self,gt_box,gt_box,,,1.0,1.0,0,0.9738659973018243,0.9738659973018243,1.0,12,0,-0.5329599777895229,12,1,0.812154678737416
423037,269121,000000269121.jpg,REAR,0,13,42971.8,565.2,1,body7_self,rtmdet_ins_tiny,rtmdet_ins_tiny,7,0.9036,0.9498,0.9498,0,0.9770407301214968,0.9770407301214968,1.0,12,0,-0.5316648800623038,12,1,0.8160416448817533
423037,269121,000000269121.jpg,REAR,0,13,42971.8,565.2,1,aic_coco_self,gt_box,gt_box,,,1.0,1.0,0,0.9757975307984396,0.9757975307984396,1.0,12,0,-0.5277029426336342,12,1,0.886263510760139
423037,269121,000000269121.jpg,REAR,0,13,42971.8,565.2,1,aic_coco_self,rtmdet_ins_tiny,rtmdet_ins_tiny,7,0.9036,0.9498,0.9498,0,0.9807483233686048,0.9807483233686048,1.0,12,0,-0.5318521092028701,12,1,0.8857530776192161
423513,330396,000000330396.jpg,REAR,0,12,18766.6,305.1,1,body7_official,gt_box,gt_box,,,1.0,1.0,0,0.9687222237211439,0.9687222237211439,1.0,12,0,-0.15156702544784886,8,1,0.7742999546668109
423513,330396,000000330396.jpg,REAR,0,12,18766.6,305.1,1,body7_official,rtmdet_ins_tiny,rtmdet_ins_tiny,35,0.8605,0.9676,0.9676,0,0.970001907960282,0.970001907960282,1.0,12,0,-0.14986400509835565,8,1,0.7696767046171076
423513,330396,000000330396.jpg,REAR,0,12,18766.6,305.1,1,body7_self,gt_box,gt_box,,,1.0,1.0,0,0.9687222237211439,0.9687222237211439,1.0,12,0,-0.15156702544784886,8,1,0.7742999090867884
423513,330396,000000330396.jpg,REAR,0,12,18766.6,305.1,1,body7_self,rtmdet_ins_tiny,rtmdet_ins_tiny,35,0.8605,0.9676,0.9676,0,0.970001907960282,0.970001907960282,1.0,12,0,-0.14986400509835565,8,1,0.7696767028640298
423513,330396,000000330396.jpg,REAR,0,12,18766.6,305.1,1,aic_coco_self,gt_box,gt_box,,,1.0,1.0,0,0.9754570248138793,0.9754570248138793,1.0,12,0,-0.15079647612526834,8,1,0.8026910459294039
423513,330396,000000330396.jpg,REAR,0,12,18766.6,305.1,1,aic_coco_self,rtmdet_ins_tiny,rtmdet_ins_tiny,35,0.8605,0.9676,0.9676,0,0.9783548024873411,0.9783548024873411,1.0,12,0,-0.14947913671636065,8,1,0.8088569325559279
424293,463690,000000463690.jpg,FRONT,3,17,8588.5,211.1,-1,body7_official,gt_box,gt_box,,,1.0,1.0,0,0.9740975834580133,0.9740975834580133,1.0,15,0,-0.4066027452440205,8,-1,0.8646445800276363
424293,463690,000000463690.jpg,FRONT,3,17,8588.5,211.1,-1,body7_official,rtmdet_ins_tiny,rtmdet_ins_tiny,18,0.7954,0.7357,0.7357,0,0.9707240063211855,0.9707240063211855,1.0,15,0,-0.40517982101262084,8,-1,0.8731451630592346
424293,463690,000000463690.jpg,FRONT,3,17,8588.5,211.1,-1,body7_self,gt_box,gt_box,,,1.0,1.0,0,0.9740975834580133,0.9740975834580133,1.0,15,0,-0.4066027452440205,8,-1,0.8646445449660806
424293,463690,000000463690.jpg,FRONT,3,17,8588.5,211.1,-1,body7_self,rtmdet_ins_tiny,rtmdet_ins_tiny,18,0.7954,0.7357,0.7357,0,0.9707240063211855,0.9707240063211855,1.0,15,0,-0.40517982101262084,8,-1,0.873145250713124
424293,463690,000000463690.jpg,FRONT,3,17,8588.5,211.1,-1,aic_coco_self,gt_box,gt_box,,,1.0,1.0,0,0.9767394407974407,0.9767394407974407,1.0,15,0,-0.4146939179226877,8,-1,0.8188220192404354
424293,463690,000000463690.jpg,FRONT,3,17,8588.5,211.1,-1,aic_coco_self,rtmdet_ins_tiny,rtmdet_ins_tiny,18,0.7954,0.7357,0.7357,0,0.9769687317794857,0.9769687317794857,1.0,15,0,-0.4096860779436807,8,-1,0.8232788303319145
424821,476514,000000476514.jpg,FRONT,3,14,39061.5,462.1,-1,body7_official,gt_box,gt_box,,,1.0,1.0,0,0.9565296886677618,0.9565296886677618,1.0,14,0,-0.27505292274402693,8,-1,0.8574979936375338
424821,476514,000000476514.jpg,FRONT,3,14,39061.5,462.1,-1,body7_official,rtmdet_ins_tiny,rtmdet_ins_tiny,12,0.8673,0.9650,0.9650,0,0.9542342964269507,0.9542342964269507,1.0,14,0,-0.27896230980962367,8,-1,0.8599636379410239
424821,476514,000000476514.jpg,FRONT,3,14,39061.5,462.1,-1,body7_self,gt_box,gt_box,,,1.0,1.0,0,0.9565296886677618,0.9565296886677618,1.0,14,0,-0.27505292274402693,8,-1,0.857497991884456
424821,476514,000000476514.jpg,FRONT,3,14,39061.5,462.1,-1,body7_self,rtmdet_ins_tiny,rtmdet_ins_tiny,12,0.8673,0.9650,0.9650,0,0.9542342964269507,0.9542342964269507,1.0,14,0,-0.27896230980962367,8,-1,0.859963546780979
424821,476514,000000476514.jpg,FRONT,3,14,39061.5,462.1,-1,aic_coco_self,gt_box,gt_box,,,1.0,1.0,0,0.9664641011031113,0.9664641011031113,1.0,14,0,-0.26837372879402427,8,-1,0.8557860465610728
424821,476514,000000476514.jpg,FRONT,3,14,39061.5,462.1,-1,aic_coco_self,rtmdet_ins_tiny,rtmdet_ins_tiny,12,0.8673,0.9650,0.9650,0,0.9670958704955233,0.9670958704955233,1.0,14,0,-0.2720584094494874,8,-1,0.8576969101148493
425188,162581,000000162581.jpg,PROFILE,1,15,27273.1,371.1,1,body7_official,gt_box,gt_box,,,1.0,1.0,0,0.9440109037865655,0.9440109037865655,1.0,14,0,-0.22711952342717734,12,1,0.7533143653589136
425188,162581,000000162581.jpg,PROFILE,1,15,27273.1,371.1,1,body7_official,rtmdet_ins_tiny,rtmdet_ins_tiny,2,0.8786,0.9690,0.9690,0,0.9733806487974747,0.9733806487974747,1.0,14,0,-0.22810694104471174,12,1,0.7688680010683396
425188,162581,000000162581.jpg,PROFILE,1,15,27273.1,371.1,1,body7_self,gt_box,gt_box,,,1.0,1.0,0,0.9440109037865655,0.9440109037865655,1.0,14,0,-0.22711952342717734,12,1,0.7533143478281358
425188,162581,000000162581.jpg,PROFILE,1,15,27273.1,371.1,1,body7_self,rtmdet_ins_tiny,rtmdet_ins_tiny,2,0.8786,0.9690,0.9690,0,0.9733806487974747,0.9733806487974747,1.0,14,0,-0.22810694104471174,12,1,0.7688681237837848
425188,162581,000000162581.jpg,PROFILE,1,15,27273.1,371.1,1,aic_coco_self,gt_box,gt_box,,,1.0,1.0,0,0.9324534782406294,0.9324534782406294,1.0,14,0,-0.21299444607961399,12,-1,0.7803111111416536
425188,162581,000000162581.jpg,PROFILE,1,15,27273.1,371.1,1,aic_coco_self,rtmdet_ins_tiny,rtmdet_ins_tiny,2,0.8786,0.9690,0.9690,0,0.9688999777770665,0.9688999777770665,1.0,14,0,-0.2306614959648542,12,1,0.7832524951766519
425488,337055,000000337055.jpg,FRONT,3,16,65260.0,420.3,-1,body7_official,gt_box,gt_box,,,1.0,1.0,0,0.9129668321570086,0.9129668321570086,1.0,16,0,-0.26383533592053676,12,-1,0.8295663490014917
425488,337055,000000337055.jpg,FRONT,3,16,65260.0,420.3,-1,body7_official,rtmdet_ins_tiny,rtmdet_ins_tiny,4,0.8774,0.9521,0.9521,0,0.9014977296754539,0.9014977296754539,1.0,16,0,-0.2561530592972456,12,-1,0.8317220175967497
425488,337055,000000337055.jpg,FRONT,3,16,65260.0,420.3,-1,body7_self,gt_box,gt_box,,,1.0,1.0,0,0.9129668321570086,0.9129668321570086,1.0,16,0,-0.26383533592053676,12,-1,0.8295661473975462
425488,337055,000000337055.jpg,FRONT,3,16,65260.0,420.3,-1,body7_self,rtmdet_ins_tiny,rtmdet_ins_tiny,4,0.8774,0.9521,0.9521,0,0.9014977296754539,0.9014977296754539,1.0,16,0,-0.2561530592972456,12,-1,0.8317218843628379
425488,337055,000000337055.jpg,FRONT,3,16,65260.0,420.3,-1,aic_coco_self,gt_box,gt_box,,,1.0,1.0,0,0.9294353826368386,0.9294353826368386,1.0,16,0,-0.2654272607174046,12,-1,0.8190599644885344
425488,337055,000000337055.jpg,FRONT,3,16,65260.0,420.3,-1,aic_coco_self,rtmdet_ins_tiny,rtmdet_ins_tiny,4,0.8774,0.9521,0.9521,0,0.9153329925852404,0.9153329925852404,1.0,16,0,-0.25897639736200373,12,-1,0.8234111000509823
425988,38118,000000038118.jpg,FRONT,3,17,4856.7,127.6,-1,body7_official,gt_box,gt_box,,,1.0,1.0,0,0.9734570802951601,0.9734570802951601,1.0,15,0,-0.5001809090278448,10,-1,0.8343266949934118
425988,38118,000000038118.jpg,FRONT,3,17,4856.7,127.6,-1,body7_official,rtmdet_ins_tiny,rtmdet_ins_tiny,4,0.9143,0.9642,0.9642,0,0.9785142350621159,0.9785142350621159,1.0,15,0,-0.5032920993320285,10,-1,0.8481854586040273
425988,38118,000000038118.jpg,FRONT,3,17,4856.7,127.6,-1,body7_self,gt_box,gt_box,,,1.0,1.0,0,0.9734570802951601,0.9734570802951601,1.0,15,0,-0.5001809090278448,10,-1,0.8343266424010781
425988,38118,000000038118.jpg,FRONT,3,17,4856.7,127.6,-1,body7_self,rtmdet_ins_tiny,rtmdet_ins_tiny,4,0.9143,0.9642,0.9642,0,0.9785142350621159,0.9785142350621159,1.0,15,0,-0.5032920993320285,10,-1,0.8481854375670937
425988,38118,000000038118.jpg,FRONT,3,17,4856.7,127.6,-1,aic_coco_self,gt_box,gt_box,,,1.0,1.0,0,0.9741835577386537,0.9741835577386537,1.0,15,0,-0.5060704904241793,10,-1,0.8506774060866412
425988,38118,000000038118.jpg,FRONT,3,17,4856.7,127.6,-1,aic_coco_self,rtmdet_ins_tiny,rtmdet_ins_tiny,4,0.9143,0.9642,0.9642,0,0.976607002902795,0.976607002902795,1.0,15,0,-0.5034028378055153,10,-1,0.8566651274176205
426907,89648,000000089648.jpg,REAR,0,13,12381.1,132.1,1,body7_official,gt_box,gt_box,,,1.0,1.0,0,0.8860069912718893,0.8860069912718893,1.0,13,0,-0.16559241979836453,12,1,0.6371287440552431
426907,89648,000000089648.jpg,REAR,0,13,12381.1,132.1,1,body7_official,rtmdet_ins_tiny,rtmdet_ins_tiny,28,0.4867,0.8020,0.8020,0,0.8692556308169578,0.8692556308169578,1.0,13,0,-0.15789267964058937,12,1,0.6369613373980803
426907,89648,000000089648.jpg,REAR,0,13,12381.1,132.1,1,body7_self,gt_box,gt_box,,,1.0,1.0,0,0.8860069912718893,0.8860069912718893,1.0,13,0,-0.16559241979836453,12,1,0.6371288229437435
426907,89648,000000089648.jpg,REAR,0,13,12381.1,132.1,1,body7_self,rtmdet_ins_tiny,rtmdet_ins_tiny,28,0.4867,0.8020,0.8020,0,0.8692556308169578,0.8692556308169578,1.0,13,0,-0.15789267964058937,12,1,0.6369614706319922
426907,89648,000000089648.jpg,REAR,0,13,12381.1,132.1,1,aic_coco_self,gt_box,gt_box,,,1.0,1.0,0,0.8726886013860755,0.8726886013860755,1.0,13,0,-0.18156680578867987,12,1,0.6734849530107835
426907,89648,000000089648.jpg,REAR,0,13,12381.1,132.1,1,aic_coco_self,rtmdet_ins_tiny,rtmdet_ins_tiny,28,0.4867,0.8020,0.8020,0,0.8641129219880672,0.8641129219880672,0.9230769230769231,13,0,-0.17390692613903166,12,1,0.6750703243648305
427370,498807,000000498807.jpg,FRONT,3,16,30327.8,314.0,-1,body7_official,gt_box,gt_box,,,1.0,1.0,0,0.9346709501146406,0.9346709501146406,1.0,15,0,-0.6935189814142011,10,-1,0.8835997230866376
427370,498807,000000498807.jpg,FRONT,3,16,30327.8,314.0,-1,body7_official,rtmdet_ins_tiny,rtmdet_ins_tiny,5,0.8648,0.9491,0.9491,0,0.9358062398215344,0.9358062398215344,1.0,15,0,-0.6922807643906354,10,-1,0.8868419703315286
427370,498807,000000498807.jpg,FRONT,3,16,30327.8,314.0,-1,body7_self,gt_box,gt_box,,,1.0,1.0,0,0.9346709501146406,0.9346709501146406,1.0,15,0,-0.6935189814142011,10,-1,0.8835997546420378
427370,498807,000000498807.jpg,FRONT,3,16,30327.8,314.0,-1,body7_self,rtmdet_ins_tiny,rtmdet_ins_tiny,5,0.8648,0.9491,0.9491,0,0.9358062398215344,0.9358062398215344,1.0,15,0,-0.6922807643906354,10,-1,0.8868419142330394
427370,498807,000000498807.jpg,FRONT,3,16,30327.8,314.0,-1,aic_coco_self,gt_box,gt_box,,,1.0,1.0,0,0.9575672012513211,0.9575672012513211,1.0,15,0,-0.7036493020227569,10,-1,0.915826373240527
427370,498807,000000498807.jpg,FRONT,3,16,30327.8,314.0,-1,aic_coco_self,rtmdet_ins_tiny,rtmdet_ins_tiny,5,0.8648,0.9491,0.9491,0,0.9568932619731548,0.9568932619731548,1.0,15,0,-0.6999367996331773,10,-1,0.9165923560366911
428181,434548,000000434548.jpg,FRONT,3,16,19720.8,311.0,-1,body7_official,gt_box,gt_box,,,1.0,1.0,0,0.9397309310382559,0.9397309310382559,1.0,15,0,-0.5966829401991484,12,-1,0.8233757404720082
428181,434548,000000434548.jpg,FRONT,3,16,19720.8,311.0,-1,body7_official,rtmdet_ins_tiny,rtmdet_ins_tiny,7,0.8835,0.9378,0.9378,0,0.9636934833036097,0.9636934833036097,1.0,15,0,-0.6036146921572557,12,-1,0.8269603883518892
428181,434548,000000434548.jpg,FRONT,3,16,19720.8,311.0,-1,body7_self,gt_box,gt_box,,,1.0,1.0,0,0.9397309310382559,0.9397309310382559,1.0,15,0,-0.5966829401991484,12,-1,0.8233757685212528
428181,434548,000000434548.jpg,FRONT,3,16,19720.8,311.0,-1,body7_self,rtmdet_ins_tiny,rtmdet_ins_tiny,7,0.8835,0.9378,0.9378,0,0.9636934833036097,0.9636934833036097,1.0,15,0,-0.6036146921572557,12,-1,0.8269602516118217
428181,434548,000000434548.jpg,FRONT,3,16,19720.8,311.0,-1,aic_coco_self,gt_box,gt_box,,,1.0,1.0,0,0.9626516681870111,0.9626516681870111,1.0,15,0,-0.6094518528039184,12,-1,0.8718247483758366
428181,434548,000000434548.jpg,FRONT,3,16,19720.8,311.0,-1,aic_coco_self,rtmdet_ins_tiny,rtmdet_ins_tiny,7,0.8835,0.9378,0.9378,0,0.9629148619580528,0.9629148619580528,1.0,15,0,-0.612083363558967,12,-1,0.8584553424049827
428523,573258,000000573258.jpg,FRONT,3,14,45412.2,425.1,-1,body7_official,gt_box,gt_box,,,1.0,1.0,0,0.98599789731737,0.98599789731737,1.0,14,0,-0.46164441211974455,10,-1,0.8275690674781799
428523,573258,000000573258.jpg,FRONT,3,14,45412.2,425.1,-1,body7_official,rtmdet_ins_tiny,rtmdet_ins_tiny,10,0.8930,0.9379,0.9379,0,0.9873105511305258,0.9873105511305258,1.0,14,0,-0.4609197514379003,10,-1,0.8375626276521122
428523,573258,000000573258.jpg,FRONT,3,14,45412.2,425.1,-1,body7_self,gt_box,gt_box,,,1.0,1.0,0,0.98599789731737,0.98599789731737,1.0,14,0,-0.46164441211974455,10,-1,0.8275690359227797
428523,573258,000000573258.jpg,FRONT,3,14,45412.2,425.1,-1,body7_self,rtmdet_ins_tiny,rtmdet_ins_tiny,10,0.8930,0.9379,0.9379,0,0.9873105511305258,0.9873105511305258,1.0,14,0,-0.4609197514379003,10,-1,0.8375626416767344
428523,573258,000000573258.jpg,FRONT,3,14,45412.2,425.1,-1,aic_coco_self,gt_box,gt_box,,,1.0,1.0,0,0.9932549562399781,0.9932549562399781,1.0,14,0,-0.46996234749384697,10,-1,0.8341129352064693
428523,573258,000000573258.jpg,FRONT,3,14,45412.2,425.1,-1,aic_coco_self,rtmdet_ins_tiny,rtmdet_ins_tiny,10,0.8930,0.9379,0.9379,0,0.9869136561051165,0.9869136561051165,1.0,14,0,-0.4651540680140484,10,-1,0.8419458585626939
428916,431545,000000431545.jpg,OBLIQUE,2,15,9630.8,209.6,-1,body7_official,gt_box,gt_box,,,1.0,1.0,0,0.94288548849291,0.94288548849291,1.0,15,0,-0.24319084094441995,12,-1,0.8136395531542161
428916,431545,000000431545.jpg,OBLIQUE,2,15,9630.8,209.6,-1,body7_official,rtmdet_ins_tiny,rtmdet_ins_tiny,11,0.8867,0.9718,0.9718,0,0.9407506985469438,0.9407506985469438,1.0,15,0,-0.24426901103522347,12,-1,0.8249887964304756
428916,431545,000000431545.jpg,OBLIQUE,2,15,9630.8,209.6,-1,body7_self,gt_box,gt_box,,,1.0,1.0,0,0.94288548849291,0.94288548849291,1.0,15,0,-0.24319084094441995,12,-1,0.8136396758696612
428916,431545,000000431545.jpg,OBLIQUE,2,15,9630.8,209.6,-1,body7_self,rtmdet_ins_tiny,rtmdet_ins_tiny,11,0.8867,0.9718,0.9718,0,0.9407506985469438,0.9407506985469438,1.0,15,0,-0.24426901103522347,12,-1,0.8249887999366311
428916,431545,000000431545.jpg,OBLIQUE,2,15,9630.8,209.6,-1,aic_coco_self,gt_box,gt_box,,,1.0,1.0,0,0.9502260053049866,0.9502260053049866,1.0,15,0,-0.23734758641603906,12,-1,0.8425533245591557
428916,431545,000000431545.jpg,OBLIQUE,2,15,9630.8,209.6,-1,aic_coco_self,rtmdet_ins_tiny,rtmdet_ins_tiny,11,0.8867,0.9718,0.9718,0,0.9521037106720968,0.9521037106720968,1.0,15,0,-0.23839900385573232,12,-1,0.8421364111058852
429662,561223,000000561223.jpg,OBLIQUE,2,13,9346.1,157.0,1,body7_official,gt_box,gt_box,,,1.0,1.0,0,0.9828969251299872,0.9828969251299872,1.0,12,0,-0.19212865285498,6,1,0.718857987838633
429662,561223,000000561223.jpg,OBLIQUE,2,13,9346.1,157.0,1,body7_official,rtmdet_ins_tiny,rtmdet_ins_tiny,1,0.8335,0.9285,0.9285,0,0.9872235993486859,0.9872235993486859,1.0,12,0,-0.19250921023013598,6,1,0.7258953680010403
429662,561223,000000561223.jpg,OBLIQUE,2,13,9346.1,157.0,1,body7_self,gt_box,gt_box,,,1.0,1.0,0,0.9828969251299872,0.9828969251299872,1.0,12,0,-0.19212865285498,6,1,0.7188580965294558
429662,561223,000000561223.jpg,OBLIQUE,2,13,9346.1,157.0,1,body7_self,rtmdet_ins_tiny,rtmdet_ins_tiny,1,0.8335,0.9285,0.9285,0,0.9872235993486859,0.9872235993486859,1.0,12,0,-0.19250921023013598,6,1,0.7258953031371621
429662,561223,000000561223.jpg,OBLIQUE,2,13,9346.1,157.0,1,aic_coco_self,gt_box,gt_box,,,1.0,1.0,0,0.9885361075505613,0.9885361075505613,1.0,12,0,-0.1905675350340789,6,1,0.7286223234499202
429662,561223,000000561223.jpg,OBLIQUE,2,13,9346.1,157.0,1,aic_coco_self,rtmdet_ins_tiny,rtmdet_ins_tiny,1,0.8335,0.9285,0.9285,0,0.987038498283492,0.987038498283492,1.0,12,0,-0.18738479294787602,6,1,0.7327723757309073
430057,311002,000000311002.jpg,FRONT,3,15,4564.2,147.8,-1,body7_official,gt_box,gt_box,,,1.0,1.0,0,0.9588201951196782,0.9588201951196782,1.0,15,0,-0.444312927522712,10,-1,0.791644226102268
430057,311002,000000311002.jpg,FRONT,3,15,4564.2,147.8,-1,body7_official,rtmdet_ins_tiny,rtmdet_ins_tiny,28,0.8434,0.9420,0.9420,0,0.9669070530289007,0.9669070530289007,1.0,15,0,-0.44337655103341517,10,-1,0.8111724660677069
430057,311002,000000311002.jpg,FRONT,3,15,4564.2,147.8,-1,body7_self,gt_box,gt_box,,,1.0,1.0,0,0.9588201951196782,0.9588201951196782,1.0,15,0,-0.444312927522712,10,-1,0.7916443207684685
430057,311002,000000311002.jpg,FRONT,3,15,4564.2,147.8,-1,body7_self,rtmdet_ins_tiny,rtmdet_ins_tiny,28,0.8434,0.9420,0.9420,0,0.9669070530289007,0.9669070530289007,1.0,15,0,-0.44337655103341517,10,-1,0.8111724941169515
430057,311002,000000311002.jpg,FRONT,3,15,4564.2,147.8,-1,aic_coco_self,gt_box,gt_box,,,1.0,1.0,0,0.9664529226495038,0.9664529226495038,1.0,15,0,-0.44642015411512903,10,-1,0.7925889772527358
430057,311002,000000311002.jpg,FRONT,3,15,4564.2,147.8,-1,aic_coco_self,rtmdet_ins_tiny,rtmdet_ins_tiny,28,0.8434,0.9420,0.9420,0,0.9741485645215531,0.9741485645215531,1.0,15,0,-0.45072084114496347,10,-1,0.8092984609744128
430413,457884,000000457884.jpg,FRONT,3,16,2933.9,101.3,-1,body7_official,gt_box,gt_box,,,1.0,1.0,0,0.9486953645213807,0.9486953645213807,1.0,16,0,-0.45900951165757115,10,-1,0.8389107795322642
430413,457884,000000457884.jpg,FRONT,3,16,2933.9,101.3,-1,body7_official,rtmdet_ins_tiny,rtmdet_ins_tiny,32,0.9166,0.8000,0.8000,0,0.9510430110934524,0.9510430110934524,1.0,16,0,-0.4566394547303678,10,-1,0.8232654788914848
430413,457884,000000457884.jpg,FRONT,3,16,2933.9,101.3,-1,body7_self,gt_box,gt_box,,,1.0,1.0,0,0.9486953645213807,0.9486953645213807,1.0,16,0,-0.45900951165757115,10,-1,0.8389107584953308
430413,457884,000000457884.jpg,FRONT,3,16,2933.9,101.3,-1,body7_self,rtmdet_ins_tiny,rtmdet_ins_tiny,32,0.9166,0.8000,0.8000,0,0.9510430110934524,0.9510430110934524,1.0,16,0,-0.4566394547303678,10,-1,0.8232654894099516
430413,457884,000000457884.jpg,FRONT,3,16,2933.9,101.3,-1,aic_coco_self,gt_box,gt_box,,,1.0,1.0,0,0.9603534594412653,0.9603534594412653,1.0,16,0,-0.46472793618751523,10,-1,0.8747593339751748
430413,457884,000000457884.jpg,FRONT,3,16,2933.9,101.3,-1,aic_coco_self,rtmdet_ins_tiny,rtmdet_ins_tiny,32,0.9166,0.8000,0.8000,0,0.9581289412891348,0.9581289412891348,1.0,16,0,-0.46508227740536967,10,-1,0.8730823467759525
430991,347265,000000347265.jpg,FRONT,3,16,4269.1,141.7,-1,body7_official,gt_box,gt_box,,,1.0,1.0,0,0.9591952244574743,0.9591952244574743,1.0,16,0,-0.4487666463599186,12,-1,0.8515073025927824
430991,347265,000000347265.jpg,FRONT,3,16,4269.1,141.7,-1,body7_official,rtmdet_ins_tiny,rtmdet_ins_tiny,5,0.9236,0.9097,0.9097,0,0.9636800905799006,0.9636800905799006,1.0,16,0,-0.452719182275416,12,-1,0.8506766557693481
430991,347265,000000347265.jpg,FRONT,3,16,4269.1,141.7,-1,body7_self,gt_box,gt_box,,,1.0,1.0,0,0.9591952244574743,0.9591952244574743,1.0,16,0,-0.4487666463599186,12,-1,0.8515072920743156
430991,347265,000000347265.jpg,FRONT,3,16,4269.1,141.7,-1,body7_self,rtmdet_ins_tiny,rtmdet_ins_tiny,5,0.9236,0.9097,0.9097,0,0.9636800905799006,0.9636800905799006,1.0,16,0,-0.452719182275416,12,-1,0.8506766768062816
430991,347265,000000347265.jpg,FRONT,3,16,4269.1,141.7,-1,aic_coco_self,gt_box,gt_box,,,1.0,1.0,0,0.9621181813024073,0.9621181813024073,1.0,16,0,-0.4529020532314502,12,-1,0.8841739892959595
430991,347265,000000347265.jpg,FRONT,3,16,4269.1,141.7,-1,aic_coco_self,rtmdet_ins_tiny,rtmdet_ins_tiny,5,0.9236,0.9097,0.9097,0,0.9692164502942492,0.9692164502942492,1.0,16,0,-0.4555593662296928,12,-1,0.8808173502192778
431400,224222,000000224222.jpg,FRONT,3,16,2999.5,112.9,1,body7_official,gt_box,gt_box,,,1.0,1.0,0,0.9562085894122521,0.9562085894122521,1.0,16,0,-0.3845348791372987,12,-1,0.8074117513263926
431400,224222,000000224222.jpg,FRONT,3,16,2999.5,112.9,1,body7_official,rtmdet_ins_tiny,rtmdet_ins_tiny,8,0.8455,0.9428,0.9428,0,0.9493274711002078,0.9493274711002078,1.0,16,0,-0.3805517982510758,12,-1,0.8335022575715009
431400,224222,000000224222.jpg,FRONT,3,16,2999.5,112.9,1,body7_self,gt_box,gt_box,,,1.0,1.0,0,0.9562085894122521,0.9562085894122521,1.0,16,0,-0.3845348791372987,12,-1,0.8074117302894592
431400,224222,000000224222.jpg,FRONT,3,16,2999.5,112.9,1,body7_self,rtmdet_ins_tiny,rtmdet_ins_tiny,8,0.8455,0.9428,0.9428,0,0.9493274711002078,0.9493274711002078,1.0,16,0,-0.3805517982510758,12,-1,0.8335022610776565
431400,224222,000000224222.jpg,FRONT,3,16,2999.5,112.9,1,aic_coco_self,gt_box,gt_box,,,1.0,1.0,0,0.9572305392017411,0.9572305392017411,1.0,16,0,-0.37537022268681725,12,-1,0.835524716797997
431400,224222,000000224222.jpg,FRONT,3,16,2999.5,112.9,1,aic_coco_self,rtmdet_ins_tiny,rtmdet_ins_tiny,8,0.8455,0.9428,0.9428,0,0.9483942737877877,0.9483942737877877,1.0,16,0,-0.36956630300517285,12,-1,0.8509290428722606
431674,215259,000000215259.jpg,OBLIQUE,2,15,18464.5,354.3,-1,body7_official,gt_box,gt_box,,,1.0,1.0,0,0.8394338183793473,0.8394338183793473,1.0,15,0,-0.15889902940198128,12,-1,0.7626764248399174
431674,215259,000000215259.jpg,OBLIQUE,2,15,18464.5,354.3,-1,body7_official,rtmdet_ins_tiny,rtmdet_ins_tiny,3,0.9145,0.1074,0.9128,1,0.0005960033491857787,0.023432825199699484,0.0,15,1,0.0026484240506261525,12,-1,0.9400307325755849
431674,215259,000000215259.jpg,OBLIQUE,2,15,18464.5,354.3,-1,body7_self,gt_box,gt_box,,,1.0,1.0,0,0.8394338183793473,0.8394338183793473,1.0,15,0,-0.15889902940198128,12,-1,0.762676435358384
431674,215259,000000215259.jpg,OBLIQUE,2,15,18464.5,354.3,-1,body7_self,rtmdet_ins_tiny,rtmdet_ins_tiny,3,0.9145,0.1074,0.9128,1,0.0005960033491857787,0.023432825199699484,0.0,15,1,0.0026484240506261525,12,-1,0.940030739587896
431674,215259,000000215259.jpg,OBLIQUE,2,15,18464.5,354.3,-1,aic_coco_self,gt_box,gt_box,,,1.0,1.0,0,0.8884772643229694,0.8884772643229694,1.0,15,0,-0.15274138845020996,12,-1,0.796417516820571
431674,215259,000000215259.jpg,OBLIQUE,2,15,18464.5,354.3,-1,aic_coco_self,rtmdet_ins_tiny,rtmdet_ins_tiny,3,0.9145,0.1074,0.9128,1,0.0006228266296610843,0.0225265979076258,0.0,15,1,0.0034286521040758355,12,-1,0.9488320000031415
432097,190841,000000190841.jpg,FRONT,3,16,9582.0,141.8,-1,body7_official,gt_box,gt_box,,,1.0,1.0,0,0.8877870952132338,0.8877870952132338,1.0,16,0,-0.3116616678855309,12,-1,0.6914279250537648
432097,190841,000000190841.jpg,FRONT,3,16,9582.0,141.8,-1,body7_official,rtmdet_ins_tiny,rtmdet_ins_tiny,26,0.8542,0.9706,0.9706,0,0.895661058129939,0.895661058129939,1.0,16,0,-0.31055305801272004,12,-1,0.6858811097986558
432097,190841,000000190841.jpg,FRONT,3,16,9582.0,141.8,-1,body7_self,gt_box,gt_box,,,1.0,1.0,0,0.8877870952132338,0.8877870952132338,1.0,16,0,-0.3116616678855309,12,-1,0.6914278338937199
432097,190841,000000190841.jpg,FRONT,3,16,9582.0,141.8,-1,body7_self,rtmdet_ins_tiny,rtmdet_ins_tiny,26,0.8542,0.9706,0.9706,0,0.895661058129939,0.895661058129939,1.0,16,0,-0.31055305801272004,12,-1,0.6858811799217673
432097,190841,000000190841.jpg,FRONT,3,16,9582.0,141.8,-1,aic_coco_self,gt_box,gt_box,,,1.0,1.0,0,0.9055541642165919,0.9055541642165919,1.0,16,0,-0.3349424247730802,12,-1,0.7257699300261105
432097,190841,000000190841.jpg,FRONT,3,16,9582.0,141.8,-1,aic_coco_self,rtmdet_ins_tiny,rtmdet_ins_tiny,26,0.8542,0.9706,0.9706,0,0.9038668000349614,0.9038668000349614,1.0,16,0,-0.3325805036640334,12,-1,0.7182805608300602
433108,26690,000000026690.jpg,FRONT,3,16,10066.7,151.0,1,body7_official,gt_box,gt_box,,,1.0,1.0,0,0.9217924819447781,0.9217924819447781,1.0,15,0,-0.40924307237851587,10,1,0.7005351396167979
433108,26690,000000026690.jpg,FRONT,3,16,10066.7,151.0,1,body7_official,rtmdet_ins_tiny,rtmdet_ins_tiny,27,0.5804,0.9027,0.9027,0,0.9251041409302837,0.9251041409302837,1.0,15,0,-0.415683450321929,10,1,0.6831886996241177
433108,26690,000000026690.jpg,FRONT,3,16,10066.7,151.0,1,body7_self,gt_box,gt_box,,,1.0,1.0,0,0.9217924819447781,0.9217924819447781,1.0,15,0,-0.40924307237851587,10,1,0.7005350712467643
433108,26690,000000026690.jpg,FRONT,3,16,10066.7,151.0,1,body7_self,rtmdet_ins_tiny,rtmdet_ins_tiny,27,0.5804,0.9027,0.9027,0,0.9251041409302837,0.9251041409302837,1.0,15,0,-0.415683450321929,10,1,0.6831886698217953
433108,26690,000000026690.jpg,FRONT,3,16,10066.7,151.0,1,aic_coco_self,gt_box,gt_box,,,1.0,1.0,0,0.9264252422883226,0.9264252422883226,1.0,15,0,-0.40494099500379516,10,1,0.7614790937479805
433108,26690,000000026690.jpg,FRONT,3,16,10066.7,151.0,1,aic_coco_self,rtmdet_ins_tiny,rtmdet_ins_tiny,27,0.5804,0.9027,0.9027,0,0.9256837840443379,0.9256837840443379,1.0,15,0,-0.4077073459131537,10,1,0.7521154039046344
433998,130599,000000130599.jpg,FRONT,3,12,58466.2,362.5,-1,body7_official,gt_box,gt_box,,,1.0,1.0,0,0.9681171819024413,0.9681171819024413,1.0,12,0,-0.9014638588724941,8,-1,0.7618826049215653
433998,130599,000000130599.jpg,FRONT,3,12,58466.2,362.5,-1,body7_official,rtmdet_ins_tiny,rtmdet_ins_tiny,14,0.9311,0.9517,0.9517,0,0.9735265392581608,0.9735265392581608,1.0,12,0,-0.8937696412576316,8,-1,0.7499600017772001
433998,130599,000000130599.jpg,FRONT,3,12,58466.2,362.5,-1,body7_self,gt_box,gt_box,,,1.0,1.0,0,0.9681171819024413,0.9681171819024413,1.0,12,0,-0.9014638588724941,8,-1,0.7618825812550152
433998,130599,000000130599.jpg,FRONT,3,12,58466.2,362.5,-1,body7_self,rtmdet_ins_tiny,rtmdet_ins_tiny,14,0.9311,0.9517,0.9517,0,0.9735265392581608,0.9735265392581608,1.0,12,0,-0.8937696412576316,8,-1,0.7499599421725553
433998,130599,000000130599.jpg,FRONT,3,12,58466.2,362.5,-1,aic_coco_self,gt_box,gt_box,,,1.0,1.0,0,0.9766365651249229,0.9766365651249229,1.0,12,0,-0.9016506318601166,8,-1,0.7949289241257835
433998,130599,000000130599.jpg,FRONT,3,12,58466.2,362.5,-1,aic_coco_self,rtmdet_ins_tiny,rtmdet_ins_tiny,14,0.9311,0.9517,0.9517,0,0.9756579102631265,0.9756579102631265,1.0,12,0,-0.8960374090490986,8,-1,0.7707433718092301
434471,176799,000000176799.jpg,REAR,0,14,3741.8,138.5,1,body7_official,gt_box,gt_box,,,1.0,1.0,0,0.9673315003620891,0.9673315003620891,1.0,13,0,-0.8290597016468887,10,1,0.7497248754781836
434471,176799,000000176799.jpg,REAR,0,14,3741.8,138.5,1,body7_official,rtmdet_ins_tiny,rtmdet_ins_tiny,28,0.8489,0.9427,0.9427,0,0.9734961760733947,0.9734961760733947,1.0,13,0,-0.8250384891003724,10,1,0.7604447147425484
434471,176799,000000176799.jpg,REAR,0,14,3741.8,138.5,1,body7_self,gt_box,gt_box,,,1.0,1.0,0,0.9673315003620891,0.9673315003620891,1.0,13,0,-0.8290597016468887,10,1,0.749724796589683
434471,176799,000000176799.jpg,REAR,0,14,3741.8,138.5,1,body7_self,rtmdet_ins_tiny,rtmdet_ins_tiny,28,0.8489,0.9427,0.9427,0,0.9734961760733947,0.9734961760733947,1.0,13,0,-0.8250384891003724,10,1,0.7604447883718154
434471,176799,000000176799.jpg,REAR,0,14,3741.8,138.5,1,aic_coco_self,gt_box,gt_box,,,1.0,1.0,0,0.9712020360535052,0.9712020360535052,1.0,13,0,-0.8248634071846894,10,1,0.8319753303247339
434471,176799,000000176799.jpg,REAR,0,14,3741.8,138.5,1,aic_coco_self,rtmdet_ins_tiny,rtmdet_ins_tiny,28,0.8489,0.9427,0.9427,0,0.9567642050245168,0.9567642050245168,1.0,13,0,-0.8223853400570883,10,1,0.8313387422000661
435069,568213,000000568213.jpg,OBLIQUE,2,13,12526.5,252.7,1,body7_official,gt_box,gt_box,,,1.0,1.0,0,0.9728392895728383,0.9728392895728383,1.0,13,0,-0.23722604691171364,8,1,0.8035774704288033
435069,568213,000000568213.jpg,OBLIQUE,2,13,12526.5,252.7,1,body7_official,rtmdet_ins_tiny,rtmdet_ins_tiny,19,0.9401,0.9659,0.9659,0,0.977456641286238,0.977456641286238,1.0,13,0,-0.23881172290178873,8,1,0.8141908224891213
435069,568213,000000568213.jpg,OBLIQUE,2,13,12526.5,252.7,1,body7_self,gt_box,gt_box,,,1.0,1.0,0,0.9728392895728383,0.9728392895728383,1.0,13,0,-0.23722604691171364,8,1,0.8035774073180031
435069,568213,000000568213.jpg,OBLIQUE,2,13,12526.5,252.7,1,body7_self,rtmdet_ins_tiny,rtmdet_ins_tiny,19,0.9401,0.9659,0.9659,0,0.977456641286238,0.977456641286238,1.0,13,0,-0.23881172290178873,8,1,0.8141908347606659
435069,568213,000000568213.jpg,OBLIQUE,2,13,12526.5,252.7,1,aic_coco_self,gt_box,gt_box,,,1.0,1.0,0,0.9780500959981757,0.9780500959981757,1.0,13,0,-0.2364154134893155,8,1,0.820341276771882
435069,568213,000000568213.jpg,OBLIQUE,2,13,12526.5,252.7,1,aic_coco_self,rtmdet_ins_tiny,rtmdet_ins_tiny,19,0.9401,0.9659,0.9659,0,0.9785794955266057,0.9785794955266057,1.0,13,0,-0.23715162490741695,8,1,0.8246496109401479
435548,470773,000000470773.jpg,REAR,0,8,28982.4,217.9,-1,body7_official,gt_box,gt_box,,,1.0,1.0,0,0.9767942309366087,0.9767942309366087,1.0,8,0,-0.4158211219649888,8,-1,0.5131323372616488
435548,470773,000000470773.jpg,REAR,0,8,28982.4,217.9,-1,body7_official,rtmdet_ins_tiny,rtmdet_ins_tiny,5,0.6778,0.8505,0.8505,0,0.9793909929578034,0.9793909929578034,1.0,8,0,-0.41654010582950635,8,-1,0.5004128357943367
435548,470773,000000470773.jpg,REAR,0,8,28982.4,217.9,-1,body7_self,gt_box,gt_box,,,1.0,1.0,0,0.9767942309366087,0.9767942309366087,1.0,8,0,-0.4158211219649888,8,-1,0.5131323477801155
435548,470773,000000470773.jpg,REAR,0,8,28982.4,217.9,-1,body7_self,rtmdet_ins_tiny,rtmdet_ins_tiny,5,0.6778,0.8505,0.8505,0,0.9793909929578034,0.9793909929578034,1.0,8,0,-0.41654010582950635,8,-1,0.5004128691028146
435548,470773,000000470773.jpg,REAR,0,8,28982.4,217.9,-1,aic_coco_self,gt_box,gt_box,,,1.0,1.0,0,0.9757956815784927,0.9757956815784927,1.0,8,0,-0.42240352380860086,8,-1,0.5836925769553465
435548,470773,000000470773.jpg,REAR,0,8,28982.4,217.9,-1,aic_coco_self,rtmdet_ins_tiny,rtmdet_ins_tiny,5,0.6778,0.8505,0.8505,0,0.9791127335311904,0.9791127335311904,1.0,8,0,-0.4204560836670028,8,-1,0.508860368939007
436111,404249,000000404249.jpg,FRONT,3,16,33224.5,399.8,-1,body7_official,gt_box,gt_box,,,1.0,1.0,0,0.9647519627565713,0.9647519627565713,1.0,16,0,-0.4754050017952629,12,-1,0.9366132406627431
436111,404249,000000404249.jpg,FRONT,3,16,33224.5,399.8,-1,body7_official,rtmdet_ins_tiny,rtmdet_ins_tiny,4,0.9412,0.9761,0.9761,0,0.9651963179561083,0.9651963179561083,1.0,16,0,-0.4765556560092303,12,-1,0.9414913128404057
436111,404249,000000404249.jpg,FRONT,3,16,33224.5,399.8,-1,body7_self,gt_box,gt_box,,,1.0,1.0,0,0.9647519627565713,0.9647519627565713,1.0,16,0,-0.4754050017952629,12,-1,0.9366132126134985
436111,404249,000000404249.jpg,FRONT,3,16,33224.5,399.8,-1,body7_self,rtmdet_ins_tiny,rtmdet_ins_tiny,4,0.9412,0.9761,0.9761,0,0.9651963179561083,0.9651963179561083,1.0,16,0,-0.4765556560092303,12,-1,0.9414913233588723
436111,404249,000000404249.jpg,FRONT,3,16,33224.5,399.8,-1,aic_coco_self,gt_box,gt_box,,,1.0,1.0,0,0.9676034912814828,0.9676034912814828,1.0,16,0,-0.4769518553194092,12,-1,0.9093491645420299
436111,404249,000000404249.jpg,FRONT,3,16,33224.5,399.8,-1,aic_coco_self,rtmdet_ins_tiny,rtmdet_ins_tiny,4,0.9412,0.9761,0.9761,0,0.9674113962447053,0.9674113962447053,1.0,16,0,-0.47649733549165113,12,-1,0.910018991021549
436771,493772,000000493772.jpg,REAR,0,12,5877.5,155.3,-1,body7_official,gt_box,gt_box,,,1.0,1.0,0,0.30777053682285466,0.8182021460626379,0.8333333333333334,12,1,0.22167720734176843,12,1,0.6691818763228023
436771,493772,000000493772.jpg,REAR,0,12,5877.5,155.3,-1,body7_official,rtmdet_ins_tiny,rtmdet_ins_tiny,1,0.8292,0.8630,0.8630,0,0.3045322441075333,0.8201557105543339,0.8333333333333334,12,1,0.22484908858172448,12,1,0.6833653940873987
436771,493772,000000493772.jpg,REAR,0,12,5877.5,155.3,-1,body7_self,gt_box,gt_box,,,1.0,1.0,0,0.30777053682285466,0.8182021460626379,0.8333333333333334,12,1,0.22167720734176843,12,1,0.6691820095567143
436771,493772,000000493772.jpg,REAR,0,12,5877.5,155.3,-1,body7_self,rtmdet_ins_tiny,rtmdet_ins_tiny,1,0.8292,0.8630,0.8630,0,0.3045322441075333,0.8201557105543339,0.8333333333333334,12,1,0.22484908858172448,12,1,0.6833653975935543
436771,493772,000000493772.jpg,REAR,0,12,5877.5,155.3,-1,aic_coco_self,gt_box,gt_box,,,1.0,1.0,0,0.30746531869401394,0.8141326585262357,0.8333333333333334,12,1,0.22233735977149582,12,1,0.7583154510049259
436771,493772,000000493772.jpg,REAR,0,12,5877.5,155.3,-1,aic_coco_self,rtmdet_ins_tiny,rtmdet_ins_tiny,1,0.8292,0.8630,0.8630,0,0.30686601471231095,0.8124524554372287,0.8333333333333334,12,1,0.2194478344437662,12,1,0.7740156685604769
437304,485480,000000485480.jpg,OBLIQUE,2,15,9021.5,144.9,-1,body7_official,gt_box,gt_box,,,1.0,1.0,0,0.970752330379018,0.970752330379018,1.0,15,0,-0.4651791385674871,12,-1,0.7971945440067965
437304,485480,000000485480.jpg,OBLIQUE,2,15,9021.5,144.9,-1,body7_official,rtmdet_ins_tiny,rtmdet_ins_tiny,34,0.7890,0.9156,0.9156,0,0.9694317107559941,0.9694317107559941,1.0,15,0,-0.4676084641411372,12,-1,0.7942916365230784
437304,485480,000000485480.jpg,OBLIQUE,2,15,9021.5,144.9,-1,body7_self,gt_box,gt_box,,,1.0,1.0,0,0.970752330379018,0.970752330379018,1.0,15,0,-0.4651791385674871,12,-1,0.7971944879083073
437304,485480,000000485480.jpg,OBLIQUE,2,15,9021.5,144.9,-1,body7_self,rtmdet_ins_tiny,rtmdet_ins_tiny,34,0.7890,0.9156,0.9156,0,0.9694317107559941,0.9694317107559941,1.0,15,0,-0.4676084641411372,12,-1,0.7942916435353896
437304,485480,000000485480.jpg,OBLIQUE,2,15,9021.5,144.9,-1,aic_coco_self,gt_box,gt_box,,,1.0,1.0,0,0.9665660912031409,0.9665660912031409,1.0,15,0,-0.4671236731841983,12,-1,0.8035552782170913
437304,485480,000000485480.jpg,OBLIQUE,2,15,9021.5,144.9,-1,aic_coco_self,rtmdet_ins_tiny,rtmdet_ins_tiny,34,0.7890,0.9156,0.9156,0,0.9670972699309951,0.9670972699309951,1.0,15,0,-0.47330767527931067,12,-1,0.7989772943889394
437731,326970,000000326970.jpg,FRONT,3,14,58149.7,362.4,-1,body7_official,gt_box,gt_box,,,1.0,1.0,0,0.9644372860092031,0.9644372860092031,1.0,14,0,-0.3981110215139442,10,-1,0.7083981913678786
437731,326970,000000326970.jpg,FRONT,3,14,58149.7,362.4,-1,body7_official,rtmdet_ins_tiny,rtmdet_ins_tiny,8,0.7859,0.9086,0.9086,0,0.9552425945162858,0.9552425945162858,1.0,14,0,-0.39212603539984786,10,-1,0.6972550469286302
437731,326970,000000326970.jpg,FRONT,3,14,58149.7,362.4,-1,body7_self,gt_box,gt_box,,,1.0,1.0,0,0.9644372860092031,0.9644372860092031,1.0,14,0,-0.3981110215139442,10,-1,0.7083981528001673
437731,326970,000000326970.jpg,FRONT,3,14,58149.7,362.4,-1,body7_self,rtmdet_ins_tiny,rtmdet_ins_tiny,8,0.7859,0.9086,0.9086,0,0.9552425945162858,0.9552425945162858,1.0,14,0,-0.39212603539984786,10,-1,0.6972550609532524
437731,326970,000000326970.jpg,FRONT,3,14,58149.7,362.4,-1,aic_coco_self,gt_box,gt_box,,,1.0,1.0,0,0.9686594274318273,0.9686594274318273,1.0,14,0,-0.39064236330967983,10,-1,0.7397877714213204
437731,326970,000000326970.jpg,FRONT,3,14,58149.7,362.4,-1,aic_coco_self,rtmdet_ins_tiny,rtmdet_ins_tiny,8,0.7859,0.9086,0.9086,0,0.9719630662730394,0.9719630662730394,1.0,14,0,-0.3897051744953781,10,-1,0.7495818278368782
437945,270677,000000270677.jpg,FRONT,3,13,95795.7,548.0,-1,body7_official,gt_box,gt_box,,,1.0,1.0,0,0.9823588179265007,0.9823588179265007,1.0,13,0,-0.48328578826173624,8,-1,0.8243951920200797
437945,270677,000000270677.jpg,FRONT,3,13,95795.7,548.0,-1,body7_official,rtmdet_ins_tiny,rtmdet_ins_tiny,2,0.8666,0.9489,0.9489,0,0.9814658059674936,0.9814658059674936,1.0,13,0,-0.4842846196252938,8,-1,0.8327316098353442
437945,270677,000000270677.jpg,FRONT,3,13,95795.7,548.0,-1,body7_self,gt_box,gt_box,,,1.0,1.0,0,0.9823588179265007,0.9823588179265007,1.0,13,0,-0.48328578826173624,8,-1,0.8243953094762915
437945,270677,000000270677.jpg,FRONT,3,13,95795.7,548.0,-1,body7_self,rtmdet_ins_tiny,rtmdet_ins_tiny,2,0.8666,0.9489,0.9489,0,0.9814658059674936,0.9814658059674936,1.0,13,0,-0.4842846196252938,8,-1,0.8327315519837772
437945,270677,000000270677.jpg,FRONT,3,13,95795.7,548.0,-1,aic_coco_self,gt_box,gt_box,,,1.0,1.0,0,0.9825410351767478,0.9825410351767478,1.0,13,0,-0.4866806039209928,8,-1,0.813405412084916
437945,270677,000000270677.jpg,FRONT,3,13,95795.7,548.0,-1,aic_coco_self,rtmdet_ins_tiny,rtmdet_ins_tiny,2,0.8666,0.9489,0.9489,0,0.9795663972695124,0.9795663972695124,1.0,13,0,-0.4869718669813817,8,-1,0.8149131071918151
438156,158945,000000158945.jpg,FRONT,3,16,6400.1,184.3,-1,body7_official,gt_box,gt_box,,,1.0,1.0,0,0.9777723679377102,0.9777723679377102,1.0,15,0,-0.3476305429329139,10,-1,0.8377978275803959
438156,158945,000000158945.jpg,FRONT,3,16,6400.1,184.3,-1,body7_official,rtmdet_ins_tiny,rtmdet_ins_tiny,7,0.7777,0.8682,0.8682,0,0.9719034228471461,0.9719034228471461,1.0,15,0,-0.3458968645794175,10,-1,0.8376448750495911
438156,158945,000000158945.jpg,FRONT,3,16,6400.1,184.3,-1,body7_self,gt_box,gt_box,,,1.0,1.0,0,0.9777723679377102,0.9777723679377102,1.0,15,0,-0.3476305429329139,10,-1,0.8377977925188401
438156,158945,000000158945.jpg,FRONT,3,16,6400.1,184.3,-1,body7_self,rtmdet_ins_tiny,rtmdet_ins_tiny,7,0.7777,0.8682,0.8682,0,0.9719034228471461,0.9719034228471461,1.0,15,0,-0.3458968645794175,10,-1,0.8376449381603914
438156,158945,000000158945.jpg,FRONT,3,16,6400.1,184.3,-1,aic_coco_self,gt_box,gt_box,,,1.0,1.0,0,0.9772872620313309,0.9772872620313309,1.0,15,0,-0.3503712283033961,10,-1,0.8598342257387498
438156,158945,000000158945.jpg,FRONT,3,16,6400.1,184.3,-1,aic_coco_self,rtmdet_ins_tiny,rtmdet_ins_tiny,7,0.7777,0.8682,0.8682,0,0.9674777355724693,0.9674777355724693,1.0,15,0,-0.3460683204645878,10,-1,0.8511349628953373
438455,50638,000000050638.jpg,REAR,0,14,23847.6,317.1,1,body7_official,gt_box,gt_box,,,1.0,1.0,0,0.919378977979706,0.919378977979706,0.9285714285714286,14,0,-0.3184601568508014,12,1,0.8102280813104966
438455,50638,000000050638.jpg,REAR,0,14,23847.6,317.1,1,body7_official,rtmdet_ins_tiny,rtmdet_ins_tiny,5,0.9000,0.8217,0.8217,0,0.9240224517040686,0.9240224517040686,0.9285714285714286,14,0,-0.3215030372784071,12,1,0.8163516872069415
438455,50638,000000050638.jpg,REAR,0,14,23847.6,317.1,1,body7_self,gt_box,gt_box,,,1.0,1.0,0,0.919378977979706,0.919378977979706,0.9285714285714286,14,0,-0.3184601568508014,12,1,0.8102280918289634
438455,50638,000000050638.jpg,REAR,0,14,23847.6,317.1,1,body7_self,rtmdet_ins_tiny,rtmdet_ins_tiny,5,0.9000,0.8217,0.8217,0,0.9240224517040686,0.9240224517040686,0.9285714285714286,14,0,-0.3215030372784071,12,1,0.8163517748608309
438455,50638,000000050638.jpg,REAR,0,14,23847.6,317.1,1,aic_coco_self,gt_box,gt_box,,,1.0,1.0,0,0.9719622444734121,0.9719622444734121,1.0,14,0,-0.3074187808825289,12,1,0.8346843053312862
438455,50638,000000050638.jpg,REAR,0,14,23847.6,317.1,1,aic_coco_self,rtmdet_ins_tiny,rtmdet_ins_tiny,5,0.9000,0.8217,0.8217,0,0.9211094709929448,0.9211094709929448,0.9285714285714286,14,0,-0.3071210051495394,12,1,0.8228220834451563
438700,252507,000000252507.jpg,FRONT,3,16,3867.7,146.2,-1,body7_official,gt_box,gt_box,,,1.0,1.0,0,0.9802644587318812,0.9802644587318812,1.0,15,0,-0.2463850555985184,12,-1,0.8004732517635121
438700,252507,000000252507.jpg,FRONT,3,16,3867.7,146.2,-1,body7_official,rtmdet_ins_tiny,rtmdet_ins_tiny,13,0.8492,0.9176,0.9176,0,0.9764509951782627,0.9764509951782627,1.0,15,0,-0.24741855176275396,12,-1,0.8093612649861504
438700,252507,000000252507.jpg,FRONT,3,16,3867.7,146.2,-1,body7_self,gt_box,gt_box,,,1.0,1.0,0,0.9802644587318812,0.9802644587318812,1.0,15,0,-0.2463850555985184,12,-1,0.8004732657881344
438700,252507,000000252507.jpg,FRONT,3,16,3867.7,146.2,-1,body7_self,rtmdet_ins_tiny,rtmdet_ins_tiny,13,0.8492,0.9176,0.9176,0,0.9764509951782627,0.9764509951782627,1.0,15,0,-0.24741855176275396,12,-1,0.8093612404430613
438700,252507,000000252507.jpg,FRONT,3,16,3867.7,146.2,-1,aic_coco_self,gt_box,gt_box,,,1.0,1.0,0,0.9777200975413152,0.9777200975413152,1.0,15,0,-0.2436747106863838,12,-1,0.8094412123455721
438700,252507,000000252507.jpg,FRONT,3,16,3867.7,146.2,-1,aic_coco_self,rtmdet_ins_tiny,rtmdet_ins_tiny,13,0.8492,0.9176,0.9176,0,0.9768160787242268,0.9768160787242268,1.0,15,0,-0.24610373485299336,12,-1,0.8128781634218553
439576,148739,000000148739.jpg,FRONT,3,16,3681.4,120.4,-1,body7_official,gt_box,gt_box,,,1.0,1.0,0,0.9277627581434069,0.9277627581434069,1.0,16,0,-0.40367045150465913,12,-1,0.8181388097650865
439576,148739,000000148739.jpg,FRONT,3,16,3681.4,120.4,-1,body7_official,rtmdet_ins_tiny,rtmdet_ins_tiny,25,0.7913,0.9329,0.9329,0,0.9292693299117731,0.9292693299117731,1.0,16,0,-0.40466484541176373,12,-1,0.8168287733021904
439576,148739,000000148739.jpg,FRONT,3,16,3681.4,120.4,-1,body7_self,gt_box,gt_box,,,1.0,1.0,0,0.9277627581434069,0.9277627581434069,1.0,16,0,-0.40367045150465913,12,-1,0.8181389885790208
439576,148739,000000148739.jpg,FRONT,3,16,3681.4,120.4,-1,body7_self,rtmdet_ins_tiny,rtmdet_ins_tiny,25,0.7913,0.9329,0.9329,0,0.9292693299117731,0.9292693299117731,1.0,16,0,-0.40466484541176373,12,-1,0.8168289030299467
439576,148739,000000148739.jpg,FRONT,3,16,3681.4,120.4,-1,aic_coco_self,gt_box,gt_box,,,1.0,1.0,0,0.9178814677039501,0.9178814677039501,1.0,16,0,-0.4042362970268502,12,-1,0.8433870673179626
439576,148739,000000148739.jpg,FRONT,3,16,3681.4,120.4,-1,aic_coco_self,rtmdet_ins_tiny,rtmdet_ins_tiny,25,0.7913,0.9329,0.9329,0,0.9223452005537253,0.9223452005537253,1.0,16,0,-0.4001823191782615,12,-1,0.8384596004205591
439688,372577,000000372577.jpg,FRONT,3,17,32287.5,387.0,-1,body7_official,gt_box,gt_box,,,1.0,1.0,0,0.9800640070735466,0.9800640070735466,1.0,17,0,-0.4095405115362428,12,-1,0.9127905088312486
439688,372577,000000372577.jpg,FRONT,3,17,32287.5,387.0,-1,body7_official,rtmdet_ins_tiny,rtmdet_ins_tiny,11,0.9179,0.9244,0.9244,0,0.9745719182909087,0.9745719182909087,1.0,17,0,-0.41019006580358536,12,-1,0.9194607980111066
439688,372577,000000372577.jpg,FRONT,3,17,32287.5,387.0,-1,body7_self,gt_box,gt_box,,,1.0,1.0,0,0.9800640070735466,0.9800640070735466,1.0,17,0,-0.4095405115362428,12,-1,0.9127904597450706
439688,372577,000000372577.jpg,FRONT,3,17,32287.5,387.0,-1,body7_self,rtmdet_ins_tiny,rtmdet_ins_tiny,11,0.9179,0.9244,0.9244,0,0.9745719182909087,0.9745719182909087,1.0,17,0,-0.41019006580358536,12,-1,0.9194608786526848
439688,372577,000000372577.jpg,FRONT,3,17,32287.5,387.0,-1,aic_coco_self,gt_box,gt_box,,,1.0,1.0,0,0.9816226476206007,0.9816226476206007,1.0,17,0,-0.4078363573748767,12,-1,0.9399092863587772
439688,372577,000000372577.jpg,FRONT,3,17,32287.5,387.0,-1,aic_coco_self,rtmdet_ins_tiny,rtmdet_ins_tiny,11,0.9179,0.9244,0.9244,0,0.9840118533463025,0.9840118533463025,1.0,17,0,-0.4096118698628815,12,-1,0.948485206155216
440222,257478,000000257478.jpg,FRONT,3,16,23802.8,350.8,-1,body7_official,gt_box,gt_box,,,1.0,1.0,0,0.9801255760839394,0.9801255760839394,1.0,16,0,-0.43581841757776096,12,-1,0.8690743376226986
440222,257478,000000257478.jpg,FRONT,3,16,23802.8,350.8,-1,body7_official,rtmdet_ins_tiny,rtmdet_ins_tiny,2,0.9023,0.9647,0.9647,0,0.9804555584872786,0.9804555584872786,1.0,16,0,-0.43418174163474127,12,-1,0.8596377758418813
440222,257478,000000257478.jpg,FRONT,3,16,23802.8,350.8,-1,body7_self,gt_box,gt_box,,,1.0,1.0,0,0.9801255760839394,0.9801255760839394,1.0,16,0,-0.43581841757776096,12,-1,0.8690742639934316
440222,257478,000000257478.jpg,FRONT,3,16,23802.8,350.8,-1,body7_self,rtmdet_ins_tiny,rtmdet_ins_tiny,2,0.9023,0.9647,0.9647,0,0.9804555584872786,0.9804555584872786,1.0,16,0,-0.43418174163474127,12,-1,0.8596378214219037
440222,257478,000000257478.jpg,FRONT,3,16,23802.8,350.8,-1,aic_coco_self,gt_box,gt_box,,,1.0,1.0,0,0.9823189137380688,0.9823189137380688,1.0,16,0,-0.4368777557496904,12,-1,0.8889241078320671
440222,257478,000000257478.jpg,FRONT,3,16,23802.8,350.8,-1,aic_coco_self,rtmdet_ins_tiny,rtmdet_ins_tiny,2,0.9023,0.9647,0.9647,0,0.979824241597092,0.979824241597092,1.0,16,0,-0.43838755072341656,12,-1,0.8848320596358356
440697,431693,000000431693.jpg,PROFILE,1,15,19758.4,225.4,-1,body7_official,gt_box,gt_box,,,1.0,1.0,0,0.9815437454920382,0.9815437454920382,1.0,13,0,-0.6325620578393666,10,-1,0.8597606350393856
440697,431693,000000431693.jpg,PROFILE,1,15,19758.4,225.4,-1,body7_official,rtmdet_ins_tiny,rtmdet_ins_tiny,6,0.9101,0.9523,0.9523,0,0.9763750534596235,0.9763750534596235,1.0,13,0,-0.6262774970971893,10,-1,0.8661343735807082
440697,431693,000000431693.jpg,PROFILE,1,15,19758.4,225.4,-1,body7_self,gt_box,gt_box,,,1.0,1.0,0,0.9815437454920382,0.9815437454920382,1.0,13,0,-0.6325620578393666,10,-1,0.8597606630886302
440697,431693,000000431693.jpg,PROFILE,1,15,19758.4,225.4,-1,body7_self,rtmdet_ins_tiny,rtmdet_ins_tiny,6,0.9101,0.9523,0.9523,0,0.9763750534596235,0.9763750534596235,1.0,13,0,-0.6262774970971893,10,-1,0.8661342263221741
440697,431693,000000431693.jpg,PROFILE,1,15,19758.4,225.4,-1,aic_coco_self,gt_box,gt_box,,,1.0,1.0,0,0.9699110858069392,0.9699110858069392,1.0,13,0,-0.6257940004000686,10,-1,0.8762448780676898
440697,431693,000000431693.jpg,PROFILE,1,15,19758.4,225.4,-1,aic_coco_self,rtmdet_ins_tiny,rtmdet_ins_tiny,6,0.9101,0.9523,0.9523,0,0.9681981826670365,0.9681981826670365,1.0,13,0,-0.6255998688109139,10,-1,0.8792150932199815
440996,32861,000000032861.jpg,FRONT,3,15,61470.3,442.1,-1,body7_official,gt_box,gt_box,,,1.0,1.0,0,0.9629825510070419,0.9629825510070419,1.0,15,0,-0.5570651426280507,10,-1,0.7773914372219759
440996,32861,000000032861.jpg,FRONT,3,15,61470.3,442.1,-1,body7_official,rtmdet_ins_tiny,rtmdet_ins_tiny,11,0.8773,0.9729,0.9729,0,0.9653086916955425,0.9653086916955425,1.0,15,0,-0.5555488180804709,10,-1,0.7503109065925374
440996,32861,000000032861.jpg,FRONT,3,15,61470.3,442.1,-1,body7_self,gt_box,gt_box,,,1.0,1.0,0,0.9629825510070419,0.9629825510070419,1.0,15,0,-0.5570651426280507,10,-1,0.7773913215188419
440996,32861,000000032861.jpg,FRONT,3,15,61470.3,442.1,-1,body7_self,rtmdet_ins_tiny,rtmdet_ins_tiny,11,0.8773,0.9729,0.9729,0,0.9653086916955425,0.9653086916955425,1.0,15,0,-0.5555488180804709,10,-1,0.7503110135302824
440996,32861,000000032861.jpg,FRONT,3,15,61470.3,442.1,-1,aic_coco_self,gt_box,gt_box,,,1.0,1.0,0,0.9616935462540387,0.9616935462540387,1.0,15,0,-0.5575132801946966,10,-1,0.7562384780715493
440996,32861,000000032861.jpg,FRONT,3,15,61470.3,442.1,-1,aic_coco_self,rtmdet_ins_tiny,rtmdet_ins_tiny,11,0.8773,0.9729,0.9729,0,0.9601309897864465,0.9601309897864465,1.0,15,0,-0.5567929942962871,10,-1,0.7496372391195858
441311,297022,000000297022.jpg,FRONT,3,16,5461.0,194.8,-1,body7_official,gt_box,gt_box,,,1.0,1.0,0,0.9526788212853078,0.9526788212853078,1.0,14,0,-0.3131649590223045,8,-1,0.7516602628371295
441311,297022,000000297022.jpg,FRONT,3,16,5461.0,194.8,-1,body7_official,rtmdet_ins_tiny,rtmdet_ins_tiny,46,0.6095,0.9532,0.9532,0,0.9384446913983744,0.9384446913983744,1.0,14,0,-0.29725674758165377,8,-1,0.737819699680104
441311,297022,000000297022.jpg,FRONT,3,16,5461.0,194.8,-1,body7_self,gt_box,gt_box,,,1.0,1.0,0,0.9526788212853078,0.9526788212853078,1.0,14,0,-0.3131649590223045,8,-1,0.7516604591818417
441311,297022,000000297022.jpg,FRONT,3,16,5461.0,194.8,-1,body7_self,rtmdet_ins_tiny,rtmdet_ins_tiny,46,0.6095,0.9532,0.9532,0,0.9384446913983744,0.9384446913983744,1.0,14,0,-0.29725674758165377,8,-1,0.7378197698032155
441311,297022,000000297022.jpg,FRONT,3,16,5461.0,194.8,-1,aic_coco_self,gt_box,gt_box,,,1.0,1.0,0,0.9511371804058645,0.9511371804058645,1.0,14,0,-0.3197279993877678,8,-1,0.7352996223113116
441311,297022,000000297022.jpg,FRONT,3,16,5461.0,194.8,-1,aic_coco_self,rtmdet_ins_tiny,rtmdet_ins_tiny,46,0.6095,0.9532,0.9532,0,0.9441305574736578,0.9441305574736578,1.0,14,0,-0.30587242467215997,8,-1,0.7299003390704885
441608,321790,000000321790.jpg,FRONT,3,12,53487.4,413.7,-1,body7_official,gt_box,gt_box,,,1.0,1.0,0,0.9616873296189978,0.9616873296189978,1.0,12,0,-0.446949196723004,8,-1,0.7457977533340454
441608,321790,000000321790.jpg,FRONT,3,12,53487.4,413.7,-1,body7_official,rtmdet_ins_tiny,rtmdet_ins_tiny,4,0.7787,0.8897,0.8897,0,0.9623583295420456,0.9623583295420456,1.0,12,0,-0.44772836391665133,8,-1,0.7545770354130689
441608,321790,000000321790.jpg,FRONT,3,12,53487.4,413.7,-1,body7_self,gt_box,gt_box,,,1.0,1.0,0,0.9616873296189978,0.9616873296189978,1.0,12,0,-0.446949196723004,8,-1,0.745797690223245
441608,321790,000000321790.jpg,FRONT,3,12,53487.4,413.7,-1,body7_self,rtmdet_ins_tiny,rtmdet_ins_tiny,4,0.7787,0.8897,0.8897,0,0.9623583295420456,0.9623583295420456,1.0,12,0,-0.44772836391665133,8,-1,0.7545770266476799
441608,321790,000000321790.jpg,FRONT,3,12,53487.4,413.7,-1,aic_coco_self,gt_box,gt_box,,,1.0,1.0,0,0.9589124908841707,0.9589124908841707,1.0,12,0,-0.4399029011598379,8,-1,0.71458319180152
441608,321790,000000321790.jpg,FRONT,3,12,53487.4,413.7,-1,aic_coco_self,rtmdet_ins_tiny,rtmdet_ins_tiny,4,0.7787,0.8897,0.8897,0,0.9583781483989656,0.9583781483989656,1.0,12,0,-0.44113892760947293,8,-1,0.7095311625915415
441907,428218,000000428218.jpg,FRONT,3,16,4001.7,118.7,-1,body7_official,gt_box,gt_box,,,1.0,1.0,0,0.9847446924019848,0.9847446924019848,1.0,16,0,-0.2732008368845402,12,-1,0.82775357540916
441907,428218,000000428218.jpg,FRONT,3,16,4001.7,118.7,-1,body7_official,rtmdet_ins_tiny,rtmdet_ins_tiny,6,0.8692,0.7353,0.7353,0,0.986784569054747,0.986784569054747,1.0,16,0,-0.26986801880232403,12,-1,0.8373608483987696
441907,428218,000000428218.jpg,FRONT,3,16,4001.7,118.7,-1,body7_self,gt_box,gt_box,,,1.0,1.0,0,0.9847446924019848,0.9847446924019848,1.0,16,0,-0.2732008368845402,12,-1,0.8277537472107831
441907,428218,000000428218.jpg,FRONT,3,16,4001.7,118.7,-1,body7_self,rtmdet_ins_tiny,rtmdet_ins_tiny,6,0.8692,0.7353,0.7353,0,0.986784569054747,0.986784569054747,1.0,16,0,-0.26986801880232403,12,-1,0.8373608659295475
441907,428218,000000428218.jpg,FRONT,3,16,4001.7,118.7,-1,aic_coco_self,gt_box,gt_box,,,1.0,1.0,0,0.9805008687696322,0.9805008687696322,1.0,16,0,-0.261115499530063,12,-1,0.8012767889920402
441907,428218,000000428218.jpg,FRONT,3,16,4001.7,118.7,-1,aic_coco_self,rtmdet_ins_tiny,rtmdet_ins_tiny,6,0.8692,0.7353,0.7353,0,0.9824284061585353,0.9824284061585353,1.0,16,0,-0.25822203241571784,12,-1,0.7646113528924829
442617,161861,000000161861.jpg,OBLIQUE,2,13,9990.3,236.2,1,body7_official,gt_box,gt_box,,,1.0,1.0,0,0.9279344828100377,0.9279344828100377,1.0,13,0,-0.17755106782025043,8,-1,0.7848937336136314
442617,161861,000000161861.jpg,OBLIQUE,2,13,9990.3,236.2,1,body7_official,rtmdet_ins_tiny,rtmdet_ins_tiny,2,0.8902,0.9220,0.9220,0,0.9303115741980714,0.9303115741980714,1.0,13,0,-0.1789705262879252,8,-1,0.7766669602955089
442617,161861,000000161861.jpg,OBLIQUE,2,13,9990.3,236.2,1,body7_self,gt_box,gt_box,,,1.0,1.0,0,0.9279344828100377,0.9279344828100377,1.0,13,0,-0.17755106782025043,8,-1,0.7848938125021317
442617,161861,000000161861.jpg,OBLIQUE,2,13,9990.3,236.2,1,body7_self,rtmdet_ins_tiny,rtmdet_ins_tiny,2,0.8902,0.9220,0.9220,0,0.9303115741980714,0.9303115741980714,1.0,13,0,-0.1789705262879252,8,-1,0.7766670444432426
442617,161861,000000161861.jpg,OBLIQUE,2,13,9990.3,236.2,1,aic_coco_self,gt_box,gt_box,,,1.0,1.0,0,0.9376099161406711,0.9376099161406711,1.0,13,0,-0.18034074789858687,8,-1,0.817033332936904
442617,161861,000000161861.jpg,OBLIQUE,2,13,9990.3,236.2,1,aic_coco_self,rtmdet_ins_tiny,rtmdet_ins_tiny,2,0.8902,0.9220,0.9220,0,0.9384237655111213,0.9384237655111213,1.0,13,0,-0.18082023971551628,8,-1,0.8247189381543327
442873,475191,000000475191.jpg,REAR,0,12,22124.7,324.7,-1,body7_official,gt_box,gt_box,,,1.0,1.0,0,0.972120797254553,0.972120797254553,1.0,12,0,-0.3842665241069988,12,-1,0.7494281705688027
442873,475191,000000475191.jpg,REAR,0,12,22124.7,324.7,-1,body7_official,rtmdet_ins_tiny,rtmdet_ins_tiny,11,0.8752,0.9452,0.9452,0,0.9638229943584556,0.9638229943584556,1.0,12,0,-0.3770108757549432,12,-1,0.7643145533169017
442873,475191,000000475191.jpg,REAR,0,12,22124.7,324.7,-1,body7_self,gt_box,gt_box,,,1.0,1.0,0,0.972120797254553,0.972120797254553,1.0,12,0,-0.3842665241069988,12,-1,0.7494281425195581
442873,475191,000000475191.jpg,REAR,0,12,22124.7,324.7,-1,body7_self,rtmdet_ins_tiny,rtmdet_ins_tiny,11,0.8752,0.9452,0.9452,0,0.9638229943584556,0.9638229943584556,1.0,12,0,-0.3770108757549432,12,-1,0.7643145848723019
442873,475191,000000475191.jpg,REAR,0,12,22124.7,324.7,-1,aic_coco_self,gt_box,gt_box,,,1.0,1.0,0,0.9699030297592973,0.9699030297592973,1.0,12,0,-0.395912063195683,12,-1,0.7944883108139038
442873,475191,000000475191.jpg,REAR,0,12,22124.7,324.7,-1,aic_coco_self,rtmdet_ins_tiny,rtmdet_ins_tiny,11,0.8752,0.9452,0.9452,0,0.9645867867349268,0.9645867867349268,1.0,12,0,-0.3919866817323129,12,-1,0.8085553505841423
443331,170955,000000170955.jpg,FRONT,3,10,52493.9,414.9,-1,body7_official,gt_box,gt_box,,,1.0,1.0,0,0.9823988742721008,0.9823988742721008,1.0,10,0,-0.197156062982762,4,-1,0.6689591100987267
443331,170955,000000170955.jpg,FRONT,3,10,52493.9,414.9,-1,body7_official,rtmdet_ins_tiny,rtmdet_ins_tiny,3,0.8851,0.9602,0.9602,0,0.9812885929126743,0.9812885929126743,1.0,10,0,-0.19566028026438095,4,-1,0.6607485431082109
443331,170955,000000170955.jpg,FRONT,3,10,52493.9,414.9,-1,body7_self,gt_box,gt_box,,,1.0,1.0,0,0.9823988742721008,0.9823988742721008,1.0,10,0,-0.197156062982762,4,-1,0.6689590881852543
443331,170955,000000170955.jpg,FRONT,3,10,52493.9,414.9,-1,body7_self,rtmdet_ins_tiny,rtmdet_ins_tiny,3,0.8851,0.9602,0.9602,0,0.9812885929126743,0.9812885929126743,1.0,10,0,-0.19566028026438095,4,-1,0.6607485737870721
443331,170955,000000170955.jpg,FRONT,3,10,52493.9,414.9,-1,aic_coco_self,gt_box,gt_box,,,1.0,1.0,0,0.9811664274462167,0.9811664274462167,1.0,10,0,-0.19660698057101902,4,-1,0.6523536943337497
443331,170955,000000170955.jpg,FRONT,3,10,52493.9,414.9,-1,aic_coco_self,rtmdet_ins_tiny,rtmdet_ins_tiny,3,0.8851,0.9602,0.9602,0,0.9790714737926282,0.9790714737926282,1.0,10,0,-0.19732529178731217,4,-1,0.654239206629641
444129,516173,000000516173.jpg,REAR,0,14,40941.9,428.6,1,body7_official,gt_box,gt_box,,,1.0,1.0,0,0.9545638903091483,0.9545638903091483,1.0,13,0,-0.41525349074840157,10,1,0.7455048981834861
444129,516173,000000516173.jpg,REAR,0,14,40941.9,428.6,1,body7_official,rtmdet_ins_tiny,rtmdet_ins_tiny,3,0.9034,0.9308,0.9308,0,0.9524929108605266,0.9524929108605266,1.0,13,0,-0.41372811954129807,10,1,0.769189715385437
444129,516173,000000516173.jpg,REAR,0,14,40941.9,428.6,1,body7_self,gt_box,gt_box,,,1.0,1.0,0,0.9545638903091483,0.9545638903091483,1.0,13,0,-0.41525349074840157,10,1,0.7455051646513098
444129,516173,000000516173.jpg,REAR,0,14,40941.9,428.6,1,body7_self,rtmdet_ins_tiny,rtmdet_ins_tiny,3,0.9034,0.9308,0.9308,0,0.9524929108605266,0.9524929108605266,1.0,13,0,-0.41372811954129807,10,1,0.7691895926699919
444129,516173,000000516173.jpg,REAR,0,14,40941.9,428.6,1,aic_coco_self,gt_box,gt_box,,,1.0,1.0,0,0.9440867677405833,0.9440867677405833,1.0,13,0,-0.4086998746187601,10,1,0.7812796375330757
444129,516173,000000516173.jpg,REAR,0,14,40941.9,428.6,1,aic_coco_self,rtmdet_ins_tiny,rtmdet_ins_tiny,3,0.9034,0.9308,0.9308,0,0.9500192525313044,0.9500192525313044,1.0,13,0,-0.4122431539170993,10,1,0.7833959951120264
444711,205105,000000205105.jpg,OBLIQUE,2,13,16724.1,300.0,-1,body7_official,gt_box,gt_box,,,1.0,1.0,0,0.9693001082089592,0.9693001082089592,1.0,13,0,-0.5746274726974219,10,-1,0.8813183798509485
444711,205105,000000205105.jpg,OBLIQUE,2,13,16724.1,300.0,-1,body7_official,rtmdet_ins_tiny,rtmdet_ins_tiny,1,0.9127,0.9920,0.9920,0,0.9640400885667956,0.9640400885667956,1.0,13,0,-0.5756048273899589,10,-1,0.8708372186211979
444711,205105,000000205105.jpg,OBLIQUE,2,13,16724.1,300.0,-1,body7_self,gt_box,gt_box,,,1.0,1.0,0,0.9693001082089592,0.9693001082089592,1.0,13,0,-0.5746274726974219,10,-1,0.8813183833571041
444711,205105,000000205105.jpg,OBLIQUE,2,13,16724.1,300.0,-1,body7_self,rtmdet_ins_tiny,rtmdet_ins_tiny,1,0.9127,0.9920,0.9920,0,0.9640400885667956,0.9640400885667956,1.0,13,0,-0.5756048273899589,10,-1,0.8708372431642869
444711,205105,000000205105.jpg,OBLIQUE,2,13,16724.1,300.0,-1,aic_coco_self,gt_box,gt_box,,,1.0,1.0,0,0.9761226824851904,0.9761226824851904,1.0,13,0,-0.5741845831547917,10,-1,0.8900616765022278
444711,205105,000000205105.jpg,OBLIQUE,2,13,16724.1,300.0,-1,aic_coco_self,rtmdet_ins_tiny,rtmdet_ins_tiny,1,0.9127,0.9920,0.9920,0,0.9731709353313452,0.9731709353313452,1.0,13,0,-0.5750922773980043,10,-1,0.8908388088731205
445157,300276,000000300276.jpg,FRONT,3,12,21803.3,229.3,-1,body7_official,gt_box,gt_box,,,1.0,1.0,0,0.9787218458559712,0.9787218458559712,1.0,12,0,-0.5709835257938147,8,-1,0.7577437688322628
445157,300276,000000300276.jpg,FRONT,3,12,21803.3,229.3,-1,body7_official,rtmdet_ins_tiny,rtmdet_ins_tiny,4,0.8031,0.9015,0.9015,0,0.9822382872781209,0.9822382872781209,1.0,12,0,-0.572242022545706,8,-1,0.77498819547541
445157,300276,000000300276.jpg,FRONT,3,12,21803.3,229.3,-1,body7_self,gt_box,gt_box,,,1.0,1.0,0,0.9787218458559712,0.9787218458559712,1.0,12,0,-0.5709835257938147,8,-1,0.757743751301485
445157,300276,000000300276.jpg,FRONT,3,12,21803.3,229.3,-1,body7_self,rtmdet_ins_tiny,rtmdet_ins_tiny,4,0.8031,0.9015,0.9015,0,0.9822382872781209,0.9822382872781209,1.0,12,0,-0.572242022545706,8,-1,0.7749881306115318
445157,300276,000000300276.jpg,FRONT,3,12,21803.3,229.3,-1,aic_coco_self,gt_box,gt_box,,,1.0,1.0,0,0.9858793198870109,0.9858793198870109,1.0,12,0,-0.5682080847272523,8,-1,0.7572211973807391
445157,300276,000000300276.jpg,FRONT,3,12,21803.3,229.3,-1,aic_coco_self,rtmdet_ins_tiny,rtmdet_ins_tiny,4,0.8031,0.9015,0.9015,0,0.9852543929942246,0.9852543929942246,1.0,12,0,-0.5680253170886216,8,-1,0.7714163327918333
445492,54592,000000054592.jpg,REAR,0,12,12895.1,163.0,1,body7_official,gt_box,gt_box,,,1.0,1.0,0,0.8408086430856977,0.8408086430856977,0.9166666666666666,12,0,-0.2648276737677039,12,1,0.5468337378081154
445492,54592,000000054592.jpg,REAR,0,12,12895.1,163.0,1,body7_official,rtmdet_ins_tiny,rtmdet_ins_tiny,12,0.5718,0.9107,0.9107,0,0.8429797738945305,0.8429797738945305,0.9166666666666666,12,0,-0.2680217183024854,12,1,0.5539147170150981
445492,54592,000000054592.jpg,REAR,0,12,12895.1,163.0,1,body7_self,gt_box,gt_box,,,1.0,1.0,0,0.8408086430856977,0.8408086430856977,0.9166666666666666,12,0,-0.2648276737677039,12,1,0.5468337220304152
445492,54592,000000054592.jpg,REAR,0,12,12895.1,163.0,1,body7_self,rtmdet_ins_tiny,rtmdet_ins_tiny,12,0.5718,0.9107,0.9107,0,0.8429797738945305,0.8429797738945305,0.9166666666666666,12,0,-0.2680217183024854,12,1,0.5539147696074318
445492,54592,000000054592.jpg,REAR,0,12,12895.1,163.0,1,aic_coco_self,gt_box,gt_box,,,1.0,1.0,0,0.8863429759991196,0.8863429759991196,1.0,12,0,-0.30895708612962464,12,1,0.5552215155433206
445492,54592,000000054592.jpg,REAR,0,12,12895.1,163.0,1,aic_coco_self,rtmdet_ins_tiny,rtmdet_ins_tiny,12,0.5718,0.9107,0.9107,0,0.8873856430629293,0.8873856430629293,1.0,12,0,-0.3018175127938509,12,1,0.615726195714053
446087,43816,000000043816.jpg,OBLIQUE,2,15,18908.4,264.6,-1,body7_official,gt_box,gt_box,,,1.0,1.0,0,0.9595391961370319,0.9595391961370319,1.0,15,0,-0.43353753083813273,12,-1,0.8478937885340523
446087,43816,000000043816.jpg,OBLIQUE,2,15,18908.4,264.6,-1,body7_official,rtmdet_ins_tiny,rtmdet_ins_tiny,44,0.9499,0.9275,0.9275,0,0.9577002155992926,0.9577002155992926,1.0,15,0,-0.4325906496850953,12,-1,0.8452955729821149
446087,43816,000000043816.jpg,OBLIQUE,2,15,18908.4,264.6,-1,body7_self,gt_box,gt_box,,,1.0,1.0,0,0.9595391961370319,0.9595391961370319,1.0,15,0,-0.43353753083813273,12,-1,0.8478937464601853
446087,43816,000000043816.jpg,OBLIQUE,2,15,18908.4,264.6,-1,body7_self,rtmdet_ins_tiny,rtmdet_ins_tiny,44,0.9499,0.9275,0.9275,0,0.9577002155992926,0.9577002155992926,1.0,15,0,-0.4325906496850953,12,-1,0.8452955414267147
446087,43816,000000043816.jpg,OBLIQUE,2,15,18908.4,264.6,-1,aic_coco_self,gt_box,gt_box,,,1.0,1.0,0,0.9633070949677474,0.9633070949677474,1.0,15,0,-0.430886632258574,12,-1,0.8531327843666077
446087,43816,000000043816.jpg,OBLIQUE,2,15,18908.4,264.6,-1,aic_coco_self,rtmdet_ins_tiny,rtmdet_ins_tiny,44,0.9499,0.9275,0.9275,0,0.9615198888815324,0.9615198888815324,1.0,15,0,-0.4314299711487517,12,-1,0.8563245780327741
447115,34452,000000034452.jpg,OBLIQUE,2,15,5286.9,135.9,-1,body7_official,gt_box,gt_box,,,1.0,1.0,0,0.9245605431287603,0.9245605431287603,1.0,15,0,-0.40244915320779107,12,-1,0.7593551067744985
447115,34452,000000034452.jpg,OBLIQUE,2,15,5286.9,135.9,-1,body7_official,rtmdet_ins_tiny,rtmdet_ins_tiny,4,0.8659,0.8673,0.8673,0,0.9382628237975718,0.9382628237975718,1.0,15,0,-0.4001880110279778,12,-1,0.766886995119207
447115,34452,000000034452.jpg,OBLIQUE,2,15,5286.9,135.9,-1,body7_self,gt_box,gt_box,,,1.0,1.0,0,0.9245605431287603,0.9245605431287603,1.0,15,0,-0.40244915320779107,12,-1,0.7593550366513869
447115,34452,000000034452.jpg,OBLIQUE,2,15,5286.9,135.9,-1,body7_self,rtmdet_ins_tiny,rtmdet_ins_tiny,4,0.8659,0.8673,0.8673,0,0.9382628237975718,0.9382628237975718,1.0,15,0,-0.4001880110279778,12,-1,0.7668870371930739
447115,34452,000000034452.jpg,OBLIQUE,2,15,5286.9,135.9,-1,aic_coco_self,gt_box,gt_box,,,1.0,1.0,0,0.9638710041859948,0.9638710041859948,1.0,15,0,-0.40383345469567933,12,-1,0.7842822285259471
447115,34452,000000034452.jpg,OBLIQUE,2,15,5286.9,135.9,-1,aic_coco_self,rtmdet_ins_tiny,rtmdet_ins_tiny,4,0.8659,0.8673,0.8673,0,0.9544692209881139,0.9544692209881139,1.0,15,0,-0.39918900251972855,12,-1,0.7986995192135081
447753,51712,000000051712.jpg,PROFILE,1,15,19302.3,245.4,-1,body7_official,gt_box,gt_box,,,1.0,1.0,0,0.9736776675363908,0.9736776675363908,1.0,13,0,-0.4055388471448118,10,-1,0.7623130889499888
447753,51712,000000051712.jpg,PROFILE,1,15,19302.3,245.4,-1,body7_official,rtmdet_ins_tiny,rtmdet_ins_tiny,4,0.8749,0.8491,0.8491,0,0.9673096310347306,0.9673096310347306,1.0,13,0,-0.4058523445648851,10,-1,0.7534618482870215
447753,51712,000000051712.jpg,PROFILE,1,15,19302.3,245.4,-1,body7_self,gt_box,gt_box,,,1.0,1.0,0,0.9736776675363908,0.9736776675363908,1.0,13,0,-0.4055388471448118,10,-1,0.762313046876122
447753,51712,000000051712.jpg,PROFILE,1,15,19302.3,245.4,-1,body7_self,rtmdet_ins_tiny,rtmdet_ins_tiny,4,0.8749,0.8491,0.8491,0,0.9673096310347306,0.9673096310347306,1.0,13,0,-0.4058523445648851,10,-1,0.7534618237439323
447753,51712,000000051712.jpg,PROFILE,1,15,19302.3,245.4,-1,aic_coco_self,gt_box,gt_box,,,1.0,1.0,0,0.9606228152801125,0.9606228152801125,1.0,13,0,-0.4025847263624055,10,-1,0.7906767200021183
447753,51712,000000051712.jpg,PROFILE,1,15,19302.3,245.4,-1,aic_coco_self,rtmdet_ins_tiny,rtmdet_ins_tiny,4,0.8749,0.8491,0.8491,0,0.9673712881617053,0.9673712881617053,1.0,13,0,-0.4031648333053152,10,-1,0.7784696046043845
448079,270908,000000270908.jpg,FRONT,3,17,14750.0,176.7,1,body7_official,gt_box,gt_box,,,1.0,1.0,0,0.9014098318500066,0.9014098318500066,1.0,16,0,-0.9459684134027582,12,1,0.7308434002539691
448079,270908,000000270908.jpg,FRONT,3,17,14750.0,176.7,1,body7_official,rtmdet_ins_tiny,rtmdet_ins_tiny,4,0.5548,0.9339,0.9339,0,0.7610244155997883,0.7610244155997883,0.9375,16,0,-0.818419853113684,12,1,0.66765778204974
448079,270908,000000270908.jpg,FRONT,3,17,14750.0,176.7,1,body7_self,gt_box,gt_box,,,1.0,1.0,0,0.9014098318500066,0.9014098318500066,1.0,16,0,-0.9459684134027582,12,1,0.7308436211417703
448079,270908,000000270908.jpg,FRONT,3,17,14750.0,176.7,1,body7_self,rtmdet_ins_tiny,rtmdet_ins_tiny,4,0.5548,0.9339,0.9339,0,0.7610244155997883,0.7610244155997883,0.9375,16,0,-0.818419853113684,12,1,0.6676573332618264
448079,270908,000000270908.jpg,FRONT,3,17,14750.0,176.7,1,aic_coco_self,gt_box,gt_box,,,1.0,1.0,0,0.8966895845614181,0.8966895845614181,1.0,16,0,-0.937044006436819,12,1,0.7901434547760907
448079,270908,000000270908.jpg,FRONT,3,17,14750.0,176.7,1,aic_coco_self,rtmdet_ins_tiny,rtmdet_ins_tiny,4,0.5548,0.9339,0.9339,0,0.8309642024073556,0.8309642024073556,1.0,16,0,-0.9324907232325328,12,1,0.6992980978068184
448511,132703,000000132703.jpg,FRONT,3,17,14384.5,170.7,-1,body7_official,gt_box,gt_box,,,1.0,1.0,0,0.9833437576696242,0.9833437576696242,1.0,15,0,-0.7161716722737527,10,-1,0.8867633798543144
448511,132703,000000132703.jpg,FRONT,3,17,14384.5,170.7,-1,body7_official,rtmdet_ins_tiny,rtmdet_ins_tiny,6,0.8460,0.9015,0.9015,0,0.9832902926900774,0.9832902926900774,1.0,15,0,-0.7161604368835723,10,-1,0.9028366839184481
448511,132703,000000132703.jpg,FRONT,3,17,14384.5,170.7,-1,body7_self,gt_box,gt_box,,,1.0,1.0,0,0.9833437576696242,0.9833437576696242,1.0,15,0,-0.7161716722737527,10,-1,0.8867633237558252
448511,132703,000000132703.jpg,FRONT,3,17,14384.5,170.7,-1,body7_self,rtmdet_ins_tiny,rtmdet_ins_tiny,6,0.8460,0.9015,0.9015,0,0.9832902926900774,0.9832902926900774,1.0,15,0,-0.7161604368835723,10,-1,0.9028366979430703
448511,132703,000000132703.jpg,FRONT,3,17,14384.5,170.7,-1,aic_coco_self,gt_box,gt_box,,,1.0,1.0,0,0.9810240760026183,0.9810240760026183,1.0,15,0,-0.7138625187890539,10,-1,0.9244768093614018
448511,132703,000000132703.jpg,FRONT,3,17,14384.5,170.7,-1,aic_coco_self,rtmdet_ins_tiny,rtmdet_ins_tiny,6,0.8460,0.9015,0.9015,0,0.9826208513026248,0.9826208513026248,1.0,15,0,-0.7175998022040313,10,-1,0.9186909935053658
448985,107094,000000107094.jpg,FRONT,3,17,25858.2,344.6,-1,body7_official,gt_box,gt_box,,,1.0,1.0,0,0.9558040996411077,0.9558040996411077,1.0,16,0,-0.22418606649671846,12,-1,0.8009489213719088
448985,107094,000000107094.jpg,FRONT,3,17,25858.2,344.6,-1,body7_official,rtmdet_ins_tiny,rtmdet_ins_tiny,24,0.8667,0.9132,0.9132,0,0.9719758252678978,0.9719758252678978,1.0,16,0,-0.2348017098556514,12,-1,0.8115383807350608
448985,107094,000000107094.jpg,FRONT,3,17,25858.2,344.6,-1,body7_self,gt_box,gt_box,,,1.0,1.0,0,0.9558040996411077,0.9558040996411077,1.0,16,0,-0.22418606649671846,12,-1,0.8009489985073314
448985,107094,000000107094.jpg,FRONT,3,17,25858.2,344.6,-1,body7_self,rtmdet_ins_tiny,rtmdet_ins_tiny,24,0.8667,0.9132,0.9132,0,0.9719758252678978,0.9719758252678978,1.0,16,0,-0.2348017098556514,12,-1,0.8115383491796606
448985,107094,000000107094.jpg,FRONT,3,17,25858.2,344.6,-1,aic_coco_self,gt_box,gt_box,,,1.0,1.0,0,0.9753596821463051,0.9753596821463051,1.0,16,0,-0.2374028497400428,12,-1,0.8212791225489449
448985,107094,000000107094.jpg,FRONT,3,17,25858.2,344.6,-1,aic_coco_self,rtmdet_ins_tiny,rtmdet_ins_tiny,24,0.8667,0.9132,0.9132,0,0.9608797011760558,0.9608797011760558,1.0,16,0,-0.22592190746872903,12,-1,0.8181477890295141
449523,7977,000000007977.jpg,REAR,0,13,13043.8,275.7,1,body7_official,gt_box,gt_box,,,1.0,1.0,0,0.9476519697669374,0.9476519697669374,1.0,13,0,-0.45294878457447185,12,1,0.827640505398021
449523,7977,000000007977.jpg,REAR,0,13,13043.8,275.7,1,body7_official,rtmdet_ins_tiny,rtmdet_ins_tiny,29,0.9249,0.9517,0.9517,0,0.9361220642640227,0.9361220642640227,1.0,13,0,-0.4520235355381242,12,1,0.8345861960859859
449523,7977,000000007977.jpg,REAR,0,13,13043.8,275.7,1,body7_self,gt_box,gt_box,,,1.0,1.0,0,0.9476519697669374,0.9476519697669374,1.0,13,0,-0.45294878457447185,12,1,0.8276405159164878
449523,7977,000000007977.jpg,REAR,0,13,13043.8,275.7,1,body7_self,rtmdet_ins_tiny,rtmdet_ins_tiny,29,0.9249,0.9517,0.9517,0,0.9361220642640227,0.9361220642640227,1.0,13,0,-0.4520235355381242,12,1,0.8345860944074743
449523,7977,000000007977.jpg,REAR,0,13,13043.8,275.7,1,aic_coco_self,gt_box,gt_box,,,1.0,1.0,0,0.9498040527254363,0.9498040527254363,1.0,13,0,-0.46012646279765324,12,1,0.871446479769314
449523,7977,000000007977.jpg,REAR,0,13,13043.8,275.7,1,aic_coco_self,rtmdet_ins_tiny,rtmdet_ins_tiny,29,0.9249,0.9517,0.9517,0,0.9518192028683857,0.9518192028683857,1.0,13,0,-0.45734869632284764,12,1,0.8689441400415757
451024,394559,000000394559.jpg,FRONT,3,16,22386.6,339.4,1,body7_official,gt_box,gt_box,,,1.0,1.0,0,0.9624725525036493,0.9624725525036493,1.0,16,0,-0.1460063089409661,12,1,0.8253913171151105
451024,394559,000000394559.jpg,FRONT,3,16,22386.6,339.4,1,body7_official,rtmdet_ins_tiny,rtmdet_ins_tiny,5,0.9048,0.9507,0.9507,0,0.9561329779050338,0.9561329779050338,1.0,16,0,-0.14113798614120895,12,1,0.8369585661327138
451024,394559,000000394559.jpg,FRONT,3,16,22386.6,339.4,1,body7_self,gt_box,gt_box,,,1.0,1.0,0,0.9624725525036493,0.9624725525036493,1.0,16,0,-0.1460063089409661,12,1,0.8253911593381096
451024,394559,000000394559.jpg,FRONT,3,16,22386.6,339.4,1,body7_self,rtmdet_ins_tiny,rtmdet_ins_tiny,5,0.9048,0.9507,0.9507,0,0.9561329779050338,0.9561329779050338,1.0,16,0,-0.14113798614120895,12,1,0.8369586011942696
451024,394559,000000394559.jpg,FRONT,3,16,22386.6,339.4,1,aic_coco_self,gt_box,gt_box,,,1.0,1.0,0,0.9577990077470733,0.9577990077470733,1.0,16,0,-0.14885605577605274,12,1,0.8210386668934542
451024,394559,000000394559.jpg,FRONT,3,16,22386.6,339.4,1,aic_coco_self,rtmdet_ins_tiny,rtmdet_ins_tiny,5,0.9048,0.9507,0.9507,0,0.959921760125124,0.959921760125124,1.0,16,0,-0.1589151873453612,12,1,0.8238957980099846
451428,378244,000000378244.jpg,FRONT,3,14,7647.1,139.8,-1,body7_official,gt_box,gt_box,,,1.0,1.0,0,0.936938731376766,0.936938731376766,1.0,14,0,-0.668747923750722,8,-1,0.7386463600046494
451428,378244,000000378244.jpg,FRONT,3,14,7647.1,139.8,-1,body7_official,rtmdet_ins_tiny,rtmdet_ins_tiny,6,0.7911,0.7672,0.7672,0,0.9394050344891293,0.9394050344891293,1.0,14,0,-0.6650475279831696,8,-1,0.7096560930504519
451428,378244,000000378244.jpg,FRONT,3,14,7647.1,139.8,-1,body7_self,gt_box,gt_box,,,1.0,1.0,0,0.936938731376766,0.936938731376766,1.0,14,0,-0.668747923750722,8,-1,0.7386462705976823
451428,378244,000000378244.jpg,FRONT,3,14,7647.1,139.8,-1,body7_self,rtmdet_ins_tiny,rtmdet_ins_tiny,6,0.7911,0.7672,0.7672,0,0.9394050344891293,0.9394050344891293,1.0,14,0,-0.6650475279831696,8,-1,0.7096559615696177
451428,378244,000000378244.jpg,FRONT,3,14,7647.1,139.8,-1,aic_coco_self,gt_box,gt_box,,,1.0,1.0,0,0.9339077252748635,0.9339077252748635,1.0,14,0,-0.6625832789147049,8,-1,0.7530251601163078
451428,378244,000000378244.jpg,FRONT,3,14,7647.1,139.8,-1,aic_coco_self,rtmdet_ins_tiny,rtmdet_ins_tiny,6,0.7911,0.7672,0.7672,0,0.9345263573312131,0.9345263573312131,1.0,14,0,-0.6601004900881118,8,-1,0.7440202797160429
451973,373382,000000373382.jpg,FRONT,3,15,5003.1,113.5,-1,body7_official,gt_box,gt_box,,,1.0,1.0,0,0.9373434002650695,0.9373434002650695,0.9285714285714286,14,0,-0.3887966019271458,10,-1,0.6719407412935706
451973,373382,000000373382.jpg,FRONT,3,15,5003.1,113.5,-1,body7_official,rtmdet_ins_tiny,rtmdet_ins_tiny,58,0.7347,0.9350,0.9350,0,0.9308357235077144,0.9308357235077144,0.9285714285714286,14,0,-0.3905738506345632,10,-1,0.6754885421079748
451973,373382,000000373382.jpg,FRONT,3,15,5003.1,113.5,-1,body7_self,gt_box,gt_box,,,1.0,1.0,0,0.9373434002650695,0.9373434002650695,0.9285714285714286,14,0,-0.3887966019271458,10,-1,0.6719407342812594
451973,373382,000000373382.jpg,FRONT,3,15,5003.1,113.5,-1,body7_self,rtmdet_ins_tiny,rtmdet_ins_tiny,58,0.7347,0.9350,0.9350,0,0.9308357235077144,0.9308357235077144,0.9285714285714286,14,0,-0.3905738506345632,10,-1,0.6754885631449082
451973,373382,000000373382.jpg,FRONT,3,15,5003.1,113.5,-1,aic_coco_self,gt_box,gt_box,,,1.0,1.0,0,0.9358421798613878,0.9358421798613878,1.0,14,0,-0.3826231874823783,10,-1,0.7096858392743504
451973,373382,000000373382.jpg,FRONT,3,15,5003.1,113.5,-1,aic_coco_self,rtmdet_ins_tiny,rtmdet_ins_tiny,58,0.7347,0.9350,0.9350,0,0.9355017338597358,0.9355017338597358,1.0,14,0,-0.3851816819553653,10,-1,0.7109452293199652
452583,343524,000000343524.jpg,OBLIQUE,2,15,27357.5,366.6,-1,body7_official,gt_box,gt_box,,,1.0,1.0,0,0.9822975314611323,0.9822975314611323,1.0,14,0,-0.4007936116321069,10,-1,0.9170382689027226
452583,343524,000000343524.jpg,OBLIQUE,2,15,27357.5,366.6,-1,body7_official,rtmdet_ins_tiny,rtmdet_ins_tiny,3,0.9140,0.9367,0.9367,0,0.9845030146157762,0.9845030146157762,1.0,14,0,-0.4029443467730922,10,-1,0.9208362418062547
452583,343524,000000343524.jpg,OBLIQUE,2,15,27357.5,366.6,-1,body7_self,gt_box,gt_box,,,1.0,1.0,0,0.9822975314611323,0.9822975314611323,1.0,14,0,-0.4007936116321069,10,-1,0.9170382373473224
452583,343524,000000343524.jpg,OBLIQUE,2,15,27357.5,366.6,-1,body7_self,rtmdet_ins_tiny,rtmdet_ins_tiny,3,0.9140,0.9367,0.9367,0,0.9845030146157762,0.9845030146157762,1.0,14,0,-0.4029443467730922,10,-1,0.9208362102508545
452583,343524,000000343524.jpg,OBLIQUE,2,15,27357.5,366.6,-1,aic_coco_self,gt_box,gt_box,,,1.0,1.0,0,0.982060618319311,0.982060618319311,1.0,14,0,-0.3973490541060358,10,-1,0.9102312782231499
452583,343524,000000343524.jpg,OBLIQUE,2,15,27357.5,366.6,-1,aic_coco_self,rtmdet_ins_tiny,rtmdet_ins_tiny,3,0.9140,0.9367,0.9367,0,0.9831474150518108,0.9831474150518108,1.0,14,0,-0.39633582936346134,10,-1,0.906710824545692
452980,95155,000000095155.jpg,FRONT,3,16,3634.8,103.2,-1,body7_official,gt_box,gt_box,,,1.0,1.0,0,0.9741538312265648,0.9741538312265648,1.0,16,0,-0.5686619261061349,12,-1,0.7696707494118634
452980,95155,000000095155.jpg,FRONT,3,16,3634.8,103.2,-1,body7_official,rtmdet_ins_tiny,rtmdet_ins_tiny,2,0.9220,0.9379,0.9379,0,0.9824615364255371,0.9824615364255371,1.0,16,0,-0.5684848119682877,12,-1,0.7826757501153385
452980,95155,000000095155.jpg,FRONT,3,16,3634.8,103.2,-1,body7_self,gt_box,gt_box,,,1.0,1.0,0,0.9741538312265648,0.9741538312265648,1.0,16,0,-0.5686619261061349,12,-1,0.7696707459057078
452980,95155,000000095155.jpg,FRONT,3,16,3634.8,103.2,-1,body7_self,rtmdet_ins_tiny,rtmdet_ins_tiny,2,0.9220,0.9379,0.9379,0,0.9824615364255371,0.9824615364255371,1.0,16,0,-0.5684848119682877,12,-1,0.7826757115476272
452980,95155,000000095155.jpg,FRONT,3,16,3634.8,103.2,-1,aic_coco_self,gt_box,gt_box,,,1.0,1.0,0,0.982181455381462,0.982181455381462,1.0,16,0,-0.5617294914407097,12,-1,0.8357246448011959
452980,95155,000000095155.jpg,FRONT,3,16,3634.8,103.2,-1,aic_coco_self,rtmdet_ins_tiny,rtmdet_ins_tiny,2,0.9220,0.9379,0.9379,0,0.9817622467615077,0.9817622467615077,1.0,16,0,-0.5641462746341671,12,-1,0.8363130162743961
453554,161032,000000161032.jpg,OBLIQUE,2,15,19540.3,198.7,1,body7_official,gt_box,gt_box,,,1.0,1.0,0,0.9012726547987405,0.9012726547987405,1.0,15,0,-0.22532957970841716,12,1,0.6842757831601536
453554,161032,000000161032.jpg,OBLIQUE,2,15,19540.3,198.7,1,body7_official,rtmdet_ins_tiny,rtmdet_ins_tiny,10,0.7260,0.7902,0.7902,0,0.8913550014362133,0.8913550014362133,1.0,15,0,-0.21451110118121994,12,1,0.6538501083850861
453554,161032,000000161032.jpg,OBLIQUE,2,15,19540.3,198.7,1,body7_self,gt_box,gt_box,,,1.0,1.0,0,0.9012726547987405,0.9012726547987405,1.0,15,0,-0.22532957970841716,12,1,0.6842756920001086
453554,161032,000000161032.jpg,OBLIQUE,2,15,19540.3,198.7,1,body7_self,rtmdet_ins_tiny,rtmdet_ins_tiny,10,0.7260,0.7902,0.7902,0,0.8913550014362133,0.8913550014362133,1.0,15,0,-0.21451110118121994,12,1,0.6538502363597646
453554,161032,000000161032.jpg,OBLIQUE,2,15,19540.3,198.7,1,aic_coco_self,gt_box,gt_box,,,1.0,1.0,0,0.898209315107515,0.898209315107515,1.0,15,0,-0.2267371557048689,12,1,0.6878627573742586
453554,161032,000000161032.jpg,OBLIQUE,2,15,19540.3,198.7,1,aic_coco_self,rtmdet_ins_tiny,rtmdet_ins_tiny,10,0.7260,0.7902,0.7902,0,0.8987337437710117,0.8987337437710117,1.0,15,0,-0.2230180215353268,12,1,0.6862902676357943
454237,473406,000000473406.jpg,FRONT,3,17,62905.0,526.4,-1,body7_official,gt_box,gt_box,,,1.0,1.0,0,0.9786131504189418,0.9786131504189418,1.0,17,0,-0.41155507510239997,12,-1,0.8727378284229952
454237,473406,000000473406.jpg,FRONT,3,17,62905.0,526.4,-1,body7_official,rtmdet_ins_tiny,rtmdet_ins_tiny,1,0.8816,0.9427,0.9427,0,0.9703251835758726,0.9703251835758726,1.0,17,0,-0.40952555414535474,12,-1,0.8827343898660996
454237,473406,000000473406.jpg,FRONT,3,17,62905.0,526.4,-1,body7_self,gt_box,gt_box,,,1.0,1.0,0,0.9786131504189418,0.9786131504189418,1.0,17,0,-0.41155507510239997,12,-1,0.8727378143983728
454237,473406,000000473406.jpg,FRONT,3,17,62905.0,526.4,-1,body7_self,rtmdet_ins_tiny,rtmdet_ins_tiny,1,0.8816,0.9427,0.9427,0,0.9703251835758726,0.9703251835758726,1.0,17,0,-0.40952555414535474,12,-1,0.8827344705076778
454237,473406,000000473406.jpg,FRONT,3,17,62905.0,526.4,-1,aic_coco_self,gt_box,gt_box,,,1.0,1.0,0,0.9688187647047106,0.9688187647047106,1.0,17,0,-0.41051535725992505,12,-1,0.8699995489681468
454237,473406,000000473406.jpg,FRONT,3,17,62905.0,526.4,-1,aic_coco_self,rtmdet_ins_tiny,rtmdet_ins_tiny,1,0.8816,0.9427,0.9427,0,0.9647253175955633,0.9647253175955633,1.0,17,0,-0.40930886747926787,12,-1,0.8808493649258333
454709,551804,000000551804.jpg,REAR,0,15,18027.6,280.5,-1,body7_official,gt_box,gt_box,,,1.0,1.0,0,0.975643047186224,0.975643047186224,1.0,12,0,-0.6448376035935995,10,-1,0.8987510835423189
454709,551804,000000551804.jpg,REAR,0,15,18027.6,280.5,-1,body7_official,rtmdet_ins_tiny,rtmdet_ins_tiny,2,0.9094,0.9787,0.9787,0,0.9746067844117018,0.9746067844117018,1.0,12,0,-0.6433456986443422,10,-1,0.8981048745267531
454709,551804,000000551804.jpg,REAR,0,15,18027.6,280.5,-1,body7_self,gt_box,gt_box,,,1.0,1.0,0,0.975643047186224,0.975643047186224,1.0,12,0,-0.6448376035935995,10,-1,0.8987511080854079
454709,551804,000000551804.jpg,REAR,0,15,18027.6,280.5,-1,body7_self,rtmdet_ins_tiny,rtmdet_ins_tiny,2,0.9094,0.9787,0.9787,0,0.9746067844117018,0.9746067844117018,1.0,12,0,-0.6433456986443422,10,-1,0.898104793885175
454709,551804,000000551804.jpg,REAR,0,15,18027.6,280.5,-1,aic_coco_self,gt_box,gt_box,,,1.0,1.0,0,0.9778630504947307,0.9778630504947307,1.0,12,0,-0.6431781394551714,10,-1,0.883546818705166
454709,551804,000000551804.jpg,REAR,0,15,18027.6,280.5,-1,aic_coco_self,rtmdet_ins_tiny,rtmdet_ins_tiny,2,0.9094,0.9787,0.9787,0,0.9791829861626292,0.9791829861626292,1.0,12,0,-0.6446620656332794,10,-1,0.8838304561727187
455533,357816,000000357816.jpg,FRONT,3,17,10125.0,201.6,-1,body7_official,gt_box,gt_box,,,1.0,1.0,0,0.9628751667480264,0.9628751667480264,1.0,17,0,-0.49965196550157664,12,-1,0.7520637932945701
455533,357816,000000357816.jpg,FRONT,3,17,10125.0,201.6,-1,body7_official,rtmdet_ins_tiny,rtmdet_ins_tiny,62,0.8144,0.9160,0.9160,0,0.9692424818372489,0.9692424818372489,1.0,17,0,-0.5008123073490263,12,-1,0.7518156240968143
455533,357816,000000357816.jpg,FRONT,3,17,10125.0,201.6,-1,body7_self,gt_box,gt_box,,,1.0,1.0,0,0.9628751667480264,0.9628751667480264,1.0,17,0,-0.49965196550157664,12,-1,0.7520637792699477
455533,357816,000000357816.jpg,FRONT,3,17,10125.0,201.6,-1,body7_self,rtmdet_ins_tiny,rtmdet_ins_tiny,62,0.8144,0.9160,0.9160,0,0.9692424818372489,0.9692424818372489,1.0,17,0,-0.5008123073490263,12,-1,0.7518156556522145
455533,357816,000000357816.jpg,FRONT,3,17,10125.0,201.6,-1,aic_coco_self,gt_box,gt_box,,,1.0,1.0,0,0.9625132020006911,0.9625132020006911,1.0,17,0,-0.5052230210012865,12,-1,0.7847195513108197
455533,357816,000000357816.jpg,FRONT,3,17,10125.0,201.6,-1,aic_coco_self,rtmdet_ins_tiny,rtmdet_ins_tiny,62,0.8144,0.9160,0.9160,0,0.9669933191486974,0.9669933191486974,1.0,17,0,-0.5063834183833162,12,-1,0.7705517796909108
455746,478420,000000478420.jpg,FRONT,3,16,43294.2,448.8,-1,body7_official,gt_box,gt_box,,,1.0,1.0,0,0.9612871373213638,0.9612871373213638,1.0,16,0,-0.33575523850571976,12,-1,0.816862635752734
455746,478420,000000478420.jpg,FRONT,3,16,43294.2,448.8,-1,body7_official,rtmdet_ins_tiny,rtmdet_ins_tiny,15,0.8942,0.9589,0.9589,0,0.9568060706655903,0.9568060706655903,1.0,16,0,-0.3343810694338329,12,-1,0.8202440423123977
455746,478420,000000478420.jpg,FRONT,3,16,43294.2,448.8,-1,body7_self,gt_box,gt_box,,,1.0,1.0,0,0.9612871373213638,0.9612871373213638,1.0,16,0,-0.33575523850571976,12,-1,0.8168626427650452
455746,478420,000000478420.jpg,FRONT,3,16,43294.2,448.8,-1,body7_self,rtmdet_ins_tiny,rtmdet_ins_tiny,15,0.8942,0.9589,0.9589,0,0.9568060706655903,0.9568060706655903,1.0,16,0,-0.3343810694338329,12,-1,0.82024405633702
455746,478420,000000478420.jpg,FRONT,3,16,43294.2,448.8,-1,aic_coco_self,gt_box,gt_box,,,1.0,1.0,0,0.967660396757902,0.967660396757902,1.0,16,0,-0.3379288664171579,12,-1,0.8436574059374192
455746,478420,000000478420.jpg,FRONT,3,16,43294.2,448.8,-1,aic_coco_self,rtmdet_ins_tiny,rtmdet_ins_tiny,15,0.8942,0.9589,0.9589,0,0.9607298790946351,0.9607298790946351,1.0,16,0,-0.3305418745496261,12,-1,0.8444093921605278
457009,55950,000000055950.jpg,FRONT,3,17,21360.6,320.7,-1,body7_official,gt_box,gt_box,,,1.0,1.0,0,0.9789848027962706,0.9789848027962706,1.0,16,0,-0.5748768490436486,10,-1,0.9076957807821386
457009,55950,000000055950.jpg,FRONT,3,17,21360.6,320.7,-1,body7_official,rtmdet_ins_tiny,rtmdet_ins_tiny,2,0.9378,0.9527,0.9527,0,0.9784707320576504,0.9784707320576504,1.0,16,0,-0.5775010313308028,10,-1,0.9108134963933159
457009,55950,000000055950.jpg,FRONT,3,17,21360.6,320.7,-1,body7_self,gt_box,gt_box,,,1.0,1.0,0,0.9789848027962706,0.9789848027962706,1.0,16,0,-0.5748768490436486,10,-1,0.9076959525837618
457009,55950,000000055950.jpg,FRONT,3,17,21360.6,320.7,-1,body7_self,rtmdet_ins_tiny,rtmdet_ins_tiny,2,0.9378,0.9527,0.9527,0,0.9784707320576504,0.9784707320576504,1.0,16,0,-0.5775010313308028,10,-1,0.9108134157517377
457009,55950,000000055950.jpg,FRONT,3,17,21360.6,320.7,-1,aic_coco_self,gt_box,gt_box,,,1.0,1.0,0,0.983706034178944,0.983706034178944,1.0,16,0,-0.5806299543993695,10,-1,0.9084385633468628
457009,55950,000000055950.jpg,FRONT,3,17,21360.6,320.7,-1,aic_coco_self,rtmdet_ins_tiny,rtmdet_ins_tiny,2,0.9378,0.9527,0.9527,0,0.9825227556525424,0.9825227556525424,1.0,16,0,-0.5793356751306756,10,-1,0.9126028348417843
457846,132931,000000132931.jpg,FRONT,3,16,10860.3,227.4,-1,body7_official,gt_box,gt_box,,,1.0,1.0,0,0.979531008353927,0.979531008353927,1.0,16,0,-0.3551442282859849,12,-1,0.9089513771674212
457846,132931,000000132931.jpg,FRONT,3,16,10860.3,227.4,-1,body7_official,rtmdet_ins_tiny,rtmdet_ins_tiny,20,0.8961,0.9563,0.9563,0,0.9723407341296941,0.9723407341296941,1.0,16,0,-0.35247208002258634,12,-1,0.9137801002053654
457846,132931,000000132931.jpg,FRONT,3,16,10860.3,227.4,-1,body7_self,gt_box,gt_box,,,1.0,1.0,0,0.979531008353927,0.979531008353927,1.0,16,0,-0.3551442282859849,12,-1,0.9089513421058655
457846,132931,000000132931.jpg,FRONT,3,16,10860.3,227.4,-1,body7_self,rtmdet_ins_tiny,rtmdet_ins_tiny,20,0.8961,0.9563,0.9563,0,0.9723407341296941,0.9723407341296941,1.0,16,0,-0.35247208002258634,12,-1,0.913780086180743
457846,132931,000000132931.jpg,FRONT,3,16,10860.3,227.4,-1,aic_coco_self,gt_box,gt_box,,,1.0,1.0,0,0.9882473559253354,0.9882473559253354,1.0,16,0,-0.3562930343869673,12,-1,0.8926481955191669
457846,132931,000000132931.jpg,FRONT,3,16,10860.3,227.4,-1,aic_coco_self,rtmdet_ins_tiny,rtmdet_ins_tiny,20,0.8961,0.9563,0.9563,0,0.9867368072142404,0.9867368072142404,1.0,16,0,-0.35679788178909566,12,-1,0.8968047359410454
459049,356094,000000356094.jpg,PROFILE,1,17,8569.9,217.9,-1,body7_official,gt_box,gt_box,,,1.0,1.0,0,0.9737688684289347,0.9737688684289347,1.0,14,0,-0.26911873912589523,12,-1,0.8170332873568815
459049,356094,000000356094.jpg,PROFILE,1,17,8569.9,217.9,-1,body7_official,rtmdet_ins_tiny,rtmdet_ins_tiny,18,0.8195,0.8917,0.8917,0,0.9729769611293498,0.9729769611293498,1.0,14,0,-0.2673114364905675,12,-1,0.8111024639185738
459049,356094,000000356094.jpg,PROFILE,1,17,8569.9,217.9,-1,body7_self,gt_box,gt_box,,,1.0,1.0,0,0.9737688684289347,0.9737688684289347,1.0,14,0,-0.26911873912589523,12,-1,0.8170331786660587
459049,356094,000000356094.jpg,PROFILE,1,17,8569.9,217.9,-1,body7_self,rtmdet_ins_tiny,rtmdet_ins_tiny,18,0.8195,0.8917,0.8917,0,0.9729769611293498,0.9729769611293498,1.0,14,0,-0.2673114364905675,12,-1,0.8111024218447068
459049,356094,000000356094.jpg,PROFILE,1,17,8569.9,217.9,-1,aic_coco_self,gt_box,gt_box,,,1.0,1.0,0,0.9557478986594071,0.9557478986594071,1.0,14,0,-0.2587768267811356,12,-1,0.7768249231226304
459049,356094,000000356094.jpg,PROFILE,1,17,8569.9,217.9,-1,aic_coco_self,rtmdet_ins_tiny,rtmdet_ins_tiny,18,0.8195,0.8917,0.8917,0,0.9544004975440615,0.9544004975440615,1.0,14,0,-0.2639501234842734,12,-1,0.8067054397919599
459303,193717,000000193717.jpg,OBLIQUE,2,13,6637.2,186.4,-1,body7_official,gt_box,gt_box,,,1.0,1.0,0,0.9699681950007062,0.9699681950007062,1.0,13,0,-0.3511019252008258,8,-1,0.7230659372666303
459303,193717,000000193717.jpg,OBLIQUE,2,13,6637.2,186.4,-1,body7_official,rtmdet_ins_tiny,rtmdet_ins_tiny,8,0.9395,0.9126,0.9126,0,0.9727426633408303,0.9727426633408303,1.0,13,0,-0.3512736673941472,8,-1,0.7332894907278174
459303,193717,000000193717.jpg,OBLIQUE,2,13,6637.2,186.4,-1,body7_self,gt_box,gt_box,,,1.0,1.0,0,0.9699681950007062,0.9699681950007062,1.0,13,0,-0.3511019252008258,8,-1,0.7230660073897418
459303,193717,000000193717.jpg,OBLIQUE,2,13,6637.2,186.4,-1,body7_self,rtmdet_ins_tiny,rtmdet_ins_tiny,8,0.9395,0.9126,0.9126,0,0.9727426633408303,0.9727426633408303,1.0,13,0,-0.3512736673941472,8,-1,0.7332894206047058
459303,193717,000000193717.jpg,OBLIQUE,2,13,6637.2,186.4,-1,aic_coco_self,gt_box,gt_box,,,1.0,1.0,0,0.9638174295842994,0.9638174295842994,1.0,13,0,-0.3586649975106465,8,-1,0.7700839393279132
459303,193717,000000193717.jpg,OBLIQUE,2,13,6637.2,186.4,-1,aic_coco_self,rtmdet_ins_tiny,rtmdet_ins_tiny,8,0.9395,0.9126,0.9126,0,0.9693503529726761,0.9693503529726761,1.0,13,0,-0.35808351598645155,8,-1,0.7734481306637034
460197,216516,000000216516.jpg,FRONT,3,14,35315.1,469.5,-1,body7_official,gt_box,gt_box,,,1.0,1.0,0,0.9393929827334729,0.9393929827334729,1.0,14,0,-0.10178174401138831,8,-1,0.806349912110497
460197,216516,000000216516.jpg,FRONT,3,14,35315.1,469.5,-1,body7_official,rtmdet_ins_tiny,rtmdet_ins_tiny,3,0.7993,0.8504,0.8504,0,0.9357243593566051,0.9357243593566051,1.0,14,0,-0.10127991527121111,8,-1,0.8050594505141763
460197,216516,000000216516.jpg,FRONT,3,14,35315.1,469.5,-1,body7_self,gt_box,gt_box,,,1.0,1.0,0,0.9393929827334729,0.9393929827334729,1.0,14,0,-0.10178174401138831,8,-1,0.8063498980858747
460197,216516,000000216516.jpg,FRONT,3,14,35315.1,469.5,-1,body7_self,rtmdet_ins_tiny,rtmdet_ins_tiny,3,0.7993,0.8504,0.8504,0,0.9357243593566051,0.9357243593566051,1.0,14,0,-0.10127991527121111,8,-1,0.8050594435018652
460197,216516,000000216516.jpg,FRONT,3,14,35315.1,469.5,-1,aic_coco_self,gt_box,gt_box,,,1.0,1.0,0,0.9562509212645238,0.9562509212645238,1.0,14,0,-0.10779858381067986,8,-1,0.818740353864782
460197,216516,000000216516.jpg,FRONT,3,14,35315.1,469.5,-1,aic_coco_self,rtmdet_ins_tiny,rtmdet_ins_tiny,3,0.7993,0.8504,0.8504,0,0.9413133029718422,0.9413133029718422,1.0,14,0,-0.10638443376039655,8,-1,0.8169966865988338
460541,196141,000000196141.jpg,OBLIQUE,2,15,17123.9,300.8,1,body7_official,gt_box,gt_box,,,1.0,1.0,0,0.923445646172605,0.923445646172605,1.0,15,0,-0.2902139175985932,12,1,0.7965578331666834
460541,196141,000000196141.jpg,OBLIQUE,2,15,17123.9,300.8,1,body7_official,rtmdet_ins_tiny,rtmdet_ins_tiny,17,0.9175,0.9336,0.9336,0,0.9257600952697642,0.9257600952697642,1.0,15,0,-0.2889197341932279,12,1,0.7768129250582527
460541,196141,000000196141.jpg,OBLIQUE,2,15,17123.9,300.8,1,body7_self,gt_box,gt_box,,,1.0,1.0,0,0.923445646172605,0.923445646172605,1.0,15,0,-0.2902139175985932,12,1,0.7965578261543723
460541,196141,000000196141.jpg,OBLIQUE,2,15,17123.9,300.8,1,body7_self,rtmdet_ins_tiny,rtmdet_ins_tiny,17,0.9175,0.9336,0.9336,0,0.9257600952697642,0.9257600952697642,1.0,15,0,-0.2889197341932279,12,1,0.7768129110336304
460541,196141,000000196141.jpg,OBLIQUE,2,15,17123.9,300.8,1,aic_coco_self,gt_box,gt_box,,,1.0,1.0,0,0.921727257486751,0.921727257486751,1.0,15,0,-0.292092931743184,12,1,0.82872114462011
460541,196141,000000196141.jpg,OBLIQUE,2,15,17123.9,300.8,1,aic_coco_self,rtmdet_ins_tiny,rtmdet_ins_tiny,17,0.9175,0.9336,0.9336,0,0.9109967789215642,0.9109967789215642,1.0,15,0,-0.29251456430856915,12,1,0.8185851679128759
461415,101068,000000101068.jpg,FRONT,3,12,40889.7,342.1,-1,body7_official,gt_box,gt_box,,,1.0,1.0,0,0.8785491489290371,0.8785491489290371,0.9090909090909091,11,0,-0.2544704707952899,6,-1,0.6411638864699531
461415,101068,000000101068.jpg,FRONT,3,12,40889.7,342.1,-1,body7_official,rtmdet_ins_tiny,rtmdet_ins_tiny,5,0.8368,0.9690,0.9690,0,0.8800890121993207,0.8800890121993207,0.9090909090909091,11,0,-0.2502931435577681,6,-1,0.6309379593414419
461415,101068,000000101068.jpg,FRONT,3,12,40889.7,342.1,-1,body7_self,gt_box,gt_box,,,1.0,1.0,0,0.8785491489290371,0.8785491489290371,0.9090909090909091,11,0,-0.2544704707952899,6,-1,0.6411638496553197
461415,101068,000000101068.jpg,FRONT,3,12,40889.7,342.1,-1,body7_self,rtmdet_ins_tiny,rtmdet_ins_tiny,5,0.8368,0.9690,0.9690,0,0.8800890121993207,0.8800890121993207,0.9090909090909091,11,0,-0.2502931435577681,6,-1,0.6309379965943449
461415,101068,000000101068.jpg,FRONT,3,12,40889.7,342.1,-1,aic_coco_self,gt_box,gt_box,,,1.0,1.0,0,0.8873194211213462,0.8873194211213462,0.9090909090909091,11,0,-0.24734361358232343,6,-1,0.6365112736821175
461415,101068,000000101068.jpg,FRONT,3,12,40889.7,342.1,-1,aic_coco_self,rtmdet_ins_tiny,rtmdet_ins_tiny,5,0.8368,0.9690,0.9690,0,0.8918030512625187,0.8918030512625187,0.9090909090909091,11,0,-0.24553143868243918,6,-1,0.6407005523934084
461681,240023,000000240023.jpg,FRONT,3,14,59044.2,497.6,-1,body7_official,gt_box,gt_box,,,1.0,1.0,0,0.9163246145093883,0.9163246145093883,1.0,14,0,-0.3613016843991753,10,-1,0.7634781318552354
461681,240023,000000240023.jpg,FRONT,3,14,59044.2,497.6,-1,body7_official,rtmdet_ins_tiny,rtmdet_ins_tiny,8,0.8676,0.9129,0.9129,0,0.8950626981524937,0.8950626981524937,1.0,14,0,-0.35282523932439847,10,-1,0.7619499143432168
461681,240023,000000240023.jpg,FRONT,3,14,59044.2,497.6,-1,body7_self,gt_box,gt_box,,,1.0,1.0,0,0.9163246145093883,0.9163246145093883,1.0,14,0,-0.3613016843991753,10,-1,0.7634781809414134
461681,240023,000000240023.jpg,FRONT,3,14,59044.2,497.6,-1,body7_self,rtmdet_ins_tiny,rtmdet_ins_tiny,8,0.8676,0.9129,0.9129,0,0.8950626981524937,0.8950626981524937,1.0,14,0,-0.35282523932439847,10,-1,0.7619499108370613
461681,240023,000000240023.jpg,FRONT,3,14,59044.2,497.6,-1,aic_coco_self,gt_box,gt_box,,,1.0,1.0,0,0.9061898027215359,0.9061898027215359,1.0,14,0,-0.3529388108385717,10,-1,0.8220744764103609
461681,240023,000000240023.jpg,FRONT,3,14,59044.2,497.6,-1,aic_coco_self,rtmdet_ins_tiny,rtmdet_ins_tiny,8,0.8676,0.9129,0.9129,0,0.9195623861774245,0.9195623861774245,1.0,14,0,-0.3529359785913174,10,-1,0.8109377517419702
462129,328238,000000328238.jpg,OBLIQUE,2,15,21460.2,305.4,-1,body7_official,gt_box,gt_box,,,1.0,1.0,0,0.9808679326877154,0.9808679326877154,1.0,15,0,-0.22486700096710185,12,-1,0.9169728370273814
462129,328238,000000328238.jpg,OBLIQUE,2,15,21460.2,305.4,-1,body7_official,rtmdet_ins_tiny,rtmdet_ins_tiny,14,0.8435,0.9856,0.9856,0,0.9782612987876019,0.9782612987876019,1.0,15,0,-0.22744197722477477,12,-1,0.9157381197985481
462129,328238,000000328238.jpg,OBLIQUE,2,15,21460.2,305.4,-1,body7_self,gt_box,gt_box,,,1.0,1.0,0,0.9808679326877154,0.9808679326877154,1.0,15,0,-0.22486700096710185,12,-1,0.9169728265089148
462129,328238,000000328238.jpg,OBLIQUE,2,15,21460.2,305.4,-1,body7_self,rtmdet_ins_tiny,rtmdet_ins_tiny,14,0.8435,0.9856,0.9856,0,0.9782612987876019,0.9782612987876019,1.0,15,0,-0.22744197722477477,12,-1,0.9157381022677702
462129,328238,000000328238.jpg,OBLIQUE,2,15,21460.2,305.4,-1,aic_coco_self,gt_box,gt_box,,,1.0,1.0,0,0.9820576031200543,0.9820576031200543,1.0,15,0,-0.22915534207061905,12,-1,0.8993114513509414
462129,328238,000000328238.jpg,OBLIQUE,2,15,21460.2,305.4,-1,aic_coco_self,rtmdet_ins_tiny,rtmdet_ins_tiny,14,0.8435,0.9856,0.9856,0,0.9840432276685191,0.9840432276685191,1.0,15,0,-0.22689081121719393,12,-1,0.8999282542396995
462921,261036,000000261036.jpg,OBLIQUE,2,11,1685.9,108.6,-1,body7_official,gt_box,gt_box,,,1.0,1.0,0,0.9036014200484039,0.9036014200484039,1.0,11,0,-0.1066773768251894,8,-1,0.6502473406931933
462921,261036,000000261036.jpg,OBLIQUE,2,11,1685.9,108.6,-1,body7_official,rtmdet_ins_tiny,rtmdet_ins_tiny,9,0.6004,0.8031,0.8031,0,0.8939091388901623,0.8939091388901623,1.0,11,0,-0.10474741339609439,8,-1,0.6428109758040484
462921,261036,000000261036.jpg,OBLIQUE,2,11,1685.9,108.6,-1,body7_self,gt_box,gt_box,,,1.0,1.0,0,0.9036014200484039,0.9036014200484039,1.0,11,0,-0.1066773768251894,8,-1,0.6502474406186272
462921,261036,000000261036.jpg,OBLIQUE,2,11,1685.9,108.6,-1,body7_self,rtmdet_ins_tiny,rtmdet_ins_tiny,9,0.6004,0.8031,0.8031,0,0.8939091388901623,0.8939091388901623,1.0,11,0,-0.10474741339609439,8,-1,0.6428110108656042
462921,261036,000000261036.jpg,OBLIQUE,2,11,1685.9,108.6,-1,aic_coco_self,gt_box,gt_box,,,1.0,1.0,0,0.9257526068053299,0.9257526068053299,1.0,11,0,-0.10341143360242841,8,-1,0.6310498802100911
462921,261036,000000261036.jpg,OBLIQUE,2,11,1685.9,108.6,-1,aic_coco_self,rtmdet_ins_tiny,rtmdet_ins_tiny,9,0.6004,0.8031,0.8031,0,0.9387178736723633,0.9387178736723633,1.0,11,0,-0.0989095230468204,8,-1,0.6625290881184971
463353,495732,000000495732.jpg,FRONT,3,16,39783.5,432.4,-1,body7_official,gt_box,gt_box,,,1.0,1.0,0,0.9937386205113075,0.9937386205113075,1.0,16,0,-0.5483955687610036,12,-1,0.9131245542975033
463353,495732,000000495732.jpg,FRONT,3,16,39783.5,432.4,-1,body7_official,rtmdet_ins_tiny,rtmdet_ins_tiny,8,0.9350,0.9664,0.9664,0,0.9907070991139948,0.9907070991139948,1.0,16,0,-0.5456793355591364,12,-1,0.9074688694056343
463353,495732,000000495732.jpg,FRONT,3,16,39783.5,432.4,-1,body7_self,gt_box,gt_box,,,1.0,1.0,0,0.9937386205113075,0.9937386205113075,1.0,16,0,-0.5483955687610036,12,-1,0.9131245718282812
463353,495732,000000495732.jpg,FRONT,3,16,39783.5,432.4,-1,body7_self,rtmdet_ins_tiny,rtmdet_ins_tiny,8,0.9350,0.9664,0.9664,0,0.9907070991139948,0.9907070991139948,1.0,16,0,-0.5456793355591364,12,-1,0.9074689255041235
463353,495732,000000495732.jpg,FRONT,3,16,39783.5,432.4,-1,aic_coco_self,gt_box,gt_box,,,1.0,1.0,0,0.9918675325815594,0.9918675325815594,1.0,16,0,-0.5469726652943409,12,-1,0.9214203182388755
463353,495732,000000495732.jpg,FRONT,3,16,39783.5,432.4,-1,aic_coco_self,rtmdet_ins_tiny,rtmdet_ins_tiny,8,0.9350,0.9664,0.9664,0,0.9869939652560367,0.9869939652560367,1.0,16,0,-0.5442871443335112,12,-1,0.9023405313491821
464186,309467,000000309467.jpg,REAR,0,12,5650.6,154.6,1,body7_official,gt_box,gt_box,,,1.0,1.0,0,0.9888231216893857,0.9888231216893857,1.0,12,0,-0.29478807428726084,10,1,0.7534216396948871
464186,309467,000000309467.jpg,REAR,0,12,5650.6,154.6,1,body7_official,rtmdet_ins_tiny,rtmdet_ins_tiny,11,0.9092,0.9406,0.9406,0,0.9906293657551716,0.9906293657551716,1.0,12,0,-0.29549221962864913,10,1,0.7571148136082817
464186,309467,000000309467.jpg,REAR,0,12,5650.6,154.6,1,body7_self,gt_box,gt_box,,,1.0,1.0,0,0.9888231216893857,0.9888231216893857,1.0,12,0,-0.29478807428726084,10,1,0.7534216151517981
464186,309467,000000309467.jpg,REAR,0,12,5650.6,154.6,1,body7_self,rtmdet_ins_tiny,rtmdet_ins_tiny,11,0.9092,0.9406,0.9406,0,0.9906293657551716,0.9906293657551716,1.0,12,0,-0.29549221962864913,10,1,0.7571148591883042
464186,309467,000000309467.jpg,REAR,0,12,5650.6,154.6,1,aic_coco_self,gt_box,gt_box,,,1.0,1.0,0,0.9882717224491321,0.9882717224491321,1.0,12,0,-0.2944546608192605,10,1,0.7914711622630849
464186,309467,000000309467.jpg,REAR,0,12,5650.6,154.6,1,aic_coco_self,rtmdet_ins_tiny,rtmdet_ins_tiny,11,0.9092,0.9406,0.9406,0,0.9871904000935067,0.9871904000935067,1.0,12,0,-0.2893579740211501,10,1,0.8095254126717063
464882,253742,000000253742.jpg,FRONT,3,15,7187.8,158.9,-1,body7_official,gt_box,gt_box,,,1.0,1.0,0,0.9810562976319115,0.9810562976319115,1.0,14,0,-0.4188663624495066,8,-1,0.7936053118285011
464882,253742,000000253742.jpg,FRONT,3,15,7187.8,158.9,-1,body7_official,rtmdet_ins_tiny,rtmdet_ins_tiny,18,0.8904,0.8608,0.8608,0,0.9758251563492095,0.9758251563492095,1.0,14,0,-0.41580959699837444,8,-1,0.7801198713919696
464882,253742,000000253742.jpg,FRONT,3,15,7187.8,158.9,-1,body7_self,gt_box,gt_box,,,1.0,1.0,0,0.9810562976319115,0.9810562976319115,1.0,14,0,-0.4188663624495066,8,-1,0.7936051996315227
464882,253742,000000253742.jpg,FRONT,3,15,7187.8,158.9,-1,body7_self,rtmdet_ins_tiny,rtmdet_ins_tiny,18,0.8904,0.8608,0.8608,0,0.9758251563492095,0.9758251563492095,1.0,14,0,-0.41580959699837444,8,-1,0.7801198223057915
464882,253742,000000253742.jpg,FRONT,3,15,7187.8,158.9,-1,aic_coco_self,gt_box,gt_box,,,1.0,1.0,0,0.9779688796362738,0.9779688796362738,1.0,14,0,-0.41898080978548624,8,-1,0.8176183630438412
464882,253742,000000253742.jpg,FRONT,3,15,7187.8,158.9,-1,aic_coco_self,rtmdet_ins_tiny,rtmdet_ins_tiny,18,0.8904,0.8608,0.8608,0,0.9738095791325858,0.9738095791325858,1.0,14,0,-0.4139685350848566,8,-1,0.8071114631260142
465979,455157,000000455157.jpg,OBLIQUE,2,15,28113.3,346.0,-1,body7_official,gt_box,gt_box,,,1.0,1.0,0,0.9469384886484017,0.9469384886484017,1.0,14,0,-0.4934443705819762,10,-1,0.7559079001931583
465979,455157,000000455157.jpg,OBLIQUE,2,15,28113.3,346.0,-1,body7_official,rtmdet_ins_tiny,rtmdet_ins_tiny,11,0.7056,0.9649,0.9649,0,0.9348563108057245,0.9348563108057245,1.0,14,0,-0.48292662624364385,10,-1,0.7469970618977266
465979,455157,000000455157.jpg,OBLIQUE,2,15,28113.3,346.0,-1,body7_self,gt_box,gt_box,,,1.0,1.0,0,0.9469384886484017,0.9469384886484017,1.0,14,0,-0.4934443705819762,10,-1,0.7559079054523917
465979,455157,000000455157.jpg,OBLIQUE,2,15,28113.3,346.0,-1,body7_self,rtmdet_ins_tiny,rtmdet_ins_tiny,11,0.7056,0.9649,0.9649,0,0.9348563108057245,0.9348563108057245,1.0,14,0,-0.48292662624364385,10,-1,0.7469970864408156
465979,455157,000000455157.jpg,OBLIQUE,2,15,28113.3,346.0,-1,aic_coco_self,gt_box,gt_box,,,1.0,1.0,0,0.9503722947683872,0.9503722947683872,1.0,14,0,-0.4867593172730411,10,-1,0.7850956671378192
465979,455157,000000455157.jpg,OBLIQUE,2,15,28113.3,346.0,-1,aic_coco_self,rtmdet_ins_tiny,rtmdet_ins_tiny,11,0.7056,0.9649,0.9649,0,0.9423442557838051,0.9423442557838051,1.0,14,0,-0.48187046491033997,10,-1,0.7859368639833787
466541,170474,000000170474.jpg,FRONT,3,12,56481.4,449.0,-1,body7_official,gt_box,gt_box,,,1.0,1.0,0,0.9575317252125298,0.9575317252125298,1.0,12,0,-0.5945211759824998,8,-1,0.7463623513193691
466541,170474,000000170474.jpg,FRONT,3,12,56481.4,449.0,-1,body7_official,rtmdet_ins_tiny,rtmdet_ins_tiny,2,0.8964,0.9407,0.9407,0,0.955904503793178,0.955904503793178,1.0,12,0,-0.5907013139038326,8,-1,0.7376693355686524
466541,170474,000000170474.jpg,FRONT,3,12,56481.4,449.0,-1,body7_self,gt_box,gt_box,,,1.0,1.0,0,0.9575317252125298,0.9575317252125298,1.0,12,0,-0.5945211759824998,8,-1,0.7463624494917253
466541,170474,000000170474.jpg,FRONT,3,12,56481.4,449.0,-1,body7_self,rtmdet_ins_tiny,rtmdet_ins_tiny,2,0.8964,0.9407,0.9407,0,0.955904503793178,0.955904503793178,1.0,12,0,-0.5907013139038326,8,-1,0.7376693092724856
466541,170474,000000170474.jpg,FRONT,3,12,56481.4,449.0,-1,aic_coco_self,gt_box,gt_box,,,1.0,1.0,0,0.9718773319986221,0.9718773319986221,1.0,12,0,-0.5937325335018555,8,-1,0.7586463479434743
466541,170474,000000170474.jpg,FRONT,3,12,56481.4,449.0,-1,aic_coco_self,rtmdet_ins_tiny,rtmdet_ins_tiny,2,0.8964,0.9407,0.9407,0,0.9625585023661913,0.9625585023661913,1.0,12,0,-0.5920344505775041,8,-1,0.7646219677784863
466988,476119,000000476119.jpg,FRONT,3,15,33925.4,378.3,-1,body7_official,gt_box,gt_box,,,1.0,1.0,0,0.928975935623157,0.928975935623157,1.0,15,0,-0.44766576540048586,12,-1,0.7685884693089653
466988,476119,000000476119.jpg,FRONT,3,15,33925.4,378.3,-1,body7_official,rtmdet_ins_tiny,rtmdet_ins_tiny,8,0.9031,0.9681,0.9681,0,0.9454418361787721,0.9454418361787721,1.0,15,0,-0.4472786373932449,12,-1,0.7831868073519539
466988,476119,000000476119.jpg,FRONT,3,15,33925.4,378.3,-1,body7_self,gt_box,gt_box,,,1.0,1.0,0,0.928975935623157,0.928975935623157,1.0,15,0,-0.44766576540048586,12,-1,0.7685884202227873
466988,476119,000000476119.jpg,FRONT,3,15,33925.4,378.3,-1,body7_self,rtmdet_ins_tiny,rtmdet_ins_tiny,8,0.9031,0.9681,0.9681,0,0.9454418361787721,0.9454418361787721,1.0,15,0,-0.4472786373932449,12,-1,0.783186838907354
466988,476119,000000476119.jpg,FRONT,3,15,33925.4,378.3,-1,aic_coco_self,gt_box,gt_box,,,1.0,1.0,0,0.9055600362158512,0.9055600362158512,1.0,15,0,-0.44767417066515114,12,-1,0.8205939531326294
466988,476119,000000476119.jpg,FRONT,3,15,33925.4,378.3,-1,aic_coco_self,rtmdet_ins_tiny,rtmdet_ins_tiny,8,0.9031,0.9681,0.9681,0,0.9341469335241628,0.9341469335241628,1.0,15,0,-0.4460696920063523,12,-1,0.8258379908169017
467327,273420,000000273420.jpg,OBLIQUE,2,15,9273.0,198.7,-1,body7_official,gt_box,gt_box,,,1.0,1.0,0,0.9427034456295057,0.9427034456295057,1.0,13,0,-0.2203533493332556,10,-1,0.7487865686416626
467327,273420,000000273420.jpg,OBLIQUE,2,15,9273.0,198.7,-1,body7_official,rtmdet_ins_tiny,rtmdet_ins_tiny,5,0.7608,0.9174,0.9174,0,0.9531971689935317,0.9531971689935317,1.0,13,0,-0.22119015475623158,10,-1,0.75777426887961
467327,273420,000000273420.jpg,OBLIQUE,2,15,9273.0,198.7,-1,body7_self,gt_box,gt_box,,,1.0,1.0,0,0.9427034456295057,0.9427034456295057,1.0,13,0,-0.2203533493332556,10,-1,0.7487865370862624
467327,273420,000000273420.jpg,OBLIQUE,2,15,9273.0,198.7,-1,body7_self,rtmdet_ins_tiny,rtmdet_ins_tiny,5,0.7608,0.9174,0.9174,0,0.9531971689935317,0.9531971689935317,1.0,13,0,-0.22119015475623158,10,-1,0.7577741707072538
467327,273420,000000273420.jpg,OBLIQUE,2,15,9273.0,198.7,-1,aic_coco_self,gt_box,gt_box,,,1.0,1.0,0,0.9528480288787023,0.9528480288787023,1.0,13,0,-0.22276757555521087,10,-1,0.7386831711320316
467327,273420,000000273420.jpg,OBLIQUE,2,15,9273.0,198.7,-1,aic_coco_self,rtmdet_ins_tiny,rtmdet_ins_tiny,5,0.7608,0.9174,0.9174,0,0.9477299756832676,0.9477299756832676,1.0,13,0,-0.2222191246272665,10,-1,0.7396336232914644
467588,122672,000000122672.jpg,REAR,0,12,17751.1,219.0,-1,body7_official,gt_box,gt_box,,,1.0,1.0,0,0.9609324368058609,0.9609324368058609,1.0,11,0,-0.9657491239371849,10,-1,0.7346764732809627
467588,122672,000000122672.jpg,REAR,0,12,17751.1,219.0,-1,body7_official,rtmdet_ins_tiny,rtmdet_ins_tiny,1,0.8694,0.9301,0.9301,0,0.937264842821456,0.937264842821456,1.0,11,0,-0.9463959330996403,10,-1,0.7337738591081956
467588,122672,000000122672.jpg,REAR,0,12,17751.1,219.0,-1,body7_self,gt_box,gt_box,,,1.0,1.0,0,0.9609324368058609,0.9609324368058609,1.0,11,0,-0.9657491239371849,10,-1,0.7346765434040743
467588,122672,000000122672.jpg,REAR,0,12,17751.1,219.0,-1,body7_self,rtmdet_ins_tiny,rtmdet_ins_tiny,1,0.8694,0.9301,0.9301,0,0.937264842821456,0.937264842821456,1.0,11,0,-0.9463959330996403,10,-1,0.733773831058951
467588,122672,000000122672.jpg,REAR,0,12,17751.1,219.0,-1,aic_coco_self,gt_box,gt_box,,,1.0,1.0,0,0.9324513173405333,0.9324513173405333,1.0,11,0,-0.9528166231228359,10,-1,0.7696236617424909
467588,122672,000000122672.jpg,REAR,0,12,17751.1,219.0,-1,aic_coco_self,rtmdet_ins_tiny,rtmdet_ins_tiny,1,0.8694,0.9301,0.9301,0,0.9489964934220272,0.9489964934220272,1.0,11,0,-0.9567746284418127,10,-1,0.7677957555826973
468605,119911,000000119911.jpg,OBLIQUE,2,15,13183.2,237.0,-1,body7_official,gt_box,gt_box,,,1.0,1.0,0,0.957807932354416,0.957807932354416,1.0,15,0,-0.5022317578183414,12,-1,0.823092916432549
468605,119911,000000119911.jpg,OBLIQUE,2,15,13183.2,237.0,-1,body7_official,rtmdet_ins_tiny,rtmdet_ins_tiny,4,0.9095,0.9407,0.9407,0,0.9554601565169256,0.9554601565169256,1.0,15,0,-0.503275072741822,12,-1,0.8314942086444181
468605,119911,000000119911.jpg,OBLIQUE,2,15,13183.2,237.0,-1,body7_self,gt_box,gt_box,,,1.0,1.0,0,0.957807932354416,0.957807932354416,1.0,15,0,-0.5022317578183414,12,-1,0.8230929059140822
468605,119911,000000119911.jpg,OBLIQUE,2,15,13183.2,237.0,-1,body7_self,rtmdet_ins_tiny,rtmdet_ins_tiny,4,0.9095,0.9407,0.9407,0,0.9554601565169256,0.9554601565169256,1.0,15,0,-0.503275072741822,12,-1,0.8314942051382626
468605,119911,000000119911.jpg,OBLIQUE,2,15,13183.2,237.0,-1,aic_coco_self,gt_box,gt_box,,,1.0,1.0,0,0.9671204994265565,0.9671204994265565,1.0,15,0,-0.5015897343533277,12,-1,0.8800780773162842
468605,119911,000000119911.jpg,OBLIQUE,2,15,13183.2,237.0,-1,aic_coco_self,rtmdet_ins_tiny,rtmdet_ins_tiny,4,0.9095,0.9407,0.9407,0,0.9622914757526403,0.9622914757526403,1.0,15,0,-0.5038870202128357,12,-1,0.8841413539998672
469126,320642,000000320642.jpg,OBLIQUE,2,9,7105.1,148.6,1,body7_official,gt_box,gt_box,,,1.0,1.0,0,0.9351229949675692,0.9351229949675692,1.0,9,0,-0.14923862688493306,4,1,0.5171463559655582
469126,320642,000000320642.jpg,OBLIQUE,2,9,7105.1,148.6,1,body7_official,rtmdet_ins_tiny,rtmdet_ins_tiny,16,0.7518,0.8740,0.8740,0,0.9412563558378305,0.9412563558378305,1.0,9,0,-0.14794608212226182,4,1,0.5184686832568225
469126,320642,000000320642.jpg,OBLIQUE,2,9,7105.1,148.6,1,body7_self,gt_box,gt_box,,,1.0,1.0,0,0.9351229949675692,0.9351229949675692,1.0,9,0,-0.14923862688493306,4,1,0.517146406804814
469126,320642,000000320642.jpg,OBLIQUE,2,9,7105.1,148.6,1,body7_self,rtmdet_ins_tiny,rtmdet_ins_tiny,16,0.7518,0.8740,0.8740,0,0.9412563558378305,0.9412563558378305,1.0,9,0,-0.14794608212226182,4,1,0.5184686937752891
469126,320642,000000320642.jpg,OBLIQUE,2,9,7105.1,148.6,1,aic_coco_self,gt_box,gt_box,,,1.0,1.0,0,0.9243832100364602,0.9243832100364602,1.0,9,0,-0.1341777949144482,4,1,0.5280919574639377
469126,320642,000000320642.jpg,OBLIQUE,2,9,7105.1,148.6,1,aic_coco_self,rtmdet_ins_tiny,rtmdet_ins_tiny,16,0.7518,0.8740,0.8740,0,0.9273208332448157,0.9273208332448157,1.0,9,0,-0.13646199739173023,4,1,0.5393775245722603
469367,116068,000000116068.jpg,OBLIQUE,2,13,15118.0,250.6,-1,body7_official,gt_box,gt_box,,,1.0,1.0,0,0.9423912800022893,0.9423912800022893,1.0,13,0,-0.35730031854599603,10,-1,0.7963855617186603
469367,116068,000000116068.jpg,OBLIQUE,2,13,15118.0,250.6,-1,body7_official,rtmdet_ins_tiny,rtmdet_ins_tiny,18,0.8525,0.9071,0.9071,0,0.9287901842677803,0.9287901842677803,1.0,13,0,-0.354030904771407,10,-1,0.8175503436256858
469367,116068,000000116068.jpg,OBLIQUE,2,13,15118.0,250.6,-1,body7_self,gt_box,gt_box,,,1.0,1.0,0,0.9423912800022893,0.9423912800022893,1.0,13,0,-0.35730031854599603,10,-1,0.7963855161386377
469367,116068,000000116068.jpg,OBLIQUE,2,13,15118.0,250.6,-1,body7_self,rtmdet_ins_tiny,rtmdet_ins_tiny,18,0.8525,0.9071,0.9071,0,0.9287901842677803,0.9287901842677803,1.0,13,0,-0.354030904771407,10,-1,0.8175503786872415
469367,116068,000000116068.jpg,OBLIQUE,2,13,15118.0,250.6,-1,aic_coco_self,gt_box,gt_box,,,1.0,1.0,0,0.954024574009824,0.954024574009824,1.0,13,0,-0.3550489841081711,10,-1,0.8153039637733909
469367,116068,000000116068.jpg,OBLIQUE,2,13,15118.0,250.6,-1,aic_coco_self,rtmdet_ins_tiny,rtmdet_ins_tiny,18,0.8525,0.9071,0.9071,0,0.9584531465558228,0.9584531465558228,1.0,13,0,-0.35469414661412935,10,-1,0.8198579795220319
469717,32735,000000032735.jpg,FRONT,3,16,8364.3,131.8,-1,body7_official,gt_box,gt_box,,,1.0,1.0,0,0.6837030892986099,0.6837030892986099,0.8,15,0,-0.4819750676146907,10,-1,0.6592153626329759
469717,32735,000000032735.jpg,FRONT,3,16,8364.3,131.8,-1,body7_official,rtmdet_ins_tiny,rtmdet_ins_tiny,10,0.6366,0.9402,0.9402,0,0.7109090815247862,0.7109090815247862,0.8,15,0,-0.47392729090401436,10,-1,0.6680714680868036
469717,32735,000000032735.jpg,FRONT,3,16,8364.3,131.8,-1,body7_self,gt_box,gt_box,,,1.0,1.0,0,0.6837030892986099,0.6837030892986099,0.8,15,0,-0.4819750676146907,10,-1,0.6592153819168315
469717,32735,000000032735.jpg,FRONT,3,16,8364.3,131.8,-1,body7_self,rtmdet_ins_tiny,rtmdet_ins_tiny,10,0.6366,0.9402,0.9402,0,0.7109090815247862,0.7109090815247862,0.8,15,0,-0.47392729090401436,10,-1,0.6680714803583482
469717,32735,000000032735.jpg,FRONT,3,16,8364.3,131.8,-1,aic_coco_self,gt_box,gt_box,,,1.0,1.0,0,0.7522717668338519,0.7522717668338519,0.8,15,0,-0.46480193502216893,10,-1,0.6902489206370186
469717,32735,000000032735.jpg,FRONT,3,16,8364.3,131.8,-1,aic_coco_self,rtmdet_ins_tiny,rtmdet_ins_tiny,10,0.6366,0.9402,0.9402,0,0.7483372384106103,0.7483372384106103,0.8,15,0,-0.47138129666745565,10,-1,0.7203842331381405
470961,41990,000000041990.jpg,FRONT,3,17,22469.5,271.8,-1,body7_official,gt_box,gt_box,,,1.0,1.0,0,0.9755321509379634,0.9755321509379634,1.0,17,0,-0.4779960052227931,12,-1,0.8478221682941213
470961,41990,000000041990.jpg,FRONT,3,17,22469.5,271.8,-1,body7_official,rtmdet_ins_tiny,rtmdet_ins_tiny,13,0.8985,0.9213,0.9213,0,0.9769594415302587,0.9769594415302587,1.0,17,0,-0.47740692207010593,12,-1,0.8414020503268522
470961,41990,000000041990.jpg,FRONT,3,17,22469.5,271.8,-1,body7_self,gt_box,gt_box,,,1.0,1.0,0,0.9755321509379634,0.9755321509379634,1.0,17,0,-0.4779960052227931,12,-1,0.8478221718002769
470961,41990,000000041990.jpg,FRONT,3,17,22469.5,271.8,-1,body7_self,rtmdet_ins_tiny,rtmdet_ins_tiny,13,0.8985,0.9213,0.9213,0,0.9769594415302587,0.9769594415302587,1.0,17,0,-0.47740692207010593,12,-1,0.8414020959068748
470961,41990,000000041990.jpg,FRONT,3,17,22469.5,271.8,-1,aic_coco_self,gt_box,gt_box,,,1.0,1.0,0,0.9747620677528768,0.9747620677528768,1.0,17,0,-0.4806075980447885,12,-1,0.8688884272294886
470961,41990,000000041990.jpg,FRONT,3,17,22469.5,271.8,-1,aic_coco_self,rtmdet_ins_tiny,rtmdet_ins_tiny,13,0.8985,0.9213,0.9213,0,0.9755786177299299,0.9755786177299299,1.0,17,0,-0.48130473457391043,12,-1,0.8780715079868541
471839,403122,000000403122.jpg,FRONT,3,16,11403.0,265.7,-1,body7_official,gt_box,gt_box,,,1.0,1.0,0,0.971873157539038,0.971873157539038,1.0,16,0,-0.3437308326326385,12,-1,0.8849351195728078
471839,403122,000000403122.jpg,FRONT,3,16,11403.0,265.7,-1,body7_official,rtmdet_ins_tiny,rtmdet_ins_tiny,28,0.8679,0.9485,0.9485,0,0.9494621004403994,0.9494621004403994,1.0,16,0,-0.34234495773731344,12,-1,0.8976736349218032
471839,403122,000000403122.jpg,FRONT,3,16,11403.0,265.7,-1,body7_self,gt_box,gt_box,,,1.0,1.0,0,0.971873157539038,0.971873157539038,1.0,16,0,-0.3437308326326385,12,-1,0.8849350564620074
471839,403122,000000403122.jpg,FRONT,3,16,11403.0,265.7,-1,body7_self,rtmdet_ins_tiny,rtmdet_ins_tiny,28,0.8679,0.9485,0.9485,0,0.9494621004403994,0.9494621004403994,1.0,16,0,-0.34234495773731344,12,-1,0.8976736489464255
471839,403122,000000403122.jpg,FRONT,3,16,11403.0,265.7,-1,aic_coco_self,gt_box,gt_box,,,1.0,1.0,0,0.981524385043404,0.981524385043404,1.0,16,0,-0.3446474282161564,12,-1,0.9221440413418938
471839,403122,000000403122.jpg,FRONT,3,16,11403.0,265.7,-1,aic_coco_self,rtmdet_ins_tiny,rtmdet_ins_tiny,28,0.8679,0.9485,0.9485,0,0.980650836482412,0.980650836482412,1.0,16,0,-0.3458127777487271,12,-1,0.9189005038317513
472118,391375,000000391375.jpg,FRONT,3,17,14569.0,240.3,-1,body7_official,gt_box,gt_box,,,1.0,1.0,0,0.9744324608035012,0.9744324608035012,1.0,17,0,-0.47343207874933624,12,-1,0.9088349237161524
472118,391375,000000391375.jpg,FRONT,3,17,14569.0,240.3,-1,body7_official,rtmdet_ins_tiny,rtmdet_ins_tiny,2,0.8870,0.9370,0.9370,0,0.9703554450597602,0.9703554450597602,1.0,17,0,-0.47344788900119567,12,-1,0.912108838558197
472118,391375,000000391375.jpg,FRONT,3,17,14569.0,240.3,-1,body7_self,gt_box,gt_box,,,1.0,1.0,0,0.9744324608035012,0.9744324608035012,1.0,17,0,-0.47343207874933624,12,-1,0.908834902679219
472118,391375,000000391375.jpg,FRONT,3,17,14569.0,240.3,-1,body7_self,rtmdet_ins_tiny,rtmdet_ins_tiny,2,0.8870,0.9370,0.9370,0,0.9703554450597602,0.9703554450597602,1.0,17,0,-0.47344788900119567,12,-1,0.9121087579166188
472118,391375,000000391375.jpg,FRONT,3,17,14569.0,240.3,-1,aic_coco_self,gt_box,gt_box,,,1.0,1.0,0,0.980500741131754,0.980500741131754,1.0,17,0,-0.4716733879000713,12,-1,0.884523752857657
472118,391375,000000391375.jpg,FRONT,3,17,14569.0,240.3,-1,aic_coco_self,rtmdet_ins_tiny,rtmdet_ins_tiny,2,0.8870,0.9370,0.9370,0,0.9763268810721198,0.9763268810721198,1.0,17,0,-0.47064164028067323,12,-1,0.8837708936018103
472619,115898,000000115898.jpg,OBLIQUE,2,15,24934.9,291.4,-1,body7_official,gt_box,gt_box,,,1.0,1.0,0,0.9757186746418518,0.9757186746418518,1.0,15,0,-0.6403155584597482,12,-1,0.8823938615181867
472619,115898,000000115898.jpg,OBLIQUE,2,15,24934.9,291.4,-1,body7_official,rtmdet_ins_tiny,rtmdet_ins_tiny,1,0.8857,0.9592,0.9592,0,0.9802913238692758,0.9802913238692758,1.0,15,0,-0.6412657432653558,12,-1,0.8867707147317774
472619,115898,000000115898.jpg,OBLIQUE,2,15,24934.9,291.4,-1,body7_self,gt_box,gt_box,,,1.0,1.0,0,0.9757186746418518,0.9757186746418518,1.0,15,0,-0.6403155584597482,12,-1,0.8823938895674313
472619,115898,000000115898.jpg,OBLIQUE,2,15,24934.9,291.4,-1,body7_self,rtmdet_ins_tiny,rtmdet_ins_tiny,1,0.8857,0.9592,0.9592,0,0.9802913238692758,0.9802913238692758,1.0,15,0,-0.6412657432653558,12,-1,0.886770644608666
472619,115898,000000115898.jpg,OBLIQUE,2,15,24934.9,291.4,-1,aic_coco_self,gt_box,gt_box,,,1.0,1.0,0,0.9705345716466068,0.9705345716466068,1.0,15,0,-0.6369635706497382,12,-1,0.8959296696326312
472619,115898,000000115898.jpg,OBLIQUE,2,15,24934.9,291.4,-1,aic_coco_self,rtmdet_ins_tiny,rtmdet_ins_tiny,1,0.8857,0.9592,0.9592,0,0.9714493145758321,0.9714493145758321,1.0,15,0,-0.6357122035099495,12,-1,0.8940484734142528
473197,170191,000000170191.jpg,FRONT,3,17,63139.7,511.6,-1,body7_official,gt_box,gt_box,,,1.0,1.0,0,0.9719952757546496,0.9719952757546496,1.0,17,0,-0.34176462271628294,12,-1,0.8989138848641339
473197,170191,000000170191.jpg,FRONT,3,17,63139.7,511.6,-1,body7_official,rtmdet_ins_tiny,rtmdet_ins_tiny,9,0.8903,0.9452,0.9452,0,0.9653311121439532,0.9653311121439532,1.0,17,0,-0.3375903687814536,12,-1,0.8937583390404197
473197,170191,000000170191.jpg,FRONT,3,17,63139.7,511.6,-1,body7_self,gt_box,gt_box,,,1.0,1.0,0,0.9719952757546496,0.9719952757546496,1.0,17,0,-0.34176462271628294,12,-1,0.8989138708395117
473197,170191,000000170191.jpg,FRONT,3,17,63139.7,511.6,-1,body7_self,rtmdet_ins_tiny,rtmdet_ins_tiny,9,0.8903,0.9452,0.9452,0,0.9653311121439532,0.9653311121439532,1.0,17,0,-0.3375903687814536,12,-1,0.8937581812634188
473197,170191,000000170191.jpg,FRONT,3,17,63139.7,511.6,-1,aic_coco_self,gt_box,gt_box,,,1.0,1.0,0,0.9712284687634724,0.9712284687634724,1.0,17,0,-0.34195729028137545,12,-1,0.8855973096454844
473197,170191,000000170191.jpg,FRONT,3,17,63139.7,511.6,-1,aic_coco_self,rtmdet_ins_tiny,rtmdet_ins_tiny,9,0.8903,0.9452,0.9452,0,0.9739504893440618,0.9739504893440618,1.0,17,0,-0.34335507738304843,12,-1,0.8793214244001052
473482,425702,000000425702.jpg,OBLIQUE,2,13,2578.4,129.2,1,body7_official,gt_box,gt_box,,,1.0,1.0,0,0.8446701527145649,0.8446701527145649,0.9090909090909091,11,0,-0.008499974863266702,8,1,0.7275358683922711
473482,425702,000000425702.jpg,OBLIQUE,2,13,2578.4,129.2,1,body7_official,rtmdet_ins_tiny,rtmdet_ins_tiny,18,0.7517,0.8663,0.8663,0,0.7633867394703787,0.9117243316596966,1.0,11,1,0.10627158535191795,8,1,0.7061182786436642
473482,425702,000000425702.jpg,OBLIQUE,2,13,2578.4,129.2,1,body7_self,gt_box,gt_box,,,1.0,1.0,0,0.8446701527145649,0.8446701527145649,0.9090909090909091,11,0,-0.008499974863266702,8,1,0.7275357982691597
473482,425702,000000425702.jpg,OBLIQUE,2,13,2578.4,129.2,1,body7_self,rtmdet_ins_tiny,rtmdet_ins_tiny,18,0.7517,0.8663,0.8663,0,0.7633867394703787,0.9117243316596966,1.0,11,1,0.10627158535191795,8,1,0.706118271631353
473482,425702,000000425702.jpg,OBLIQUE,2,13,2578.4,129.2,1,aic_coco_self,gt_box,gt_box,,,1.0,1.0,0,0.7718386112574325,0.8702510878595283,1.0,11,1,0.0924339481381134,8,1,0.7199107373462004
473482,425702,000000425702.jpg,OBLIQUE,2,13,2578.4,129.2,1,aic_coco_self,rtmdet_ins_tiny,rtmdet_ins_tiny,18,0.7517,0.8663,0.8663,0,0.7515695231098327,0.8850697537751877,1.0,11,1,0.113955060301337,8,1,0.7130804447566762
473873,261535,000000261535.jpg,REAR,0,14,32072.2,432.9,1,body7_official,gt_box,gt_box,,,1.0,1.0,0,0.9782148426104569,0.9782148426104569,1.0,13,0,-0.36462980115026644,10,1,0.8176242937059963
473873,261535,000000261535.jpg,REAR,0,14,32072.2,432.9,1,body7_official,rtmdet_ins_tiny,rtmdet_ins_tiny,16,0.9038,0.9338,0.9338,0,0.9760062551797467,0.9760062551797467,1.0,13,0,-0.36281035692775565,10,1,0.8163196339326746
473873,261535,000000261535.jpg,REAR,0,14,32072.2,432.9,1,body7_self,gt_box,gt_box,,,1.0,1.0,0,0.9782148426104569,0.9782148426104569,1.0,13,0,-0.36462980115026644,10,1,0.8176242744221407
473873,261535,000000261535.jpg,REAR,0,14,32072.2,432.9,1,body7_self,rtmdet_ins_tiny,rtmdet_ins_tiny,16,0.9038,0.9338,0.9338,0,0.9760062551797467,0.9760062551797467,1.0,13,0,-0.36281035692775565,10,1,0.8163196374388302
473873,261535,000000261535.jpg,REAR,0,14,32072.2,432.9,1,aic_coco_self,gt_box,gt_box,,,1.0,1.0,0,0.9788848100190647,0.9788848100190647,1.0,13,0,-0.36878823692966434,10,1,0.834461510181427
473873,261535,000000261535.jpg,REAR,0,14,32072.2,432.9,1,aic_coco_self,rtmdet_ins_tiny,rtmdet_ins_tiny,16,0.9038,0.9338,0.9338,0,0.9809379263676787,0.9809379263676787,1.0,13,0,-0.36721883360888247,10,1,0.8371855265953961
474120,80273,000000080273.jpg,OBLIQUE,2,15,39257.3,373.9,-1,body7_official,gt_box,gt_box,,,1.0,1.0,0,0.9727892185891268,0.9727892185891268,1.0,15,0,-0.4108025620597868,12,-1,0.7903238815419814
474120,80273,000000080273.jpg,OBLIQUE,2,15,39257.3,373.9,-1,body7_official,rtmdet_ins_tiny,rtmdet_ins_tiny,2,0.9143,0.9877,0.9877,0,0.9495023206172751,0.9495023206172751,1.0,15,0,-0.4094585763176191,12,-1,0.7893941928358639
474120,80273,000000080273.jpg,OBLIQUE,2,15,39257.3,373.9,-1,body7_self,gt_box,gt_box,,,1.0,1.0,0,0.9727892185891268,0.9727892185891268,1.0,15,0,-0.4108025620597868,12,-1,0.7903239446527818
474120,80273,000000080273.jpg,OBLIQUE,2,15,39257.3,373.9,-1,body7_self,rtmdet_ins_tiny,rtmdet_ins_tiny,2,0.9143,0.9877,0.9877,0,0.9495023206172751,0.9495023206172751,1.0,15,0,-0.4094585763176191,12,-1,0.7893941788112416
474120,80273,000000080273.jpg,OBLIQUE,2,15,39257.3,373.9,-1,aic_coco_self,gt_box,gt_box,,,1.0,1.0,0,0.974459299198403,0.974459299198403,1.0,15,0,-0.40472609858694186,12,-1,0.8282460359966054
474120,80273,000000080273.jpg,OBLIQUE,2,15,39257.3,373.9,-1,aic_coco_self,rtmdet_ins_tiny,rtmdet_ins_tiny,2,0.9143,0.9877,0.9877,0,0.9718221938513387,0.9718221938513387,1.0,15,0,-0.40596550349514876,12,-1,0.8044549402068643
474613,192607,000000192607.jpg,FRONT,3,16,5396.9,159.0,-1,body7_official,gt_box,gt_box,,,1.0,1.0,0,0.972854094130192,0.972854094130192,1.0,16,0,-0.3114612339337937,12,-1,0.8873748288435095
474613,192607,000000192607.jpg,FRONT,3,16,5396.9,159.0,-1,body7_official,rtmdet_ins_tiny,rtmdet_ins_tiny,1,0.9057,0.9568,0.9568,0,0.9718627558568665,0.9718627558568665,1.0,16,0,-0.31186934844557623,12,-1,0.9448221992043888
474613,192607,000000192607.jpg,FRONT,3,16,5396.9,159.0,-1,body7_self,gt_box,gt_box,,,1.0,1.0,0,0.972854094130192,0.972854094130192,1.0,16,0,-0.3114612339337937,12,-1,0.8873747517080868
474613,192607,000000192607.jpg,FRONT,3,16,5396.9,159.0,-1,body7_self,rtmdet_ins_tiny,rtmdet_ins_tiny,1,0.9057,0.9568,0.9568,0,0.9718627558568665,0.9718627558568665,1.0,16,0,-0.31186934844557623,12,-1,0.944822213229011
474613,192607,000000192607.jpg,FRONT,3,16,5396.9,159.0,-1,aic_coco_self,gt_box,gt_box,,,1.0,1.0,0,0.9766610495437781,0.9766610495437781,1.0,16,0,-0.31363675412378383,12,-1,0.8819001422208899
474613,192607,000000192607.jpg,FRONT,3,16,5396.9,159.0,-1,aic_coco_self,rtmdet_ins_tiny,rtmdet_ins_tiny,1,0.9057,0.9568,0.9568,0,0.9750094492093155,0.9750094492093155,1.0,16,0,-0.31281251556669704,12,-1,0.9026430705014397
475132,149375,000000149375.jpg,OBLIQUE,2,15,19709.8,333.5,-1,body7_official,gt_box,gt_box,,,1.0,1.0,0,0.9570822131182607,0.9570822131182607,1.0,14,0,-0.5566407359211428,10,-1,0.8887350489111507
475132,149375,000000149375.jpg,OBLIQUE,2,15,19709.8,333.5,-1,body7_official,rtmdet_ins_tiny,rtmdet_ins_tiny,12,0.9120,0.9031,0.9031,0,0.9418338159562935,0.9418338159562935,1.0,14,0,-0.5544647285172387,10,-1,0.8674535190357882
475132,149375,000000149375.jpg,OBLIQUE,2,15,19709.8,333.5,-1,body7_self,gt_box,gt_box,,,1.0,1.0,0,0.9570822131182607,0.9570822131182607,1.0,14,0,-0.5566407359211428,10,-1,0.8887351260465735
475132,149375,000000149375.jpg,OBLIQUE,2,15,19709.8,333.5,-1,body7_self,rtmdet_ins_tiny,rtmdet_ins_tiny,12,0.9120,0.9031,0.9031,0,0.9418338159562935,0.9418338159562935,1.0,14,0,-0.5544647285172387,10,-1,0.8674535225419437
475132,149375,000000149375.jpg,OBLIQUE,2,15,19709.8,333.5,-1,aic_coco_self,gt_box,gt_box,,,1.0,1.0,0,0.9803879862443152,0.9803879862443152,1.0,14,0,-0.5605568023792189,10,-1,0.8474823376711678
475132,149375,000000149375.jpg,OBLIQUE,2,15,19709.8,333.5,-1,aic_coco_self,rtmdet_ins_tiny,rtmdet_ins_tiny,12,0.9120,0.9031,0.9031,0,0.9858334625955463,0.9858334625955463,1.0,14,0,-0.5582335850124406,10,-1,0.8318037040093366
476220,7088,000000007088.jpg,FRONT,3,17,16439.3,254.3,-1,body7_official,gt_box,gt_box,,,1.0,1.0,0,0.979047165023929,0.979047165023929,1.0,17,0,-0.26232591362633007,12,-1,0.8313517500372494
476220,7088,000000007088.jpg,FRONT,3,17,16439.3,254.3,-1,body7_official,rtmdet_ins_tiny,rtmdet_ins_tiny,6,0.8836,0.9515,0.9515,0,0.9787248544995696,0.9787248544995696,1.0,17,0,-0.26068249426898693,12,-1,0.8373935643364402
476220,7088,000000007088.jpg,FRONT,3,17,16439.3,254.3,-1,body7_self,gt_box,gt_box,,,1.0,1.0,0,0.979047165023929,0.979047165023929,1.0,17,0,-0.26232591362633007,12,-1,0.8313516974449158
476220,7088,000000007088.jpg,FRONT,3,17,16439.3,254.3,-1,body7_self,rtmdet_ins_tiny,rtmdet_ins_tiny,6,0.8836,0.9515,0.9515,0,0.9787248544995696,0.9787248544995696,1.0,17,0,-0.26068249426898693,12,-1,0.8373936625087962
476220,7088,000000007088.jpg,FRONT,3,17,16439.3,254.3,-1,aic_coco_self,gt_box,gt_box,,,1.0,1.0,0,0.9766536210051536,0.9766536210051536,1.0,17,0,-0.2583214583676091,12,-1,0.8577665125622469
476220,7088,000000007088.jpg,FRONT,3,17,16439.3,254.3,-1,aic_coco_self,rtmdet_ins_tiny,rtmdet_ins_tiny,6,0.8836,0.9515,0.9515,0,0.9789690397100005,0.9789690397100005,1.0,17,0,-0.26225465361317396,12,-1,0.8564251626239103
476757,273760,000000273760.jpg,FRONT,3,17,40626.3,510.6,-1,body7_official,gt_box,gt_box,,,1.0,1.0,0,0.9802007022536744,0.9802007022536744,1.0,17,0,-0.35150878091449256,12,-1,0.9225000668974483
476757,273760,000000273760.jpg,FRONT,3,17,40626.3,510.6,-1,body7_official,rtmdet_ins_tiny,rtmdet_ins_tiny,3,0.9238,0.9499,0.9499,0,0.98708352627888,0.98708352627888,1.0,17,0,-0.3518784392114684,12,-1,0.9177256542093614
476757,273760,000000273760.jpg,FRONT,3,17,40626.3,510.6,-1,body7_self,gt_box,gt_box,,,1.0,1.0,0,0.9802007022536744,0.9802007022536744,1.0,17,0,-0.35150878091449256,12,-1,0.9225000739097595
476757,273760,000000273760.jpg,FRONT,3,17,40626.3,510.6,-1,body7_self,rtmdet_ins_tiny,rtmdet_ins_tiny,3,0.9238,0.9499,0.9499,0,0.98708352627888,0.98708352627888,1.0,17,0,-0.3518784392114684,12,-1,0.9177256507032058
476757,273760,000000273760.jpg,FRONT,3,17,40626.3,510.6,-1,aic_coco_self,gt_box,gt_box,,,1.0,1.0,0,0.9793226073133239,0.9793226073133239,1.0,17,0,-0.34667097486731463,12,-1,0.9247085031341103
476757,273760,000000273760.jpg,FRONT,3,17,40626.3,510.6,-1,aic_coco_self,rtmdet_ins_tiny,rtmdet_ins_tiny,3,0.9238,0.9499,0.9499,0,0.9758164316116698,0.9758164316116698,1.0,17,0,-0.34604514923976915,12,-1,0.9251190599273232
477253,309964,000000309964.jpg,FRONT,3,17,31400.2,326.5,-1,body7_official,gt_box,gt_box,,,1.0,1.0,0,0.9894815082242464,0.9894815082242464,1.0,16,0,-0.40257296147903526,10,-1,0.8953027900527505
477253,309964,000000309964.jpg,FRONT,3,17,31400.2,326.5,-1,body7_official,rtmdet_ins_tiny,rtmdet_ins_tiny,13,0.8558,0.9729,0.9729,0,0.9894304985517204,0.9894304985517204,1.0,16,0,-0.4005126340594651,10,-1,0.8940457386129043
477253,309964,000000309964.jpg,FRONT,3,17,31400.2,326.5,-1,body7_self,gt_box,gt_box,,,1.0,1.0,0,0.9894815082242464,0.9894815082242464,1.0,16,0,-0.40257296147903526,10,-1,0.8953027164234835
477253,309964,000000309964.jpg,FRONT,3,17,31400.2,326.5,-1,body7_self,rtmdet_ins_tiny,rtmdet_ins_tiny,13,0.8558,0.9729,0.9729,0,0.9894304985517204,0.9894304985517204,1.0,16,0,-0.4005126340594651,10,-1,0.894045840291416
477253,309964,000000309964.jpg,FRONT,3,17,31400.2,326.5,-1,aic_coco_self,gt_box,gt_box,,,1.0,1.0,0,0.9868712107332576,0.9868712107332576,1.0,16,0,-0.40119164046720523,10,-1,0.8583227816750022
477253,309964,000000309964.jpg,FRONT,3,17,31400.2,326.5,-1,aic_coco_self,rtmdet_ins_tiny,rtmdet_ins_tiny,13,0.8558,0.9729,0.9729,0,0.9870262236099236,0.9870262236099236,1.0,16,0,-0.4012618582171066,10,-1,0.8681529339622048
478354,123213,000000123213.jpg,OBLIQUE,2,15,17048.5,206.1,1,body7_official,gt_box,gt_box,,,1.0,1.0,0,0.9575384079472185,0.9575384079472185,1.0,14,0,-0.4835475556051579,10,1,0.7664194422609666
478354,123213,000000123213.jpg,OBLIQUE,2,15,17048.5,206.1,1,body7_official,rtmdet_ins_tiny,rtmdet_ins_tiny,24,0.7529,0.8527,0.8527,0,0.9567669394461591,0.9567669394461591,1.0,14,0,-0.47470235130460625,10,1,0.7491240852019366
478354,123213,000000123213.jpg,OBLIQUE,2,15,17048.5,206.1,1,body7_self,gt_box,gt_box,,,1.0,1.0,0,0.9575384079472185,0.9575384079472185,1.0,14,0,-0.4835475556051579,10,1,0.7664194247301888
478354,123213,000000123213.jpg,OBLIQUE,2,15,17048.5,206.1,1,body7_self,rtmdet_ins_tiny,rtmdet_ins_tiny,24,0.7529,0.8527,0.8527,0,0.9567669394461591,0.9567669394461591,1.0,14,0,-0.47470235130460625,10,1,0.7491240220911363
478354,123213,000000123213.jpg,OBLIQUE,2,15,17048.5,206.1,1,aic_coco_self,gt_box,gt_box,,,1.0,1.0,0,0.9632770115422684,0.9632770115422684,1.0,14,0,-0.48538220353704353,10,1,0.80223368546542
478354,123213,000000123213.jpg,OBLIQUE,2,15,17048.5,206.1,1,aic_coco_self,rtmdet_ins_tiny,rtmdet_ins_tiny,24,0.7529,0.8527,0.8527,0,0.9621250449871849,0.9621250449871849,1.0,14,0,-0.4936079728922703,10,1,0.807026677271899
479066,576654,000000576654.jpg,OBLIQUE,2,15,4847.0,153.3,-1,body7_official,gt_box,gt_box,,,1.0,1.0,0,0.982140172782462,0.982140172782462,1.0,15,0,-0.41435687050092423,12,-1,0.7576126421199125
479066,576654,000000576654.jpg,OBLIQUE,2,15,4847.0,153.3,-1,body7_official,rtmdet_ins_tiny,rtmdet_ins_tiny,2,0.8821,0.9138,0.9138,0,0.9815298576257694,0.9815298576257694,1.0,15,0,-0.41296028882681124,12,-1,0.8012862450936261
479066,576654,000000576654.jpg,OBLIQUE,2,15,4847.0,153.3,-1,body7_self,gt_box,gt_box,,,1.0,1.0,0,0.982140172782462,0.982140172782462,1.0,15,0,-0.41435687050092423,12,-1,0.7576125579721787
479066,576654,000000576654.jpg,OBLIQUE,2,15,4847.0,153.3,-1,body7_self,rtmdet_ins_tiny,rtmdet_ins_tiny,2,0.8821,0.9138,0.9138,0,0.9815298576257694,0.9815298576257694,1.0,15,0,-0.41296028882681124,12,-1,0.8012862030197593
479066,576654,000000576654.jpg,OBLIQUE,2,15,4847.0,153.3,-1,aic_coco_self,gt_box,gt_box,,,1.0,1.0,0,0.9648909396611688,0.9648909396611688,1.0,15,0,-0.4012076570950045,12,-1,0.7717441846342648
479066,576654,000000576654.jpg,OBLIQUE,2,15,4847.0,153.3,-1,aic_coco_self,rtmdet_ins_tiny,rtmdet_ins_tiny,2,0.8821,0.9138,0.9138,0,0.9585048176955429,0.9585048176955429,1.0,15,0,-0.40096527016688815,12,-1,0.8134345903116114
479439,237118,000000237118.jpg,FRONT,3,13,66533.6,467.8,-1,body7_official,gt_box,gt_box,,,1.0,1.0,0,0.9919868346923868,0.9919868346923868,1.0,13,0,-0.4606663572544252,8,-1,0.8053649041582557
479439,237118,000000237118.jpg,FRONT,3,13,66533.6,467.8,-1,body7_official,rtmdet_ins_tiny,rtmdet_ins_tiny,3,0.9372,0.9600,0.9600,0,0.9919600436136787,0.9919600436136787,1.0,13,0,-0.46067950601280794,8,-1,0.8065512723782483
479439,237118,000000237118.jpg,FRONT,3,13,66533.6,467.8,-1,body7_self,gt_box,gt_box,,,1.0,1.0,0,0.9919868346923868,0.9919868346923868,1.0,13,0,-0.4606663572544252,8,-1,0.8053648796151666
479439,237118,000000237118.jpg,FRONT,3,13,66533.6,467.8,-1,body7_self,rtmdet_ins_tiny,rtmdet_ins_tiny,3,0.9372,0.9600,0.9600,0,0.9919600436136787,0.9919600436136787,1.0,13,0,-0.46067950601280794,8,-1,0.8065513442544376
479439,237118,000000237118.jpg,FRONT,3,13,66533.6,467.8,-1,aic_coco_self,gt_box,gt_box,,,1.0,1.0,0,0.9949150907536022,0.9949150907536022,1.0,13,0,-0.4673030008095982,8,-1,0.8232582325444502
479439,237118,000000237118.jpg,FRONT,3,13,66533.6,467.8,-1,aic_coco_self,rtmdet_ins_tiny,rtmdet_ins_tiny,3,0.9372,0.9600,0.9600,0,0.9937610426652087,0.9937610426652087,1.0,13,0,-0.46359135625944475,8,-1,0.8177932220346787
480060,21167,000000021167.jpg,FRONT,3,14,77394.8,510.9,-1,body7_official,gt_box,gt_box,,,1.0,1.0,0,0.9740982781408655,0.9740982781408655,1.0,13,0,-0.26495919212615654,6,-1,0.7741257758701549
480060,21167,000000021167.jpg,FRONT,3,14,77394.8,510.9,-1,body7_official,rtmdet_ins_tiny,rtmdet_ins_tiny,14,0.8633,0.0908,0.9186,1,0.0050789681033842704,0.0050789681033842704,0.0,13,0,-0.010313905714667948,6,-1,0.7931621039614958
480060,21167,000000021167.jpg,FRONT,3,14,77394.8,510.9,-1,body7_self,gt_box,gt_box,,,1.0,1.0,0,0.9740982781408655,0.9740982781408655,1.0,13,0,-0.26495919212615654,6,-1,0.7741258845609778
480060,21167,000000021167.jpg,FRONT,3,14,77394.8,510.9,-1,body7_self,rtmdet_ins_tiny,rtmdet_ins_tiny,14,0.8633,0.0908,0.9186,1,0.0050789681033842704,0.0050789681033842704,0.0,13,0,-0.010313905714667948,6,-1,0.7931621530476738
480060,21167,000000021167.jpg,FRONT,3,14,77394.8,510.9,-1,aic_coco_self,gt_box,gt_box,,,1.0,1.0,0,0.9538676513864309,0.9538676513864309,1.0,13,0,-0.24607540159318278,6,-1,0.7623452035819783
480060,21167,000000021167.jpg,FRONT,3,14,77394.8,510.9,-1,aic_coco_self,rtmdet_ins_tiny,rtmdet_ins_tiny,14,0.8633,0.0908,0.9186,1,0.004671134795836208,0.004671134795836208,0.0,13,0,-0.011039673828421304,6,-1,0.7845332061543184
480587,561256,000000561256.jpg,FRONT,3,13,52687.1,352.4,-1,body7_official,gt_box,gt_box,,,1.0,1.0,0,0.959577179069581,0.959577179069581,1.0,13,0,-0.5623693550447777,8,-1,0.7300253177390379
480587,561256,000000561256.jpg,FRONT,3,13,52687.1,352.4,-1,body7_official,rtmdet_ins_tiny,rtmdet_ins_tiny,7,0.9067,0.9383,0.9383,0,0.9616706254831227,0.9616706254831227,1.0,13,0,-0.5648615977756872,8,-1,0.7511520394507576
480587,561256,000000561256.jpg,FRONT,3,13,52687.1,352.4,-1,body7_self,gt_box,gt_box,,,1.0,1.0,0,0.959577179069581,0.959577179069581,1.0,13,0,-0.5623693550447777,8,-1,0.7300252791713265
480587,561256,000000561256.jpg,FRONT,3,13,52687.1,352.4,-1,body7_self,rtmdet_ins_tiny,rtmdet_ins_tiny,7,0.9067,0.9383,0.9383,0,0.9616706254831227,0.9616706254831227,1.0,13,0,-0.5648615977756872,8,-1,0.7511519965003518
480587,561256,000000561256.jpg,FRONT,3,13,52687.1,352.4,-1,aic_coco_self,gt_box,gt_box,,,1.0,1.0,0,0.9747552979263574,0.9747552979263574,1.0,13,0,-0.5717229818849086,8,-1,0.7215363926747266
480587,561256,000000561256.jpg,FRONT,3,13,52687.1,352.4,-1,aic_coco_self,rtmdet_ins_tiny,rtmdet_ins_tiny,7,0.9067,0.9383,0.9383,0,0.9772302050491033,0.9772302050491033,1.0,13,0,-0.5724195245289223,8,-1,0.7296193750465617
481744,295138,000000295138.jpg,FRONT,3,17,29998.1,344.9,-1,body7_official,gt_box,gt_box,,,1.0,1.0,0,0.9534446304335484,0.9534446304335484,1.0,17,0,-0.6212905465257578,12,-1,0.8501398598446566
481744,295138,000000295138.jpg,FRONT,3,17,29998.1,344.9,-1,body7_official,rtmdet_ins_tiny,rtmdet_ins_tiny,38,0.8949,0.9426,0.9426,0,0.960190131899766,0.960190131899766,1.0,17,0,-0.6264726968339923,12,-1,0.8705418144955355
481744,295138,000000295138.jpg,FRONT,3,17,29998.1,344.9,-1,body7_self,gt_box,gt_box,,,1.0,1.0,0,0.9534446304335484,0.9534446304335484,1.0,17,0,-0.6212905465257578,12,-1,0.8501398388077231
481744,295138,000000295138.jpg,FRONT,3,17,29998.1,344.9,-1,body7_self,rtmdet_ins_tiny,rtmdet_ins_tiny,38,0.8949,0.9426,0.9426,0,0.960190131899766,0.960190131899766,1.0,17,0,-0.6264726968339923,12,-1,0.8705417619032019
481744,295138,000000295138.jpg,FRONT,3,17,29998.1,344.9,-1,aic_coco_self,gt_box,gt_box,,,1.0,1.0,0,0.9461175822717512,0.9461175822717512,1.0,17,0,-0.6224888793541276,12,-1,0.8588886751848108
481744,295138,000000295138.jpg,FRONT,3,17,29998.1,344.9,-1,aic_coco_self,rtmdet_ins_tiny,rtmdet_ins_tiny,38,0.8949,0.9426,0.9426,0,0.9695460482931675,0.9695460482931675,1.0,17,0,-0.6213851974877963,12,-1,0.875110924243927
482539,474095,000000474095.jpg,FRONT,3,16,65901.7,469.7,-1,body7_official,gt_box,gt_box,,,1.0,1.0,0,0.9443572743431778,0.9443572743431778,1.0,16,0,-0.4557049010673921,12,-1,0.8040396430913139
482539,474095,000000474095.jpg,FRONT,3,16,65901.7,469.7,-1,body7_official,rtmdet_ins_tiny,rtmdet_ins_tiny,2,0.8690,0.8990,0.8990,0,0.9420610404151336,0.9420610404151336,1.0,16,0,-0.46005588862004937,12,-1,0.7873110736117643
482539,474095,000000474095.jpg,FRONT,3,16,65901.7,469.7,-1,body7_self,gt_box,gt_box,,,1.0,1.0,0,0.9443572743431778,0.9443572743431778,1.0,16,0,-0.4557049010673921,12,-1,0.8040397623006035
482539,474095,000000474095.jpg,FRONT,3,16,65901.7,469.7,-1,body7_self,rtmdet_ins_tiny,rtmdet_ins_tiny,2,0.8690,0.8990,0.8990,0,0.9420610404151336,0.9420610404151336,1.0,16,0,-0.46005588862004937,12,-1,0.7873111262040979
482539,474095,000000474095.jpg,FRONT,3,16,65901.7,469.7,-1,aic_coco_self,gt_box,gt_box,,,1.0,1.0,0,0.9633667261557453,0.9633667261557453,1.0,16,0,-0.4608023178599133,12,-1,0.7950339071890887
482539,474095,000000474095.jpg,FRONT,3,16,65901.7,469.7,-1,aic_coco_self,rtmdet_ins_tiny,rtmdet_ins_tiny,2,0.8690,0.8990,0.8990,0,0.9603536929408778,0.9603536929408778,1.0,16,0,-0.4616858807853098,12,-1,0.8064921358052421
483604,398237,000000398237.jpg,OBLIQUE,2,15,16326.2,272.8,-1,body7_official,gt_box,gt_box,,,1.0,1.0,0,0.9265250906365992,0.9265250906365992,0.9333333333333333,15,0,-0.3844448781799753,12,-1,0.7895935528418597
483604,398237,000000398237.jpg,OBLIQUE,2,15,16326.2,272.8,-1,body7_official,rtmdet_ins_tiny,rtmdet_ins_tiny,11,0.7755,0.9339,0.9339,0,0.9241453446821252,0.9241453446821252,0.9333333333333333,15,0,-0.3874515180459891,12,-1,0.7959564328193665
483604,398237,000000398237.jpg,OBLIQUE,2,15,16326.2,272.8,-1,body7_self,gt_box,gt_box,,,1.0,1.0,0,0.9265250906365992,0.9265250906365992,0.9333333333333333,15,0,-0.3844448781799753,12,-1,0.7895934651879704
483604,398237,000000398237.jpg,OBLIQUE,2,15,16326.2,272.8,-1,body7_self,rtmdet_ins_tiny,rtmdet_ins_tiny,11,0.7755,0.9339,0.9339,0,0.9241453446821252,0.9241453446821252,0.9333333333333333,15,0,-0.3874515180459891,12,-1,0.7959564678809222
483604,398237,000000398237.jpg,OBLIQUE,2,15,16326.2,272.8,-1,aic_coco_self,gt_box,gt_box,,,1.0,1.0,0,0.9396073037045442,0.9396073037045442,1.0,15,0,-0.40069528794079284,12,-1,0.8073807148372426
483604,398237,000000398237.jpg,OBLIQUE,2,15,16326.2,272.8,-1,aic_coco_self,rtmdet_ins_tiny,rtmdet_ins_tiny,11,0.7755,0.9339,0.9339,0,0.9285281760936458,0.9285281760936458,0.9333333333333333,15,0,-0.39716029970657185,12,-1,0.822231369860032
483992,99242,000000099242.jpg,FRONT,3,17,9589.3,208.7,-1,body7_official,gt_box,gt_box,,,1.0,1.0,0,0.9612215974850088,0.9612215974850088,1.0,16,0,-0.41617288804757513,12,-1,0.8711748929584727
483992,99242,000000099242.jpg,FRONT,3,17,9589.3,208.7,-1,body7_official,rtmdet_ins_tiny,rtmdet_ins_tiny,2,0.9294,0.9667,0.9667,0,0.9649069029910518,0.9649069029910518,1.0,16,0,-0.4154214397938529,12,-1,0.8738720942946041
483992,99242,000000099242.jpg,FRONT,3,17,9589.3,208.7,-1,body7_self,gt_box,gt_box,,,1.0,1.0,0,0.9612215974850088,0.9612215974850088,1.0,16,0,-0.41617288804757513,12,-1,0.8711749315261841
483992,99242,000000099242.jpg,FRONT,3,17,9589.3,208.7,-1,body7_self,rtmdet_ins_tiny,rtmdet_ins_tiny,2,0.9294,0.9667,0.9667,0,0.9649069029910518,0.9649069029910518,1.0,16,0,-0.4154214397938529,12,-1,0.8738720907884485
483992,99242,000000099242.jpg,FRONT,3,17,9589.3,208.7,-1,aic_coco_self,gt_box,gt_box,,,1.0,1.0,0,0.9652081260525744,0.9652081260525744,1.0,16,0,-0.41998641816611737,12,-1,0.8955976016381207
483992,99242,000000099242.jpg,FRONT,3,17,9589.3,208.7,-1,aic_coco_self,rtmdet_ins_tiny,rtmdet_ins_tiny,2,0.9294,0.9667,0.9667,0,0.9691228348932676,0.9691228348932676,1.0,16,0,-0.41983533304813153,12,-1,0.8919802132774802
484547,261061,000000261061.jpg,FRONT,3,16,18220.8,292.3,-1,body7_official,gt_box,gt_box,,,1.0,1.0,0,0.894199417355821,0.894199417355821,1.0,16,0,-0.2369361437844214,10,-1,0.7631685488364276
484547,261061,000000261061.jpg,FRONT,3,16,18220.8,292.3,-1,body7_official,rtmdet_ins_tiny,rtmdet_ins_tiny,23,0.8328,0.9006,0.9006,0,0.8979904761700523,0.8979904761700523,1.0,16,0,-0.2367177160932024,10,-1,0.7674495227196637
484547,261061,000000261061.jpg,FRONT,3,16,18220.8,292.3,-1,body7_self,gt_box,gt_box,,,1.0,1.0,0,0.894199417355821,0.894199417355821,1.0,16,0,-0.2369361437844214,10,-1,0.763168603181839
484547,261061,000000261061.jpg,FRONT,3,16,18220.8,292.3,-1,body7_self,rtmdet_ins_tiny,rtmdet_ins_tiny,23,0.8328,0.9006,0.9006,0,0.8979904761700523,0.8979904761700523,1.0,16,0,-0.2367177160932024,10,-1,0.7674495893366197
484547,261061,000000261061.jpg,FRONT,3,16,18220.8,292.3,-1,aic_coco_self,gt_box,gt_box,,,1.0,1.0,0,0.8592503600335668,0.8592503600335668,0.9375,16,0,-0.24653134777913155,10,-1,0.8094816242947298
484547,261061,000000261061.jpg,FRONT,3,16,18220.8,292.3,-1,aic_coco_self,rtmdet_ins_tiny,rtmdet_ins_tiny,23,0.8328,0.9006,0.9006,0,0.8822264546943868,0.8822264546943868,0.9375,16,0,-0.25574431232754935,10,-1,0.8145263195037842
484929,476258,000000476258.jpg,FRONT,3,16,25741.9,269.3,-1,body7_official,gt_box,gt_box,,,1.0,1.0,0,0.9662500970644015,0.9662500970644015,1.0,16,0,-0.5847718459859729,12,-1,0.7519013355760014
484929,476258,000000476258.jpg,FRONT,3,16,25741.9,269.3,-1,body7_official,rtmdet_ins_tiny,rtmdet_ins_tiny,5,0.9005,0.9538,0.9538,0,0.9650719826980232,0.9650719826980232,1.0,16,0,-0.5849900006749799,12,-1,0.7603161580422345
484929,476258,000000476258.jpg,FRONT,3,16,25741.9,269.3,-1,body7_self,gt_box,gt_box,,,1.0,1.0,0,0.9662500970644015,0.9662500970644015,1.0,16,0,-0.5847718459859729,12,-1,0.7519012829836678
484929,476258,000000476258.jpg,FRONT,3,16,25741.9,269.3,-1,body7_self,rtmdet_ins_tiny,rtmdet_ins_tiny,5,0.9005,0.9538,0.9538,0,0.9650719826980232,0.9650719826980232,1.0,16,0,-0.5849900006749799,12,-1,0.7603161019437453
484929,476258,000000476258.jpg,FRONT,3,16,25741.9,269.3,-1,aic_coco_self,gt_box,gt_box,,,1.0,1.0,0,0.9721684299005877,0.9721684299005877,1.0,16,0,-0.5885492567937054,12,-1,0.8184605030452504
484929,476258,000000476258.jpg,FRONT,3,16,25741.9,269.3,-1,aic_coco_self,rtmdet_ins_tiny,rtmdet_ins_tiny,5,0.9005,0.9538,0.9538,0,0.9707704112806007,0.9707704112806007,1.0,16,0,-0.5870694291047427,12,-1,0.8220638212035684
485868,521717,000000521717.jpg,FRONT,3,16,5603.0,141.0,-1,body7_official,gt_box,gt_box,,,1.0,1.0,0,0.9604421426955627,0.9604421426955627,1.0,16,0,-0.41373255124310226,12,-1,0.8356361880021936
485868,521717,000000521717.jpg,FRONT,3,16,5603.0,141.0,-1,body7_official,rtmdet_ins_tiny,rtmdet_ins_tiny,27,0.8149,0.8472,0.8472,0,0.9448923141629229,0.9448923141629229,1.0,16,0,-0.41288833264622343,12,-1,0.8395302260623259
485868,521717,000000521717.jpg,FRONT,3,16,5603.0,141.0,-1,body7_self,gt_box,gt_box,,,1.0,1.0,0,0.9604421426955627,0.9604421426955627,1.0,16,0,-0.41373255124310226,12,-1,0.8356362546191496
485868,521717,000000521717.jpg,FRONT,3,16,5603.0,141.0,-1,body7_self,rtmdet_ins_tiny,rtmdet_ins_tiny,27,0.8149,0.8472,0.8472,0,0.9448923141629229,0.9448923141629229,1.0,16,0,-0.41288833264622343,12,-1,0.8395301980130813
485868,521717,000000521717.jpg,FRONT,3,16,5603.0,141.0,-1,aic_coco_self,gt_box,gt_box,,,1.0,1.0,0,0.9698838734284239,0.9698838734284239,1.0,16,0,-0.42266622836999457,12,-1,0.8735830643597771
485868,521717,000000521717.jpg,FRONT,3,16,5603.0,141.0,-1,aic_coco_self,rtmdet_ins_tiny,rtmdet_ins_tiny,27,0.8149,0.8472,0.8472,0,0.9611052652996674,0.9611052652996674,1.0,16,0,-0.4214322239161548,12,-1,0.8715995164478526
487266,384670,000000384670.jpg,FRONT,3,16,12301.2,230.9,-1,body7_official,gt_box,gt_box,,,1.0,1.0,0,0.9386353067283078,0.9386353067283078,1.0,16,0,-0.3755170105419584,12,-1,0.8636153831201441
487266,384670,000000384670.jpg,FRONT,3,16,12301.2,230.9,-1,body7_official,rtmdet_ins_tiny,rtmdet_ins_tiny,15,0.8696,0.9855,0.9855,0,0.9518100135610925,0.9518100135610925,1.0,16,0,-0.3748319652263841,12,-1,0.8684968808118034
487266,384670,000000384670.jpg,FRONT,3,16,12301.2,230.9,-1,body7_self,gt_box,gt_box,,,1.0,1.0,0,0.9386353067283078,0.9386353067283078,1.0,16,0,-0.3755170105419584,12,-1,0.8636153726016774
487266,384670,000000384670.jpg,FRONT,3,16,12301.2,230.9,-1,body7_self,rtmdet_ins_tiny,rtmdet_ins_tiny,15,0.8696,0.9855,0.9855,0,0.9518100135610925,0.9518100135610925,1.0,16,0,-0.3748319652263841,12,-1,0.8684967721209806
487266,384670,000000384670.jpg,FRONT,3,16,12301.2,230.9,-1,aic_coco_self,gt_box,gt_box,,,1.0,1.0,0,0.9766256520867154,0.9766256520867154,1.0,16,0,-0.3776277101996602,12,-1,0.8835072622579687
487266,384670,000000384670.jpg,FRONT,3,16,12301.2,230.9,-1,aic_coco_self,rtmdet_ins_tiny,rtmdet_ins_tiny,15,0.8696,0.9855,0.9855,0,0.9818580476230153,0.9818580476230153,1.0,16,0,-0.3785541526562342,12,-1,0.896311013137593
487409,384468,000000384468.jpg,OBLIQUE,2,15,5556.4,169.2,-1,body7_official,gt_box,gt_box,,,1.0,1.0,0,0.9735833135872256,0.9735833135872256,1.0,15,0,-0.21149228347500015,12,-1,0.8254993032006657
487409,384468,000000384468.jpg,OBLIQUE,2,15,5556.4,169.2,-1,body7_official,rtmdet_ins_tiny,rtmdet_ins_tiny,3,0.8763,0.9268,0.9268,0,0.9721160455834228,0.9721160455834228,1.0,15,0,-0.20993470322657898,12,-1,0.8254018706433913
487409,384468,000000384468.jpg,OBLIQUE,2,15,5556.4,169.2,-1,body7_self,gt_box,gt_box,,,1.0,1.0,0,0.9735833135872256,0.9735833135872256,1.0,15,0,-0.21149228347500015,12,-1,0.8254992646329543
487409,384468,000000384468.jpg,OBLIQUE,2,15,5556.4,169.2,-1,body7_self,rtmdet_ins_tiny,rtmdet_ins_tiny,3,0.8763,0.9268,0.9268,0,0.9721160455834228,0.9721160455834228,1.0,15,0,-0.20993470322657898,12,-1,0.825401716372546
487409,384468,000000384468.jpg,OBLIQUE,2,15,5556.4,169.2,-1,aic_coco_self,gt_box,gt_box,,,1.0,1.0,0,0.9809596943473747,0.9809596943473747,1.0,15,0,-0.21823560169197223,12,-1,0.7979484410846934
487409,384468,000000384468.jpg,OBLIQUE,2,15,5556.4,169.2,-1,aic_coco_self,rtmdet_ins_tiny,rtmdet_ins_tiny,3,0.8763,0.9268,0.9268,0,0.9760100010576002,0.9760100010576002,1.0,15,0,-0.21415091139733056,12,-1,0.7993368786924026
488346,515982,000000515982.jpg,OBLIQUE,2,13,42278.1,413.6,1,body7_official,gt_box,gt_box,,,1.0,1.0,0,0.8664466561906993,0.8021214503370367,0.8461538461538461,13,1,0.05437420350033373,8,1,0.714525498011533
488346,515982,000000515982.jpg,OBLIQUE,2,13,42278.1,413.6,1,body7_official,rtmdet_ins_tiny,rtmdet_ins_tiny,22,0.8716,0.9834,0.9834,0,0.8630335136932985,0.7967996424537631,0.8461538461538461,13,1,0.05651127878654606,8,1,0.7142880182055866
488346,515982,000000515982.jpg,OBLIQUE,2,13,42278.1,413.6,1,body7_self,gt_box,gt_box,,,1.0,1.0,0,0.8664466561906993,0.8021214503370367,0.8461538461538461,13,1,0.05437420350033373,8,1,0.714525580406189
488346,515982,000000515982.jpg,OBLIQUE,2,13,42278.1,413.6,1,body7_self,rtmdet_ins_tiny,rtmdet_ins_tiny,22,0.8716,0.9834,0.9834,0,0.8630335136932985,0.7967996424537631,0.8461538461538461,13,1,0.05651127878654606,8,1,0.7142880103167366
488346,515982,000000515982.jpg,OBLIQUE,2,13,42278.1,413.6,1,aic_coco_self,gt_box,gt_box,,,1.0,1.0,0,0.8593401663979657,0.9096285230617323,1.0,13,1,0.05837832288253435,8,1,0.7508331256754258
488346,515982,000000515982.jpg,OBLIQUE,2,13,42278.1,413.6,1,aic_coco_self,rtmdet_ins_tiny,rtmdet_ins_tiny,22,0.8716,0.9834,0.9834,0,0.8612850126362145,0.7748383826486841,0.8461538461538461,13,1,0.053962825497660814,8,1,0.751042737680323
489300,238013,000000238013.jpg,FRONT,3,15,23962.9,266.3,-1,body7_official,gt_box,gt_box,,,1.0,1.0,0,0.9842064709566947,0.9842064709566947,1.0,15,0,-0.6364576188129448,10,-1,0.88652305392658
489300,238013,000000238013.jpg,FRONT,3,15,23962.9,266.3,-1,body7_official,rtmdet_ins_tiny,rtmdet_ins_tiny,5,0.8351,0.9221,0.9221,0,0.9850981762132213,0.9850981762132213,1.0,15,0,-0.6400164475406399,10,-1,0.8953945952303269
489300,238013,000000238013.jpg,FRONT,3,15,23962.9,266.3,-1,body7_self,gt_box,gt_box,,,1.0,1.0,0,0.9842064709566947,0.9842064709566947,1.0,15,0,-0.6364576188129448,10,-1,0.8865231345681583
489300,238013,000000238013.jpg,FRONT,3,15,23962.9,266.3,-1,body7_self,rtmdet_ins_tiny,rtmdet_ins_tiny,5,0.8351,0.9221,0.9221,0,0.9850981762132213,0.9850981762132213,1.0,15,0,-0.6400164475406399,10,-1,0.8953945934772491
489300,238013,000000238013.jpg,FRONT,3,15,23962.9,266.3,-1,aic_coco_self,gt_box,gt_box,,,1.0,1.0,0,0.98571290069496,0.98571290069496,1.0,15,0,-0.640318893523173,10,-1,0.8729627938831553
489300,238013,000000238013.jpg,FRONT,3,15,23962.9,266.3,-1,aic_coco_self,rtmdet_ins_tiny,rtmdet_ins_tiny,5,0.8351,0.9221,0.9221,0,0.9836258177218558,0.9836258177218558,1.0,15,0,-0.6366997126440016,10,-1,0.8797979898312512
490455,248112,000000248112.jpg,FRONT,3,16,3162.0,130.7,-1,body7_official,gt_box,gt_box,,,1.0,1.0,0,0.872036392627056,0.872036392627056,1.0,16,0,-0.31565111693550446,12,-1,0.8031734754057491
490455,248112,000000248112.jpg,FRONT,3,16,3162.0,130.7,-1,body7_official,rtmdet_ins_tiny,rtmdet_ins_tiny,2,0.7950,0.9079,0.9079,0,0.9257224071193375,0.9257224071193375,1.0,16,0,-0.31716761052540043,12,-1,0.805782724829281
490455,248112,000000248112.jpg,FRONT,3,16,3162.0,130.7,-1,body7_self,gt_box,gt_box,,,1.0,1.0,0,0.872036392627056,0.872036392627056,1.0,16,0,-0.31565111693550446,12,-1,0.8031735525411718
490455,248112,000000248112.jpg,FRONT,3,16,3162.0,130.7,-1,body7_self,rtmdet_ins_tiny,rtmdet_ins_tiny,2,0.7950,0.9079,0.9079,0,0.9257224071193375,0.9257224071193375,1.0,16,0,-0.31716761052540043,12,-1,0.8057827213231255
490455,248112,000000248112.jpg,FRONT,3,16,3162.0,130.7,-1,aic_coco_self,gt_box,gt_box,,,1.0,1.0,0,0.9491760902559019,0.9491760902559019,1.0,16,0,-0.3211641806419972,12,-1,0.8090104776270249
490455,248112,000000248112.jpg,FRONT,3,16,3162.0,130.7,-1,aic_coco_self,rtmdet_ins_tiny,rtmdet_ins_tiny,2,0.7950,0.9079,0.9079,0,0.9355003840588947,0.9355003840588947,1.0,16,0,-0.3198668190273713,12,-1,0.8212438330930822
490951,323263,000000323263.jpg,PROFILE,1,13,6484.7,106.8,-1,body7_official,gt_box,gt_box,,,1.0,1.0,0,0.9488447904472866,0.9488447904472866,1.0,11,0,-0.31983530900491797,10,-1,0.6215522219153011
490951,323263,000000323263.jpg,PROFILE,1,13,6484.7,106.8,-1,body7_official,rtmdet_ins_tiny,rtmdet_ins_tiny,8,0.6839,0.8434,0.8434,0,0.9743503907830814,0.9743503907830814,1.0,11,0,-0.32122696235879916,10,-1,0.6431973664199605
490951,323263,000000323263.jpg,PROFILE,1,13,6484.7,106.8,-1,body7_self,gt_box,gt_box,,,1.0,1.0,0,0.9488447904472866,0.9488447904472866,1.0,11,0,-0.31983530900491797,10,-1,0.6215522990507238
490951,323263,000000323263.jpg,PROFILE,1,13,6484.7,106.8,-1,body7_self,rtmdet_ins_tiny,rtmdet_ins_tiny,8,0.6839,0.8434,0.8434,0,0.9743503907830814,0.9743503907830814,1.0,11,0,-0.32122696235879916,10,-1,0.6431973927161273
490951,323263,000000323263.jpg,PROFILE,1,13,6484.7,106.8,-1,aic_coco_self,gt_box,gt_box,,,1.0,1.0,0,0.9805816879153636,0.9805816879153636,1.0,11,0,-0.32683434133545447,10,-1,0.6379297480863684
490951,323263,000000323263.jpg,PROFILE,1,13,6484.7,106.8,-1,aic_coco_self,rtmdet_ins_tiny,rtmdet_ins_tiny,8,0.6839,0.8434,0.8434,0,0.9792814654218218,0.9792814654218218,1.0,11,0,-0.3273179584090506,10,-1,0.6605962585000431
491954,370711,000000370711.jpg,FRONT,3,17,9787.3,165.3,-1,body7_official,gt_box,gt_box,,,1.0,1.0,0,0.9196882137377096,0.9196882137377096,1.0,12,0,-0.33783049866802534,6,-1,0.5941359926672543
491954,370711,000000370711.jpg,FRONT,3,17,9787.3,165.3,-1,body7_official,rtmdet_ins_tiny,rtmdet_ins_tiny,29,0.4388,0.9057,0.9057,0,0.8751966003894927,0.8751966003894927,1.0,12,0,-0.3352106599149992,6,-1,0.5898730263990515
491954,370711,000000370711.jpg,FRONT,3,17,9787.3,165.3,-1,body7_self,gt_box,gt_box,,,1.0,1.0,0,0.9196882137377096,0.9196882137377096,1.0,12,0,-0.33783049866802534,6,-1,0.5941360908396104
491954,370711,000000370711.jpg,FRONT,3,17,9787.3,165.3,-1,body7_self,rtmdet_ins_tiny,rtmdet_ins_tiny,29,0.4388,0.9057,0.9057,0,0.8751966003894927,0.8751966003894927,1.0,12,0,-0.3352106599149992,6,-1,0.5898730965221629
491954,370711,000000370711.jpg,FRONT,3,17,9787.3,165.3,-1,aic_coco_self,gt_box,gt_box,,,1.0,1.0,0,0.904678121550288,0.904678121550288,1.0,12,0,-0.34137440009613434,6,-1,0.588167651611216
491954,370711,000000370711.jpg,FRONT,3,17,9787.3,165.3,-1,aic_coco_self,rtmdet_ins_tiny,rtmdet_ins_tiny,29,0.4388,0.9057,0.9057,0,0.91111733605934,0.91111733605934,1.0,12,0,-0.349681993575331,6,-1,0.6149650864741382
492491,430377,000000430377.jpg,FRONT,3,17,53715.7,510.6,-1,body7_official,gt_box,gt_box,,,1.0,1.0,0,0.9851887723787177,0.9851887723787177,1.0,17,0,-0.3296149191226528,12,-1,0.9238429525319267
492491,430377,000000430377.jpg,FRONT,3,17,53715.7,510.6,-1,body7_official,rtmdet_ins_tiny,rtmdet_ins_tiny,8,0.9106,0.9106,0.9106,0,0.9810838141763533,0.9810838141763533,1.0,17,0,-0.3275001594315378,12,-1,0.9332576884942896
492491,430377,000000430377.jpg,FRONT,3,17,53715.7,510.6,-1,body7_self,gt_box,gt_box,,,1.0,1.0,0,0.9851887723787177,0.9851887723787177,1.0,17,0,-0.3296149191226528,12,-1,0.9238429700627047
492491,430377,000000430377.jpg,FRONT,3,17,53715.7,510.6,-1,body7_self,rtmdet_ins_tiny,rtmdet_ins_tiny,8,0.9106,0.9106,0.9106,0,0.9810838141763533,0.9810838141763533,1.0,17,0,-0.3275001594315378,12,-1,0.9332576534327339
492491,430377,000000430377.jpg,FRONT,3,17,53715.7,510.6,-1,aic_coco_self,gt_box,gt_box,,,1.0,1.0,0,0.9840529754846192,0.9840529754846192,1.0,17,0,-0.3313496402534264,12,-1,0.9131921249277452
492491,430377,000000430377.jpg,FRONT,3,17,53715.7,510.6,-1,aic_coco_self,rtmdet_ins_tiny,rtmdet_ins_tiny,8,0.9106,0.9106,0.9106,0,0.9855501655830124,0.9855501655830124,1.0,17,0,-0.331169435499323,12,-1,0.9204710406415603
492964,163640,000000163640.jpg,FRONT,3,13,42518.9,319.5,-1,body7_official,gt_box,gt_box,,,1.0,1.0,0,0.9412507420827888,0.9412507420827888,1.0,13,0,-0.41308653725418676,8,-1,0.7255263100652134
492964,163640,000000163640.jpg,FRONT,3,13,42518.9,319.5,-1,body7_official,rtmdet_ins_tiny,rtmdet_ins_tiny,6,0.8923,0.8490,0.8490,0,0.9294111635757791,0.9294111635757791,1.0,13,0,-0.41055264913771256,8,-1,0.7259269637220046
492964,163640,000000163640.jpg,FRONT,3,13,42518.9,319.5,-1,body7_self,gt_box,gt_box,,,1.0,1.0,0,0.9412507420827888,0.9412507420827888,1.0,13,0,-0.41308653725418676,8,-1,0.7255263521390802
492964,163640,000000163640.jpg,FRONT,3,13,42518.9,319.5,-1,body7_self,rtmdet_ins_tiny,rtmdet_ins_tiny,6,0.8923,0.8490,0.8490,0,0.9294111635757791,0.9294111635757791,1.0,13,0,-0.41055264913771256,8,-1,0.7259268979815876
492964,163640,000000163640.jpg,FRONT,3,13,42518.9,319.5,-1,aic_coco_self,gt_box,gt_box,,,1.0,1.0,0,0.9479177863575715,0.9479177863575715,1.0,13,0,-0.4180158204893788,8,-1,0.6834119361113099
492964,163640,000000163640.jpg,FRONT,3,13,42518.9,319.5,-1,aic_coco_self,rtmdet_ins_tiny,rtmdet_ins_tiny,6,0.8923,0.8490,0.8490,0,0.9417154579524649,0.9417154579524649,1.0,13,0,-0.4153728705579773,8,-1,0.6863752410692328
493455,528314,000000528314.jpg,REAR,0,12,4622.5,153.3,1,body7_official,gt_box,gt_box,,,1.0,1.0,0,0.9686530328934602,0.9686530328934602,1.0,11,0,-0.4098968630435609,10,1,0.7847556577009314
493455,528314,000000528314.jpg,REAR,0,12,4622.5,153.3,1,body7_official,rtmdet_ins_tiny,rtmdet_ins_tiny,3,0.7584,0.9255,0.9255,0,0.9667194820987723,0.9667194820987723,1.0,11,0,-0.40784202095427446,10,1,0.7880310626590953
493455,528314,000000528314.jpg,REAR,0,12,4622.5,153.3,1,body7_self,gt_box,gt_box,,,1.0,1.0,0,0.9686530328934602,0.9686530328934602,1.0,11,0,-0.4098968630435609,10,1,0.784755685750176
493455,528314,000000528314.jpg,REAR,0,12,4622.5,153.3,1,body7_self,rtmdet_ins_tiny,rtmdet_ins_tiny,3,0.7584,0.9255,0.9255,0,0.9667194820987723,0.9667194820987723,1.0,11,0,-0.40784202095427446,10,1,0.7880311082391178
493455,528314,000000528314.jpg,REAR,0,12,4622.5,153.3,1,aic_coco_self,gt_box,gt_box,,,1.0,1.0,0,0.9547251444285234,0.9547251444285234,1.0,11,0,-0.3971612951520158,10,-1,0.7662166847902185
493455,528314,000000528314.jpg,REAR,0,12,4622.5,153.3,1,aic_coco_self,rtmdet_ins_tiny,rtmdet_ins_tiny,3,0.7584,0.9255,0.9255,0,0.9552478745664725,0.9552478745664725,1.0,11,0,-0.3963872521647514,10,-1,0.7734159055878135
494073,437239,000000437239.jpg,FRONT,3,17,10730.7,233.9,-1,body7_official,gt_box,gt_box,,,1.0,1.0,0,0.9704827642415114,0.9704827642415114,1.0,17,0,-0.2680586388715015,12,-1,0.8853911126361174
494073,437239,000000437239.jpg,FRONT,3,17,10730.7,233.9,-1,body7_official,rtmdet_ins_tiny,rtmdet_ins_tiny,20,0.8808,0.9593,0.9593,0,0.9715603053453049,0.9715603053453049,1.0,17,0,-0.2664809315884485,12,-1,0.8784963663886575
494073,437239,000000437239.jpg,FRONT,3,17,10730.7,233.9,-1,body7_self,gt_box,gt_box,,,1.0,1.0,0,0.9704827642415114,0.9704827642415114,1.0,17,0,-0.2680586388715015,12,-1,0.8853911512038287
494073,437239,000000437239.jpg,FRONT,3,17,10730.7,233.9,-1,body7_self,rtmdet_ins_tiny,rtmdet_ins_tiny,20,0.8808,0.9593,0.9593,0,0.9715603053453049,0.9715603053453049,1.0,17,0,-0.2664809315884485,12,-1,0.8784963488578796
494073,437239,000000437239.jpg,FRONT,3,17,10730.7,233.9,-1,aic_coco_self,gt_box,gt_box,,,1.0,1.0,0,0.9649506705939721,0.9649506705939721,1.0,17,0,-0.27139299566641606,12,-1,0.8877722410594716
494073,437239,000000437239.jpg,FRONT,3,17,10730.7,233.9,-1,aic_coco_self,rtmdet_ins_tiny,rtmdet_ins_tiny,20,0.8808,0.9593,0.9593,0,0.9684899715360283,0.9684899715360283,1.0,17,0,-0.2674640949723169,12,-1,0.8903320571955513
494488,81988,000000081988.jpg,FRONT,3,16,5701.4,122.3,-1,body7_official,gt_box,gt_box,,,1.0,1.0,0,0.9482833472797959,0.9482833472797959,1.0,16,0,-0.5185295300463437,10,-1,0.7603763184126686
494488,81988,000000081988.jpg,FRONT,3,16,5701.4,122.3,-1,body7_official,rtmdet_ins_tiny,rtmdet_ins_tiny,10,0.7341,0.8456,0.8456,0,0.9530805567984323,0.9530805567984323,1.0,16,0,-0.5213581937036597,10,-1,0.7970343880793628
494488,81988,000000081988.jpg,FRONT,3,16,5701.4,122.3,-1,body7_self,gt_box,gt_box,,,1.0,1.0,0,0.9482833472797959,0.9482833472797959,1.0,16,0,-0.5185295300463437,10,-1,0.760376257054946
494488,81988,000000081988.jpg,FRONT,3,16,5701.4,122.3,-1,body7_self,rtmdet_ins_tiny,rtmdet_ins_tiny,10,0.7341,0.8456,0.8456,0,0.9530805567984323,0.9530805567984323,1.0,16,0,-0.5213581937036597,10,-1,0.7970344003509072
494488,81988,000000081988.jpg,FRONT,3,16,5701.4,122.3,-1,aic_coco_self,gt_box,gt_box,,,1.0,1.0,0,0.9629268277259557,0.9629268277259557,1.0,16,0,-0.5202859442213481,10,-1,0.7774797853301553
494488,81988,000000081988.jpg,FRONT,3,16,5701.4,122.3,-1,aic_coco_self,rtmdet_ins_tiny,rtmdet_ins_tiny,10,0.7341,0.8456,0.8456,0,0.9655723136657423,0.9655723136657423,1.0,16,0,-0.5241466935594985,10,-1,0.8127307313330033
495157,274066,000000274066.jpg,FRONT,3,12,5618.3,117.3,-1,body7_official,gt_box,gt_box,,,1.0,1.0,0,0.9815710092937358,0.9815710092937358,1.0,11,0,-0.5690753886181755,6,-1,0.7671672123319963
495157,274066,000000274066.jpg,FRONT,3,12,5618.3,117.3,-1,body7_official,rtmdet_ins_tiny,rtmdet_ins_tiny,24,0.8314,0.9516,0.9516,0,0.9835919646235781,0.9835919646235781,1.0,11,0,-0.5738990292086694,6,-1,0.7698412309674656
495157,274066,000000274066.jpg,FRONT,3,12,5618.3,117.3,-1,body7_self,gt_box,gt_box,,,1.0,1.0,0,0.9815710092937358,0.9815710092937358,1.0,11,0,-0.5690753886181755,6,-1,0.7671672736897188
495157,274066,000000274066.jpg,FRONT,3,12,5618.3,117.3,-1,body7_self,rtmdet_ins_tiny,rtmdet_ins_tiny,24,0.8314,0.9516,0.9516,0,0.9835919646235781,0.9835919646235781,1.0,11,0,-0.5738990292086694,6,-1,0.7698411152643316
495157,274066,000000274066.jpg,FRONT,3,12,5618.3,117.3,-1,aic_coco_self,gt_box,gt_box,,,1.0,1.0,0,0.9881608670082872,0.9881608670082872,1.0,11,0,-0.5666734638252862,6,-1,0.7762037761071149
495157,274066,000000274066.jpg,FRONT,3,12,5618.3,117.3,-1,aic_coco_self,rtmdet_ins_tiny,rtmdet_ins_tiny,24,0.8314,0.9516,0.9516,0,0.9879471920038557,0.9879471920038557,1.0,11,0,-0.5683147794243415,6,-1,0.7820848261608797
495970,313588,000000313588.jpg,FRONT,3,16,28060.2,352.4,-1,body7_official,gt_box,gt_box,,,1.0,1.0,0,0.9824358232060734,0.9824358232060734,1.0,16,0,-0.36138481890201035,12,-1,0.92032649937798
495970,313588,000000313588.jpg,FRONT,3,16,28060.2,352.4,-1,body7_official,rtmdet_ins_tiny,rtmdet_ins_tiny,21,0.9209,0.9550,0.9550,0,0.9867230942951477,0.9867230942951477,1.0,16,0,-0.36291377304135697,12,-1,0.9118569914032432
495970,313588,000000313588.jpg,FRONT,3,16,28060.2,352.4,-1,body7_self,gt_box,gt_box,,,1.0,1.0,0,0.9824358232060734,0.9824358232060734,1.0,16,0,-0.36138481890201035,12,-1,0.9203264537979575
495970,313588,000000313588.jpg,FRONT,3,16,28060.2,352.4,-1,body7_self,rtmdet_ins_tiny,rtmdet_ins_tiny,21,0.9209,0.9550,0.9550,0,0.9867230942951477,0.9867230942951477,1.0,16,0,-0.36291377304135697,12,-1,0.911857058020199
495970,313588,000000313588.jpg,FRONT,3,16,28060.2,352.4,-1,aic_coco_self,gt_box,gt_box,,,1.0,1.0,0,0.985945767714777,0.985945767714777,1.0,16,0,-0.36042741970586617,12,-1,0.8763288189383114
495970,313588,000000313588.jpg,FRONT,3,16,28060.2,352.4,-1,aic_coco_self,rtmdet_ins_tiny,rtmdet_ins_tiny,21,0.9209,0.9550,0.9550,0,0.9852035708832716,0.9852035708832716,1.0,16,0,-0.36038113581605613,12,-1,0.8700509772581213
496953,210388,000000210388.jpg,REAR,0,11,7496.4,159.9,1,body7_official,gt_box,gt_box,,,1.0,1.0,0,0.952228114801587,0.952228114801587,1.0,9,0,-0.2840658396938588,8,1,0.581090534434599
496953,210388,000000210388.jpg,REAR,0,11,7496.4,159.9,1,body7_official,rtmdet_ins_tiny,rtmdet_ins_tiny,18,0.5871,0.6718,0.6718,0,0.9519131628534995,0.9519131628534995,1.0,9,0,-0.278956973311163,8,1,0.6356954241500181
496953,210388,000000210388.jpg,REAR,0,11,7496.4,159.9,1,body7_self,gt_box,gt_box,,,1.0,1.0,0,0.952228114801587,0.952228114801587,1.0,9,0,-0.2840658396938588,8,1,0.5810904923607322
496953,210388,000000210388.jpg,REAR,0,11,7496.4,159.9,1,body7_self,rtmdet_ins_tiny,rtmdet_ins_tiny,18,0.5871,0.6718,0.6718,0,0.9519131628534995,0.9519131628534995,1.0,9,0,-0.278956973311163,8,1,0.6356953154591953
496953,210388,000000210388.jpg,REAR,0,11,7496.4,159.9,1,aic_coco_self,gt_box,gt_box,,,1.0,1.0,0,0.9502800758548978,0.9502800758548978,1.0,9,0,-0.277202019068838,8,1,0.680654739632326
496953,210388,000000210388.jpg,REAR,0,11,7496.4,159.9,1,aic_coco_self,rtmdet_ins_tiny,rtmdet_ins_tiny,18,0.5871,0.6718,0.6718,0,0.9527537532910821,0.9527537532910821,1.0,9,0,-0.2773991875704817,8,1,0.7170329707510331
497982,566282,000000566282.jpg,FRONT,3,17,23351.4,340.2,-1,body7_official,gt_box,gt_box,,,1.0,1.0,0,0.9786122314917283,0.9786122314917283,1.0,15,0,-0.411055727734556,8,-1,0.9112684148199418
497982,566282,000000566282.jpg,FRONT,3,17,23351.4,340.2,-1,body7_official,rtmdet_ins_tiny,rtmdet_ins_tiny,14,0.9346,0.7325,0.7325,0,0.9749943351263866,0.9749943351263866,1.0,15,0,-0.4092553527355634,8,-1,0.9361947038594414
497982,566282,000000566282.jpg,FRONT,3,17,23351.4,340.2,-1,body7_self,gt_box,gt_box,,,1.0,1.0,0,0.9786122314917283,0.9786122314917283,1.0,15,0,-0.411055727734556,8,-1,0.9112684007953195
497982,566282,000000566282.jpg,FRONT,3,17,23351.4,340.2,-1,body7_self,rtmdet_ins_tiny,rtmdet_ins_tiny,14,0.9346,0.7325,0.7325,0,0.9749943351263866,0.9749943351263866,1.0,15,0,-0.4092553527355634,8,-1,0.9361946687978857
497982,566282,000000566282.jpg,FRONT,3,17,23351.4,340.2,-1,aic_coco_self,gt_box,gt_box,,,1.0,1.0,0,0.9794794942755901,0.9794794942755901,1.0,15,0,-0.41444146312519126,8,-1,0.8799723316641415
497982,566282,000000566282.jpg,FRONT,3,17,23351.4,340.2,-1,aic_coco_self,rtmdet_ins_tiny,rtmdet_ins_tiny,14,0.9346,0.7325,0.7325,0,0.9783080243781851,0.9783080243781851,1.0,15,0,-0.4144458069737677,8,-1,0.8918160235180574
499098,90891,000000090891.jpg,REAR,0,12,14712.3,184.0,-1,body7_official,gt_box,gt_box,,,1.0,1.0,0,0.8734353491009449,0.8734353491009449,1.0,10,0,-0.33968942182008893,10,-1,0.5787016223458683
499098,90891,000000090891.jpg,REAR,0,12,14712.3,184.0,-1,body7_official,rtmdet_ins_tiny,rtmdet_ins_tiny,5,0.4538,0.1266,0.8956,1,0.0030860425528937284,0.0030860425528937284,0.0,10,0,-0.007879038383763914,10,-1,0.6321597975843093
499098,90891,000000090891.jpg,REAR,0,12,14712.3,184.0,-1,body7_self,gt_box,gt_box,,,1.0,1.0,0,0.8734353491009449,0.8734353491009449,1.0,10,0,-0.33968942182008893,10,-1,0.5787016100743237
499098,90891,000000090891.jpg,REAR,0,12,14712.3,184.0,-1,body7_self,rtmdet_ins_tiny,rtmdet_ins_tiny,5,0.4538,0.1266,0.8956,1,0.0030860425528937284,0.0030860425528937284,0.0,10,0,-0.007879038383763914,10,-1,0.6321598186212427
499098,90891,000000090891.jpg,REAR,0,12,14712.3,184.0,-1,aic_coco_self,gt_box,gt_box,,,1.0,1.0,0,0.8716720392929759,0.8716720392929759,1.0,10,0,-0.3378403888799114,10,-1,0.6593646442188936
499098,90891,000000090891.jpg,REAR,0,12,14712.3,184.0,-1,aic_coco_self,rtmdet_ins_tiny,rtmdet_ins_tiny,5,0.4538,0.1266,0.8956,1,0.00234894688678842,0.00234894688678842,0.0,10,0,-0.008239075428796983,10,-1,0.7006779733826133
500347,18837,000000018837.jpg,OBLIQUE,2,12,2987.8,101.5,-1,body7_official,gt_box,gt_box,,,1.0,1.0,0,0.9756527872287002,0.9756527872287002,1.0,11,0,-0.42479129504453866,6,-1,0.5888022324618172
500347,18837,000000018837.jpg,OBLIQUE,2,12,2987.8,101.5,-1,body7_official,rtmdet_ins_tiny,rtmdet_ins_tiny,10,0.7689,0.7242,0.7242,0,0.9741006656303014,0.9741006656303014,1.0,11,0,-0.41970181098933423,6,-1,0.5710201263427734
500347,18837,000000018837.jpg,OBLIQUE,2,12,2987.8,101.5,-1,body7_self,gt_box,gt_box,,,1.0,1.0,0,0.9756527872287002,0.9756527872287002,1.0,11,0,-0.42479129504453866,6,-1,0.5888023586834178
500347,18837,000000018837.jpg,OBLIQUE,2,12,2987.8,101.5,-1,body7_self,rtmdet_ins_tiny,rtmdet_ins_tiny,10,0.7689,0.7242,0.7242,0,0.9741006656303014,0.9741006656303014,1.0,11,0,-0.41970181098933423,6,-1,0.5710199562942281
500347,18837,000000018837.jpg,OBLIQUE,2,12,2987.8,101.5,-1,aic_coco_self,gt_box,gt_box,,,1.0,1.0,0,0.9672061914004465,0.9672061914004465,1.0,11,0,-0.4236367478740792,6,-1,0.6062208589385537
500347,18837,000000018837.jpg,OBLIQUE,2,12,2987.8,101.5,-1,aic_coco_self,rtmdet_ins_tiny,rtmdet_ins_tiny,10,0.7689,0.7242,0.7242,0,0.96321801901927,0.96321801901927,1.0,11,0,-0.40635981540913607,6,-1,0.5876377961214851
501136,246883,000000246883.jpg,REAR,0,13,2765.8,129.0,1,body7_official,gt_box,gt_box,,,1.0,1.0,0,0.9530812226517716,0.9530812226517716,1.0,11,0,-0.1734218562028656,8,1,0.7715836623135734
501136,246883,000000246883.jpg,REAR,0,13,2765.8,129.0,1,body7_official,rtmdet_ins_tiny,rtmdet_ins_tiny,7,0.8258,0.9151,0.9151,0,0.9496544444208581,0.9496544444208581,1.0,11,0,-0.17562262840043025,8,1,0.7681132029084599
501136,246883,000000246883.jpg,REAR,0,13,2765.8,129.0,1,body7_self,gt_box,gt_box,,,1.0,1.0,0,0.9530812226517716,0.9530812226517716,1.0,11,0,-0.1734218562028656,8,1,0.7715836798443514
501136,246883,000000246883.jpg,REAR,0,13,2765.8,129.0,1,body7_self,rtmdet_ins_tiny,rtmdet_ins_tiny,7,0.8258,0.9151,0.9151,0,0.9496544444208581,0.9496544444208581,1.0,11,0,-0.17562262840043025,8,1,0.7681132870561936
501136,246883,000000246883.jpg,REAR,0,13,2765.8,129.0,1,aic_coco_self,gt_box,gt_box,,,1.0,1.0,0,0.9474833625958858,0.9474833625958858,1.0,11,0,-0.1681164388061639,8,1,0.7943035399212557
501136,246883,000000246883.jpg,REAR,0,13,2765.8,129.0,1,aic_coco_self,rtmdet_ins_tiny,rtmdet_ins_tiny,7,0.8258,0.9151,0.9151,0,0.951135652532642,0.951135652532642,1.0,11,0,-0.17107375313932977,8,1,0.7840172578306759
501462,334719,000000334719.jpg,REAR,0,14,6088.2,158.9,1,body7_official,gt_box,gt_box,,,1.0,1.0,0,0.9816395653291995,0.9816395653291995,1.0,14,0,-0.4522068081642047,12,1,0.7775379033649669
501462,334719,000000334719.jpg,REAR,0,14,6088.2,158.9,1,body7_official,rtmdet_ins_tiny,rtmdet_ins_tiny,8,0.8951,0.9600,0.9600,0,0.9823646759697198,0.9823646759697198,1.0,14,0,-0.4530358077183709,12,1,0.7818357278318966
501462,334719,000000334719.jpg,REAR,0,14,6088.2,158.9,1,body7_self,gt_box,gt_box,,,1.0,1.0,0,0.9816395653291995,0.9816395653291995,1.0,14,0,-0.4522068081642047,12,1,0.7775378753157223
501462,334719,000000334719.jpg,REAR,0,14,6088.2,158.9,1,body7_self,rtmdet_ins_tiny,rtmdet_ins_tiny,8,0.8951,0.9600,0.9600,0,0.9823646759697198,0.9823646759697198,1.0,14,0,-0.4530358077183709,12,1,0.7818357523749856
501462,334719,000000334719.jpg,REAR,0,14,6088.2,158.9,1,aic_coco_self,gt_box,gt_box,,,1.0,1.0,0,0.9842934822643195,0.9842934822643195,1.0,14,0,-0.4516645466667306,12,1,0.8418279956368839
501462,334719,000000334719.jpg,REAR,0,14,6088.2,158.9,1,aic_coco_self,rtmdet_ins_tiny,rtmdet_ins_tiny,8,0.8951,0.9600,0.9600,0,0.9856338261761654,0.9856338261761654,1.0,14,0,-0.4520455982055567,12,1,0.8418728043051327
502158,561958,000000561958.jpg,PROFILE,1,13,2778.8,102.5,1,body7_official,gt_box,gt_box,,,1.0,1.0,0,0.9084078566844048,0.9084078566844048,1.0,13,0,-0.34244576518763287,10,1,0.6396329297738916
502158,561958,000000561958.jpg,PROFILE,1,13,2778.8,102.5,1,body7_official,rtmdet_ins_tiny,rtmdet_ins_tiny,32,0.7809,0.8876,0.8876,0,0.8926590444457196,0.8926590444457196,1.0,13,0,-0.34025537390140564,10,1,0.7008005520876717
502158,561958,000000561958.jpg,PROFILE,1,13,2778.8,102.5,1,body7_self,gt_box,gt_box,,,1.0,1.0,0,0.9084078566844048,0.9084078566844048,1.0,13,0,-0.34244576518763287,10,1,0.6396328386138467
502158,561958,000000561958.jpg,PROFILE,1,13,2778.8,102.5,1,body7_self,rtmdet_ins_tiny,rtmdet_ins_tiny,32,0.7809,0.8876,0.8876,0,0.8926590444457196,0.8926590444457196,1.0,13,0,-0.34025537390140564,10,1,0.7008004889768713
502158,561958,000000561958.jpg,PROFILE,1,13,2778.8,102.5,1,aic_coco_self,gt_box,gt_box,,,1.0,1.0,0,0.9290712182453402,0.9290712182453402,1.0,13,0,-0.3386784691473554,10,1,0.7882792458814734
502158,561958,000000561958.jpg,PROFILE,1,13,2778.8,102.5,1,aic_coco_self,rtmdet_ins_tiny,rtmdet_ins_tiny,32,0.7809,0.8876,0.8876,0,0.9251973611169981,0.9251973611169981,1.0,13,0,-0.335211268131917,10,1,0.7701206803321838
502702,526728,000000526728.jpg,FRONT,3,17,5907.5,130.6,-1,body7_official,gt_box,gt_box,,,1.0,1.0,0,0.8771143121802051,0.8771143121802051,0.9166666666666666,12,0,-0.3206162896163544,6,-1,0.6878302570651559
502702,526728,000000526728.jpg,FRONT,3,17,5907.5,130.6,-1,body7_official,rtmdet_ins_tiny,rtmdet_ins_tiny,5,0.8522,0.8369,0.8369,0,0.8931778890789693,0.8931778890789693,1.0,12,0,-0.33738074082318315,6,-1,0.7205460124156055
502702,526728,000000526728.jpg,FRONT,3,17,5907.5,130.6,-1,body7_self,gt_box,gt_box,,,1.0,1.0,0,0.8771143121802051,0.8771143121802051,0.9166666666666666,12,0,-0.3206162896163544,6,-1,0.6878302290159113
502702,526728,000000526728.jpg,FRONT,3,17,5907.5,130.6,-1,body7_self,rtmdet_ins_tiny,rtmdet_ins_tiny,5,0.8522,0.8369,0.8369,0,0.8931778890789693,0.8931778890789693,1.0,12,0,-0.33738074082318315,6,-1,0.720546015921761
502702,526728,000000526728.jpg,FRONT,3,17,5907.5,130.6,-1,aic_coco_self,gt_box,gt_box,,,1.0,1.0,0,0.8983469855794737,0.8983469855794737,1.0,12,0,-0.3459550430811353,6,-1,0.713468570043059
502702,526728,000000526728.jpg,FRONT,3,17,5907.5,130.6,-1,aic_coco_self,rtmdet_ins_tiny,rtmdet_ins_tiny,5,0.8522,0.8369,0.8369,0,0.8823278692879301,0.8823278692879301,1.0,12,0,-0.32525334641407816,6,-1,0.7450074202874127
503094,437239,000000437239.jpg,FRONT,3,14,8739.7,233.1,1,body7_official,gt_box,gt_box,,,1.0,1.0,0,0.9462989940031955,0.9462989940031955,1.0,14,0,-0.11912711348806233,8,1,0.7553758218007929
503094,437239,000000437239.jpg,FRONT,3,14,8739.7,233.1,1,body7_official,rtmdet_ins_tiny,rtmdet_ins_tiny,19,0.8011,0.8198,0.8198,0,0.9569517701916295,0.9569517701916295,1.0,14,0,-0.12364940530862421,8,1,0.7628456511918236
503094,437239,000000437239.jpg,FRONT,3,14,8739.7,233.1,1,body7_self,gt_box,gt_box,,,1.0,1.0,0,0.9462989940031955,0.9462989940031955,1.0,14,0,-0.11912711348806233,8,1,0.7553758586154264
503094,437239,000000437239.jpg,FRONT,3,14,8739.7,233.1,1,body7_self,rtmdet_ins_tiny,rtmdet_ins_tiny,19,0.8011,0.8198,0.8198,0,0.9569517701916295,0.9569517701916295,1.0,14,0,-0.12364940530862421,8,1,0.7628456774879905
503094,437239,000000437239.jpg,FRONT,3,14,8739.7,233.1,1,aic_coco_self,gt_box,gt_box,,,1.0,1.0,0,0.9592729726967455,0.9592729726967455,1.0,14,0,-0.12661793912228703,8,1,0.7848090669688057
503094,437239,000000437239.jpg,FRONT,3,14,8739.7,233.1,1,aic_coco_self,rtmdet_ins_tiny,rtmdet_ins_tiny,19,0.8011,0.8198,0.8198,0,0.9576539029992729,0.9576539029992729,1.0,14,0,-0.12439124401639368,8,1,0.7831671833992004
504957,572900,000000572900.jpg,FRONT,3,16,7982.3,206.4,-1,body7_official,gt_box,gt_box,,,1.0,1.0,0,0.980280107905257,0.980280107905257,1.0,16,0,-0.5709281912137782,12,-1,0.929062008857727
504957,572900,000000572900.jpg,FRONT,3,16,7982.3,206.4,-1,body7_official,rtmdet_ins_tiny,rtmdet_ins_tiny,21,0.9193,0.9550,0.9550,0,0.9753621649370903,0.9753621649370903,1.0,16,0,-0.5611634555990602,12,-1,0.9387259763829848
504957,572900,000000572900.jpg,FRONT,3,16,7982.3,206.4,-1,body7_self,gt_box,gt_box,,,1.0,1.0,0,0.980280107905257,0.980280107905257,1.0,16,0,-0.5709281912137782,12,-1,0.9290618300437927
504957,572900,000000572900.jpg,FRONT,3,16,7982.3,206.4,-1,body7_self,rtmdet_ins_tiny,rtmdet_ins_tiny,21,0.9193,0.9550,0.9550,0,0.9753621649370903,0.9753621649370903,1.0,16,0,-0.5611634555990602,12,-1,0.9387258992475622
504957,572900,000000572900.jpg,FRONT,3,16,7982.3,206.4,-1,aic_coco_self,gt_box,gt_box,,,1.0,1.0,0,0.9787641060542638,0.9787641060542638,1.0,16,0,-0.5662942629630098,12,-1,0.9054441136472365
504957,572900,000000572900.jpg,FRONT,3,16,7982.3,206.4,-1,aic_coco_self,rtmdet_ins_tiny,rtmdet_ins_tiny,21,0.9193,0.9550,0.9550,0,0.9781924759580057,0.9781924759580057,1.0,16,0,-0.5627995626641928,12,-1,0.9087718094096464
505489,517056,000000517056.jpg,FRONT,3,14,36018.8,317.5,-1,body7_official,gt_box,gt_box,,,1.0,1.0,0,0.9770929328489394,0.9770929328489394,1.0,12,0,-0.4602921143698293,8,-1,0.7154301440014559
505489,517056,000000517056.jpg,FRONT,3,14,36018.8,317.5,-1,body7_official,rtmdet_ins_tiny,rtmdet_ins_tiny,6,0.9039,0.9424,0.9424,0,0.9789502040603848,0.9789502040603848,1.0,12,0,-0.4656624985552001,8,-1,0.7169221814940957
505489,517056,000000517056.jpg,FRONT,3,14,36018.8,317.5,-1,body7_self,gt_box,gt_box,,,1.0,1.0,0,0.9770929328489394,0.9770929328489394,1.0,12,0,-0.4602921143698293,8,-1,0.7154301440014559
505489,517056,000000517056.jpg,FRONT,3,14,36018.8,317.5,-1,body7_self,rtmdet_ins_tiny,rtmdet_ins_tiny,6,0.9039,0.9424,0.9424,0,0.9789502040603848,0.9789502040603848,1.0,12,0,-0.4656624985552001,8,-1,0.7169221604571623
505489,517056,000000517056.jpg,FRONT,3,14,36018.8,317.5,-1,aic_coco_self,gt_box,gt_box,,,1.0,1.0,0,0.976993665931249,0.976993665931249,1.0,12,0,-0.46325973434771334,8,-1,0.71804519961862
505489,517056,000000517056.jpg,FRONT,3,14,36018.8,317.5,-1,aic_coco_self,rtmdet_ins_tiny,rtmdet_ins_tiny,6,0.9039,0.9424,0.9424,0,0.9786014326349036,0.9786014326349036,1.0,12,0,-0.462060120317706,8,-1,0.7231116154614616
506412,276804,000000276804.jpg,REAR,0,12,2237.1,111.3,1,body7_official,gt_box,gt_box,,,1.0,1.0,0,0.9500431609566581,0.9500431609566581,1.0,12,0,-0.04784337644910162,12,1,0.7317657470703125
506412,276804,000000276804.jpg,REAR,0,12,2237.1,111.3,1,body7_official,rtmdet_ins_tiny,rtmdet_ins_tiny,21,0.9011,0.9171,0.9171,0,0.9422036164019936,0.9422036164019936,1.0,12,0,-0.04691693705657531,12,1,0.7364592411938835
506412,276804,000000276804.jpg,REAR,0,12,2237.1,111.3,1,body7_self,gt_box,gt_box,,,1.0,1.0,0,0.9500431609566581,0.9500431609566581,1.0,12,0,-0.04784337644910162,12,1,0.731765817193424
506412,276804,000000276804.jpg,REAR,0,12,2237.1,111.3,1,body7_self,rtmdet_ins_tiny,rtmdet_ins_tiny,21,0.9011,0.9171,0.9171,0,0.9422036164019936,0.9422036164019936,1.0,12,0,-0.04691693705657531,12,1,0.7364591325030607
506412,276804,000000276804.jpg,REAR,0,12,2237.1,111.3,1,aic_coco_self,gt_box,gt_box,,,1.0,1.0,0,0.9522691519556962,0.9522691519556962,1.0,12,0,-0.058516325422327,12,1,0.7330727156470803
506412,276804,000000276804.jpg,REAR,0,12,2237.1,111.3,1,aic_coco_self,rtmdet_ins_tiny,rtmdet_ins_tiny,21,0.9011,0.9171,0.9171,0,0.9446214301179393,0.9446214301179393,1.0,12,0,-0.050448180487307814,12,1,0.7492546930032618
507434,262048,000000262048.jpg,REAR,0,12,25825.0,202.9,1,body7_official,gt_box,gt_box,,,1.0,1.0,0,0.8036230976651246,0.8036230976651246,0.8181818181818182,11,0,-0.6160105926613637,10,1,0.5020749849431655
507434,262048,000000262048.jpg,REAR,0,12,25825.0,202.9,1,body7_official,rtmdet_ins_tiny,rtmdet_ins_tiny,35,0.3863,0.7468,0.7468,0,0.8450375280988749,0.8450375280988749,0.9090909090909091,11,0,-0.6408413033465332,10,1,0.4958539508721408
507434,262048,000000262048.jpg,REAR,0,12,25825.0,202.9,1,body7_self,gt_box,gt_box,,,1.0,1.0,0,0.8036230976651246,0.8036230976651246,0.8181818181818182,11,0,-0.6160105926613637,10,1,0.5020751760286444
507434,262048,000000262048.jpg,REAR,0,12,25825.0,202.9,1,body7_self,rtmdet_ins_tiny,rtmdet_ins_tiny,35,0.3863,0.7468,0.7468,0,0.8450375280988749,0.8450375280988749,0.9090909090909091,11,0,-0.6408413033465332,10,1,0.4958538220209234
507434,262048,000000262048.jpg,REAR,0,12,25825.0,202.9,1,aic_coco_self,gt_box,gt_box,,,1.0,1.0,0,0.8577024737239143,0.8577024737239143,0.9090909090909091,11,0,-0.6385842330143491,10,1,0.6041652516407126
507434,262048,000000262048.jpg,REAR,0,12,25825.0,202.9,1,aic_coco_self,rtmdet_ins_tiny,rtmdet_ins_tiny,35,0.3863,0.7468,0.7468,0,0.8579493372078428,0.8579493372078428,0.9090909090909091,11,0,-0.6119621629305055,10,1,0.47024285617996664
507939,21903,000000021903.jpg,REAR,0,9,16552.2,250.2,1,body7_official,gt_box,gt_box,,,1.0,1.0,0,0.8757611443584872,0.8757611443584872,0.8888888888888888,9,0,-0.46482152426434153,8,-1,0.7642781418912551
507939,21903,000000021903.jpg,REAR,0,9,16552.2,250.2,1,body7_official,rtmdet_ins_tiny,rtmdet_ins_tiny,9,0.8714,0.8931,0.8931,0,0.8606026576342544,0.8606026576342544,0.8888888888888888,9,0,-0.4600942579059391,8,-1,0.7615564570707434
507939,21903,000000021903.jpg,REAR,0,9,16552.2,250.2,1,body7_self,gt_box,gt_box,,,1.0,1.0,0,0.8757611443584872,0.8757611443584872,0.8888888888888888,9,0,-0.46482152426434153,8,-1,0.7642780682619881
507939,21903,000000021903.jpg,REAR,0,9,16552.2,250.2,1,body7_self,rtmdet_ins_tiny,rtmdet_ins_tiny,9,0.8714,0.8931,0.8931,0,0.8606026576342544,0.8606026576342544,0.8888888888888888,9,0,-0.4600942579059391,8,-1,0.761556485119988
507939,21903,000000021903.jpg,REAR,0,9,16552.2,250.2,1,aic_coco_self,gt_box,gt_box,,,1.0,1.0,0,0.887680594632196,0.887680594632196,0.8888888888888888,9,0,-0.4741499055537833,8,-1,0.7710210277753717
507939,21903,000000021903.jpg,REAR,0,9,16552.2,250.2,1,aic_coco_self,rtmdet_ins_tiny,rtmdet_ins_tiny,9,0.8714,0.8931,0.8931,0,0.8830514920802349,0.8830514920802349,0.8888888888888888,9,0,-0.47299261205187676,8,-1,0.7741978659349329
508944,54593,000000054593.jpg,FRONT,3,15,5245.9,129.5,-1,body7_official,gt_box,gt_box,,,1.0,1.0,0,0.9378864571135505,0.9378864571135505,1.0,15,0,-0.37118432660044376,10,-1,0.6339135853683248
508944,54593,000000054593.jpg,FRONT,3,15,5245.9,129.5,-1,body7_official,rtmdet_ins_tiny,rtmdet_ins_tiny,35,0.5498,0.9183,0.9183,0,0.9388838156009788,0.9388838156009788,1.0,15,0,-0.3746789297355099,10,-1,0.6274251639842987
508944,54593,000000054593.jpg,FRONT,3,15,5245.9,129.5,-1,body7_self,gt_box,gt_box,,,1.0,1.0,0,0.9378864571135505,0.9378864571135505,1.0,15,0,-0.37118432660044376,10,-1,0.6339133942828459
508944,54593,000000054593.jpg,FRONT,3,15,5245.9,129.5,-1,body7_self,rtmdet_ins_tiny,rtmdet_ins_tiny,35,0.5498,0.9183,0.9183,0,0.9388838156009788,0.9388838156009788,1.0,15,0,-0.3746789297355099,10,-1,0.6274250237380757
508944,54593,000000054593.jpg,FRONT,3,15,5245.9,129.5,-1,aic_coco_self,gt_box,gt_box,,,1.0,1.0,0,0.9362433951635036,0.9362433951635036,1.0,15,0,-0.3637179436208842,10,-1,0.6635678568307091
508944,54593,000000054593.jpg,FRONT,3,15,5245.9,129.5,-1,aic_coco_self,rtmdet_ins_tiny,rtmdet_ins_tiny,35,0.5498,0.9183,0.9183,0,0.9381664068107832,0.9381664068107832,1.0,15,0,-0.36628822844999653,10,-1,0.7006386939217063
510005,442456,000000442456.jpg,OBLIQUE,2,12,2098.9,108.2,1,body7_official,gt_box,gt_box,,,1.0,1.0,0,0.9717214379287394,0.9717214379287394,1.0,12,0,-0.21386097709657909,8,1,0.7411287199048435
510005,442456,000000442456.jpg,OBLIQUE,2,12,2098.9,108.2,1,body7_official,rtmdet_ins_tiny,rtmdet_ins_tiny,9,0.8713,0.9646,0.9646,0,0.9634465308076208,0.9634465308076208,1.0,12,0,-0.21858213483980682,8,1,0.7440803366548875
510005,442456,000000442456.jpg,OBLIQUE,2,12,2098.9,108.2,1,body7_self,gt_box,gt_box,,,1.0,1.0,0,0.9717214379287394,0.9717214379287394,1.0,12,0,-0.21386097709657909,8,1,0.7411286322509542
510005,442456,000000442456.jpg,OBLIQUE,2,12,2098.9,108.2,1,body7_self,rtmdet_ins_tiny,rtmdet_ins_tiny,9,0.8713,0.9646,0.9646,0,0.9634465308076208,0.9634465308076208,1.0,12,0,-0.21858213483980682,8,1,0.7440803822349099
510005,442456,000000442456.jpg,OBLIQUE,2,12,2098.9,108.2,1,aic_coco_self,gt_box,gt_box,,,1.0,1.0,0,0.969282174434959,0.969282174434959,1.0,12,0,-0.21670208955299808,8,1,0.7495424046235926
510005,442456,000000442456.jpg,OBLIQUE,2,12,2098.9,108.2,1,aic_coco_self,rtmdet_ins_tiny,rtmdet_ins_tiny,9,0.8713,0.9646,0.9646,0,0.9634112263366553,0.9634112263366553,1.0,12,0,-0.2167781398900679,8,1,0.754017850931953
510727,281754,000000281754.jpg,FRONT,3,16,34026.6,432.4,-1,body7_official,gt_box,gt_box,,,1.0,1.0,0,0.9768915571002842,0.9768915571002842,1.0,15,0,-0.1777426174211573,10,-1,0.8701128433732426
510727,281754,000000281754.jpg,FRONT,3,16,34026.6,432.4,-1,body7_official,rtmdet_ins_tiny,rtmdet_ins_tiny,19,0.8480,0.8845,0.8845,0,0.9756302470468152,0.9756302470468152,1.0,15,0,-0.17685877819438256,10,-1,0.8869703131563523
510727,281754,000000281754.jpg,FRONT,3,16,34026.6,432.4,-1,body7_self,gt_box,gt_box,,,1.0,1.0,0,0.9768915571002842,0.9768915571002842,1.0,15,0,-0.1777426174211573,10,-1,0.870112773250131
510727,281754,000000281754.jpg,FRONT,3,16,34026.6,432.4,-1,body7_self,rtmdet_ins_tiny,rtmdet_ins_tiny,19,0.8480,0.8845,0.8845,0,0.9756302470468152,0.9756302470468152,1.0,15,0,-0.17685877819438256,10,-1,0.8869704358717975
510727,281754,000000281754.jpg,FRONT,3,16,34026.6,432.4,-1,aic_coco_self,gt_box,gt_box,,,1.0,1.0,0,0.9746554027463705,0.9746554027463705,1.0,15,0,-0.17290870262570254,10,-1,0.894399551784291
510727,281754,000000281754.jpg,FRONT,3,16,34026.6,432.4,-1,aic_coco_self,rtmdet_ins_tiny,rtmdet_ins_tiny,19,0.8480,0.8845,0.8845,0,0.9713829679830636,0.9713829679830636,1.0,15,0,-0.17603848703714453,10,-1,0.9017504173166612
512580,253742,000000253742.jpg,REAR,0,16,2472.3,111.7,-1,body7_official,gt_box,gt_box,,,1.0,1.0,0,0.9670915698263322,0.9670915698263322,1.0,12,0,-0.3272873681963483,10,-1,0.7759670650257784
512580,253742,000000253742.jpg,REAR,0,16,2472.3,111.7,-1,body7_official,rtmdet_ins_tiny,rtmdet_ins_tiny,27,0.8602,0.8439,0.8439,0,0.9650367769120307,0.9650367769120307,1.0,12,0,-0.3277641438829123,10,-1,0.7989285202587352
512580,253742,000000253742.jpg,REAR,0,16,2472.3,111.7,-1,body7_self,gt_box,gt_box,,,1.0,1.0,0,0.9670915698263322,0.9670915698263322,1.0,12,0,-0.3272873681963483,10,-1,0.7759671316427343
512580,253742,000000253742.jpg,REAR,0,16,2472.3,111.7,-1,body7_self,rtmdet_ins_tiny,rtmdet_ins_tiny,27,0.8602,0.8439,0.8439,0,0.9650367769120307,0.9650367769120307,1.0,12,0,-0.3277641438829123,10,-1,0.7989285903818467
512580,253742,000000253742.jpg,REAR,0,16,2472.3,111.7,-1,aic_coco_self,gt_box,gt_box,,,1.0,1.0,0,0.9763046705485472,0.9763046705485472,1.0,12,0,-0.33195796503403513,10,-1,0.7908975481987
512580,253742,000000253742.jpg,REAR,0,16,2472.3,111.7,-1,aic_coco_self,rtmdet_ins_tiny,rtmdet_ins_tiny,27,0.8602,0.8439,0.8439,0,0.9693938898606813,0.9693938898606813,1.0,12,0,-0.32786483183489495,10,-1,0.7853369747891146
513591,185890,000000185890.jpg,FRONT,3,17,39936.1,453.4,-1,body7_official,gt_box,gt_box,,,1.0,1.0,0,0.9315631883189694,0.9315631883189694,1.0,17,0,-0.49147916920715995,12,-1,0.8880644300404716
513591,185890,000000185890.jpg,FRONT,3,17,39936.1,453.4,-1,body7_official,rtmdet_ins_tiny,rtmdet_ins_tiny,11,0.9116,0.9502,0.9502,0,0.9238058947009233,0.9238058947009233,1.0,17,0,-0.4926476324349636,12,-1,0.8897954435909495
513591,185890,000000185890.jpg,FRONT,3,17,39936.1,453.4,-1,body7_self,gt_box,gt_box,,,1.0,1.0,0,0.9315631883189694,0.9315631883189694,1.0,17,0,-0.49147916920715995,12,-1,0.8880644826328054
513591,185890,000000185890.jpg,FRONT,3,17,39936.1,453.4,-1,body7_self,rtmdet_ins_tiny,rtmdet_ins_tiny,11,0.9116,0.9502,0.9502,0,0.9238058947009233,0.9238058947009233,1.0,17,0,-0.4926476324349636,12,-1,0.8897953980109271
513591,185890,000000185890.jpg,FRONT,3,17,39936.1,453.4,-1,aic_coco_self,gt_box,gt_box,,,1.0,1.0,0,0.9328168513046246,0.9328168513046246,1.0,17,0,-0.49268832367855964,12,-1,0.9003669339067796
513591,185890,000000185890.jpg,FRONT,3,17,39936.1,453.4,-1,aic_coco_self,rtmdet_ins_tiny,rtmdet_ins_tiny,11,0.9116,0.9502,0.9502,0,0.9334633619036437,0.9334633619036437,1.0,17,0,-0.4924393945925756,12,-1,0.9063410899218391
514270,510095,000000510095.jpg,PROFILE,1,16,10965.2,229.0,-1,body7_official,gt_box,gt_box,,,1.0,1.0,0,0.9649670154492919,0.9649670154492919,1.0,13,0,-0.40255280764567886,10,-1,0.863320694250219
514270,510095,000000510095.jpg,PROFILE,1,16,10965.2,229.0,-1,body7_official,rtmdet_ins_tiny,rtmdet_ins_tiny,4,0.9033,0.9635,0.9635,0,0.9683201742186516,0.9683201742186516,1.0,13,0,-0.40699398822634775,10,-1,0.8634183512014502
514270,510095,000000510095.jpg,PROFILE,1,16,10965.2,229.0,-1,body7_self,gt_box,gt_box,,,1.0,1.0,0,0.9649670154492919,0.9649670154492919,1.0,13,0,-0.40255280764567886,10,-1,0.8633206521763521
514270,510095,000000510095.jpg,PROFILE,1,16,10965.2,229.0,-1,body7_self,rtmdet_ins_tiny,rtmdet_ins_tiny,4,0.9033,0.9635,0.9635,0,0.9683201742186516,0.9683201742186516,1.0,13,0,-0.40699398822634775,10,-1,0.8634184353491839
514270,510095,000000510095.jpg,PROFILE,1,16,10965.2,229.0,-1,aic_coco_self,gt_box,gt_box,,,1.0,1.0,0,0.9700470120408932,0.9700470120408932,1.0,13,0,-0.40569905114378485,10,-1,0.8770527699414421
514270,510095,000000510095.jpg,PROFILE,1,16,10965.2,229.0,-1,aic_coco_self,rtmdet_ins_tiny,rtmdet_ins_tiny,4,0.9033,0.9635,0.9635,0,0.9706079702721961,0.9706079702721961,1.0,13,0,-0.4092038488460826,10,-1,0.8803703749881071
514927,378116,000000378116.jpg,FRONT,3,16,6246.2,174.1,-1,body7_official,gt_box,gt_box,,,1.0,1.0,0,0.9106180924391546,0.9106180924391546,1.0,15,0,-0.32329970844662365,10,-1,0.7995991531540366
514927,378116,000000378116.jpg,FRONT,3,16,6246.2,174.1,-1,body7_official,rtmdet_ins_tiny,rtmdet_ins_tiny,4,0.6968,0.8292,0.8292,0,0.9188594511905077,0.9188594511905077,1.0,15,0,-0.3288909991483323,10,-1,0.7975174539229449
514927,378116,000000378116.jpg,FRONT,3,16,6246.2,174.1,-1,body7_self,gt_box,gt_box,,,1.0,1.0,0,0.9106180924391546,0.9106180924391546,1.0,15,0,-0.32329970844662365,10,-1,0.7995991215986364
514927,378116,000000378116.jpg,FRONT,3,16,6246.2,174.1,-1,body7_self,rtmdet_ins_tiny,rtmdet_ins_tiny,4,0.6968,0.8292,0.8292,0,0.9188594511905077,0.9188594511905077,1.0,15,0,-0.3288909991483323,10,-1,0.7975174644414116
514927,378116,000000378116.jpg,FRONT,3,16,6246.2,174.1,-1,aic_coco_self,gt_box,gt_box,,,1.0,1.0,0,0.9271798053897263,0.9271798053897263,1.0,15,0,-0.33171319537347954,10,-1,0.8370985108263352
514927,378116,000000378116.jpg,FRONT,3,16,6246.2,174.1,-1,aic_coco_self,rtmdet_ins_tiny,rtmdet_ins_tiny,4,0.6968,0.8292,0.8292,0,0.9146045180678478,0.9146045180678478,1.0,15,0,-0.33337722224540295,10,-1,0.8275893996743595
516503,574520,000000574520.jpg,OBLIQUE,2,13,5184.6,123.2,1,body7_official,gt_box,gt_box,,,1.0,1.0,0,0.3899120623751083,0.8240592798585135,0.8333333333333334,12,1,0.9193488319504884,8,1,0.6459483714664683
516503,574520,000000574520.jpg,OBLIQUE,2,13,5184.6,123.2,1,body7_official,rtmdet_ins_tiny,rtmdet_ins_tiny,17,0.5771,0.8989,0.8989,0,0.3906526509825539,0.820840738717837,0.8333333333333334,12,1,0.9138306701291392,8,1,0.6506809399408453
516503,574520,000000574520.jpg,OBLIQUE,2,13,5184.6,123.2,1,body7_self,gt_box,gt_box,,,1.0,1.0,0,0.3899120623751083,0.8240592798585135,0.8333333333333334,12,1,0.9193488319504884,8,1,0.6459485362557804
516503,574520,000000574520.jpg,OBLIQUE,2,13,5184.6,123.2,1,body7_self,rtmdet_ins_tiny,rtmdet_ins_tiny,17,0.5771,0.8989,0.8989,0,0.3906526509825539,0.820840738717837,0.8333333333333334,12,1,0.9138306701291392,8,1,0.6506808365092558
516503,574520,000000574520.jpg,OBLIQUE,2,13,5184.6,123.2,1,aic_coco_self,gt_box,gt_box,,,1.0,1.0,0,0.38240411150586956,0.7819094229769581,0.8333333333333334,12,1,0.9023931245927789,8,1,0.6794281899929047
516503,574520,000000574520.jpg,OBLIQUE,2,13,5184.6,123.2,1,aic_coco_self,rtmdet_ins_tiny,rtmdet_ins_tiny,17,0.5771,0.8989,0.8989,0,0.38095978488667637,0.712031136049434,0.75,12,1,0.8881500112805435,8,1,0.6612838173613829
518157,234607,000000234607.jpg,FRONT,3,14,42740.7,389.0,-1,body7_official,gt_box,gt_box,,,1.0,1.0,0,0.9794323983769687,0.9794323983769687,1.0,14,0,-0.5844958446895795,8,-1,0.7755370034891016
518157,234607,000000234607.jpg,FRONT,3,14,42740.7,389.0,-1,body7_official,rtmdet_ins_tiny,rtmdet_ins_tiny,12,0.8583,0.9072,0.9072,0,0.9834157726402857,0.9834157726402857,1.0,14,0,-0.5800298839021181,8,-1,0.7816643153919893
518157,234607,000000234607.jpg,FRONT,3,14,42740.7,389.0,-1,body7_self,gt_box,gt_box,,,1.0,1.0,0,0.9794323983769687,0.9794323983769687,1.0,14,0,-0.5844958446895795,8,-1,0.7755369544029236
518157,234607,000000234607.jpg,FRONT,3,14,42740.7,389.0,-1,body7_self,rtmdet_ins_tiny,rtmdet_ins_tiny,12,0.8583,0.9072,0.9072,0,0.9834157726402857,0.9834157726402857,1.0,14,0,-0.5800298839021181,8,-1,0.7816644310951233
518157,234607,000000234607.jpg,FRONT,3,14,42740.7,389.0,-1,aic_coco_self,gt_box,gt_box,,,1.0,1.0,0,0.9708420489975017,0.9708420489975017,1.0,14,0,-0.5761027671661514,8,-1,0.8102451212265912
518157,234607,000000234607.jpg,FRONT,3,14,42740.7,389.0,-1,aic_coco_self,rtmdet_ins_tiny,rtmdet_ins_tiny,12,0.8583,0.9072,0.9072,0,0.9675579767653399,0.9675579767653399,1.0,14,0,-0.5707108129638406,8,-1,0.8092595093390521
519484,168974,000000168974.jpg,FRONT,3,15,74680.7,407.9,-1,body7_official,gt_box,gt_box,,,1.0,1.0,0,0.9583740311065085,0.9583740311065085,1.0,15,0,-0.35558748435145315,10,-1,0.7865039671168608
519484,168974,000000168974.jpg,FRONT,3,15,74680.7,407.9,-1,body7_official,rtmdet_ins_tiny,rtmdet_ins_tiny,1,0.8786,0.9272,0.9272,0,0.9524113774350244,0.9524113774350244,1.0,15,0,-0.3588976256298685,10,-1,0.7991505054866567
519484,168974,000000168974.jpg,FRONT,3,15,74680.7,407.9,-1,body7_self,gt_box,gt_box,,,1.0,1.0,0,0.9583740311065085,0.9583740311065085,1.0,15,0,-0.35558748435145315,10,-1,0.7865040091907277
519484,168974,000000168974.jpg,FRONT,3,15,74680.7,407.9,-1,body7_self,rtmdet_ins_tiny,rtmdet_ins_tiny,1,0.8786,0.9272,0.9272,0,0.9524113774350244,0.9524113774350244,1.0,15,0,-0.3588976256298685,10,-1,0.7991504879558787
519484,168974,000000168974.jpg,FRONT,3,15,74680.7,407.9,-1,aic_coco_self,gt_box,gt_box,,,1.0,1.0,0,0.9646672979962109,0.9646672979962109,1.0,15,0,-0.3633369803024628,10,-1,0.7947288295801949
519484,168974,000000168974.jpg,FRONT,3,15,74680.7,407.9,-1,aic_coco_self,rtmdet_ins_tiny,rtmdet_ins_tiny,1,0.8786,0.9272,0.9272,0,0.9585058742808629,0.9585058742808629,1.0,15,0,-0.3612823210444663,10,-1,0.7946877339306999
521171,83172,000000083172.jpg,REAR,0,12,3021.6,110.1,-1,body7_official,gt_box,gt_box,,,1.0,1.0,0,0.8662023747431985,0.8662023747431985,1.0,12,0,-0.3015682104766954,12,-1,0.7458627925199621
521171,83172,000000083172.jpg,REAR,0,12,3021.6,110.1,-1,body7_official,rtmdet_ins_tiny,rtmdet_ins_tiny,7,0.8033,0.9435,0.9435,0,0.8765917453543007,0.8765917453543007,1.0,12,0,-0.30211004484536286,12,-1,0.7482662867097294
521171,83172,000000083172.jpg,REAR,0,12,3021.6,110.1,-1,body7_self,gt_box,gt_box,,,1.0,1.0,0,0.8662023747431985,0.8662023747431985,1.0,12,0,-0.3015682104766954,12,-1,0.7458627925199621
521171,83172,000000083172.jpg,REAR,0,12,3021.6,110.1,-1,body7_self,rtmdet_ins_tiny,rtmdet_ins_tiny,7,0.8033,0.9435,0.9435,0,0.8765917453543007,0.8765917453543007,1.0,12,0,-0.30211004484536286,12,-1,0.7482663112528184
521171,83172,000000083172.jpg,REAR,0,12,3021.6,110.1,-1,aic_coco_self,gt_box,gt_box,,,1.0,1.0,0,0.8741123825911824,0.8741123825911824,1.0,12,0,-0.2966431962774284,12,-1,0.8143828125560985
521171,83172,000000083172.jpg,REAR,0,12,3021.6,110.1,-1,aic_coco_self,rtmdet_ins_tiny,rtmdet_ins_tiny,7,0.8033,0.9435,0.9435,0,0.8733481588074482,0.8733481588074482,1.0,12,0,-0.296168723625486,12,-1,0.8098702886525322
522820,502336,000000502336.jpg,OBLIQUE,2,15,3401.2,142.8,-1,body7_official,gt_box,gt_box,,,1.0,1.0,0,0.9663249254890107,0.9663249254890107,1.0,14,0,-0.21635044669766368,10,-1,0.7330116454292747
522820,502336,000000502336.jpg,OBLIQUE,2,15,3401.2,142.8,-1,body7_official,rtmdet_ins_tiny,rtmdet_ins_tiny,32,0.6476,0.7215,0.7215,0,0.8907155910236038,0.8907155910236038,0.9285714285714286,14,0,-0.11561642045811392,10,-1,0.7335087621913237
522820,502336,000000502336.jpg,OBLIQUE,2,15,3401.2,142.8,-1,body7_self,gt_box,gt_box,,,1.0,1.0,0,0.9663249254890107,0.9663249254890107,1.0,14,0,-0.21635044669766368,10,-1,0.7330116419231191
522820,502336,000000502336.jpg,OBLIQUE,2,15,3401.2,142.8,-1,body7_self,rtmdet_ins_tiny,rtmdet_ins_tiny,32,0.6476,0.7215,0.7215,0,0.8907155910236038,0.8907155910236038,0.9285714285714286,14,0,-0.11561642045811392,10,-1,0.7335087727097904
522820,502336,000000502336.jpg,OBLIQUE,2,15,3401.2,142.8,-1,aic_coco_self,gt_box,gt_box,,,1.0,1.0,0,0.8193805883712583,0.8193805883712583,0.8571428571428571,14,0,-0.008575593738600618,10,-1,0.7450690269470215
522820,502336,000000502336.jpg,OBLIQUE,2,15,3401.2,142.8,-1,aic_coco_self,rtmdet_ins_tiny,rtmdet_ins_tiny,32,0.6476,0.7215,0.7215,0,0.8256841163603578,0.8256841163603578,0.8571428571428571,14,0,-0.002489316972674238,10,-1,0.759407127604765
524685,509403,000000509403.jpg,REAR,0,12,21066.8,315.0,1,body7_official,gt_box,gt_box,,,1.0,1.0,0,0.9608876609028926,0.9608876609028926,1.0,12,0,-0.32906321186163157,8,1,0.7994341184111202
524685,509403,000000509403.jpg,REAR,0,12,21066.8,315.0,1,body7_official,rtmdet_ins_tiny,rtmdet_ins_tiny,5,0.9134,0.9383,0.9383,0,0.9681551526306126,0.9681551526306126,1.0,12,0,-0.3295277779267593,8,1,0.8104254691039815
524685,509403,000000509403.jpg,REAR,0,12,21066.8,315.0,1,body7_self,gt_box,gt_box,,,1.0,1.0,0,0.9608876609028926,0.9608876609028926,1.0,12,0,-0.32906321186163157,8,1,0.7994339571279638
524685,509403,000000509403.jpg,REAR,0,12,21066.8,315.0,1,body7_self,rtmdet_ins_tiny,rtmdet_ins_tiny,5,0.9134,0.9383,0.9383,0,0.9681551526306126,0.9681551526306126,1.0,12,0,-0.3295277779267593,8,1,0.8104253481416142
524685,509403,000000509403.jpg,REAR,0,12,21066.8,315.0,1,aic_coco_self,gt_box,gt_box,,,1.0,1.0,0,0.9706348196099518,0.9706348196099518,1.0,12,0,-0.3234447848840262,8,1,0.8487349766142228
524685,509403,000000509403.jpg,REAR,0,12,21066.8,315.0,1,aic_coco_self,rtmdet_ins_tiny,rtmdet_ins_tiny,5,0.9134,0.9383,0.9383,0,0.9737345119295298,0.9737345119295298,1.0,12,0,-0.32629114541233945,8,1,0.8426483694244834
526621,132796,000000132796.jpg,FRONT,3,15,6224.4,184.7,-1,body7_official,gt_box,gt_box,,,1.0,1.0,0,0.925080576222261,0.925080576222261,1.0,15,0,-0.03841969210457395,8,-1,0.8142266028067645
526621,132796,000000132796.jpg,FRONT,3,15,6224.4,184.7,-1,body7_official,rtmdet_ins_tiny,rtmdet_ins_tiny,11,0.5026,0.8385,0.8385,0,0.9378139860708181,0.9378139860708181,1.0,15,0,-0.04039369768827773,8,-1,0.8117469128440408
526621,132796,000000132796.jpg,FRONT,3,15,6224.4,184.7,-1,body7_self,gt_box,gt_box,,,1.0,1.0,0,0.925080576222261,0.925080576222261,1.0,15,0,-0.03841969210457395,8,-1,0.8142267185098985
526621,132796,000000132796.jpg,FRONT,3,15,6224.4,184.7,-1,body7_self,rtmdet_ins_tiny,rtmdet_ins_tiny,11,0.5026,0.8385,0.8385,0,0.9378139860708181,0.9378139860708181,1.0,15,0,-0.04039369768827773,8,-1,0.8117468322024626
526621,132796,000000132796.jpg,FRONT,3,15,6224.4,184.7,-1,aic_coco_self,gt_box,gt_box,,,1.0,1.0,0,0.9355526116644527,0.9355526116644527,1.0,15,0,-0.04688723216157234,8,-1,0.7688267721849329
526621,132796,000000132796.jpg,FRONT,3,15,6224.4,184.7,-1,aic_coco_self,rtmdet_ins_tiny,rtmdet_ins_tiny,11,0.5026,0.8385,0.8385,0,0.9386891436194155,0.9386891436194155,1.0,15,0,-0.05042170275395823,8,-1,0.7781611295307383
528736,462031,000000462031.jpg,REAR,0,11,7045.1,127.8,1,body7_official,gt_box,gt_box,,,1.0,1.0,0,0.9197742019895667,0.9197742019895667,1.0,10,0,-0.0445013273416589,6,-1,0.5284477857982411
528736,462031,000000462031.jpg,REAR,0,11,7045.1,127.8,1,body7_official,rtmdet_ins_tiny,rtmdet_ins_tiny,8,0.1349,0.7538,0.7538,0,0.9303459962327729,0.9303459962327729,1.0,10,0,-0.05631339782978444,6,-1,0.563636930549846
528736,462031,000000462031.jpg,REAR,0,11,7045.1,127.8,1,body7_self,gt_box,gt_box,,,1.0,1.0,0,0.9197742019895667,0.9197742019895667,1.0,10,0,-0.0445013273416589,6,-1,0.5284474965404061
528736,462031,000000462031.jpg,REAR,0,11,7045.1,127.8,1,body7_self,rtmdet_ins_tiny,rtmdet_ins_tiny,8,0.1349,0.7538,0.7538,0,0.9303459962327729,0.9303459962327729,1.0,10,0,-0.05631339782978444,6,-1,0.5636366956374225
528736,462031,000000462031.jpg,REAR,0,11,7045.1,127.8,1,aic_coco_self,gt_box,gt_box,,,1.0,1.0,0,0.9217560940362052,0.9217560940362052,1.0,10,0,-0.04469924115802594,6,-1,0.6343307530178743
528736,462031,000000462031.jpg,REAR,0,11,7045.1,127.8,1,aic_coco_self,rtmdet_ins_tiny,rtmdet_ins_tiny,8,0.1349,0.7538,0.7538,0,0.9391966617301339,0.9391966617301339,1.0,10,0,-0.05449076587584039,6,-1,0.5940872851540061
529330,4765,000000004765.jpg,OBLIQUE,2,15,16906.3,258.6,-1,body7_official,gt_box,gt_box,,,1.0,1.0,0,0.973363306464499,0.973363306464499,1.0,15,0,-0.7167053783745051,12,-1,0.8019115994958317
529330,4765,000000004765.jpg,OBLIQUE,2,15,16906.3,258.6,-1,body7_official,rtmdet_ins_tiny,rtmdet_ins_tiny,7,0.8034,0.9504,0.9504,0,0.9741688946071884,0.9741688946071884,1.0,15,0,-0.7164776008570339,12,-1,0.8069683769169975
529330,4765,000000004765.jpg,OBLIQUE,2,15,16906.3,258.6,-1,body7_self,gt_box,gt_box,,,1.0,1.0,0,0.973363306464499,0.973363306464499,1.0,15,0,-0.7167053783745051,12,-1,0.8019115644342759
529330,4765,000000004765.jpg,OBLIQUE,2,15,16906.3,258.6,-1,body7_self,rtmdet_ins_tiny,rtmdet_ins_tiny,7,0.8034,0.9504,0.9504,0,0.9741688946071884,0.9741688946071884,1.0,15,0,-0.7164776008570339,12,-1,0.8069682962754193
529330,4765,000000004765.jpg,OBLIQUE,2,15,16906.3,258.6,-1,aic_coco_self,gt_box,gt_box,,,1.0,1.0,0,0.9764787028543059,0.9764787028543059,1.0,15,0,-0.7135407563257459,12,-1,0.8394035241183113
529330,4765,000000004765.jpg,OBLIQUE,2,15,16906.3,258.6,-1,aic_coco_self,rtmdet_ins_tiny,rtmdet_ins_tiny,7,0.8034,0.9504,0.9504,0,0.9769144640679321,0.9769144640679321,1.0,15,0,-0.7150175070369996,12,-1,0.8499213632415322
530981,361551,000000361551.jpg,PROFILE,1,15,4857.4,145.5,1,body7_official,gt_box,gt_box,,,1.0,1.0,0,0.9365235144020158,0.9365235144020158,1.0,14,0,-0.3432585935409537,12,1,0.8036664233488195
530981,361551,000000361551.jpg,PROFILE,1,15,4857.4,145.5,1,body7_official,rtmdet_ins_tiny,rtmdet_ins_tiny,8,0.8861,0.7770,0.7770,0,0.9459938340310016,0.9459938340310016,1.0,14,0,-0.345053193568173,12,1,0.7931474552435034
530981,361551,000000361551.jpg,PROFILE,1,15,4857.4,145.5,1,body7_self,gt_box,gt_box,,,1.0,1.0,0,0.9365235144020158,0.9365235144020158,1.0,14,0,-0.3432585935409537,12,1,0.803666377768797
530981,361551,000000361551.jpg,PROFILE,1,15,4857.4,145.5,1,body7_self,rtmdet_ins_tiny,rtmdet_ins_tiny,8,0.8861,0.7770,0.7770,0,0.9459938340310016,0.9459938340310016,1.0,14,0,-0.345053193568173,12,1,0.793147581465104
530981,361551,000000361551.jpg,PROFILE,1,15,4857.4,145.5,1,aic_coco_self,gt_box,gt_box,,,1.0,1.0,0,0.9462019807252433,0.9462019807252433,1.0,14,0,-0.34203887184157666,12,1,0.8564316980979022
530981,361551,000000361551.jpg,PROFILE,1,15,4857.4,145.5,1,aic_coco_self,rtmdet_ins_tiny,rtmdet_ins_tiny,8,0.8861,0.7770,0.7770,0,0.9438281467127476,0.9438281467127476,1.0,14,0,-0.34045394185271804,12,1,0.8470067381858826
532929,541055,000000541055.jpg,FRONT,3,16,7540.8,235.1,-1,body7_official,gt_box,gt_box,,,1.0,1.0,0,0.9543063106585027,0.9543063106585027,1.0,14,0,-0.20894909917100302,8,-1,0.7837457411429462
532929,541055,000000541055.jpg,FRONT,3,16,7540.8,235.1,-1,body7_official,rtmdet_ins_tiny,rtmdet_ins_tiny,9,0.8486,0.0328,0.7989,2,0.00048228714533953313,0.00048228714533953313,0.0,14,0,-0.015645218582984177,8,-1,0.7952204907641691
532929,541055,000000541055.jpg,FRONT,3,16,7540.8,235.1,-1,body7_self,gt_box,gt_box,,,1.0,1.0,0,0.9543063106585027,0.9543063106585027,1.0,14,0,-0.20894909917100302,8,-1,0.7837458340560689
532929,541055,000000541055.jpg,FRONT,3,16,7540.8,235.1,-1,body7_self,rtmdet_ins_tiny,rtmdet_ins_tiny,9,0.8486,0.0328,0.7989,2,0.00048228714533953313,0.00048228714533953313,0.0,14,0,-0.015645218582984177,8,-1,0.7952204627149245
532929,541055,000000541055.jpg,FRONT,3,16,7540.8,235.1,-1,aic_coco_self,gt_box,gt_box,,,1.0,1.0,0,0.9161545137216348,0.9161545137216348,0.9285714285714286,14,0,-0.2236255894965304,8,-1,0.8091595558559194
532929,541055,000000541055.jpg,FRONT,3,16,7540.8,235.1,-1,aic_coco_self,rtmdet_ins_tiny,rtmdet_ins_tiny,9,0.8486,0.0328,0.7989,2,0.0007153515431304349,0.0007153515431304349,0.0,14,0,-0.01664940889192268,8,-1,0.8211328807999106
534903,541055,000000541055.jpg,FRONT,3,16,13204.5,247.6,-1,body7_official,gt_box,gt_box,,,1.0,1.0,0,0.9487914610513439,0.9487914610513439,1.0,16,0,-0.30435933593761266,12,-1,0.8705400263561922
534903,541055,000000541055.jpg,FRONT,3,16,13204.5,247.6,-1,body7_official,rtmdet_ins_tiny,rtmdet_ins_tiny,17,0.8882,0.5038,0.5038,0,0.9498807918973243,0.9498807918973243,1.0,16,0,-0.3039137881600363,12,-1,0.8514405629214119
534903,541055,000000541055.jpg,FRONT,3,16,13204.5,247.6,-1,body7_self,gt_box,gt_box,,,1.0,1.0,0,0.9487914610513439,0.9487914610513439,1.0,16,0,-0.30435933593761266,12,-1,0.8705400789485258
534903,541055,000000541055.jpg,FRONT,3,16,13204.5,247.6,-1,body7_self,rtmdet_ins_tiny,rtmdet_ins_tiny,17,0.8882,0.5038,0.5038,0,0.9498807918973243,0.9498807918973243,1.0,16,0,-0.3039137881600363,12,-1,0.8514404191690332
534903,541055,000000541055.jpg,FRONT,3,16,13204.5,247.6,-1,aic_coco_self,gt_box,gt_box,,,1.0,1.0,0,0.9545892919952788,0.9545892919952788,1.0,16,0,-0.3063050844605799,12,-1,0.8963609618299148
534903,541055,000000541055.jpg,FRONT,3,16,13204.5,247.6,-1,aic_coco_self,rtmdet_ins_tiny,rtmdet_ins_tiny,17,0.8882,0.5038,0.5038,0,0.9547311210637925,0.9547311210637925,1.0,16,0,-0.30495468429367567,12,-1,0.8839700011646047
535705,417249,000000417249.jpg,REAR,0,8,12578.0,170.9,1,body7_official,gt_box,gt_box,,,1.0,1.0,0,0.9652259704304917,0.9652259704304917,1.0,8,0,-0.5108788811831741,6,1,0.5948082401471979
535705,417249,000000417249.jpg,REAR,0,8,12578.0,170.9,1,body7_official,rtmdet_ins_tiny,rtmdet_ins_tiny,12,0.6075,0.8890,0.8890,0,0.9664762835529562,0.9664762835529562,1.0,8,0,-0.5129909727829928,6,1,0.5609046361025642
535705,417249,000000417249.jpg,REAR,0,8,12578.0,170.9,1,body7_self,gt_box,gt_box,,,1.0,1.0,0,0.9652259704304917,0.9652259704304917,1.0,8,0,-0.5108788811831741,6,1,0.5948082383941201
535705,417249,000000417249.jpg,REAR,0,8,12578.0,170.9,1,body7_self,rtmdet_ins_tiny,rtmdet_ins_tiny,12,0.6075,0.8890,0.8890,0,0.9664762835529562,0.9664762835529562,1.0,8,0,-0.5129909727829928,6,1,0.5609046922010534
535705,417249,000000417249.jpg,REAR,0,8,12578.0,170.9,1,aic_coco_self,gt_box,gt_box,,,1.0,1.0,0,0.9682226612720771,0.9682226612720771,1.0,8,0,-0.5071041559299985,6,1,0.6332299928454792
535705,417249,000000417249.jpg,REAR,0,8,12578.0,170.9,1,aic_coco_self,rtmdet_ins_tiny,rtmdet_ins_tiny,12,0.6075,0.8890,0.8890,0,0.9780235147995144,0.9780235147995144,1.0,8,0,-0.5191505872808377,6,1,0.5881178493008894
538020,229601,000000229601.jpg,REAR,0,13,19635.8,291.7,1,body7_official,gt_box,gt_box,,,1.0,1.0,0,0.9759687786360502,0.9759687786360502,1.0,13,0,-0.36436784466410527,12,1,0.7798591256141663
538020,229601,000000229601.jpg,REAR,0,13,19635.8,291.7,1,body7_official,rtmdet_ins_tiny,rtmdet_ins_tiny,10,0.9263,0.9572,0.9572,0,0.9823584060192225,0.9823584060192225,1.0,13,0,-0.36736068453264725,12,1,0.773579032982097
538020,229601,000000229601.jpg,REAR,0,13,19635.8,291.7,1,body7_self,gt_box,gt_box,,,1.0,1.0,0,0.9759687786360502,0.9759687786360502,1.0,13,0,-0.36436784466410527,12,1,0.7798590870464549
538020,229601,000000229601.jpg,REAR,0,13,19635.8,291.7,1,body7_self,rtmdet_ins_tiny,rtmdet_ins_tiny,10,0.9263,0.9572,0.9572,0,0.9823584060192225,0.9823584060192225,1.0,13,0,-0.36736068453264725,12,1,0.7735788962420296
538020,229601,000000229601.jpg,REAR,0,13,19635.8,291.7,1,aic_coco_self,gt_box,gt_box,,,1.0,1.0,0,0.9816281106240934,0.9816281106240934,1.0,13,0,-0.370972417344487,12,1,0.8153577832614675
538020,229601,000000229601.jpg,REAR,0,13,19635.8,291.7,1,aic_coco_self,rtmdet_ins_tiny,rtmdet_ins_tiny,10,0.9263,0.9572,0.9572,0,0.9783583684732099,0.9783583684732099,1.0,13,0,-0.3709317438761671,12,1,0.8113471830592436
540161,236308,000000236308.jpg,REAR,0,12,4010.6,129.8,1,body7_official,gt_box,gt_box,,,1.0,1.0,0,0.9839349138915319,0.9839349138915319,1.0,12,0,-0.19118722815328526,8,1,0.7601418758139891
540161,236308,000000236308.jpg,REAR,0,12,4010.6,129.8,1,body7_official,rtmdet_ins_tiny,rtmdet_ins_tiny,20,0.8328,0.9050,0.9050,0,0.9759039659772992,0.9759039659772992,1.0,12,0,-0.18918961657298763,8,1,0.7462925840826595
540161,236308,000000236308.jpg,REAR,0,12,4010.6,129.8,1,body7_self,gt_box,gt_box,,,1.0,1.0,0,0.9839349138915319,0.9839349138915319,1.0,12,0,-0.19118722815328526,8,1,0.7601418319870444
540161,236308,000000236308.jpg,REAR,0,12,4010.6,129.8,1,body7_self,rtmdet_ins_tiny,rtmdet_ins_tiny,20,0.8328,0.9050,0.9050,0,0.9759039659772992,0.9759039659772992,1.0,12,0,-0.18918961657298763,8,1,0.7462926121319041
540161,236308,000000236308.jpg,REAR,0,12,4010.6,129.8,1,aic_coco_self,gt_box,gt_box,,,1.0,1.0,0,0.9815305076820008,0.9815305076820008,1.0,12,0,-0.19260892243058417,8,1,0.6824109168613658
540161,236308,000000236308.jpg,REAR,0,12,4010.6,129.8,1,aic_coco_self,rtmdet_ins_tiny,rtmdet_ins_tiny,20,0.8328,0.9050,0.9050,0,0.9821642983126367,0.9821642983126367,1.0,12,0,-0.19523746035238887,8,1,0.72824206422357
541723,53626,000000053626.jpg,FRONT,3,17,14104.0,247.1,-1,body7_official,gt_box,gt_box,,,1.0,1.0,0,0.9771109797783318,0.9771109797783318,1.0,15,0,-0.3468603624318364,12,-1,0.8932318301761851
541723,53626,000000053626.jpg,FRONT,3,17,14104.0,247.1,-1,body7_official,rtmdet_ins_tiny,rtmdet_ins_tiny,10,0.9036,0.0000,0.9402,1,3.744123406333139e-05,3.744123406333139e-05,0.0,15,0,-0.0011697934557725054,12,-1,0.8993503521470463
541723,53626,000000053626.jpg,FRONT,3,17,14104.0,247.1,-1,body7_self,gt_box,gt_box,,,1.0,1.0,0,0.9771109797783318,0.9771109797783318,1.0,15,0,-0.3468603624318364,12,-1,0.8932318371884963
541723,53626,000000053626.jpg,FRONT,3,17,14104.0,247.1,-1,body7_self,rtmdet_ins_tiny,rtmdet_ins_tiny,10,0.9036,0.0000,0.9402,1,3.744123406333139e-05,3.744123406333139e-05,0.0,15,0,-0.0011697934557725054,12,-1,0.8993502820239347
541723,53626,000000053626.jpg,FRONT,3,17,14104.0,247.1,-1,aic_coco_self,gt_box,gt_box,,,1.0,1.0,0,0.9730976261098827,0.9730976261098827,1.0,15,0,-0.3423753628366144,12,-1,0.9020923481268042
541723,53626,000000053626.jpg,FRONT,3,17,14104.0,247.1,-1,aic_coco_self,rtmdet_ins_tiny,rtmdet_ins_tiny,10,0.9036,0.0000,0.9402,1,4.2262741924354855e-05,4.2262741924354855e-05,0.0,15,0,-0.0012936025093379655,12,-1,0.9043061768307405
543670,296657,000000296657.jpg,FRONT,3,16,7636.5,202.0,-1,body7_official,gt_box,gt_box,,,1.0,1.0,0,0.9641630182578143,0.9641630182578143,1.0,16,0,-0.5779151238318636,12,-1,0.8447352928273818
543670,296657,000000296657.jpg,FRONT,3,16,7636.5,202.0,-1,body7_official,rtmdet_ins_tiny,rtmdet_ins_tiny,32,0.7830,0.9937,0.9937,0,0.9609435585722033,0.9609435585722033,1.0,16,0,-0.5733934336457804,12,-1,0.8319420989821938
543670,296657,000000296657.jpg,FRONT,3,16,7636.5,202.0,-1,body7_self,gt_box,gt_box,,,1.0,1.0,0,0.9641630182578143,0.9641630182578143,1.0,16,0,-0.5779151238318636,12,-1,0.8447351350503809
543670,296657,000000296657.jpg,FRONT,3,16,7636.5,202.0,-1,body7_self,rtmdet_ins_tiny,rtmdet_ins_tiny,32,0.7830,0.9937,0.9937,0,0.9609435585722033,0.9609435585722033,1.0,16,0,-0.5733934336457804,12,-1,0.83194219715455
543670,296657,000000296657.jpg,FRONT,3,16,7636.5,202.0,-1,aic_coco_self,gt_box,gt_box,,,1.0,1.0,0,0.9771488008170186,0.9771488008170186,1.0,16,0,-0.581702827284964,12,-1,0.8837909137501436
543670,296657,000000296657.jpg,FRONT,3,16,7636.5,202.0,-1,aic_coco_self,rtmdet_ins_tiny,rtmdet_ins_tiny,32,0.7830,0.9937,0.9937,0,0.9728447902763354,0.9728447902763354,1.0,16,0,-0.5803769604028093,12,-1,0.8899947229553672
544170,404922,000000404922.jpg,REAR,0,13,19556.6,333.3,1,body7_official,gt_box,gt_box,,,1.0,1.0,0,0.9647949944938161,0.9647949944938161,1.0,13,0,-0.2997205901527103,10,1,0.783447802066803
544170,404922,000000404922.jpg,REAR,0,13,19556.6,333.3,1,body7_official,rtmdet_ins_tiny,rtmdet_ins_tiny,17,0.8874,0.9111,0.9111,0,0.9695958685751604,0.9695958685751604,1.0,13,0,-0.3023640865640813,10,1,0.7834115449120017
544170,404922,000000404922.jpg,REAR,0,13,19556.6,333.3,1,body7_self,gt_box,gt_box,,,1.0,1.0,0,0.9647949944938161,0.9647949944938161,1.0,13,0,-0.2997205901527103,10,1,0.7834477319436914
544170,404922,000000404922.jpg,REAR,0,13,19556.6,333.3,1,body7_self,rtmdet_ins_tiny,rtmdet_ins_tiny,17,0.8874,0.9111,0.9111,0,0.9695958685751604,0.9695958685751604,1.0,13,0,-0.3023640865640813,10,1,0.7834115624427795
544170,404922,000000404922.jpg,REAR,0,13,19556.6,333.3,1,aic_coco_self,gt_box,gt_box,,,1.0,1.0,0,0.9739720827010975,0.9739720827010975,1.0,13,0,-0.3039428446214308,10,1,0.8131855270441841
544170,404922,000000404922.jpg,REAR,0,13,19556.6,333.3,1,aic_coco_self,rtmdet_ins_tiny,rtmdet_ins_tiny,17,0.8874,0.9111,0.9111,0,0.9662632597129612,0.9662632597129612,1.0,13,0,-0.30824030679038267,10,1,0.8186465922523948
545031,256868,000000256868.jpg,OBLIQUE,2,13,6943.6,191.7,-1,body7_official,gt_box,gt_box,,,1.0,1.0,0,0.8510383859606422,0.8510383859606422,1.0,13,0,-0.22128257344489033,8,-1,0.6458261784385232
545031,256868,000000256868.jpg,OBLIQUE,2,13,6943.6,191.7,-1,body7_official,rtmdet_ins_tiny,rtmdet_ins_tiny,17,0.8386,0.9369,0.9369,0,0.8681998479265304,0.8681998479265304,1.0,13,0,-0.2296238758355074,8,-1,0.6544171825927847
545031,256868,000000256868.jpg,OBLIQUE,2,13,6943.6,191.7,-1,body7_self,gt_box,gt_box,,,1.0,1.0,0,0.8513832317319617,0.8513832317319617,1.0,13,0,-0.22229585450871084,8,-1,0.6458261048092562
545031,256868,000000256868.jpg,OBLIQUE,2,13,6943.6,191.7,-1,body7_self,rtmdet_ins_tiny,rtmdet_ins_tiny,17,0.8386,0.9369,0.9369,0,0.8681998479265304,0.8681998479265304,1.0,13,0,-0.2296238758355074,8,-1,0.654417204506257
545031,256868,000000256868.jpg,OBLIQUE,2,13,6943.6,191.7,-1,aic_coco_self,gt_box,gt_box,,,1.0,1.0,0,0.9411716914837606,0.9411716914837606,1.0,13,0,-0.2206916931937907,8,-1,0.6780739523032132
545031,256868,000000256868.jpg,OBLIQUE,2,13,6943.6,191.7,-1,aic_coco_self,rtmdet_ins_tiny,rtmdet_ins_tiny,17,0.8386,0.9369,0.9369,0,0.9468813487975173,0.9468813487975173,1.0,13,0,-0.22099481363031584,8,-1,0.6899698885048137
547120,13291,000000013291.jpg,FRONT,3,16,15137.6,232.6,-1,body7_official,gt_box,gt_box,,,1.0,1.0,0,0.974403992670388,0.974403992670388,1.0,16,0,-0.5210146479383758,12,-1,0.8785650940502391
547120,13291,000000013291.jpg,FRONT,3,16,15137.6,232.6,-1,body7_official,rtmdet_ins_tiny,rtmdet_ins_tiny,35,0.8514,0.7773,0.7773,0,0.9741925730575829,0.9741925730575829,1.0,16,0,-0.521201764235858,12,-1,0.8692967400831335
547120,13291,000000013291.jpg,FRONT,3,16,15137.6,232.6,-1,body7_self,gt_box,gt_box,,,1.0,1.0,0,0.974403992670388,0.974403992670388,1.0,16,0,-0.5210146479383758,12,-1,0.8785651010625503
547120,13291,000000013291.jpg,FRONT,3,16,15137.6,232.6,-1,body7_self,rtmdet_ins_tiny,rtmdet_ins_tiny,35,0.8514,0.7773,0.7773,0,0.9741925730575829,0.9741925730575829,1.0,16,0,-0.521201764235858,12,-1,0.8692967365769779
547120,13291,000000013291.jpg,FRONT,3,16,15137.6,232.6,-1,aic_coco_self,gt_box,gt_box,,,1.0,1.0,0,0.9724642769742817,0.9724642769742817,1.0,16,0,-0.52261485885838,12,-1,0.8678791873595294
547120,13291,000000013291.jpg,FRONT,3,16,15137.6,232.6,-1,aic_coco_self,rtmdet_ins_tiny,rtmdet_ins_tiny,35,0.8514,0.7773,0.7773,0,0.9788333887285637,0.9788333887285637,1.0,16,0,-0.5240395176533015,12,-1,0.884785887073068
549676,412894,000000412894.jpg,REAR,0,12,3827.9,116.9,1,body7_official,gt_box,gt_box,,,1.0,1.0,0,0.8816329087817683,0.8816329087817683,1.0,12,0,-0.33298218264084384,10,1,0.65964476851856
549676,412894,000000412894.jpg,REAR,0,12,3827.9,116.9,1,body7_official,rtmdet_ins_tiny,rtmdet_ins_tiny,33,0.8630,0.9332,0.9332,0,0.8815746723031773,0.8815746723031773,1.0,12,0,-0.3320929848355261,10,1,0.6562830349978279
549676,412894,000000412894.jpg,REAR,0,12,3827.9,116.9,1,body7_self,gt_box,gt_box,,,1.0,1.0,0,0.8816329087817683,0.8816329087817683,1.0,12,0,-0.33298218264084384,10,1,0.6596448070862714
549676,412894,000000412894.jpg,REAR,0,12,3827.9,116.9,1,body7_self,rtmdet_ins_tiny,rtmdet_ins_tiny,33,0.8630,0.9332,0.9332,0,0.8815746723031773,0.8815746723031773,1.0,12,0,-0.3320929848355261,10,1,0.6562829648747164
549676,412894,000000412894.jpg,REAR,0,12,3827.9,116.9,1,aic_coco_self,gt_box,gt_box,,,1.0,1.0,0,0.8828659038934131,0.8828659038934131,1.0,12,0,-0.34127439058829484,10,1,0.7228613110149608
549676,412894,000000412894.jpg,REAR,0,12,3827.9,116.9,1,aic_coco_self,rtmdet_ins_tiny,rtmdet_ins_tiny,33,0.8630,0.9332,0.9332,0,0.9075364916548178,0.9075364916548178,1.0,12,0,-0.34530485728545696,10,1,0.7262759594356313
553219,412894,000000412894.jpg,OBLIQUE,2,11,3292.0,115.8,-1,body7_official,gt_box,gt_box,,,1.0,1.0,0,0.8759405376654222,0.8759405376654222,0.9090909090909091,11,0,-0.1318948611601093,6,-1,0.49432824639713063
553219,412894,000000412894.jpg,OBLIQUE,2,11,3292.0,115.8,-1,body7_official,rtmdet_ins_tiny,rtmdet_ins_tiny,41,0.6795,0.0714,0.8172,3,2.5043080382658547e-09,2.5043080382658547e-09,0.0,11,0,-0.008728520315178123,6,-1,0.49011657606152925
553219,412894,000000412894.jpg,OBLIQUE,2,11,3292.0,115.8,-1,body7_self,gt_box,gt_box,,,1.0,1.0,0,0.8759405376654222,0.8759405376654222,0.9090909090909091,11,0,-0.1318948611601093,6,-1,0.49432845676646514
553219,412894,000000412894.jpg,OBLIQUE,2,11,3292.0,115.8,-1,body7_self,rtmdet_ins_tiny,rtmdet_ins_tiny,41,0.6795,0.0714,0.8172,3,2.5043080382658547e-09,2.5043080382658547e-09,0.0,11,0,-0.008728520315178123,6,-1,0.4901165883330738
553219,412894,000000412894.jpg,OBLIQUE,2,11,3292.0,115.8,-1,aic_coco_self,gt_box,gt_box,,,1.0,1.0,0,0.9406746957130974,0.9406746957130974,1.0,11,0,-0.11862856865333521,6,-1,0.6030648648738861
553219,412894,000000412894.jpg,OBLIQUE,2,11,3292.0,115.8,-1,aic_coco_self,rtmdet_ins_tiny,rtmdet_ins_tiny,41,0.6795,0.0714,0.8172,3,2.9815347619571774e-09,2.9815347619571774e-09,0.0,11,0,-0.00939559518491273,6,-1,0.5095191343742258
558342,559547,000000559547.jpg,FRONT,3,17,54703.4,469.9,-1,body7_official,gt_box,gt_box,,,1.0,1.0,0,0.9614412481335419,0.9614412481335419,1.0,16,0,-0.39619647212874903,10,-1,0.8659859369782841
558342,559547,000000559547.jpg,FRONT,3,17,54703.4,469.9,-1,body7_official,rtmdet_ins_tiny,rtmdet_ins_tiny,24,0.8510,0.0000,0.9152,1,0.00013079079672586284,0.03440429338190222,0.0,16,1,0.0016520144534077907,10,-1,0.7848687978351817
558342,559547,000000559547.jpg,FRONT,3,17,54703.4,469.9,-1,body7_self,gt_box,gt_box,,,1.0,1.0,0,0.9614412481335419,0.9614412481335419,1.0,16,0,-0.39619647212874903,10,-1,0.8659859439905953
558342,559547,000000559547.jpg,FRONT,3,17,54703.4,469.9,-1,body7_self,rtmdet_ins_tiny,rtmdet_ins_tiny,24,0.8510,0.0000,0.9152,1,0.00013079079672586284,0.03440429338190222,0.0,16,1,0.0016520144534077907,10,-1,0.7848687312182259
558342,559547,000000559547.jpg,FRONT,3,17,54703.4,469.9,-1,aic_coco_self,gt_box,gt_box,,,1.0,1.0,0,0.9714262926500711,0.9714262926500711,1.0,16,0,-0.4096340434617134,10,-1,0.8833992691601024
558342,559547,000000559547.jpg,FRONT,3,17,54703.4,469.9,-1,aic_coco_self,rtmdet_ins_tiny,rtmdet_ins_tiny,24,0.8510,0.0000,0.9152,1,0.00012770081606654638,0.03387207269642575,0.0,16,1,0.0013429354942958716,10,-1,0.8017056847319883
561077,420916,000000420916.jpg,OBLIQUE,2,8,8309.3,140.9,1,body7_official,gt_box,gt_box,,,1.0,1.0,0,0.9288080155748383,0.9288080155748383,1.0,7,0,-0.39039731566216906,4,1,0.488418426583795
561077,420916,000000420916.jpg,OBLIQUE,2,8,8309.3,140.9,1,body7_official,rtmdet_ins_tiny,rtmdet_ins_tiny,12,0.5760,0.9124,0.9124,0,0.9316074320850095,0.9316074320850095,1.0,7,0,-0.4034326865284116,4,1,0.5080816947362002
561077,420916,000000420916.jpg,OBLIQUE,2,8,8309.3,140.9,1,body7_self,gt_box,gt_box,,,1.0,1.0,0,0.9288080155748383,0.9288080155748383,1.0,7,0,-0.39039731566216906,4,1,0.48841843184302836
561077,420916,000000420916.jpg,OBLIQUE,2,8,8309.3,140.9,1,body7_self,rtmdet_ins_tiny,rtmdet_ins_tiny,12,0.5760,0.9124,0.9124,0,0.9316074320850095,0.9316074320850095,1.0,7,0,-0.4034326865284116,4,1,0.5080816526623333
561077,420916,000000420916.jpg,OBLIQUE,2,8,8309.3,140.9,1,aic_coco_self,gt_box,gt_box,,,1.0,1.0,0,0.9180665358528196,0.9180665358528196,1.0,7,0,-0.3939445944513808,4,1,0.5570568231975331
561077,420916,000000420916.jpg,OBLIQUE,2,8,8309.3,140.9,1,aic_coco_self,rtmdet_ins_tiny,rtmdet_ins_tiny,12,0.5760,0.9124,0.9124,0,0.9242253265785327,0.9242253265785327,1.0,7,0,-0.40021071095982946,4,1,0.563166576273301
561816,176799,000000176799.jpg,FRONT,3,16,2850.9,119.3,-1,body7_official,gt_box,gt_box,,,1.0,1.0,0,0.9259461633109827,0.9259461633109827,1.0,16,0,-0.1032640566808945,12,-1,0.7436501997358659
561816,176799,000000176799.jpg,FRONT,3,16,2850.9,119.3,-1,body7_official,rtmdet_ins_tiny,rtmdet_ins_tiny,47,0.8367,0.9569,0.9569,0,0.9184893209663858,0.9184893209663858,1.0,16,0,-0.09630642361533857,12,-1,0.7404073617037605
561816,176799,000000176799.jpg,FRONT,3,16,2850.9,119.3,-1,body7_self,gt_box,gt_box,,,1.0,1.0,0,0.9259461633109827,0.9259461633109827,1.0,16,0,-0.1032640566808945,12,-1,0.7436503417351666
561816,176799,000000176799.jpg,FRONT,3,16,2850.9,119.3,-1,body7_self,rtmdet_ins_tiny,rtmdet_ins_tiny,47,0.8367,0.9569,0.9569,0,0.9184893209663858,0.9184893209663858,1.0,16,0,-0.09630642361533857,12,-1,0.7404074283207164
561816,176799,000000176799.jpg,FRONT,3,16,2850.9,119.3,-1,aic_coco_self,gt_box,gt_box,,,1.0,1.0,0,0.9516974940996963,0.9516974940996963,1.0,16,0,-0.10245079510273383,12,-1,0.7625030454467324
561816,176799,000000176799.jpg,FRONT,3,16,2850.9,119.3,-1,aic_coco_self,rtmdet_ins_tiny,rtmdet_ins_tiny,47,0.8367,0.9569,0.9569,0,0.9579917749184259,0.9579917749184259,1.0,16,0,-0.10038634486491144,12,-1,0.7761635920580696
565222,410496,000000410496.jpg,FRONT,3,12,4488.9,128.7,-1,body7_official,gt_box,gt_box,,,1.0,1.0,0,0.9820280313480079,0.9820280313480079,1.0,11,0,-0.3923509121255374,6,-1,0.661959732280058
565222,410496,000000410496.jpg,FRONT,3,12,4488.9,128.7,-1,body7_official,rtmdet_ins_tiny,rtmdet_ins_tiny,64,0.6386,0.8865,0.8865,0,0.9776481244416444,0.9776481244416444,1.0,11,0,-0.39059115145028406,6,-1,0.6721002950387842
565222,410496,000000410496.jpg,FRONT,3,12,4488.9,128.7,-1,body7_self,gt_box,gt_box,,,1.0,1.0,0,0.9820280313480079,0.9820280313480079,1.0,11,0,-0.3923509121255374,6,-1,0.6619597726008472
565222,410496,000000410496.jpg,FRONT,3,12,4488.9,128.7,-1,body7_self,rtmdet_ins_tiny,rtmdet_ins_tiny,64,0.6386,0.8865,0.8865,0,0.9776481244416444,0.9776481244416444,1.0,11,0,-0.39059115145028406,6,-1,0.6721003406188067
565222,410496,000000410496.jpg,FRONT,3,12,4488.9,128.7,-1,aic_coco_self,gt_box,gt_box,,,1.0,1.0,0,0.9759273649885227,0.9759273649885227,1.0,11,0,-0.39234946691304035,6,-1,0.6787210615242228
565222,410496,000000410496.jpg,FRONT,3,12,4488.9,128.7,-1,aic_coco_self,rtmdet_ins_tiny,rtmdet_ins_tiny,64,0.6386,0.8865,0.8865,0,0.9777954759445542,0.9777954759445542,1.0,11,0,-0.388935839532679,6,-1,0.6735815738930422
1200575,193245,000000193245.jpg,OBLIQUE,2,14,8180.4,195.9,1,body7_official,gt_box,gt_box,,,1.0,1.0,0,0.838173170597016,0.838173170597016,1.0,14,0,-0.36074130393740167,10,1,0.7800585399655735
1200575,193245,000000193245.jpg,OBLIQUE,2,14,8180.4,195.9,1,body7_official,rtmdet_ins_tiny,rtmdet_ins_tiny,27,0.9099,0.9585,0.9585,0,0.8371563848928033,0.8371563848928033,1.0,14,0,-0.35893293744960375,10,1,0.7709552785929512
1200575,193245,000000193245.jpg,OBLIQUE,2,14,8180.4,195.9,1,body7_self,gt_box,gt_box,,,1.0,1.0,0,0.838173170597016,0.838173170597016,1.0,14,0,-0.36074130393740167,10,1,0.7800585487309624
1200575,193245,000000193245.jpg,OBLIQUE,2,14,8180.4,195.9,1,body7_self,rtmdet_ins_tiny,rtmdet_ins_tiny,27,0.9099,0.9585,0.9585,0,0.8371563848928033,0.8371563848928033,1.0,14,0,-0.35893293744960375,10,1,0.770955345209907
1200575,193245,000000193245.jpg,OBLIQUE,2,14,8180.4,195.9,1,aic_coco_self,gt_box,gt_box,,,1.0,1.0,0,0.8904439659350751,0.8904439659350751,1.0,14,0,-0.36850230338232265,10,1,0.7817495728240293
1200575,193245,000000193245.jpg,OBLIQUE,2,14,8180.4,195.9,1,aic_coco_self,rtmdet_ins_tiny,rtmdet_ins_tiny,27,0.9099,0.9585,0.9585,0,0.893592352366613,0.893592352366613,1.0,14,0,-0.3664494428996987,10,1,0.7782117706887862
1203025,142238,000000142238.jpg,REAR,0,15,4022.0,143.3,-1,body7_official,gt_box,gt_box,,,1.0,1.0,0,0.9651361072768722,0.9651361072768722,1.0,12,0,-0.11811300551100612,10,-1,0.8123713872011971
1203025,142238,000000142238.jpg,REAR,0,15,4022.0,143.3,-1,body7_official,rtmdet_ins_tiny,rtmdet_ins_tiny,80,0.7964,0.0000,0.9172,1,2.3009635133323858e-10,2.3009635133323858e-10,0.0,12,0,-0.0009157416349774294,10,-1,0.6567013561725616
1203025,142238,000000142238.jpg,REAR,0,15,4022.0,143.3,-1,body7_self,gt_box,gt_box,,,1.0,1.0,0,0.9651361072768722,0.9651361072768722,1.0,12,0,-0.11811300551100612,10,-1,0.8123714012258193
1203025,142238,000000142238.jpg,REAR,0,15,4022.0,143.3,-1,body7_self,rtmdet_ins_tiny,rtmdet_ins_tiny,80,0.7964,0.0000,0.9172,1,2.3009635133323858e-10,2.3009635133323858e-10,0.0,12,0,-0.0009157416349774294,10,-1,0.6567013333825504
1203025,142238,000000142238.jpg,REAR,0,15,4022.0,143.3,-1,aic_coco_self,gt_box,gt_box,,,1.0,1.0,0,0.9689245782436093,0.9689245782436093,1.0,12,0,-0.12319412515596201,10,-1,0.8180554754593793
1203025,142238,000000142238.jpg,REAR,0,15,4022.0,143.3,-1,aic_coco_self,rtmdet_ins_tiny,rtmdet_ins_tiny,80,0.7964,0.0000,0.9172,1,2.4662535459133694e-10,2.4662535459133694e-10,0.0,12,0,-0.0009240703655664095,10,-1,0.7423561776385588
1204381,322610,000000322610.jpg,REAR,0,13,2328.3,109.3,1,body7_official,gt_box,gt_box,,,1.0,1.0,0,0.9432570453720555,0.9432570453720555,1.0,11,0,-0.18821696964817738,8,1,0.7013186496846816
1204381,322610,000000322610.jpg,REAR,0,13,2328.3,109.3,1,body7_official,rtmdet_ins_tiny,rtmdet_ins_tiny,43,0.7821,0.9146,0.9146,0,0.9434730115346475,0.9434730115346475,1.0,11,0,-0.18926026680589736,8,1,0.723484431996065
1204381,322610,000000322610.jpg,REAR,0,13,2328.3,109.3,1,body7_self,gt_box,gt_box,,,1.0,1.0,0,0.9432570453720555,0.9432570453720555,1.0,11,0,-0.18821696964817738,8,1,0.7013185795615701
1204381,322610,000000322610.jpg,REAR,0,13,2328.3,109.3,1,body7_self,rtmdet_ins_tiny,rtmdet_ins_tiny,43,0.7821,0.9146,0.9146,0,0.9434730115346475,0.9434730115346475,1.0,11,0,-0.18926026680589736,8,1,0.723484431996065
1204381,322610,000000322610.jpg,REAR,0,13,2328.3,109.3,1,aic_coco_self,gt_box,gt_box,,,1.0,1.0,0,0.9490497152892096,0.9490497152892096,1.0,11,0,-0.18143164324927752,8,1,0.6958183155340307
1204381,322610,000000322610.jpg,REAR,0,13,2328.3,109.3,1,aic_coco_self,rtmdet_ins_tiny,rtmdet_ins_tiny,43,0.7821,0.9146,0.9146,0,0.9489568769423755,0.9489568769423755,1.0,11,0,-0.1840133232700483,8,1,0.7128335342687719
1206988,449579,000000449579.jpg,OBLIQUE,2,15,11394.7,268.4,-1,body7_official,gt_box,gt_box,,,1.0,1.0,0,0.970454542321235,0.970454542321235,1.0,15,0,-0.5426089434123103,12,-1,0.8683197042521309
1206988,449579,000000449579.jpg,OBLIQUE,2,15,11394.7,268.4,-1,body7_official,rtmdet_ins_tiny,rtmdet_ins_tiny,1,0.8687,0.9507,0.9507,0,0.9792918740589649,0.9792918740589649,1.0,15,0,-0.5415084010932314,12,-1,0.8741592519423541
1206988,449579,000000449579.jpg,OBLIQUE,2,15,11394.7,268.4,-1,body7_self,gt_box,gt_box,,,1.0,1.0,0,0.970454542321235,0.970454542321235,1.0,15,0,-0.5426089434123103,12,-1,0.8683196656844195
1206988,449579,000000449579.jpg,OBLIQUE,2,15,11394.7,268.4,-1,body7_self,rtmdet_ins_tiny,rtmdet_ins_tiny,1,0.8687,0.9507,0.9507,0,0.9792918740589649,0.9792918740589649,1.0,15,0,-0.5415084010932314,12,-1,0.8741592273992651
1206988,449579,000000449579.jpg,OBLIQUE,2,15,11394.7,268.4,-1,aic_coco_self,gt_box,gt_box,,,1.0,1.0,0,0.9653252178932973,0.9653252178932973,1.0,15,0,-0.5356105576190272,12,-1,0.8876351503764882
1206988,449579,000000449579.jpg,OBLIQUE,2,15,11394.7,268.4,-1,aic_coco_self,rtmdet_ins_tiny,rtmdet_ins_tiny,1,0.8687,0.9507,0.9507,0,0.9656536249827951,0.9656536249827951,1.0,15,0,-0.5341617097278053,12,-1,0.8931897492969737
1207920,533816,000000533816.jpg,OBLIQUE,2,15,10282.9,234.1,1,body7_official,gt_box,gt_box,,,1.0,1.0,0,0.9624396511553501,0.9624396511553501,1.0,13,0,-0.0964631831132025,10,1,0.7162660921321196
1207920,533816,000000533816.jpg,OBLIQUE,2,15,10282.9,234.1,1,body7_official,rtmdet_ins_tiny,rtmdet_ins_tiny,47,0.6102,0.0000,0.9245,1,1.3612404119454917e-12,1.4781868450097906e-12,0.0,13,1,0.0001618403263925483,10,-1,0.4509274433640873
1207920,533816,000000533816.jpg,OBLIQUE,2,15,10282.9,234.1,1,body7_self,gt_box,gt_box,,,1.0,1.0,0,0.9624396511553501,0.9624396511553501,1.0,13,0,-0.0964631831132025,10,1,0.7162661271936753
1207920,533816,000000533816.jpg,OBLIQUE,2,15,10282.9,234.1,1,body7_self,rtmdet_ins_tiny,rtmdet_ins_tiny,47,0.6102,0.0000,0.9245,1,1.3612404119454917e-12,1.4781868450097906e-12,0.0,13,1,0.0001618403263925483,10,-1,0.45092743109254274
1207920,533816,000000533816.jpg,OBLIQUE,2,15,10282.9,234.1,1,aic_coco_self,gt_box,gt_box,,,1.0,1.0,0,0.8999681404270786,0.8999681404270786,1.0,13,0,-0.08598272650607473,10,1,0.7129424600040212
1207920,533816,000000533816.jpg,OBLIQUE,2,15,10282.9,234.1,1,aic_coco_self,rtmdet_ins_tiny,rtmdet_ins_tiny,47,0.6102,0.0000,0.9245,1,1.5264588816810297e-12,1.520492290687836e-12,0.0,13,1,0.0011506422647944436,10,-1,0.4934336367775412
1210151,62355,000000062355.jpg,REAR,0,12,6178.6,175.8,1,body7_official,gt_box,gt_box,,,1.0,1.0,0,0.9656403083525236,0.9656403083525236,1.0,12,0,-0.3650229733998148,10,1,0.7677526123383466
1210151,62355,000000062355.jpg,REAR,0,12,6178.6,175.8,1,body7_official,rtmdet_ins_tiny,rtmdet_ins_tiny,2,0.8624,0.9387,0.9387,0,0.9664612623063693,0.9664612623063693,1.0,12,0,-0.36654466143164255,10,1,0.7675222824601566
1210151,62355,000000062355.jpg,REAR,0,12,6178.6,175.8,1,body7_self,gt_box,gt_box,,,1.0,1.0,0,0.9656403083525236,0.9656403083525236,1.0,12,0,-0.3650229733998148,10,1,0.7677526018198799
1210151,62355,000000062355.jpg,REAR,0,12,6178.6,175.8,1,body7_self,rtmdet_ins_tiny,rtmdet_ins_tiny,2,0.8624,0.9387,0.9387,0,0.9664612623063693,0.9664612623063693,1.0,12,0,-0.36654466143164255,10,1,0.767522229867823
1210151,62355,000000062355.jpg,REAR,0,12,6178.6,175.8,1,aic_coco_self,gt_box,gt_box,,,1.0,1.0,0,0.9612407928089067,0.9612407928089067,1.0,12,0,-0.36581509453636013,10,1,0.842984651817995
1210151,62355,000000062355.jpg,REAR,0,12,6178.6,175.8,1,aic_coco_self,rtmdet_ins_tiny,rtmdet_ins_tiny,2,0.8624,0.9387,0.9387,0,0.9600204878028871,0.9600204878028871,1.0,12,0,-0.3649917926361088,10,1,0.8418982484761406
1212200,319184,000000319184.jpg,REAR,0,14,12811.2,184.3,1,body7_official,gt_box,gt_box,,,1.0,1.0,0,0.9779328637862056,0.9779328637862056,1.0,14,0,-0.7442520775911724,12,1,0.8285166726392859
1212200,319184,000000319184.jpg,REAR,0,14,12811.2,184.3,1,body7_official,rtmdet_ins_tiny,rtmdet_ins_tiny,48,0.8947,0.9354,0.9354,0,0.981503364713408,0.981503364713408,1.0,14,0,-0.7459687346605285,12,1,0.827895743005416
1212200,319184,000000319184.jpg,REAR,0,14,12811.2,184.3,1,body7_self,gt_box,gt_box,,,1.0,1.0,0,0.9779328637862056,0.9779328637862056,1.0,14,0,-0.7442520775911724,12,1,0.828516728737775
1212200,319184,000000319184.jpg,REAR,0,14,12811.2,184.3,1,body7_self,rtmdet_ins_tiny,rtmdet_ins_tiny,48,0.8947,0.9354,0.9354,0,0.981503364713408,0.981503364713408,1.0,14,0,-0.7459687346605285,12,1,0.8278956904130823
1212200,319184,000000319184.jpg,REAR,0,14,12811.2,184.3,1,aic_coco_self,gt_box,gt_box,,,1.0,1.0,0,0.988858314173437,0.988858314173437,1.0,14,0,-0.7447412146222598,12,1,0.8423637677641476
1212200,319184,000000319184.jpg,REAR,0,14,12811.2,184.3,1,aic_coco_self,rtmdet_ins_tiny,rtmdet_ins_tiny,48,0.8947,0.9354,0.9354,0,0.9885624872959025,0.9885624872959025,1.0,14,0,-0.7432293750692793,12,1,0.8444047114428352
1214817,188465,000000188465.jpg,REAR,0,13,4273.5,119.7,1,body7_official,gt_box,gt_box,,,1.0,1.0,0,0.9070294448601145,0.9070294448601145,0.9230769230769231,13,0,-0.5976879958804621,10,1,0.8203458365272073
1214817,188465,000000188465.jpg,REAR,0,13,4273.5,119.7,1,body7_official,rtmdet_ins_tiny,rtmdet_ins_tiny,9,0.9250,0.9542,0.9542,0,0.9066191879578438,0.9066191879578438,0.9230769230769231,13,0,-0.5992081318388401,10,1,0.8188520669937134
1214817,188465,000000188465.jpg,REAR,0,13,4273.5,119.7,1,body7_self,gt_box,gt_box,,,1.0,1.0,0,0.9070294448601145,0.9070294448601145,0.9230769230769231,13,0,-0.5976879958804621,10,1,0.8203457804287181
1214817,188465,000000188465.jpg,REAR,0,13,4273.5,119.7,1,body7_self,rtmdet_ins_tiny,rtmdet_ins_tiny,9,0.9250,0.9542,0.9542,0,0.9066191879578438,0.9066191879578438,0.9230769230769231,13,0,-0.5992081318388401,10,1,0.8188520564752466
1214817,188465,000000188465.jpg,REAR,0,13,4273.5,119.7,1,aic_coco_self,gt_box,gt_box,,,1.0,1.0,0,0.9078023580707835,0.9078023580707835,0.9230769230769231,13,0,-0.5981474343866471,10,1,0.8604857816415674
1214817,188465,000000188465.jpg,REAR,0,13,4273.5,119.7,1,aic_coco_self,rtmdet_ins_tiny,rtmdet_ins_tiny,9,0.9250,0.9542,0.9542,0,0.9069627064149027,0.9069627064149027,0.9230769230769231,13,0,-0.5984306450155042,10,1,0.8664364499204299
1217336,410456,000000410456.jpg,OBLIQUE,2,15,5246.6,151.0,-1,body7_official,gt_box,gt_box,,,1.0,1.0,0,0.9766293217847196,0.9766293217847196,1.0,13,0,-0.46900997838567615,8,-1,0.8580018983167761
1217336,410456,000000410456.jpg,OBLIQUE,2,15,5246.6,151.0,-1,body7_official,rtmdet_ins_tiny,rtmdet_ins_tiny,40,0.7868,0.1563,0.9030,1,1.844146650874825e-05,1.844146650874825e-05,0.0,13,0,-0.000122371826039136,8,-1,0.826895584078396
1217336,410456,000000410456.jpg,OBLIQUE,2,15,5246.6,151.0,-1,body7_self,gt_box,gt_box,,,1.0,1.0,0,0.9766293217847196,0.9766293217847196,1.0,13,0,-0.46900997838567615,8,-1,0.8580019333783317
1217336,410456,000000410456.jpg,OBLIQUE,2,15,5246.6,151.0,-1,body7_self,rtmdet_ins_tiny,rtmdet_ins_tiny,40,0.7868,0.1563,0.9030,1,1.844146650874825e-05,1.844146650874825e-05,0.0,13,0,-0.000122371826039136,8,-1,0.8268956436830408
1217336,410456,000000410456.jpg,OBLIQUE,2,15,5246.6,151.0,-1,aic_coco_self,gt_box,gt_box,,,1.0,1.0,0,0.9813308926214577,0.9813308926214577,1.0,13,0,-0.4703724822693439,8,-1,0.8976879435427049
1217336,410456,000000410456.jpg,OBLIQUE,2,15,5246.6,151.0,-1,aic_coco_self,rtmdet_ins_tiny,rtmdet_ins_tiny,40,0.7868,0.1563,0.9030,1,1.783741073286593e-05,1.783741073286593e-05,0.0,13,0,-0.00021839865564943217,8,-1,0.8355479030048146
1218607,442456,000000442456.jpg,FRONT,3,17,14548.3,250.6,-1,body7_official,gt_box,gt_box,,,1.0,1.0,0,0.987109558894934,0.987109558894934,1.0,17,0,-0.4260746390322387,12,-1,0.9352229202494902
1218607,442456,000000442456.jpg,FRONT,3,17,14548.3,250.6,-1,body7_official,rtmdet_ins_tiny,rtmdet_ins_tiny,7,0.8704,0.9682,0.9682,0,0.9863420386872882,0.9863420386872882,1.0,17,0,-0.43183989975961284,12,-1,0.9220119083628935
1218607,442456,000000442456.jpg,FRONT,3,17,14548.3,250.6,-1,body7_self,gt_box,gt_box,,,1.0,1.0,0,0.987109558894934,0.987109558894934,1.0,17,0,-0.4260746390322387,12,-1,0.9352229237556458
1218607,442456,000000442456.jpg,FRONT,3,17,14548.3,250.6,-1,body7_self,rtmdet_ins_tiny,rtmdet_ins_tiny,7,0.8704,0.9682,0.9682,0,0.9863420386872882,0.9863420386872882,1.0,17,0,-0.43183989975961284,12,-1,0.9220117786351372
1218607,442456,000000442456.jpg,FRONT,3,17,14548.3,250.6,-1,aic_coco_self,gt_box,gt_box,,,1.0,1.0,0,0.9887195827409602,0.9887195827409602,1.0,17,0,-0.4269117618285221,12,-1,0.8858294276630178
1218607,442456,000000442456.jpg,FRONT,3,17,14548.3,250.6,-1,aic_coco_self,rtmdet_ins_tiny,rtmdet_ins_tiny,7,0.8704,0.9682,0.9682,0,0.9885715457845995,0.9885715457845995,1.0,17,0,-0.4254274287787756,12,-1,0.8766322311233071
1220394,5001,000000005001.jpg,OBLIQUE,2,13,14119.3,224.4,-1,body7_official,gt_box,gt_box,,,1.0,1.0,0,0.9141896326550122,0.9141896326550122,1.0,12,0,-0.42322486808808546,8,-1,0.7539806926951689
1220394,5001,000000005001.jpg,OBLIQUE,2,13,14119.3,224.4,-1,body7_official,rtmdet_ins_tiny,rtmdet_ins_tiny,36,0.7626,0.7435,0.7435,0,0.9250113844790978,0.9250113844790978,1.0,12,0,-0.4190023266616265,8,-1,0.7754024372381323
1220394,5001,000000005001.jpg,OBLIQUE,2,13,14119.3,224.4,-1,body7_self,gt_box,gt_box,,,1.0,1.0,0,0.9141896326550122,0.9141896326550122,1.0,12,0,-0.42322486808808546,8,-1,0.7539805314120125
1220394,5001,000000005001.jpg,OBLIQUE,2,13,14119.3,224.4,-1,body7_self,rtmdet_ins_tiny,rtmdet_ins_tiny,36,0.7626,0.7435,0.7435,0,0.9250113844790978,0.9250113844790978,1.0,12,0,-0.4190023266616265,8,-1,0.7754023110165316
1220394,5001,000000005001.jpg,OBLIQUE,2,13,14119.3,224.4,-1,aic_coco_self,gt_box,gt_box,,,1.0,1.0,0,0.9507943193146581,0.9507943193146581,1.0,12,0,-0.436045908909274,8,-1,0.7784975469112396
1220394,5001,000000005001.jpg,OBLIQUE,2,13,14119.3,224.4,-1,aic_coco_self,rtmdet_ins_tiny,rtmdet_ins_tiny,36,0.7626,0.7435,0.7435,0,0.9584702833346778,0.9584702833346778,1.0,12,0,-0.4358028421328564,8,-1,0.7793743470135857
1222591,261097,000000261097.jpg,FRONT,3,16,10313.3,234.9,-1,body7_official,gt_box,gt_box,,,1.0,1.0,0,0.9876174500483292,0.9876174500483292,1.0,16,0,-0.33457449087155555,12,-1,0.8658617349231944
1222591,261097,000000261097.jpg,FRONT,3,16,10313.3,234.9,-1,body7_official,rtmdet_ins_tiny,rtmdet_ins_tiny,45,0.8517,0.9730,0.9730,0,0.9864544970217715,0.9864544970217715,1.0,16,0,-0.3338926502494789,12,-1,0.8730480320313397
1222591,261097,000000261097.jpg,FRONT,3,16,10313.3,234.9,-1,body7_self,gt_box,gt_box,,,1.0,1.0,0,0.9876174500483292,0.9876174500483292,1.0,16,0,-0.33457449087155555,12,-1,0.8658616998616386
1222591,261097,000000261097.jpg,FRONT,3,16,10313.3,234.9,-1,body7_self,rtmdet_ins_tiny,rtmdet_ins_tiny,45,0.8517,0.9730,0.9730,0,0.9864544970217715,0.9864544970217715,1.0,16,0,-0.3338926502494789,12,-1,0.8730480530682732
1222591,261097,000000261097.jpg,FRONT,3,16,10313.3,234.9,-1,aic_coco_self,gt_box,gt_box,,,1.0,1.0,0,0.9879114497997428,0.9879114497997428,1.0,16,0,-0.3327214892552453,12,-1,0.8852933610186857
1222591,261097,000000261097.jpg,FRONT,3,16,10313.3,234.9,-1,aic_coco_self,rtmdet_ins_tiny,rtmdet_ins_tiny,45,0.8517,0.9730,0.9730,0,0.9861963196290304,0.9861963196290304,1.0,16,0,-0.3334147296220906,12,-1,0.8835302906877854
1223944,529122,000000529122.jpg,OBLIQUE,2,10,18000.3,257.6,1,body7_official,gt_box,gt_box,,,1.0,1.0,0,0.9228684196823502,0.9228684196823502,1.0,10,0,-0.336651869581475,6,1,0.6400493181803647
1223944,529122,000000529122.jpg,OBLIQUE,2,10,18000.3,257.6,1,body7_official,rtmdet_ins_tiny,rtmdet_ins_tiny,8,0.8752,0.8581,0.8581,0,0.9574844668104341,0.9574844668104341,1.0,10,0,-0.3381165667302358,6,1,0.6538814078359043
1223944,529122,000000529122.jpg,OBLIQUE,2,10,18000.3,257.6,1,body7_self,gt_box,gt_box,,,1.0,1.0,0,0.9228684196823502,0.9228684196823502,1.0,10,0,-0.336651869581475,6,1,0.6400492752299589
1223944,529122,000000529122.jpg,OBLIQUE,2,10,18000.3,257.6,1,body7_self,rtmdet_ins_tiny,rtmdet_ins_tiny,8,0.8752,0.8581,0.8581,0,0.9574844668104341,0.9574844668104341,1.0,10,0,-0.3381165667302358,6,1,0.6538813990705153
1223944,529122,000000529122.jpg,OBLIQUE,2,10,18000.3,257.6,1,aic_coco_self,gt_box,gt_box,,,1.0,1.0,0,0.9472815287546258,0.9472815287546258,1.0,10,0,-0.3402421618601116,6,1,0.6935174850856557
1223944,529122,000000529122.jpg,OBLIQUE,2,10,18000.3,257.6,1,aic_coco_self,rtmdet_ins_tiny,rtmdet_ins_tiny,8,0.8752,0.8581,0.8581,0,0.9502285583126134,0.9502285583126134,1.0,10,0,-0.337330844428103,6,1,0.6795793841866886
1224799,334767,000000334767.jpg,FRONT,3,17,3365.3,115.5,-1,body7_official,gt_box,gt_box,,,1.0,1.0,0,0.9610777161050736,0.9610777161050736,1.0,17,0,-0.346872646963996,12,-1,0.8080378981197581
1224799,334767,000000334767.jpg,FRONT,3,17,3365.3,115.5,-1,body7_official,rtmdet_ins_tiny,rtmdet_ins_tiny,19,0.8459,0.8881,0.8881,0,0.9560687068026122,0.9560687068026122,1.0,17,0,-0.34732154518832425,12,-1,0.7781488264308256
1224799,334767,000000334767.jpg,FRONT,3,17,3365.3,115.5,-1,body7_self,gt_box,gt_box,,,1.0,1.0,0,0.9610777161050736,0.9610777161050736,1.0,17,0,-0.346872646963996,12,-1,0.8080380383659812
1224799,334767,000000334767.jpg,FRONT,3,17,3365.3,115.5,-1,body7_self,rtmdet_ins_tiny,rtmdet_ins_tiny,19,0.8459,0.8881,0.8881,0,0.9560687068026122,0.9560687068026122,1.0,17,0,-0.34732154518832425,12,-1,0.7781488264308256
1224799,334767,000000334767.jpg,FRONT,3,17,3365.3,115.5,-1,aic_coco_self,gt_box,gt_box,,,1.0,1.0,0,0.9567257789678602,0.9567257789678602,1.0,17,0,-0.34791623958899015,12,-1,0.865194180432488
1224799,334767,000000334767.jpg,FRONT,3,17,3365.3,115.5,-1,aic_coco_self,rtmdet_ins_tiny,rtmdet_ins_tiny,19,0.8459,0.8881,0.8881,0,0.9566198890901492,0.9566198890901492,1.0,17,0,-0.35050642178489455,12,-1,0.8615789904313929
1226091,570688,000000570688.jpg,REAR,0,11,3929.5,118.3,1,body7_official,gt_box,gt_box,,,1.0,1.0,0,0.9144775507045025,0.9144775507045025,1.0,11,0,-0.35931036007656425,10,1,0.654246985912323
1226091,570688,000000570688.jpg,REAR,0,11,3929.5,118.3,1,body7_official,rtmdet_ins_tiny,rtmdet_ins_tiny,45,0.7409,0.1212,0.7144,2,0.14224492858707524,0.021340281143884216,0.0,11,1,0.02391852202023348,10,-1,0.5943035220398623
1226091,570688,000000570688.jpg,REAR,0,11,3929.5,118.3,1,body7_self,gt_box,gt_box,,,1.0,1.0,0,0.9144775507045025,0.9144775507045025,1.0,11,0,-0.35931036007656425,10,1,0.6542470420108122
1226091,570688,000000570688.jpg,REAR,0,11,3929.5,118.3,1,body7_self,rtmdet_ins_tiny,rtmdet_ins_tiny,45,0.7409,0.1212,0.7144,2,0.14224492858707524,0.021340281143884216,0.0,11,1,0.02391852202023348,10,-1,0.5943035851506626
1226091,570688,000000570688.jpg,REAR,0,11,3929.5,118.3,1,aic_coco_self,gt_box,gt_box,,,1.0,1.0,0,0.9468461298410179,0.9468461298410179,1.0,11,0,-0.37047396953569134,10,1,0.684742164962432
1226091,570688,000000570688.jpg,REAR,0,11,3929.5,118.3,1,aic_coco_self,rtmdet_ins_tiny,rtmdet_ins_tiny,45,0.7409,0.1212,0.7144,2,0.12955306743861503,0.019911480181026252,0.0,11,1,0.024270515401950132,10,-1,0.6214748060002047
1226757,311928,000000311928.jpg,OBLIQUE,2,11,45026.0,359.4,-1,body7_official,gt_box,gt_box,,,1.0,1.0,0,0.9527160763932243,0.9527160763932243,1.0,11,0,-0.2763578845205869,8,-1,0.6457889176466886
1226757,311928,000000311928.jpg,OBLIQUE,2,11,45026.0,359.4,-1,body7_official,rtmdet_ins_tiny,rtmdet_ins_tiny,6,0.8026,0.9459,0.9459,0,0.9527496690870362,0.9527496690870362,1.0,11,0,-0.27411398264899606,8,-1,0.6590849327690461
1226757,311928,000000311928.jpg,OBLIQUE,2,11,45026.0,359.4,-1,body7_self,gt_box,gt_box,,,1.0,1.0,0,0.9527160763932243,0.9527160763932243,1.0,11,0,-0.2763578845205869,8,-1,0.6457889605970943
1226757,311928,000000311928.jpg,OBLIQUE,2,11,45026.0,359.4,-1,body7_self,rtmdet_ins_tiny,rtmdet_ins_tiny,6,0.8026,0.9459,0.9459,0,0.9527496690870362,0.9527496690870362,1.0,11,0,-0.27411398264899606,8,-1,0.6590849897440743
1226757,311928,000000311928.jpg,OBLIQUE,2,11,45026.0,359.4,-1,aic_coco_self,gt_box,gt_box,,,1.0,1.0,0,0.9636807389311598,0.9636807389311598,1.0,11,0,-0.2829502003085763,8,-1,0.6251275048536413
1226757,311928,000000311928.jpg,OBLIQUE,2,11,45026.0,359.4,-1,aic_coco_self,rtmdet_ins_tiny,rtmdet_ins_tiny,6,0.8026,0.9459,0.9459,0,0.9736569599032414,0.9736569599032414,1.0,11,0,-0.2854212877390243,8,-1,0.6416858434677124
1228937,57672,000000057672.jpg,OBLIQUE,2,12,3146.1,110.3,1,body7_official,gt_box,gt_box,,,1.0,1.0,0,0.8790780333807385,0.8790780333807385,0.9166666666666666,12,0,-0.22568011289834455,8,1,0.7026094040449928
1228937,57672,000000057672.jpg,OBLIQUE,2,12,3146.1,110.3,1,body7_official,rtmdet_ins_tiny,rtmdet_ins_tiny,5,0.7905,0.9700,0.9700,0,0.8157606754290775,0.8157606754290775,0.8333333333333334,12,0,-0.15148080866690566,8,1,0.708205042516484
1228937,57672,000000057672.jpg,OBLIQUE,2,12,3146.1,110.3,1,body7_self,gt_box,gt_box,,,1.0,1.0,0,0.8790780333807385,0.8790780333807385,0.9166666666666666,12,0,-0.22568011289834455,8,1,0.7026094881927266
1228937,57672,000000057672.jpg,OBLIQUE,2,12,3146.1,110.3,1,body7_self,rtmdet_ins_tiny,rtmdet_ins_tiny,5,0.7905,0.9700,0.9700,0,0.8157606754290775,0.8157606754290775,0.8333333333333334,12,0,-0.15148080866690566,8,1,0.7082050460226396
1228937,57672,000000057672.jpg,OBLIQUE,2,12,3146.1,110.3,1,aic_coco_self,gt_box,gt_box,,,1.0,1.0,0,0.9601045653416321,0.9601045653416321,1.0,12,0,-0.3114859158400035,8,1,0.737406767466489
1228937,57672,000000057672.jpg,OBLIQUE,2,12,3146.1,110.3,1,aic_coco_self,rtmdet_ins_tiny,rtmdet_ins_tiny,5,0.7905,0.9700,0.9700,0,0.9583143382128919,0.9583143382128919,1.0,12,0,-0.31037946902587954,8,1,0.742228132836959
1230530,79969,000000079969.jpg,OBLIQUE,2,15,14818.7,331.1,1,body7_official,gt_box,gt_box,,,1.0,1.0,0,0.7896035714799365,0.7896035714799365,1.0,15,0,-0.4504718285797567,12,-1,0.7301186638719895
1230530,79969,000000079969.jpg,OBLIQUE,2,15,14818.7,331.1,1,body7_official,rtmdet_ins_tiny,rtmdet_ins_tiny,57,0.7856,0.8991,0.8991,0,0.7890979827338807,0.7890979827338807,1.0,15,0,-0.44846996906401504,12,-1,0.7220304187606362
1230530,79969,000000079969.jpg,OBLIQUE,2,15,14818.7,331.1,1,body7_self,gt_box,gt_box,,,1.0,1.0,0,0.7896035714799365,0.7896035714799365,1.0,15,0,-0.4504718285797567,12,-1,0.7301185551811668
1230530,79969,000000079969.jpg,OBLIQUE,2,15,14818.7,331.1,1,body7_self,rtmdet_ins_tiny,rtmdet_ins_tiny,57,0.7856,0.8991,0.8991,0,0.7890979827338807,0.7890979827338807,1.0,15,0,-0.44846996906401504,12,-1,0.722030387205236
1230530,79969,000000079969.jpg,OBLIQUE,2,15,14818.7,331.1,1,aic_coco_self,gt_box,gt_box,,,1.0,1.0,0,0.8279809898405189,0.8279809898405189,1.0,15,0,-0.4552686366177492,12,0,0.7677518620210535
1230530,79969,000000079969.jpg,OBLIQUE,2,15,14818.7,331.1,1,aic_coco_self,rtmdet_ins_tiny,rtmdet_ins_tiny,57,0.7856,0.8991,0.8991,0,0.8085458503820768,0.8085458503820768,1.0,15,0,-0.4463033997548293,12,0,0.7775624113924363
1233670,151480,000000151480.jpg,REAR,0,13,3731.0,128.9,1,body7_official,gt_box,gt_box,,,1.0,1.0,0,0.9877712486353338,0.9877712486353338,1.0,13,0,-0.3864216207161717,10,1,0.7564970360082739
1233670,151480,000000151480.jpg,REAR,0,13,3731.0,128.9,1,body7_official,rtmdet_ins_tiny,rtmdet_ins_tiny,16,0.9008,0.9187,0.9187,0,0.9875560516715761,0.9875560516715761,1.0,13,0,-0.3864007727492332,10,1,0.7513608967556673
1233670,151480,000000151480.jpg,REAR,0,13,3731.0,128.9,1,body7_self,gt_box,gt_box,,,1.0,1.0,0,0.9877712486353338,0.9877712486353338,1.0,13,0,-0.3864216207161717,10,1,0.756497018477496
1233670,151480,000000151480.jpg,REAR,0,13,3731.0,128.9,1,body7_self,rtmdet_ins_tiny,rtmdet_ins_tiny,16,0.9008,0.9187,0.9187,0,0.9875560516715761,0.9875560516715761,1.0,13,0,-0.3864007727492332,10,1,0.7513608301387114
1233670,151480,000000151480.jpg,REAR,0,13,3731.0,128.9,1,aic_coco_self,gt_box,gt_box,,,1.0,1.0,0,0.9900785516893099,0.9900785516893099,1.0,13,0,-0.3896820478154822,10,1,0.8149995383094338
1233670,151480,000000151480.jpg,REAR,0,13,3731.0,128.9,1,aic_coco_self,rtmdet_ins_tiny,rtmdet_ins_tiny,16,0.9008,0.9187,0.9187,0,0.9891646502026283,0.9891646502026283,1.0,13,0,-0.38910800800288253,10,1,0.8045925673316506
1235525,177861,000000177861.jpg,REAR,0,10,9599.0,215.3,1,body7_official,gt_box,gt_box,,,1.0,1.0,0,0.9568452888533183,0.9568452888533183,1.0,10,0,-0.29289631526010457,10,1,0.7394363371764913
1235525,177861,000000177861.jpg,REAR,0,10,9599.0,215.3,1,body7_official,rtmdet_ins_tiny,rtmdet_ins_tiny,12,0.8264,0.9201,0.9201,0,0.9618510403667028,0.9618510403667028,1.0,10,0,-0.29538762609563884,10,1,0.7441458246287178
1235525,177861,000000177861.jpg,REAR,0,10,9599.0,215.3,1,body7_self,gt_box,gt_box,,,1.0,1.0,0,0.9568452888533183,0.9568452888533183,1.0,10,0,-0.29289631526010457,10,1,0.7394362197202795
1235525,177861,000000177861.jpg,REAR,0,10,9599.0,215.3,1,body7_self,rtmdet_ins_tiny,rtmdet_ins_tiny,12,0.8264,0.9201,0.9201,0,0.9618510403667028,0.9618510403667028,1.0,10,0,-0.29538762609563884,10,1,0.7441458246287178
1235525,177861,000000177861.jpg,REAR,0,10,9599.0,215.3,1,aic_coco_self,gt_box,gt_box,,,1.0,1.0,0,0.9627571051526566,0.9627571051526566,1.0,10,0,-0.2958775226225884,10,1,0.7035360827165491
1235525,177861,000000177861.jpg,REAR,0,10,9599.0,215.3,1,aic_coco_self,rtmdet_ins_tiny,rtmdet_ins_tiny,12,0.8264,0.9201,0.9201,0,0.9617462034563932,0.9617462034563932,1.0,10,0,-0.2952773057401499,10,1,0.7224222772261676
1237677,395801,000000395801.jpg,REAR,0,11,4339.6,147.9,1,body7_official,gt_box,gt_box,,,1.0,1.0,0,0.9526339602631179,0.9526339602631179,1.0,11,0,-0.23490641799554923,8,1,0.7047371794195736
1237677,395801,000000395801.jpg,REAR,0,11,4339.6,147.9,1,body7_official,rtmdet_ins_tiny,rtmdet_ins_tiny,40,0.7974,0.9608,0.9608,0,0.9567453928690139,0.9567453928690139,1.0,11,0,-0.2355184376094274,8,1,0.709473522270427
1237677,395801,000000395801.jpg,REAR,0,11,4339.6,147.9,1,body7_self,gt_box,gt_box,,,1.0,1.0,0,0.9526339602631179,0.9526339602631179,1.0,11,0,-0.23490641799554923,8,1,0.7047372600611519
1237677,395801,000000395801.jpg,REAR,0,11,4339.6,147.9,1,body7_self,rtmdet_ins_tiny,rtmdet_ins_tiny,40,0.7974,0.9608,0.9608,0,0.9567453928690139,0.9567453928690139,1.0,11,0,-0.2355184376094274,8,1,0.7094735327888938
1237677,395801,000000395801.jpg,REAR,0,11,4339.6,147.9,1,aic_coco_self,gt_box,gt_box,,,1.0,1.0,0,0.9604953107305568,0.9604953107305568,1.0,11,0,-0.2466993786957972,8,1,0.7485630740137661
1237677,395801,000000395801.jpg,REAR,0,11,4339.6,147.9,1,aic_coco_self,rtmdet_ins_tiny,rtmdet_ins_tiny,40,0.7974,0.9608,0.9608,0,0.959157650078086,0.959157650078086,1.0,11,0,-0.24507094527922435,8,1,0.7705269526032841
1239235,156071,000000156071.jpg,REAR,0,12,4299.5,131.6,-1,body7_official,gt_box,gt_box,,,1.0,1.0,0,0.9688897028656772,0.9688897028656772,1.0,12,0,-0.2529047324396879,12,-1,0.6882204167983111
1239235,156071,000000156071.jpg,REAR,0,12,4299.5,131.6,-1,body7_official,rtmdet_ins_tiny,rtmdet_ins_tiny,72,0.6567,0.8278,0.8278,0,0.9704025654409926,0.9704025654409926,1.0,12,0,-0.2542711111013941,12,-1,0.677869951023775
1239235,156071,000000156071.jpg,REAR,0,12,4299.5,131.6,-1,body7_self,gt_box,gt_box,,,1.0,1.0,0,0.9688897028656772,0.9688897028656772,1.0,12,0,-0.2529047324396879,12,-1,0.6882202835643992
1239235,156071,000000156071.jpg,REAR,0,12,4299.5,131.6,-1,body7_self,rtmdet_ins_tiny,rtmdet_ins_tiny,72,0.6567,0.8278,0.8278,0,0.9704025654409926,0.9704025654409926,1.0,12,0,-0.2542711111013941,12,-1,0.677869951023775
1239235,156071,000000156071.jpg,REAR,0,12,4299.5,131.6,-1,aic_coco_self,gt_box,gt_box,,,1.0,1.0,0,0.9647743189333734,0.9647743189333734,1.0,12,0,-0.24756587903890587,12,-1,0.6815812552676481
1239235,156071,000000156071.jpg,REAR,0,12,4299.5,131.6,-1,aic_coco_self,rtmdet_ins_tiny,rtmdet_ins_tiny,72,0.6567,0.8278,0.8278,0,0.9617313484571204,0.9617313484571204,1.0,12,0,-0.25484114201347985,12,-1,0.6614269789527444
1240673,296649,000000296649.jpg,REAR,0,10,3672.7,127.6,-1,body7_official,gt_box,gt_box,,,1.0,1.0,0,0.9686967549817248,0.9686967549817248,1.0,8,0,-0.20984362215205896,6,-1,0.6704670874511495
1240673,296649,000000296649.jpg,REAR,0,10,3672.7,127.6,-1,body7_official,rtmdet_ins_tiny,rtmdet_ins_tiny,32,0.6205,0.0000,0.8222,2,3.42545072103862e-08,3.42545072103862e-08,0.0,8,0,-0.002519679718318235,6,-1,0.48789682633736553
1240673,296649,000000296649.jpg,REAR,0,10,3672.7,127.6,-1,body7_self,gt_box,gt_box,,,1.0,1.0,0,0.9686967549817248,0.9686967549817248,1.0,8,0,-0.20984362215205896,6,-1,0.6704670541426715
1240673,296649,000000296649.jpg,REAR,0,10,3672.7,127.6,-1,body7_self,rtmdet_ins_tiny,rtmdet_ins_tiny,32,0.6205,0.0000,0.8222,2,3.42545072103862e-08,3.42545072103862e-08,0.0,8,0,-0.002519679718318235,6,-1,0.48789677023887634
1240673,296649,000000296649.jpg,REAR,0,10,3672.7,127.6,-1,aic_coco_self,gt_box,gt_box,,,1.0,1.0,0,0.9551212546744781,0.9551212546744781,1.0,8,0,-0.1942912169823171,6,-1,0.6988621003487531
1240673,296649,000000296649.jpg,REAR,0,10,3672.7,127.6,-1,aic_coco_self,rtmdet_ins_tiny,rtmdet_ins_tiny,32,0.6205,0.0000,0.8222,2,5.416473998151412e-08,5.416473998151412e-08,0.0,8,0,-0.001842217563451598,6,-1,0.4915287468363257
1242999,370375,000000370375.jpg,REAR,0,13,68307.0,545.1,-1,body7_official,gt_box,gt_box,,,1.0,1.0,0,0.9801467294356414,0.9801467294356414,1.0,13,0,-0.34397461887242653,12,-1,0.752279569120968
1242999,370375,000000370375.jpg,REAR,0,13,68307.0,545.1,-1,body7_official,rtmdet_ins_tiny,rtmdet_ins_tiny,8,0.8931,0.9812,0.9812,0,0.9791572225132222,0.9791572225132222,1.0,13,0,-0.34425744292189897,12,-1,0.7684095046099495
1242999,370375,000000370375.jpg,REAR,0,13,68307.0,545.1,-1,body7_self,gt_box,gt_box,,,1.0,1.0,0,0.9801467294356414,0.9801467294356414,1.0,13,0,-0.34397461887242653,12,-1,0.7522796147009906
1242999,370375,000000370375.jpg,REAR,0,13,68307.0,545.1,-1,body7_self,rtmdet_ins_tiny,rtmdet_ins_tiny,8,0.8931,0.9812,0.9812,0,0.9791572225132222,0.9791572225132222,1.0,13,0,-0.34425744292189897,12,-1,0.7684095221407273
1242999,370375,000000370375.jpg,REAR,0,13,68307.0,545.1,-1,aic_coco_self,gt_box,gt_box,,,1.0,1.0,0,0.9685125902577661,0.9685125902577661,1.0,13,0,-0.3443379469117279,12,-1,0.7986656427383423
1242999,370375,000000370375.jpg,REAR,0,13,68307.0,545.1,-1,aic_coco_self,rtmdet_ins_tiny,rtmdet_ins_tiny,8,0.8931,0.9812,0.9812,0,0.9684774470634324,0.9684774470634324,1.0,13,0,-0.34522549937627495,12,-1,0.8141545162481421
1244338,545219,000000545219.jpg,OBLIQUE,2,9,11909.3,207.8,-1,body7_official,gt_box,gt_box,,,1.0,1.0,0,0.8390211024997877,0.8390211024997877,1.0,9,0,-0.20947460925493427,4,-1,0.5370302454513662
1244338,545219,000000545219.jpg,OBLIQUE,2,9,11909.3,207.8,-1,body7_official,rtmdet_ins_tiny,rtmdet_ins_tiny,39,0.5412,0.9171,0.9171,0,0.8438207138707089,0.8438207138707089,1.0,9,0,-0.21796210693835577,4,-1,0.5322539622292799
1244338,545219,000000545219.jpg,OBLIQUE,2,9,11909.3,207.8,-1,body7_self,gt_box,gt_box,,,1.0,1.0,0,0.8390211024997877,0.8390211024997877,1.0,9,0,-0.20947460925493427,4,-1,0.5370303182040944
1244338,545219,000000545219.jpg,OBLIQUE,2,9,11909.3,207.8,-1,body7_self,rtmdet_ins_tiny,rtmdet_ins_tiny,39,0.5412,0.9171,0.9171,0,0.8438207138707089,0.8438207138707089,1.0,9,0,-0.21796210693835577,4,-1,0.5322538281188292
1244338,545219,000000545219.jpg,OBLIQUE,2,9,11909.3,207.8,-1,aic_coco_self,gt_box,gt_box,,,1.0,1.0,0,0.8617504701230847,0.8617504701230847,1.0,9,0,-0.20829337170392592,4,-1,0.5653185870717553
1244338,545219,000000545219.jpg,OBLIQUE,2,9,11909.3,207.8,-1,aic_coco_self,rtmdet_ins_tiny,rtmdet_ins_tiny,39,0.5412,0.9171,0.9171,0,0.8613448642214891,0.8613448642214891,1.0,9,0,-0.21283769571733158,4,-1,0.5629517856766196
1246487,376625,000000376625.jpg,FRONT,3,14,2965.3,115.3,-1,body7_official,gt_box,gt_box,,,1.0,1.0,0,0.857869795511869,0.857869795511869,1.0,14,0,-0.2764660957641001,8,-1,0.7223798176821541
1246487,376625,000000376625.jpg,FRONT,3,14,2965.3,115.3,-1,body7_official,rtmdet_ins_tiny,rtmdet_ins_tiny,24,0.7895,0.9055,0.9055,0,0.8649588582117168,0.8649588582117168,1.0,14,0,-0.2761737582451854,8,-1,0.7229280647109536
1246487,376625,000000376625.jpg,FRONT,3,14,2965.3,115.3,-1,body7_self,gt_box,gt_box,,,1.0,1.0,0,0.857869795511869,0.857869795511869,1.0,14,0,-0.2764660957641001,8,-1,0.722379768595976
1246487,376625,000000376625.jpg,FRONT,3,14,2965.3,115.3,-1,body7_self,rtmdet_ins_tiny,rtmdet_ins_tiny,24,0.7895,0.9055,0.9055,0,0.8649588582117168,0.8649588582117168,1.0,14,0,-0.2761737582451854,8,-1,0.7229280857478871
1246487,376625,000000376625.jpg,FRONT,3,14,2965.3,115.3,-1,aic_coco_self,gt_box,gt_box,,,1.0,1.0,0,0.9201739151905127,0.9201739151905127,1.0,14,0,-0.27621040186884394,8,-1,0.7325738317826215
1246487,376625,000000376625.jpg,FRONT,3,14,2965.3,115.3,-1,aic_coco_self,rtmdet_ins_tiny,rtmdet_ins_tiny,24,0.7895,0.9055,0.9055,0,0.915667241255038,0.915667241255038,1.0,14,0,-0.2802540210616854,8,-1,0.7359075826757094
1249846,548339,000000548339.jpg,REAR,0,10,15123.0,184.3,-1,body7_official,gt_box,gt_box,,,1.0,1.0,0,0.8807237619962587,0.8807237619962587,1.0,10,0,-0.33485437190169876,10,-1,0.4178588179981007
