ann_id,image_id,file_name,orientation,face_visible,num_keypoints,area,bbox_h,gt_shoulder_sign,pose_model,box_source,detector,n_person_det,top1_score,top1_iou,best_iou,best_rank,pose_oks_raw,pose_oks_corrected,pose_pck02_corrected,pose_n_scored,pose_chirality_swapped,pose_chirality_margin,pose_n_chir,pose_pred_shoulder_sign,pose_conf_mean
183125,185250,000000185250.jpg,FRONT,3,17,15247.6,291.4,-1,body7_official,gt_box,gt_box,,,1.0,1.0,0,0.9869071600635492,0.9869071600635492,1.0,15,0,-0.49395412183741305,8,-1,0.9203677668290979
183125,185250,000000185250.jpg,FRONT,3,17,15247.6,291.4,-1,body7_official,rtmdet_ins_tiny,rtmdet_ins_tiny,20,0.8990,0.9602,0.9602,0,0.990592860320275,0.990592860320275,1.0,15,0,-0.49646551535357697,8,-1,0.9224305433385512
183125,185250,000000185250.jpg,FRONT,3,17,15247.6,291.4,-1,body7_self,gt_box,gt_box,,,1.0,1.0,0,0.9869071600635492,0.9869071600635492,1.0,15,0,-0.49395412183741305,8,-1,0.9203677703352535
183125,185250,000000185250.jpg,FRONT,3,17,15247.6,291.4,-1,body7_self,rtmdet_ins_tiny,rtmdet_ins_tiny,20,0.8990,0.9602,0.9602,0,0.990592860320275,0.990592860320275,1.0,15,0,-0.49646551535357697,8,-1,0.9224305433385512
183125,185250,000000185250.jpg,FRONT,3,17,15247.6,291.4,-1,aic_coco_self,gt_box,gt_box,,,1.0,1.0,0,0.9875500815341397,0.9875500815341397,1.0,15,0,-0.4911966989963606,8,-1,0.900330687270445
183125,185250,000000185250.jpg,FRONT,3,17,15247.6,291.4,-1,aic_coco_self,rtmdet_ins_tiny,rtmdet_ins_tiny,20,0.8990,0.9602,0.9602,0,0.9878894202556358,0.9878894202556358,1.0,15,0,-0.49390140646207,8,-1,0.9148187041282654
183464,389532,000000389532.jpg,REAR,0,12,5331.2,170.3,1,body7_official,gt_box,gt_box,,,1.0,1.0,0,0.9855658089763935,0.9855658089763935,1.0,10,0,-0.2654142826130545,6,1,0.8285640162580153
183464,389532,000000389532.jpg,REAR,0,12,5331.2,170.3,1,body7_official,rtmdet_ins_tiny,rtmdet_ins_tiny,4,0.8708,0.9851,0.9851,0,0.9819090832775365,0.9819090832775365,1.0,10,0,-0.260766644763143,6,1,0.8276461538146523
183464,389532,000000389532.jpg,REAR,0,12,5331.2,170.3,1,body7_self,gt_box,gt_box,,,1.0,1.0,0,0.9855658089763935,0.9855658089763935,1.0,10,0,-0.2654142826130545,6,1,0.828563812900992
183464,389532,000000389532.jpg,REAR,0,12,5331.2,170.3,1,body7_self,rtmdet_ins_tiny,rtmdet_ins_tiny,4,0.8708,0.9851,0.9851,0,0.9819090832775365,0.9819090832775365,1.0,10,0,-0.260766644763143,6,1,0.8276460696669186
183464,389532,000000389532.jpg,REAR,0,12,5331.2,170.3,1,aic_coco_self,gt_box,gt_box,,,1.0,1.0,0,0.9853520120476567,0.9853520120476567,1.0,10,0,-0.2595219081958164,6,1,0.8215064160964068
183464,389532,000000389532.jpg,REAR,0,12,5331.2,170.3,1,aic_coco_self,rtmdet_ins_tiny,rtmdet_ins_tiny,4,0.8708,0.9851,0.9851,0,0.9858707824961591,0.9858707824961591,1.0,10,0,-0.2625637892626214,6,1,0.8316449733341441
183778,47571,000000047571.jpg,OBLIQUE,2,15,5383.8,163.8,-1,body7_official,gt_box,gt_box,,,1.0,1.0,0,0.9298343917831996,0.9298343917831996,1.0,15,0,-0.16922602054401786,12,-1,0.7973827474257525
183778,47571,000000047571.jpg,OBLIQUE,2,15,5383.8,163.8,-1,body7_official,rtmdet_ins_tiny,rtmdet_ins_tiny,20,0.7961,0.9556,0.9556,0,0.928270893672582,0.928270893672582,1.0,15,0,-0.17227355031473565,12,-1,0.801485208904042
183778,47571,000000047571.jpg,OBLIQUE,2,15,5383.8,163.8,-1,body7_self,gt_box,gt_box,,,1.0,1.0,0,0.9298343917831996,0.9298343917831996,1.0,15,0,-0.16922602054401786,12,-1,0.7973827404134414
183778,47571,000000047571.jpg,OBLIQUE,2,15,5383.8,163.8,-1,body7_self,rtmdet_ins_tiny,rtmdet_ins_tiny,20,0.7961,0.9556,0.9556,0,0.928270893672582,0.928270893672582,1.0,15,0,-0.17227355031473565,12,-1,0.8014852229286643
183778,47571,000000047571.jpg,OBLIQUE,2,15,5383.8,163.8,-1,aic_coco_self,gt_box,gt_box,,,1.0,1.0,0,0.95823928249455,0.95823928249455,1.0,15,0,-0.17314755470287213,12,-1,0.8137466732193442
183778,47571,000000047571.jpg,OBLIQUE,2,15,5383.8,163.8,-1,aic_coco_self,rtmdet_ins_tiny,rtmdet_ins_tiny,20,0.7961,0.9556,0.9556,0,0.9466340205036567,0.9466340205036567,1.0,15,0,-0.17166525057156443,12,-1,0.8104744378258201
184170,177489,000000177489.jpg,FRONT,3,14,39584.0,321.2,-1,body7_official,gt_box,gt_box,,,1.0,1.0,0,0.9693831322388048,0.9693831322388048,1.0,14,0,-0.2954030054342185,10,-1,0.8086142855532029
184170,177489,000000177489.jpg,FRONT,3,14,39584.0,321.2,-1,body7_official,rtmdet_ins_tiny,rtmdet_ins_tiny,7,0.7883,0.9027,0.9027,0,0.9672529916657107,0.9672529916657107,1.0,14,0,-0.2945289537332891,10,-1,0.7904091547517216
184170,177489,000000177489.jpg,FRONT,3,14,39584.0,321.2,-1,body7_self,gt_box,gt_box,,,1.0,1.0,0,0.9693831322388048,0.9693831322388048,1.0,14,0,-0.2954030054342185,10,-1,0.8086142662693473
184170,177489,000000177489.jpg,FRONT,3,14,39584.0,321.2,-1,body7_self,rtmdet_ins_tiny,rtmdet_ins_tiny,7,0.7883,0.9027,0.9027,0,0.9672529916657107,0.9672529916657107,1.0,14,0,-0.2945289537332891,10,-1,0.790409126702477
184170,177489,000000177489.jpg,FRONT,3,14,39584.0,321.2,-1,aic_coco_self,gt_box,gt_box,,,1.0,1.0,0,0.9735112013699064,0.9735112013699064,1.0,14,0,-0.29409338199385765,10,-1,0.7840461713426253
184170,177489,000000177489.jpg,FRONT,3,14,39584.0,321.2,-1,aic_coco_self,rtmdet_ins_tiny,rtmdet_ins_tiny,7,0.7883,0.9027,0.9027,0,0.9714724366887776,0.9714724366887776,1.0,14,0,-0.29875378524992896,10,-1,0.7953646708937252
185090,54931,000000054931.jpg,FRONT,3,17,32802.5,468.9,-1,body7_official,gt_box,gt_box,,,1.0,1.0,0,0.9573160787804829,0.9573160787804829,1.0,17,0,-0.2697571303324229,12,-1,0.8394199048771578
185090,54931,000000054931.jpg,FRONT,3,17,32802.5,468.9,-1,body7_official,rtmdet_ins_tiny,rtmdet_ins_tiny,6,0.8849,0.9822,0.9822,0,0.9677414696035153,0.9677414696035153,1.0,17,0,-0.2738594192478074,12,-1,0.8409836993497961
185090,54931,000000054931.jpg,FRONT,3,17,32802.5,468.9,-1,body7_self,gt_box,gt_box,,,1.0,1.0,0,0.9573160787804829,0.9573160787804829,1.0,17,0,-0.2697571303324229,12,-1,0.8394198908525354
185090,54931,000000054931.jpg,FRONT,3,17,32802.5,468.9,-1,body7_self,rtmdet_ins_tiny,rtmdet_ins_tiny,6,0.8849,0.9822,0.9822,0,0.9677414696035153,0.9677414696035153,1.0,17,0,-0.2738594192478074,12,-1,0.8409837940159965
185090,54931,000000054931.jpg,FRONT,3,17,32802.5,468.9,-1,aic_coco_self,gt_box,gt_box,,,1.0,1.0,0,0.9757074848938594,0.9757074848938594,1.0,17,0,-0.2745520946425561,12,-1,0.8759089988820693
185090,54931,000000054931.jpg,FRONT,3,17,32802.5,468.9,-1,aic_coco_self,rtmdet_ins_tiny,rtmdet_ins_tiny,6,0.8849,0.9822,0.9822,0,0.9798393333142225,0.9798393333142225,1.0,17,0,-0.27848323084306903,12,-1,0.879386446055244
186054,564091,000000564091.jpg,FRONT,3,16,74588.6,370.8,-1,body7_official,gt_box,gt_box,,,1.0,1.0,0,0.9739691167082019,0.9739691167082019,1.0,16,0,-0.5168904376928951,12,-1,0.8622128893347347
186054,564091,000000564091.jpg,FRONT,3,16,74588.6,370.8,-1,body7_official,rtmdet_ins_tiny,rtmdet_ins_tiny,5,0.7610,0.9215,0.9215,0,0.9694559068360538,0.9694559068360538,1.0,16,0,-0.5086204013313699,12,-1,0.8701087446773753
186054,564091,000000564091.jpg,FRONT,3,16,74588.6,370.8,-1,body7_self,gt_box,gt_box,,,1.0,1.0,0,0.9739691167082019,0.9739691167082019,1.0,16,0,-0.5168904376928951,12,-1,0.8622129243962905
186054,564091,000000564091.jpg,FRONT,3,16,74588.6,370.8,-1,body7_self,rtmdet_ins_tiny,rtmdet_ins_tiny,5,0.7610,0.9215,0.9215,0,0.9694559068360538,0.9694559068360538,1.0,16,0,-0.5086204013313699,12,-1,0.8701087061096641
186054,564091,000000564091.jpg,FRONT,3,16,74588.6,370.8,-1,aic_coco_self,gt_box,gt_box,,,1.0,1.0,0,0.9737953082708676,0.9737953082708676,1.0,16,0,-0.5112137559959082,12,-1,0.8066142131300533
186054,564091,000000564091.jpg,FRONT,3,16,74588.6,370.8,-1,aic_coco_self,rtmdet_ins_tiny,rtmdet_ins_tiny,5,0.7610,0.9215,0.9215,0,0.9702261959084155,0.9702261959084155,1.0,16,0,-0.5072520838714889,12,-1,0.8132649484802695
186645,88951,000000088951.jpg,FRONT,3,16,5127.4,131.4,-1,body7_official,gt_box,gt_box,,,1.0,1.0,0,0.9243746311854897,0.9243746311854897,1.0,16,0,-0.1431781266553081,12,-1,0.866891366593978
186645,88951,000000088951.jpg,FRONT,3,16,5127.4,131.4,-1,body7_official,rtmdet_ins_tiny,rtmdet_ins_tiny,8,0.9144,0.9637,0.9637,0,0.9212933865711703,0.9212933865711703,1.0,16,0,-0.14288087754990778,12,-1,0.8762846238472882
186645,88951,000000088951.jpg,FRONT,3,16,5127.4,131.4,-1,body7_self,gt_box,gt_box,,,1.0,1.0,0,0.9243746311854897,0.9243746311854897,1.0,16,0,-0.1431781266553081,12,-1,0.8668913140016443
186645,88951,000000088951.jpg,FRONT,3,16,5127.4,131.4,-1,body7_self,rtmdet_ins_tiny,rtmdet_ins_tiny,8,0.9144,0.9637,0.9637,0,0.9212933865711703,0.9212933865711703,1.0,16,0,-0.14288087754990778,12,-1,0.8762846518965328
186645,88951,000000088951.jpg,FRONT,3,16,5127.4,131.4,-1,aic_coco_self,gt_box,gt_box,,,1.0,1.0,0,0.9351239864966511,0.9351239864966511,1.0,16,0,-0.15237092559802543,12,-1,0.817600874339833
186645,88951,000000088951.jpg,FRONT,3,16,5127.4,131.4,-1,aic_coco_self,rtmdet_ins_tiny,rtmdet_ins_tiny,8,0.9144,0.9637,0.9637,0,0.9443695443594883,0.9443695443594883,1.0,16,0,-0.15749703756099787,12,-1,0.8272955628002391
187444,214753,000000214753.jpg,REAR,0,10,2868.8,134.8,1,body7_official,gt_box,gt_box,,,1.0,1.0,0,0.9551085811453703,0.9551085811453703,1.0,10,0,-0.29999548423697775,4,1,0.7321818015154671
187444,214753,000000214753.jpg,REAR,0,10,2868.8,134.8,1,body7_official,rtmdet_ins_tiny,rtmdet_ins_tiny,9,0.7930,0.8139,0.8139,0,0.9611874013818473,0.9611874013818473,1.0,10,0,-0.3118397453640461,4,1,0.7262877436245189
187444,214753,000000214753.jpg,REAR,0,10,2868.8,134.8,1,body7_self,gt_box,gt_box,,,1.0,1.0,0,0.9551085811453703,0.9551085811453703,1.0,10,0,-0.29999548423697775,4,1,0.7321817962562337
187444,214753,000000214753.jpg,REAR,0,10,2868.8,134.8,1,body7_self,rtmdet_ins_tiny,rtmdet_ins_tiny,9,0.7930,0.8139,0.8139,0,0.9611874013818473,0.9611874013818473,1.0,10,0,-0.3118397453640461,4,1,0.7262877488837522
187444,214753,000000214753.jpg,REAR,0,10,2868.8,134.8,1,aic_coco_self,gt_box,gt_box,,,1.0,1.0,0,0.9575406030993783,0.9575406030993783,1.0,10,0,-0.3032149269400407,4,1,0.7364265427869909
187444,214753,000000214753.jpg,REAR,0,10,2868.8,134.8,1,aic_coco_self,rtmdet_ins_tiny,rtmdet_ins_tiny,9,0.7930,0.8139,0.8139,0,0.9719305308813985,0.9719305308813985,1.0,10,0,-0.2935952564189396,4,1,0.7409926968462327
187996,341469,000000341469.jpg,FRONT,3,17,64422.3,629.0,-1,body7_official,gt_box,gt_box,,,1.0,1.0,0,0.9599216960312591,0.9599216960312591,1.0,17,0,-0.32614195812760205,12,-1,0.9098732541589176
187996,341469,000000341469.jpg,FRONT,3,17,64422.3,629.0,-1,body7_official,rtmdet_ins_tiny,rtmdet_ins_tiny,5,0.8494,0.7004,0.7004,0,0.9599551856046851,0.9599551856046851,1.0,17,0,-0.3275699767505818,12,-1,0.8576923573718351
187996,341469,000000341469.jpg,FRONT,3,17,64422.3,629.0,-1,body7_self,gt_box,gt_box,,,1.0,1.0,0,0.9599216960312591,0.9599216960312591,1.0,17,0,-0.32614195812760205,12,-1,0.9098733383066514
187996,341469,000000341469.jpg,FRONT,3,17,64422.3,629.0,-1,body7_self,rtmdet_ins_tiny,rtmdet_ins_tiny,5,0.8494,0.7004,0.7004,0,0.9599551856046851,0.9599551856046851,1.0,17,0,-0.3275699767505818,12,-1,0.8576923117918127
187996,341469,000000341469.jpg,FRONT,3,17,64422.3,629.0,-1,aic_coco_self,gt_box,gt_box,,,1.0,1.0,0,0.9777755151445786,0.9777755151445786,1.0,17,0,-0.33442524034256804,12,-1,0.8867813804570366
187996,341469,000000341469.jpg,FRONT,3,17,64422.3,629.0,-1,aic_coco_self,rtmdet_ins_tiny,rtmdet_ins_tiny,5,0.8494,0.7004,0.7004,0,0.9691985869664687,0.9691985869664687,1.0,17,0,-0.33264390303625685,12,-1,0.8839255185688243
188853,76547,000000076547.jpg,OBLIQUE,2,15,17851.8,258.5,-1,body7_official,gt_box,gt_box,,,1.0,1.0,0,0.9597793653820904,0.9597793653820904,1.0,14,0,-0.16857813953688489,10,-1,0.7560497031492346
188853,76547,000000076547.jpg,OBLIQUE,2,15,17851.8,258.5,-1,body7_official,rtmdet_ins_tiny,rtmdet_ins_tiny,3,0.8802,0.8877,0.8877,0,0.9606415445806505,0.9606415445806505,1.0,14,0,-0.17153454841670485,10,-1,0.7451199889183044
188853,76547,000000076547.jpg,OBLIQUE,2,15,17851.8,258.5,-1,body7_self,gt_box,gt_box,,,1.0,1.0,0,0.9597793653820904,0.9597793653820904,1.0,14,0,-0.16857813953688489,10,-1,0.7560496435445898
188853,76547,000000076547.jpg,OBLIQUE,2,15,17851.8,258.5,-1,body7_self,rtmdet_ins_tiny,rtmdet_ins_tiny,3,0.8802,0.8877,0.8877,0,0.9606415445806505,0.9606415445806505,1.0,14,0,-0.17153454841670485,10,-1,0.745119943338282
188853,76547,000000076547.jpg,OBLIQUE,2,15,17851.8,258.5,-1,aic_coco_self,gt_box,gt_box,,,1.0,1.0,0,0.9651598535561318,0.9651598535561318,1.0,14,0,-0.17917506996663213,10,-1,0.7726971366826225
188853,76547,000000076547.jpg,OBLIQUE,2,15,17851.8,258.5,-1,aic_coco_self,rtmdet_ins_tiny,rtmdet_ins_tiny,3,0.8802,0.8877,0.8877,0,0.9671458281810501,0.9671458281810501,1.0,14,0,-0.1788462903874818,10,-1,0.772657268187579
190980,92091,000000092091.jpg,FRONT,3,12,31637.8,313.8,-1,body7_official,gt_box,gt_box,,,1.0,1.0,0,0.9527926087833599,0.9527926087833599,1.0,12,0,-0.22562876100452306,8,-1,0.7179650629267973
190980,92091,000000092091.jpg,FRONT,3,12,31637.8,313.8,-1,body7_official,rtmdet_ins_tiny,rtmdet_ins_tiny,8,0.8420,0.9212,0.9212,0,0.9520012980719637,0.9520012980719637,1.0,12,0,-0.22315384648971956,8,-1,0.7169744495083304
190980,92091,000000092091.jpg,FRONT,3,12,31637.8,313.8,-1,body7_self,gt_box,gt_box,,,1.0,1.0,0,0.9527926087833599,0.9527926087833599,1.0,12,0,-0.22562876100452306,8,-1,0.7179651225314421
190980,92091,000000092091.jpg,FRONT,3,12,31637.8,313.8,-1,body7_self,rtmdet_ins_tiny,rtmdet_ins_tiny,8,0.8420,0.9212,0.9212,0,0.9520012980719637,0.9520012980719637,1.0,12,0,-0.22315384648971956,8,-1,0.7169744617798749
190980,92091,000000092091.jpg,FRONT,3,12,31637.8,313.8,-1,aic_coco_self,gt_box,gt_box,,,1.0,1.0,0,0.9571763173700846,0.9571763173700846,1.0,12,0,-0.23084999213579083,8,-1,0.7338087102946114
190980,92091,000000092091.jpg,FRONT,3,12,31637.8,313.8,-1,aic_coco_self,rtmdet_ins_tiny,rtmdet_ins_tiny,8,0.8420,0.9212,0.9212,0,0.9601045937242337,0.9601045937242337,1.0,12,0,-0.2285117079221158,8,-1,0.7294796792899861
191766,357737,000000357737.jpg,FRONT,3,17,37621.7,434.6,-1,body7_official,gt_box,gt_box,,,1.0,1.0,0,0.9775936241365386,0.9775936241365386,1.0,17,0,-0.37765864431117796,12,-1,0.9373183951658361
191766,357737,000000357737.jpg,FRONT,3,17,37621.7,434.6,-1,body7_official,rtmdet_ins_tiny,rtmdet_ins_tiny,12,0.9165,0.9669,0.9669,0,0.9798978158793673,0.9798978158793673,1.0,17,0,-0.3830228216295861,12,-1,0.936494182137882
191766,357737,000000357737.jpg,FRONT,3,17,37621.7,434.6,-1,body7_self,gt_box,gt_box,,,1.0,1.0,0,0.9775936241365386,0.9775936241365386,1.0,17,0,-0.37765864431117796,12,-1,0.9373183846473694
191766,357737,000000357737.jpg,FRONT,3,17,37621.7,434.6,-1,body7_self,rtmdet_ins_tiny,rtmdet_ins_tiny,12,0.9165,0.9669,0.9669,0,0.9798978158793673,0.9798978158793673,1.0,17,0,-0.3830228216295861,12,-1,0.9364941085086149
191766,357737,000000357737.jpg,FRONT,3,17,37621.7,434.6,-1,aic_coco_self,gt_box,gt_box,,,1.0,1.0,0,0.9792155417106464,0.9792155417106464,1.0,17,0,-0.3801153631166134,12,-1,0.9310467944425695
191766,357737,000000357737.jpg,FRONT,3,17,37621.7,434.6,-1,aic_coco_self,rtmdet_ins_tiny,rtmdet_ins_tiny,12,0.9165,0.9669,0.9669,0,0.9795201309875172,0.9795201309875172,1.0,17,0,-0.3809745373095836,12,-1,0.9293854517095229
192816,329219,000000329219.jpg,OBLIQUE,2,13,18642.4,330.3,1,body7_official,gt_box,gt_box,,,1.0,1.0,0,0.9709721088257447,0.9709721088257447,1.0,12,0,-0.1705710588398661,6,1,0.8099471015088698
192816,329219,000000329219.jpg,OBLIQUE,2,13,18642.4,330.3,1,body7_official,rtmdet_ins_tiny,rtmdet_ins_tiny,2,0.9193,0.9014,0.9014,0,0.9761184713093711,0.9761184713093711,1.0,12,0,-0.1613375783363103,6,1,0.8218499422073364
192816,329219,000000329219.jpg,OBLIQUE,2,13,18642.4,330.3,1,body7_self,gt_box,gt_box,,,1.0,1.0,0,0.9709721088257447,0.9709721088257447,1.0,12,0,-0.1705710588398661,6,1,0.8099470313857583
192816,329219,000000329219.jpg,OBLIQUE,2,13,18642.4,330.3,1,body7_self,rtmdet_ins_tiny,rtmdet_ins_tiny,2,0.9193,0.9014,0.9014,0,0.9761184713093711,0.9761184713093711,1.0,12,0,-0.1613375783363103,6,1,0.8218498650719138
192816,329219,000000329219.jpg,OBLIQUE,2,13,18642.4,330.3,1,aic_coco_self,gt_box,gt_box,,,1.0,1.0,0,0.9664520816548409,0.9664520816548409,1.0,12,0,-0.16486171369311153,6,1,0.7952271209043615
192816,329219,000000329219.jpg,OBLIQUE,2,13,18642.4,330.3,1,aic_coco_self,rtmdet_ins_tiny,rtmdet_ins_tiny,2,0.9193,0.9014,0.9014,0,0.9646372354536239,0.9646372354536239,1.0,12,0,-0.1594880427841513,6,1,0.8137655451017267
193845,129756,000000129756.jpg,FRONT,3,16,4254.4,137.9,-1,body7_official,gt_box,gt_box,,,1.0,1.0,0,0.9578126792591062,0.9578126792591062,1.0,16,0,-0.38172930154501067,12,-1,0.9030554820509518
193845,129756,000000129756.jpg,FRONT,3,16,4254.4,137.9,-1,body7_official,rtmdet_ins_tiny,rtmdet_ins_tiny,4,0.9241,0.9197,0.9197,0,0.949844483147429,0.949844483147429,1.0,16,0,-0.38139936869456065,12,-1,0.9034204132416669
193845,129756,000000129756.jpg,FRONT,3,16,4254.4,137.9,-1,body7_self,gt_box,gt_box,,,1.0,1.0,0,0.9578126792591062,0.9578126792591062,1.0,16,0,-0.38172930154501067,12,-1,0.903055422446307
193845,129756,000000129756.jpg,FRONT,3,16,4254.4,137.9,-1,body7_self,rtmdet_ins_tiny,rtmdet_ins_tiny,4,0.9241,0.9197,0.9197,0,0.949844483147429,0.949844483147429,1.0,16,0,-0.38139936869456065,12,-1,0.9034204658340005
193845,129756,000000129756.jpg,FRONT,3,16,4254.4,137.9,-1,aic_coco_self,gt_box,gt_box,,,1.0,1.0,0,0.962530471403514,0.962530471403514,1.0,16,0,-0.38140925325537467,12,-1,0.908546977183398
193845,129756,000000129756.jpg,FRONT,3,16,4254.4,137.9,-1,aic_coco_self,rtmdet_ins_tiny,rtmdet_ins_tiny,4,0.9241,0.9197,0.9197,0,0.9582680504672938,0.9582680504672938,1.0,16,0,-0.3831383628019518,12,-1,0.9277195685050067
194525,448256,000000448256.jpg,FRONT,3,14,24916.4,338.7,-1,body7_official,gt_box,gt_box,,,1.0,1.0,0,0.9025056427185708,0.9025056427185708,1.0,14,0,-0.12016160060424952,10,-1,0.7643871377496159
194525,448256,000000448256.jpg,FRONT,3,14,24916.4,338.7,-1,body7_official,rtmdet_ins_tiny,rtmdet_ins_tiny,15,0.8904,0.9605,0.9605,0,0.925075310141546,0.925075310141546,1.0,14,0,-0.12122571526959283,10,-1,0.7631026155808392
194525,448256,000000448256.jpg,FRONT,3,14,24916.4,338.7,-1,body7_self,gt_box,gt_box,,,1.0,1.0,0,0.9025056427185708,0.9025056427185708,1.0,14,0,-0.12016160060424952,10,-1,0.7643871763173271
194525,448256,000000448256.jpg,FRONT,3,14,24916.4,338.7,-1,body7_self,rtmdet_ins_tiny,rtmdet_ins_tiny,15,0.8904,0.9605,0.9605,0,0.925075310141546,0.925075310141546,1.0,14,0,-0.12122571526959283,10,-1,0.7631025664946612
194525,448256,000000448256.jpg,FRONT,3,14,24916.4,338.7,-1,aic_coco_self,gt_box,gt_box,,,1.0,1.0,0,0.9329209549350884,0.9329209549350884,1.0,14,0,-0.12418781917190283,10,-1,0.7952236112426309
194525,448256,000000448256.jpg,FRONT,3,14,24916.4,338.7,-1,aic_coco_self,rtmdet_ins_tiny,rtmdet_ins_tiny,15,0.8904,0.9605,0.9605,0,0.932998809135367,0.932998809135367,1.0,14,0,-0.1246098706418935,10,-1,0.7819432756480049
196172,554579,000000554579.jpg,FRONT,3,13,50538.4,494.0,-1,body7_official,gt_box,gt_box,,,1.0,1.0,0,0.9637544984291383,0.9637544984291383,1.0,13,0,-0.13632762624394223,8,-1,0.774953140931971
196172,554579,000000554579.jpg,FRONT,3,13,50538.4,494.0,-1,body7_official,rtmdet_ins_tiny,rtmdet_ins_tiny,15,0.8863,0.9104,0.9104,0,0.9555098627433006,0.9555098627433006,1.0,13,0,-0.13385942396166453,8,-1,0.782234772163279
196172,554579,000000554579.jpg,FRONT,3,13,50538.4,494.0,-1,body7_self,gt_box,gt_box,,,1.0,1.0,0,0.9637544984291383,0.9637544984291383,1.0,13,0,-0.13632762624394223,8,-1,0.77495316547506
196172,554579,000000554579.jpg,FRONT,3,13,50538.4,494.0,-1,body7_self,rtmdet_ins_tiny,rtmdet_ins_tiny,15,0.8863,0.9104,0.9104,0,0.9555098627433006,0.9555098627433006,1.0,13,0,-0.13385942396166453,8,-1,0.7822348230025348
196172,554579,000000554579.jpg,FRONT,3,13,50538.4,494.0,-1,aic_coco_self,gt_box,gt_box,,,1.0,1.0,0,0.9595482084293574,0.9595482084293574,1.0,13,0,-0.13384599739110306,8,-1,0.8153815760331995
196172,554579,000000554579.jpg,FRONT,3,13,50538.4,494.0,-1,aic_coco_self,rtmdet_ins_tiny,rtmdet_ins_tiny,15,0.8863,0.9104,0.9104,0,0.9574360551305072,0.9574360551305072,1.0,13,0,-0.131592327411856,8,-1,0.8095273831311394
197249,185472,000000185472.jpg,PROFILE,1,13,10760.8,200.6,1,body7_official,gt_box,gt_box,,,1.0,1.0,0,0.9702945528898735,0.9702945528898735,1.0,13,0,-0.44524435230448733,10,1,0.8037614261402803
197249,185472,000000185472.jpg,PROFILE,1,13,10760.8,200.6,1,body7_official,rtmdet_ins_tiny,rtmdet_ins_tiny,27,0.8817,0.8185,0.8185,0,0.9463381995804733,0.9463381995804733,1.0,13,0,-0.42811562947268844,10,1,0.7892048954963684
197249,185472,000000185472.jpg,PROFILE,1,13,10760.8,200.6,1,body7_self,gt_box,gt_box,,,1.0,1.0,0,0.9702945528898735,0.9702945528898735,1.0,13,0,-0.44524435230448733,10,1,0.8037614086095024
197249,185472,000000185472.jpg,PROFILE,1,13,10760.8,200.6,1,body7_self,rtmdet_ins_tiny,rtmdet_ins_tiny,27,0.8817,0.8185,0.8185,0,0.9463381995804733,0.9463381995804733,1.0,13,0,-0.42811562947268844,10,1,0.7892049095209908
197249,185472,000000185472.jpg,PROFILE,1,13,10760.8,200.6,1,aic_coco_self,gt_box,gt_box,,,1.0,1.0,0,0.9654189522258776,0.9654189522258776,1.0,13,0,-0.43831045141108005,10,1,0.8241340623182409
197249,185472,000000185472.jpg,PROFILE,1,13,10760.8,200.6,1,aic_coco_self,rtmdet_ins_tiny,rtmdet_ins_tiny,27,0.8817,0.8185,0.8185,0,0.9704717831661849,0.9704717831661849,1.0,13,0,-0.4394524872144393,10,1,0.8075298842261819
198115,448076,000000448076.jpg,FRONT,3,16,14671.1,291.9,-1,body7_official,gt_box,gt_box,,,1.0,1.0,0,0.9646041004870769,0.9646041004870769,1.0,16,0,-0.286912031854814,12,-1,0.9045609936994665
198115,448076,000000448076.jpg,FRONT,3,16,14671.1,291.9,-1,body7_official,rtmdet_ins_tiny,rtmdet_ins_tiny,27,0.8817,0.1477,0.9427,1,0.041719282685993155,0.041719282685993155,0.0625,16,0,-0.03977617709392167,12,-1,0.8757199084057528
198115,448076,000000448076.jpg,FRONT,3,16,14671.1,291.9,-1,body7_self,gt_box,gt_box,,,1.0,1.0,0,0.9646041004870769,0.9646041004870769,1.0,16,0,-0.286912031854814,12,-1,0.9045609866871553
198115,448076,000000448076.jpg,FRONT,3,16,14671.1,291.9,-1,body7_self,rtmdet_ins_tiny,rtmdet_ins_tiny,27,0.8817,0.1477,0.9427,1,0.041719282685993155,0.041719282685993155,0.0625,16,0,-0.03977617709392167,12,-1,0.8757199364549973
198115,448076,000000448076.jpg,FRONT,3,16,14671.1,291.9,-1,aic_coco_self,gt_box,gt_box,,,1.0,1.0,0,0.9743612125115803,0.9743612125115803,1.0,16,0,-0.2854418317581523,12,-1,0.9057495278470656
198115,448076,000000448076.jpg,FRONT,3,16,14671.1,291.9,-1,aic_coco_self,rtmdet_ins_tiny,rtmdet_ins_tiny,27,0.8817,0.1477,0.9427,1,0.04096353189275499,0.04096353189275499,0.0625,16,0,-0.037363465641468085,12,-1,0.8495662247433382
199266,538364,000000538364.jpg,FRONT,3,16,3508.9,145.8,-1,body7_official,gt_box,gt_box,,,1.0,1.0,0,0.9404978954444609,0.9404978954444609,1.0,16,0,-0.3276176522369425,12,-1,0.7887367781470803
199266,538364,000000538364.jpg,FRONT,3,16,3508.9,145.8,-1,body7_official,rtmdet_ins_tiny,rtmdet_ins_tiny,17,0.8251,0.8682,0.8682,0,0.9538440128282922,0.9538440128282922,1.0,16,0,-0.33146911539645607,12,-1,0.8011563490418827
199266,538364,000000538364.jpg,FRONT,3,16,3508.9,145.8,-1,body7_self,gt_box,gt_box,,,1.0,1.0,0,0.9404978954444609,0.9404978954444609,1.0,16,0,-0.3276176522369425,12,-1,0.7887367150362801
199266,538364,000000538364.jpg,FRONT,3,16,3508.9,145.8,-1,body7_self,rtmdet_ins_tiny,rtmdet_ins_tiny,17,0.8251,0.8682,0.8682,0,0.9538440128282922,0.9538440128282922,1.0,16,0,-0.33146911539645607,12,-1,0.8011564121526831
199266,538364,000000538364.jpg,FRONT,3,16,3508.9,145.8,-1,aic_coco_self,gt_box,gt_box,,,1.0,1.0,0,0.9687440272196077,0.9687440272196077,1.0,16,0,-0.3339134887099764,12,-1,0.7998106970506556
199266,538364,000000538364.jpg,FRONT,3,16,3508.9,145.8,-1,aic_coco_self,rtmdet_ins_tiny,rtmdet_ins_tiny,17,0.8251,0.8682,0.8682,0,0.967660880638714,0.967660880638714,1.0,16,0,-0.3353586934284126,12,-1,0.8237557270947624
200090,224724,000000224724.jpg,FRONT,3,16,3297.9,150.2,-1,body7_official,gt_box,gt_box,,,1.0,1.0,0,0.9335933655078557,0.9335933655078557,1.0,16,0,-0.2682445491238858,12,-1,0.8641310544574962
200090,224724,000000224724.jpg,FRONT,3,16,3297.9,150.2,-1,body7_official,rtmdet_ins_tiny,rtmdet_ins_tiny,2,0.8625,0.9247,0.9247,0,0.9350134697356871,0.9350134697356871,1.0,16,0,-0.2682196913815542,12,-1,0.857497257344863
200090,224724,000000224724.jpg,FRONT,3,16,3297.9,150.2,-1,body7_self,gt_box,gt_box,,,1.0,1.0,0,0.9335933655078557,0.9335933655078557,1.0,16,0,-0.2682445491238858,12,-1,0.8641309668036068
200090,224724,000000224724.jpg,FRONT,3,16,3297.9,150.2,-1,body7_self,rtmdet_ins_tiny,rtmdet_ins_tiny,2,0.8625,0.9247,0.9247,0,0.9350134697356871,0.9350134697356871,1.0,16,0,-0.2682196913815542,12,-1,0.8574971977402183
200090,224724,000000224724.jpg,FRONT,3,16,3297.9,150.2,-1,aic_coco_self,gt_box,gt_box,,,1.0,1.0,0,0.9475069890362829,0.9475069890362829,1.0,16,0,-0.2764975957392982,12,-1,0.844968764220967
200090,224724,000000224724.jpg,FRONT,3,16,3297.9,150.2,-1,aic_coco_self,rtmdet_ins_tiny,rtmdet_ins_tiny,2,0.8625,0.9247,0.9247,0,0.9338937722142986,0.9338937722142986,1.0,16,0,-0.273712999270148,12,-1,0.8293154590270099
200893,92416,000000092416.jpg,FRONT,3,12,120683.8,591.8,-1,body7_official,gt_box,gt_box,,,1.0,1.0,0,0.9581130051327792,0.9581130051327792,1.0,12,0,-0.46075595496888305,6,-1,0.7212491175707649
200893,92416,000000092416.jpg,FRONT,3,12,120683.8,591.8,-1,body7_official,rtmdet_ins_tiny,rtmdet_ins_tiny,22,0.9101,0.9563,0.9563,0,0.9581759905947481,0.9581759905947481,1.0,12,0,-0.4603394317506095,6,-1,0.709944478729192
200893,92416,000000092416.jpg,FRONT,3,12,120683.8,591.8,-1,body7_self,gt_box,gt_box,,,1.0,1.0,0,0.9581130051327792,0.9581130051327792,1.0,12,0,-0.46075595496888305,6,-1,0.7212490719907424
200893,92416,000000092416.jpg,FRONT,3,12,120683.8,591.8,-1,body7_self,rtmdet_ins_tiny,rtmdet_ins_tiny,22,0.9101,0.9563,0.9563,0,0.9581759905947481,0.9581759905947481,1.0,12,0,-0.4603394317506095,6,-1,0.7099445155438255
200893,92416,000000092416.jpg,FRONT,3,12,120683.8,591.8,-1,aic_coco_self,gt_box,gt_box,,,1.0,1.0,0,0.9554461564785335,0.9554461564785335,1.0,12,0,-0.4643289902870655,6,-1,0.7025324597078211
200893,92416,000000092416.jpg,FRONT,3,12,120683.8,591.8,-1,aic_coco_self,rtmdet_ins_tiny,rtmdet_ins_tiny,22,0.9101,0.9563,0.9563,0,0.9564933014152275,0.9564933014152275,1.0,12,0,-0.4607647901687372,6,-1,0.7066656999728259
201332,565877,000000565877.jpg,FRONT,3,12,95805.3,526.4,-1,body7_official,gt_box,gt_box,,,1.0,1.0,0,0.9653248672731937,0.9653248672731937,1.0,12,0,-0.45997135550286455,8,-1,0.691334596451591
201332,565877,000000565877.jpg,FRONT,3,12,95805.3,526.4,-1,body7_official,rtmdet_ins_tiny,rtmdet_ins_tiny,3,0.7817,0.9118,0.9118,0,0.9643817337223918,0.9643817337223918,1.0,12,0,-0.4570908333950204,8,-1,0.7142710974987816
201332,565877,000000565877.jpg,FRONT,3,12,95805.3,526.4,-1,body7_self,gt_box,gt_box,,,1.0,1.0,0,0.9653248672731937,0.9653248672731937,1.0,12,0,-0.45997135550286455,8,-1,0.6913346551796969
201332,565877,000000565877.jpg,FRONT,3,12,95805.3,526.4,-1,body7_self,rtmdet_ins_tiny,rtmdet_ins_tiny,3,0.7817,0.9118,0.9118,0,0.9643817337223918,0.9643817337223918,1.0,12,0,-0.4570908333950204,8,-1,0.7142711807699764
201332,565877,000000565877.jpg,FRONT,3,12,95805.3,526.4,-1,aic_coco_self,gt_box,gt_box,,,1.0,1.0,0,0.9674521830050508,0.9674521830050508,1.0,12,0,-0.458431781522243,8,-1,0.7132335015956093
201332,565877,000000565877.jpg,FRONT,3,12,95805.3,526.4,-1,aic_coco_self,rtmdet_ins_tiny,rtmdet_ins_tiny,3,0.7817,0.9118,0.9118,0,0.9655220193491423,0.9655220193491423,1.0,12,0,-0.462215576329788,8,-1,0.7292845836457085
202280,91406,000000091406.jpg,FRONT,3,15,19416.8,243.4,-1,body7_official,gt_box,gt_box,,,1.0,1.0,0,0.9856388899170351,0.9856388899170351,1.0,13,0,-0.48974258170124085,8,-1,0.7764321197481716
202280,91406,000000091406.jpg,FRONT,3,15,19416.8,243.4,-1,body7_official,rtmdet_ins_tiny,rtmdet_ins_tiny,18,0.8419,0.1622,0.9085,2,0.016098257719990364,0.016098257719990364,0.0,13,0,-0.0630603180662701,8,-1,0.7646873365430271
202280,91406,000000091406.jpg,FRONT,3,15,19416.8,243.4,-1,body7_self,gt_box,gt_box,,,1.0,1.0,0,0.9856388899170351,0.9856388899170351,1.0,13,0,-0.48974258170124085,8,-1,0.7764321109827828
202280,91406,000000091406.jpg,FRONT,3,15,19416.8,243.4,-1,body7_self,rtmdet_ins_tiny,rtmdet_ins_tiny,18,0.8419,0.1622,0.9085,2,0.016098257719990364,0.016098257719990364,0.0,13,0,-0.0630603180662701,8,-1,0.7646872559014488
202280,91406,000000091406.jpg,FRONT,3,15,19416.8,243.4,-1,aic_coco_self,gt_box,gt_box,,,1.0,1.0,0,0.9875865527073615,0.9875865527073615,1.0,13,0,-0.48456351820312843,8,-1,0.7932890127686893
202280,91406,000000091406.jpg,FRONT,3,15,19416.8,243.4,-1,aic_coco_self,rtmdet_ins_tiny,rtmdet_ins_tiny,18,0.8419,0.1622,0.9085,2,0.017094553964988317,0.017094553964988317,0.0,13,0,-0.07268480073336059,8,-1,0.792879688389161
203512,502168,000000502168.jpg,REAR,0,9,4681.0,120.4,1,body7_official,gt_box,gt_box,,,1.0,1.0,0,0.9281955307448744,0.9281955307448744,1.0,7,0,-0.12504740901558659,4,1,0.5778933965107974
203512,502168,000000502168.jpg,REAR,0,9,4681.0,120.4,1,body7_official,rtmdet_ins_tiny,rtmdet_ins_tiny,49,0.7952,0.8698,0.8698,0,0.9292275642773189,0.9292275642773189,1.0,7,0,-0.11902702956503973,4,1,0.5915001700906193
203512,502168,000000502168.jpg,REAR,0,9,4681.0,120.4,1,body7_self,gt_box,gt_box,,,1.0,1.0,0,0.9281955307448744,0.9281955307448744,1.0,7,0,-0.12504740901558659,4,1,0.577893407905803
203512,502168,000000502168.jpg,REAR,0,9,4681.0,120.4,1,body7_self,rtmdet_ins_tiny,rtmdet_ins_tiny,49,0.7952,0.8698,0.8698,0,0.9292275642773189,0.9292275642773189,1.0,7,0,-0.11902702956503973,4,1,0.5915001788560081
203512,502168,000000502168.jpg,REAR,0,9,4681.0,120.4,1,aic_coco_self,gt_box,gt_box,,,1.0,1.0,0,0.9340477714597951,0.9340477714597951,1.0,7,0,-0.1153794314123518,4,1,0.5942929702646592
203512,502168,000000502168.jpg,REAR,0,9,4681.0,120.4,1,aic_coco_self,rtmdet_ins_tiny,rtmdet_ins_tiny,49,0.7952,0.8698,0.8698,0,0.9252712216186662,0.9252712216186662,1.0,7,0,-0.10984346611706419,4,1,0.5978240379515816
204595,261888,000000261888.jpg,REAR,0,13,8460.0,250.1,-1,body7_official,gt_box,gt_box,,,1.0,1.0,0,0.9231031194935646,0.9231031194935646,1.0,11,0,-0.28664092607131375,8,-1,0.7997412225779366
204595,261888,000000261888.jpg,REAR,0,13,8460.0,250.1,-1,body7_official,rtmdet_ins_tiny,rtmdet_ins_tiny,16,0.8335,0.8803,0.8803,0,0.9406198392686954,0.9406198392686954,1.0,11,0,-0.2895984994689604,8,-1,0.8161859652575325
204595,261888,000000261888.jpg,REAR,0,13,8460.0,250.1,-1,body7_self,gt_box,gt_box,,,1.0,1.0,0,0.9231031194935646,0.9231031194935646,1.0,11,0,-0.28664092607131375,8,-1,0.7997412471210256
204595,261888,000000261888.jpg,REAR,0,13,8460.0,250.1,-1,body7_self,rtmdet_ins_tiny,rtmdet_ins_tiny,16,0.8335,0.8803,0.8803,0,0.9406198392686954,0.9406198392686954,1.0,11,0,-0.2895984994689604,8,-1,0.8161860423929551
204595,261888,000000261888.jpg,REAR,0,13,8460.0,250.1,-1,aic_coco_self,gt_box,gt_box,,,1.0,1.0,0,0.9527196132821203,0.9527196132821203,1.0,11,0,-0.29138666399675245,8,-1,0.7865880868014168
204595,261888,000000261888.jpg,REAR,0,13,8460.0,250.1,-1,aic_coco_self,rtmdet_ins_tiny,rtmdet_ins_tiny,16,0.8335,0.8803,0.8803,0,0.924862243220113,0.924862243220113,1.0,11,0,-0.2811812140851272,8,-1,0.8056300001985887
205810,372819,000000372819.jpg,FRONT,3,17,5746.6,151.5,-1,body7_official,gt_box,gt_box,,,1.0,1.0,0,0.9671598511934748,0.9671598511934748,1.0,16,0,-0.3827031230557831,12,-1,0.762041218140546
205810,372819,000000372819.jpg,FRONT,3,17,5746.6,151.5,-1,body7_official,rtmdet_ins_tiny,rtmdet_ins_tiny,6,0.8760,0.8913,0.8913,0,0.9753794154576734,0.9753794154576734,1.0,16,0,-0.3900093898747475,12,-1,0.7523896553937126
205810,372819,000000372819.jpg,FRONT,3,17,5746.6,151.5,-1,body7_self,gt_box,gt_box,,,1.0,1.0,0,0.9671598511934748,0.9671598511934748,1.0,16,0,-0.3827031230557831,12,-1,0.762041267226724
205810,372819,000000372819.jpg,FRONT,3,17,5746.6,151.5,-1,body7_self,rtmdet_ins_tiny,rtmdet_ins_tiny,6,0.8760,0.8913,0.8913,0,0.9753794154576734,0.9753794154576734,1.0,16,0,-0.3900093898747475,12,-1,0.7523895011228674
205810,372819,000000372819.jpg,FRONT,3,17,5746.6,151.5,-1,aic_coco_self,gt_box,gt_box,,,1.0,1.0,0,0.9638865240496808,0.9638865240496808,1.0,16,0,-0.37615897091934236,12,-1,0.7974239868276259
205810,372819,000000372819.jpg,FRONT,3,17,5746.6,151.5,-1,aic_coco_self,rtmdet_ins_tiny,rtmdet_ins_tiny,6,0.8760,0.8913,0.8913,0,0.9720535906038388,0.9720535906038388,1.0,16,0,-0.3895754880662856,12,-1,0.7862569409258225
207159,514508,000000514508.jpg,REAR,0,9,24580.1,316.1,-1,body7_official,gt_box,gt_box,,,1.0,1.0,0,0.9771158191884441,0.9771158191884441,1.0,9,0,-0.13523315275454928,6,-1,0.6547012819963343
207159,514508,000000514508.jpg,REAR,0,9,24580.1,316.1,-1,body7_official,rtmdet_ins_tiny,rtmdet_ins_tiny,42,0.7799,0.9757,0.9757,0,0.979097014515273,0.979097014515273,1.0,9,0,-0.13838144609225903,6,-1,0.6713009546784794
207159,514508,000000514508.jpg,REAR,0,9,24580.1,316.1,-1,body7_self,gt_box,gt_box,,,1.0,1.0,0,0.9771158191884441,0.9771158191884441,1.0,9,0,-0.13523315275454928,6,-1,0.6547011943424449
207159,514508,000000514508.jpg,REAR,0,9,24580.1,316.1,-1,body7_self,rtmdet_ins_tiny,rtmdet_ins_tiny,42,0.7799,0.9757,0.9757,0,0.979097014515273,0.979097014515273,1.0,9,0,-0.13838144609225903,6,-1,0.6713008635184344
207159,514508,000000514508.jpg,REAR,0,9,24580.1,316.1,-1,aic_coco_self,gt_box,gt_box,,,1.0,1.0,0,0.9549110039262536,0.9549110039262536,1.0,9,0,-0.13434893842192216,6,-1,0.6897479506099925
207159,514508,000000514508.jpg,REAR,0,9,24580.1,316.1,-1,aic_coco_self,rtmdet_ins_tiny,rtmdet_ins_tiny,42,0.7799,0.9757,0.9757,0,0.97189066202442,0.97189066202442,1.0,9,0,-0.1415915047868163,6,-1,0.6974847474518944
208171,50380,000000050380.jpg,FRONT,3,16,53453.0,422.0,-1,body7_official,gt_box,gt_box,,,1.0,1.0,0,0.9819525834945,0.9819525834945,1.0,16,0,-0.43118250948840464,12,-1,0.8694841581232408
208171,50380,000000050380.jpg,FRONT,3,16,53453.0,422.0,-1,body7_official,rtmdet_ins_tiny,rtmdet_ins_tiny,14,0.9417,0.9335,0.9335,0,0.9806816841617298,0.9806816841617298,1.0,16,0,-0.43030385445720787,12,-1,0.8944174682392794
208171,50380,000000050380.jpg,FRONT,3,16,53453.0,422.0,-1,body7_self,gt_box,gt_box,,,1.0,1.0,0,0.9819525834945,0.9819525834945,1.0,16,0,-0.43118250948840464,12,-1,0.869484147604774
208171,50380,000000050380.jpg,FRONT,3,16,53453.0,422.0,-1,body7_self,rtmdet_ins_tiny,rtmdet_ins_tiny,14,0.9417,0.9335,0.9335,0,0.9806816841617298,0.9806816841617298,1.0,16,0,-0.43030385445720787,12,-1,0.894417471745435
208171,50380,000000050380.jpg,FRONT,3,16,53453.0,422.0,-1,aic_coco_self,gt_box,gt_box,,,1.0,1.0,0,0.9888769343467197,0.9888769343467197,1.0,16,0,-0.42932390105099605,12,-1,0.8730542449390187
208171,50380,000000050380.jpg,FRONT,3,16,53453.0,422.0,-1,aic_coco_self,rtmdet_ins_tiny,rtmdet_ins_tiny,14,0.9417,0.9335,0.9335,0,0.9867896926220959,0.9867896926220959,1.0,16,0,-0.42652036346683897,12,-1,0.881217921481413
210123,575081,000000575081.jpg,OBLIQUE,2,15,17617.9,384.8,1,body7_official,gt_box,gt_box,,,1.0,1.0,0,0.8868507822567463,0.8868507822567463,1.0,15,0,-0.3709975140602006,12,-1,0.7732596712953904
210123,575081,000000575081.jpg,OBLIQUE,2,15,17617.9,384.8,1,body7_official,rtmdet_ins_tiny,rtmdet_ins_tiny,11,0.8495,0.7954,0.7954,0,0.9010940335294259,0.9010940335294259,1.0,15,0,-0.378584482578891,12,-1,0.7793940971879398
210123,575081,000000575081.jpg,OBLIQUE,2,15,17617.9,384.8,1,body7_self,gt_box,gt_box,,,1.0,1.0,0,0.8868507822567463,0.8868507822567463,1.0,15,0,-0.3709975140602006,12,-1,0.7732596432461458
210123,575081,000000575081.jpg,OBLIQUE,2,15,17617.9,384.8,1,body7_self,rtmdet_ins_tiny,rtmdet_ins_tiny,11,0.8495,0.7954,0.7954,0,0.9010940335294259,0.9010940335294259,1.0,15,0,-0.378584482578891,12,-1,0.7793941182248733
210123,575081,000000575081.jpg,OBLIQUE,2,15,17617.9,384.8,1,aic_coco_self,gt_box,gt_box,,,1.0,1.0,0,0.8449824806764276,0.8449824806764276,0.9333333333333333,15,0,-0.3295107267918799,12,-1,0.7537065709338469
210123,575081,000000575081.jpg,OBLIQUE,2,15,17617.9,384.8,1,aic_coco_self,rtmdet_ins_tiny,rtmdet_ins_tiny,11,0.8495,0.7954,0.7954,0,0.8907205959891458,0.8907205959891458,1.0,15,0,-0.3608570438324513,12,-1,0.7894193705390481
210852,356612,000000356612.jpg,FRONT,3,16,3110.8,111.0,-1,body7_official,gt_box,gt_box,,,1.0,1.0,0,0.9673708801089497,0.9673708801089497,1.0,14,0,-0.5668840228444185,8,-1,0.7466254882952746
210852,356612,000000356612.jpg,FRONT,3,16,3110.8,111.0,-1,body7_official,rtmdet_ins_tiny,rtmdet_ins_tiny,15,0.6654,0.0924,0.8296,1,0.028040132463426994,0.028040132463426994,0.0,14,0,-0.06003816915963023,8,-1,0.5825569191399742
210852,356612,000000356612.jpg,FRONT,3,16,3110.8,111.0,-1,body7_self,gt_box,gt_box,,,1.0,1.0,0,0.9673708801089497,0.9673708801089497,1.0,14,0,-0.5668840228444185,8,-1,0.746625484789119
210852,356612,000000356612.jpg,FRONT,3,16,3110.8,111.0,-1,body7_self,rtmdet_ins_tiny,rtmdet_ins_tiny,15,0.6654,0.0924,0.8296,1,0.028040132463426994,0.028040132463426994,0.0,14,0,-0.06003816915963023,8,-1,0.5825570243246415
210852,356612,000000356612.jpg,FRONT,3,16,3110.8,111.0,-1,aic_coco_self,gt_box,gt_box,,,1.0,1.0,0,0.9653275436373441,0.9653275436373441,1.0,14,0,-0.573894219074043,8,-1,0.7772904196206261
210852,356612,000000356612.jpg,FRONT,3,16,3110.8,111.0,-1,aic_coco_self,rtmdet_ins_tiny,rtmdet_ins_tiny,15,0.6654,0.0924,0.8296,1,0.02018408632889423,0.02018408632889423,0.0,14,0,-0.05624789256576734,8,-1,0.6130762310589061
212801,333402,000000333402.jpg,PROFILE,1,14,8972.5,225.8,1,body7_official,gt_box,gt_box,,,1.0,1.0,0,0.8962071665737652,0.8962071665737652,0.9230769230769231,13,0,-0.1794242051471775,10,1,0.8074686983052421
212801,333402,000000333402.jpg,PROFILE,1,14,8972.5,225.8,1,body7_official,rtmdet_ins_tiny,rtmdet_ins_tiny,12,0.8416,0.9577,0.9577,0,0.8828719032716452,0.8828719032716452,0.9230769230769231,13,0,-0.17907862160621368,10,1,0.8063862919807434
212801,333402,000000333402.jpg,PROFILE,1,14,8972.5,225.8,1,body7_self,gt_box,gt_box,,,1.0,1.0,0,0.8962071665737652,0.8962071665737652,0.9230769230769231,13,0,-0.1794242051471775,10,1,0.8074686807744643
212801,333402,000000333402.jpg,PROFILE,1,14,8972.5,225.8,1,body7_self,rtmdet_ins_tiny,rtmdet_ins_tiny,12,0.8416,0.9577,0.9577,0,0.8828719032716452,0.8828719032716452,0.9230769230769231,13,0,-0.17907862160621368,10,1,0.8063862884745878
212801,333402,000000333402.jpg,PROFILE,1,14,8972.5,225.8,1,aic_coco_self,gt_box,gt_box,,,1.0,1.0,0,0.9601294369307253,0.9601294369307253,1.0,13,0,-0.21460671639222,10,1,0.8034920271705178
212801,333402,000000333402.jpg,PROFILE,1,14,8972.5,225.8,1,aic_coco_self,rtmdet_ins_tiny,rtmdet_ins_tiny,12,0.8416,0.9577,0.9577,0,0.9107862120984145,0.9107862120984145,1.0,13,0,-0.18627276949913285,10,1,0.7831737030954922
213600,467176,000000467176.jpg,REAR,0,9,18608.0,202.5,1,body7_official,gt_box,gt_box,,,1.0,1.0,0,0.9514233407708943,0.9514233407708943,1.0,9,0,-0.6291031601373615,6,1,0.5935887545347214
213600,467176,000000467176.jpg,REAR,0,9,18608.0,202.5,1,body7_official,rtmdet_ins_tiny,rtmdet_ins_tiny,2,0.8729,0.9633,0.9633,0,0.9579017009541039,0.9579017009541039,1.0,9,0,-0.6308978016045337,6,1,0.5922167336239534
213600,467176,000000467176.jpg,REAR,0,9,18608.0,202.5,1,body7_self,gt_box,gt_box,,,1.0,1.0,0,0.9514233407708943,0.9514233407708943,1.0,9,0,-0.6291031601373615,6,1,0.5935887185966268
213600,467176,000000467176.jpg,REAR,0,9,18608.0,202.5,1,body7_self,rtmdet_ins_tiny,rtmdet_ins_tiny,2,0.8729,0.9633,0.9633,0,0.9579017009541039,0.9579017009541039,1.0,9,0,-0.6308978016045337,6,1,0.5922166275627473
213600,467176,000000467176.jpg,REAR,0,9,18608.0,202.5,1,aic_coco_self,gt_box,gt_box,,,1.0,1.0,0,0.9603843110519311,0.9603843110519311,1.0,9,0,-0.6315825938939518,6,1,0.6256146027761347
213600,467176,000000467176.jpg,REAR,0,9,18608.0,202.5,1,aic_coco_self,rtmdet_ins_tiny,rtmdet_ins_tiny,2,0.8729,0.9633,0.9633,0,0.962244316977373,0.962244316977373,1.0,9,0,-0.6337751119442925,6,1,0.6313504804583157
214333,303653,000000303653.jpg,FRONT,3,16,3651.2,150.1,-1,body7_official,gt_box,gt_box,,,1.0,1.0,0,0.9581805107749379,0.9581805107749379,1.0,13,0,-0.3766437072729634,6,-1,0.8003847949645099
214333,303653,000000303653.jpg,FRONT,3,16,3651.2,150.1,-1,body7_official,rtmdet_ins_tiny,rtmdet_ins_tiny,10,0.5692,0.9031,0.9031,0,0.9654993110536215,0.9654993110536215,1.0,13,0,-0.3814794292414175,6,-1,0.7987156510353088
214333,303653,000000303653.jpg,FRONT,3,16,3651.2,150.1,-1,body7_self,gt_box,gt_box,,,1.0,1.0,0,0.9581805107749379,0.9581805107749379,1.0,13,0,-0.3766437072729634,6,-1,0.8003847528906429
214333,303653,000000303653.jpg,FRONT,3,16,3651.2,150.1,-1,body7_self,rtmdet_ins_tiny,rtmdet_ins_tiny,10,0.5692,0.9031,0.9031,0,0.9654993110536215,0.9654993110536215,1.0,13,0,-0.3814794292414175,6,-1,0.7987156931091758
214333,303653,000000303653.jpg,FRONT,3,16,3651.2,150.1,-1,aic_coco_self,gt_box,gt_box,,,1.0,1.0,0,0.9560058984931883,0.9560058984931883,1.0,13,0,-0.3739108633267984,6,-1,0.8268430127817041
214333,303653,000000303653.jpg,FRONT,3,16,3651.2,150.1,-1,aic_coco_self,rtmdet_ins_tiny,rtmdet_ins_tiny,10,0.5692,0.9031,0.9031,0,0.9567736635907392,0.9567736635907392,1.0,13,0,-0.3770757469525079,6,-1,0.8059539759860319
215456,100510,000000100510.jpg,OBLIQUE,2,13,4103.4,120.0,-1,body7_official,gt_box,gt_box,,,1.0,1.0,0,0.9748513756202565,0.9748513756202565,1.0,9,0,-0.17736972376564553,4,-1,0.6497718288617975
215456,100510,000000100510.jpg,OBLIQUE,2,13,4103.4,120.0,-1,body7_official,rtmdet_ins_tiny,rtmdet_ins_tiny,14,0.6379,0.8470,0.8470,0,0.9549140011171219,0.9549140011171219,1.0,9,0,-0.17266327699773007,4,-1,0.6756886173697079
215456,100510,000000100510.jpg,OBLIQUE,2,13,4103.4,120.0,-1,body7_self,gt_box,gt_box,,,1.0,1.0,0,0.9748513756202565,0.9748513756202565,1.0,9,0,-0.17736972376564553,4,-1,0.6497718271087197
215456,100510,000000100510.jpg,OBLIQUE,2,13,4103.4,120.0,-1,body7_self,rtmdet_ins_tiny,rtmdet_ins_tiny,14,0.6379,0.8470,0.8470,0,0.9549140011171219,0.9549140011171219,1.0,9,0,-0.17266327699773007,4,-1,0.6756885647773743
215456,100510,000000100510.jpg,OBLIQUE,2,13,4103.4,120.0,-1,aic_coco_self,gt_box,gt_box,,,1.0,1.0,0,0.9764988536090338,0.9764988536090338,1.0,9,0,-0.18478167397485892,4,-1,0.6637124541927787
215456,100510,000000100510.jpg,OBLIQUE,2,13,4103.4,120.0,-1,aic_coco_self,rtmdet_ins_tiny,rtmdet_ins_tiny,14,0.6379,0.8470,0.8470,0,0.9698916266135374,0.9698916266135374,1.0,9,0,-0.18133122284434816,4,-1,0.6843172872767729
216643,154004,000000154004.jpg,OBLIQUE,2,13,6018.9,187.1,-1,body7_official,gt_box,gt_box,,,1.0,1.0,0,0.9586097636018827,0.9586097636018827,1.0,12,0,-0.1452832777409514,6,-1,0.7095994177986594
216643,154004,000000154004.jpg,OBLIQUE,2,13,6018.9,187.1,-1,body7_official,rtmdet_ins_tiny,rtmdet_ins_tiny,46,0.8183,0.0249,0.8419,1,0.03945316863458534,0.011987478157179661,0.0,12,1,0.006517617792541008,6,1,0.7099701060968286
216643,154004,000000154004.jpg,OBLIQUE,2,13,6018.9,187.1,-1,body7_self,gt_box,gt_box,,,1.0,1.0,0,0.9586097636018827,0.9586097636018827,1.0,12,0,-0.1452832777409514,6,-1,0.7095993511817035
216643,154004,000000154004.jpg,OBLIQUE,2,13,6018.9,187.1,-1,body7_self,rtmdet_ins_tiny,rtmdet_ins_tiny,46,0.8183,0.0249,0.8419,1,0.03945316863458534,0.011987478157179661,0.0,12,1,0.006517617792541008,6,1,0.7099700990845176
216643,154004,000000154004.jpg,OBLIQUE,2,13,6018.9,187.1,-1,aic_coco_self,gt_box,gt_box,,,1.0,1.0,0,0.9500738767875646,0.9500738767875646,1.0,12,0,-0.14460286024270105,6,-1,0.735053539276123
216643,154004,000000154004.jpg,OBLIQUE,2,13,6018.9,187.1,-1,aic_coco_self,rtmdet_ins_tiny,rtmdet_ins_tiny,46,0.8183,0.0249,0.8419,1,0.037957188854063774,0.011785830470736912,0.0,12,1,0.006461218135588642,6,1,0.7362192764001734
217773,48396,000000048396.jpg,FRONT,3,12,67560.5,420.3,-1,body7_official,gt_box,gt_box,,,1.0,1.0,0,0.919026695470747,0.919026695470747,0.9166666666666666,12,0,-0.2785202422677896,8,-1,0.6873940746573841
217773,48396,000000048396.jpg,FRONT,3,12,67560.5,420.3,-1,body7_official,rtmdet_ins_tiny,rtmdet_ins_tiny,11,0.9106,0.9500,0.9500,0,0.9162766574061574,0.9162766574061574,0.9166666666666666,12,0,-0.27477752031877384,8,-1,0.6878863555543563
217773,48396,000000048396.jpg,FRONT,3,12,67560.5,420.3,-1,body7_self,gt_box,gt_box,,,1.0,1.0,0,0.919026695470747,0.919026695470747,0.9166666666666666,12,0,-0.2785202422677896,8,-1,0.6873940799166175
217773,48396,000000048396.jpg,FRONT,3,12,67560.5,420.3,-1,body7_self,rtmdet_ins_tiny,rtmdet_ins_tiny,11,0.9106,0.9500,0.9500,0,0.9162766574061574,0.9162766574061574,0.9166666666666666,12,0,-0.27477752031877384,8,-1,0.6878862275796778
217773,48396,000000048396.jpg,FRONT,3,12,67560.5,420.3,-1,aic_coco_self,gt_box,gt_box,,,1.0,1.0,0,0.9257687484255946,0.9257687484255946,0.9166666666666666,12,0,-0.28329729879256077,8,-1,0.673598538426792
217773,48396,000000048396.jpg,FRONT,3,12,67560.5,420.3,-1,aic_coco_self,rtmdet_ins_tiny,rtmdet_ins_tiny,11,0.9106,0.9500,0.9500,0,0.9279491977279591,0.9279491977279591,0.9166666666666666,12,0,-0.2842240939530075,8,-1,0.6789472778053844
220590,491090,000000491090.jpg,FRONT,3,16,36547.0,428.3,-1,body7_official,gt_box,gt_box,,,1.0,1.0,0,0.9732311141646485,0.9732311141646485,1.0,14,0,-0.40967516994684827,6,-1,0.8421103165430182
220590,491090,000000491090.jpg,FRONT,3,16,36547.0,428.3,-1,body7_official,rtmdet_ins_tiny,rtmdet_ins_tiny,12,0.8863,0.9570,0.9570,0,0.9728381055452052,0.9728381055452052,1.0,14,0,-0.41219759086629043,6,-1,0.8551263195626876
220590,491090,000000491090.jpg,FRONT,3,16,36547.0,428.3,-1,body7_self,gt_box,gt_box,,,1.0,1.0,0,0.9732311141646485,0.9732311141646485,1.0,14,0,-0.40967516994684827,6,-1,0.8421102955060846
220590,491090,000000491090.jpg,FRONT,3,16,36547.0,428.3,-1,body7_self,rtmdet_ins_tiny,rtmdet_ins_tiny,12,0.8863,0.9570,0.9570,0,0.9728381055452052,0.9728381055452052,1.0,14,0,-0.41219759086629043,6,-1,0.8551261915880091
220590,491090,000000491090.jpg,FRONT,3,16,36547.0,428.3,-1,aic_coco_self,gt_box,gt_box,,,1.0,1.0,0,0.9753096078145675,0.9753096078145675,1.0,14,0,-0.4151861244594655,6,-1,0.8117061818347258
220590,491090,000000491090.jpg,FRONT,3,16,36547.0,428.3,-1,aic_coco_self,rtmdet_ins_tiny,rtmdet_ins_tiny,12,0.8863,0.9570,0.9570,0,0.975275469131884,0.975275469131884,1.0,14,0,-0.41452656220236267,6,-1,0.8128576524117413
221149,10707,000000010707.jpg,FRONT,3,16,18923.1,264.8,-1,body7_official,gt_box,gt_box,,,1.0,1.0,0,0.9221015974186332,0.9221015974186332,1.0,14,0,-0.3356978405189482,8,-1,0.6645505866583656
221149,10707,000000010707.jpg,FRONT,3,16,18923.1,264.8,-1,body7_official,rtmdet_ins_tiny,rtmdet_ins_tiny,25,0.6393,0.2333,0.8296,2,0.1508228689593465,0.1508228689593465,0.21428571428571427,14,0,-0.06205305545543682,8,-1,0.4312811344861984
221149,10707,000000010707.jpg,FRONT,3,16,18923.1,264.8,-1,body7_self,gt_box,gt_box,,,1.0,1.0,0,0.9221015974186332,0.9221015974186332,1.0,14,0,-0.3356978405189482,8,-1,0.6645505638683543
221149,10707,000000010707.jpg,FRONT,3,16,18923.1,264.8,-1,body7_self,rtmdet_ins_tiny,rtmdet_ins_tiny,25,0.6393,0.2333,0.8296,2,0.1508228689593465,0.1508228689593465,0.21428571428571427,14,0,-0.06205305545543682,8,-1,0.43128115990582633
221149,10707,000000010707.jpg,FRONT,3,16,18923.1,264.8,-1,aic_coco_self,gt_box,gt_box,,,1.0,1.0,0,0.9235906400103274,0.9235906400103274,1.0,14,0,-0.35180310947275534,8,-1,0.6922125921529882
221149,10707,000000010707.jpg,FRONT,3,16,18923.1,264.8,-1,aic_coco_self,rtmdet_ins_tiny,rtmdet_ins_tiny,25,0.6393,0.2333,0.8296,2,0.002689303796789558,0.002689303796789558,0.0,14,0,-0.06445377842550437,8,-1,0.4915239355143379
222384,382111,000000382111.jpg,FRONT,3,14,13744.1,287.9,-1,body7_official,gt_box,gt_box,,,1.0,1.0,0,0.9645441014155421,0.9645441014155421,1.0,14,0,-0.35478529669393,8,-1,0.8442762248656329
222384,382111,000000382111.jpg,FRONT,3,14,13744.1,287.9,-1,body7_official,rtmdet_ins_tiny,rtmdet_ins_tiny,17,0.8139,0.7013,0.7013,0,0.9686577830285279,0.9686577830285279,1.0,14,0,-0.3531717476145878,8,-1,0.8663493990898132
222384,382111,000000382111.jpg,FRONT,3,14,13744.1,287.9,-1,body7_self,gt_box,gt_box,,,1.0,1.0,0,0.9645441014155421,0.9645441014155421,1.0,14,0,-0.35478529669393,8,-1,0.8442761722732993
222384,382111,000000382111.jpg,FRONT,3,14,13744.1,287.9,-1,body7_self,rtmdet_ins_tiny,rtmdet_ins_tiny,17,0.8139,0.7013,0.7013,0,0.9686577830285279,0.9686577830285279,1.0,14,0,-0.3531717476145878,8,-1,0.8663493605221019
222384,382111,000000382111.jpg,FRONT,3,14,13744.1,287.9,-1,aic_coco_self,gt_box,gt_box,,,1.0,1.0,0,0.9786178552360102,0.9786178552360102,1.0,14,0,-0.36139941984889684,8,-1,0.8472954385420856
222384,382111,000000382111.jpg,FRONT,3,14,13744.1,287.9,-1,aic_coco_self,rtmdet_ins_tiny,rtmdet_ins_tiny,17,0.8139,0.7013,0.7013,0,0.9773859654622629,0.9773859654622629,1.0,14,0,-0.351080790795899,8,-1,0.8322706573149737
223042,511999,000000511999.jpg,OBLIQUE,2,13,2444.2,132.3,-1,body7_official,gt_box,gt_box,,,1.0,1.0,0,0.960618150451753,0.960618150451753,1.0,13,0,-0.06208232384759661,8,-1,0.7182847226367277
223042,511999,000000511999.jpg,OBLIQUE,2,13,2444.2,132.3,-1,body7_official,rtmdet_ins_tiny,rtmdet_ins_tiny,19,0.8753,0.0000,0.8743,1,0.0031145026033503817,0.0016174250833246447,0.0,13,1,0.0008103681301561139,8,1,0.7375794754308813
223042,511999,000000511999.jpg,OBLIQUE,2,13,2444.2,132.3,-1,body7_self,gt_box,gt_box,,,1.0,1.0,0,0.960618150451753,0.960618150451753,1.0,13,0,-0.06208232384759661,8,-1,0.7182847401675057
223042,511999,000000511999.jpg,OBLIQUE,2,13,2444.2,132.3,-1,body7_self,rtmdet_ins_tiny,rtmdet_ins_tiny,19,0.8753,0.0000,0.8743,1,0.0031145026033503817,0.0016174250833246447,0.0,13,1,0.0008103681301561139,8,1,0.7375794841962702
223042,511999,000000511999.jpg,OBLIQUE,2,13,2444.2,132.3,-1,aic_coco_self,gt_box,gt_box,,,1.0,1.0,0,0.9589760579315173,0.9589760579315173,1.0,13,0,-0.07029913712612537,8,-1,0.725983672282275
223042,511999,000000511999.jpg,OBLIQUE,2,13,2444.2,132.3,-1,aic_coco_self,rtmdet_ins_tiny,rtmdet_ins_tiny,19,0.8753,0.0000,0.8743,1,0.0032409813259578917,0.0016495998208078714,0.0,13,1,8.165398850401573e-05,8,1,0.7750742435455322
225403,492282,000000492282.jpg,FRONT,3,15,5169.6,180.6,-1,body7_official,gt_box,gt_box,,,1.0,1.0,0,0.8900612534474815,0.8900612534474815,0.9285714285714286,14,0,-0.117214643520585,10,-1,0.8304205326473012
225403,492282,000000492282.jpg,FRONT,3,15,5169.6,180.6,-1,body7_official,rtmdet_ins_tiny,rtmdet_ins_tiny,15,0.7646,0.8978,0.8978,0,0.8872114251620038,0.8872114251620038,0.9285714285714286,14,0,-0.12253477793941536,10,-1,0.8475255475324743
225403,492282,000000492282.jpg,FRONT,3,15,5169.6,180.6,-1,body7_self,gt_box,gt_box,,,1.0,1.0,0,0.8900612534474815,0.8900612534474815,0.9285714285714286,14,0,-0.117214643520585,10,-1,0.8304204940795898
225403,492282,000000492282.jpg,FRONT,3,15,5169.6,180.6,-1,body7_self,rtmdet_ins_tiny,rtmdet_ins_tiny,15,0.7646,0.8978,0.8978,0,0.8872114251620038,0.8872114251620038,0.9285714285714286,14,0,-0.12253477793941536,10,-1,0.8475255755817189
225403,492282,000000492282.jpg,FRONT,3,15,5169.6,180.6,-1,aic_coco_self,gt_box,gt_box,,,1.0,1.0,0,0.8742733307462641,0.8742733307462641,0.9285714285714286,14,0,-0.1212862338201755,10,-1,0.7785548357402577
225403,492282,000000492282.jpg,FRONT,3,15,5169.6,180.6,-1,aic_coco_self,rtmdet_ins_tiny,rtmdet_ins_tiny,15,0.7646,0.8978,0.8978,0,0.8772536833735789,0.8772536833735789,0.9285714285714286,14,0,-0.11868914871697901,10,-1,0.7800336480140686
227386,558213,000000558213.jpg,OBLIQUE,2,16,4444.5,137.3,-1,body7_official,gt_box,gt_box,,,1.0,1.0,0,0.9493303825466396,0.9493303825466396,1.0,15,0,-0.4219891563895349,12,-1,0.8018871791222516
227386,558213,000000558213.jpg,OBLIQUE,2,16,4444.5,137.3,-1,body7_official,rtmdet_ins_tiny,rtmdet_ins_tiny,15,0.8569,0.9091,0.9091,0,0.9606931513271137,0.9606931513271137,1.0,15,0,-0.42266917846568025,12,-1,0.8128167285638697
227386,558213,000000558213.jpg,OBLIQUE,2,16,4444.5,137.3,-1,body7_self,gt_box,gt_box,,,1.0,1.0,0,0.9493303825466396,0.9493303825466396,1.0,15,0,-0.4219891563895349,12,-1,0.8018871721099404
227386,558213,000000558213.jpg,OBLIQUE,2,16,4444.5,137.3,-1,body7_self,rtmdet_ins_tiny,rtmdet_ins_tiny,15,0.8569,0.9091,0.9091,0,0.9606931513271137,0.9606931513271137,1.0,15,0,-0.42266917846568025,12,-1,0.8128167496008032
227386,558213,000000558213.jpg,OBLIQUE,2,16,4444.5,137.3,-1,aic_coco_self,gt_box,gt_box,,,1.0,1.0,0,0.9607749177019559,0.9607749177019559,1.0,15,0,-0.41863791379442744,12,-1,0.833962735007791
227386,558213,000000558213.jpg,OBLIQUE,2,16,4444.5,137.3,-1,aic_coco_self,rtmdet_ins_tiny,rtmdet_ins_tiny,15,0.8569,0.9091,0.9091,0,0.9658302430579062,0.9658302430579062,1.0,15,0,-0.4195568732626487,12,-1,0.8505770914694842
229044,556000,000000556000.jpg,OBLIQUE,2,9,7669.9,170.1,1,body7_official,gt_box,gt_box,,,1.0,1.0,0,0.95075963843901,0.95075963843901,1.0,9,0,-0.10710406534610074,4,1,0.5553792750134188
229044,556000,000000556000.jpg,OBLIQUE,2,9,7669.9,170.1,1,body7_official,rtmdet_ins_tiny,rtmdet_ins_tiny,15,0.7123,0.8995,0.8995,0,0.9553317309062314,0.9553317309062314,1.0,9,0,-0.10822536367933,4,1,0.5454365987988079
229044,556000,000000556000.jpg,OBLIQUE,2,9,7669.9,170.1,1,body7_self,gt_box,gt_box,,,1.0,1.0,0,0.95075963843901,0.95075963843901,1.0,9,0,-0.10710406534610074,4,1,0.5553790839279399
229044,556000,000000556000.jpg,OBLIQUE,2,9,7669.9,170.1,1,body7_self,rtmdet_ins_tiny,rtmdet_ins_tiny,15,0.7123,0.8995,0.8995,0,0.9553317309062314,0.9553317309062314,1.0,9,0,-0.10822536367933,4,1,0.545436680316925
229044,556000,000000556000.jpg,OBLIQUE,2,9,7669.9,170.1,1,aic_coco_self,gt_box,gt_box,,,1.0,1.0,0,0.9211554658748268,0.9211554658748268,1.0,9,0,-0.06587682082619788,4,1,0.5618337883668787
229044,556000,000000556000.jpg,OBLIQUE,2,9,7669.9,170.1,1,aic_coco_self,rtmdet_ins_tiny,rtmdet_ins_tiny,15,0.7123,0.8995,0.8995,0,0.9363454726158916,0.9363454726158916,1.0,9,0,-0.06625576034898618,4,1,0.5692885982639649
230831,139,000000000139.jpg,PROFILE,1,15,2913.1,138.0,1,body7_official,gt_box,gt_box,,,1.0,1.0,0,0.9410128501847224,0.9410128501847224,1.0,14,0,-0.07450006232403347,12,1,0.7064772669006797
230831,139,000000000139.jpg,PROFILE,1,15,2913.1,138.0,1,body7_official,rtmdet_ins_tiny,rtmdet_ins_tiny,4,0.7423,0.9227,0.9227,0,0.9415515869455738,0.9415515869455738,1.0,14,0,-0.08669913845095359,12,1,0.7376992036314571
230831,139,000000000139.jpg,PROFILE,1,15,2913.1,138.0,1,body7_self,gt_box,gt_box,,,1.0,1.0,0,0.9410128501847224,0.9410128501847224,1.0,14,0,-0.07450006232403347,12,1,0.7064771336667678
230831,139,000000000139.jpg,PROFILE,1,15,2913.1,138.0,1,body7_self,rtmdet_ins_tiny,rtmdet_ins_tiny,4,0.7423,0.9227,0.9227,0,0.9415515869455738,0.9415515869455738,1.0,14,0,-0.08669913845095359,12,1,0.7376991300021901
230831,139,000000000139.jpg,PROFILE,1,15,2913.1,138.0,1,aic_coco_self,gt_box,gt_box,,,1.0,1.0,0,0.9309848973521154,0.9309848973521154,1.0,14,0,-0.0759192640659284,12,1,0.6544252353556016
230831,139,000000000139.jpg,PROFILE,1,15,2913.1,138.0,1,aic_coco_self,rtmdet_ins_tiny,rtmdet_ins_tiny,4,0.7423,0.9227,0.9227,0,0.9104587677934297,0.9104587677934297,1.0,14,0,-0.07097708364267111,12,1,0.658230234594906
233668,463730,000000463730.jpg,REAR,0,13,3334.6,121.1,1,body7_official,gt_box,gt_box,,,1.0,1.0,0,0.9720649093959397,0.9720649093959397,1.0,13,0,-0.34743587873722337,12,1,0.752307628884035
233668,463730,000000463730.jpg,REAR,0,13,3334.6,121.1,1,body7_official,rtmdet_ins_tiny,rtmdet_ins_tiny,51,0.8455,0.9107,0.9107,0,0.9774301137201598,0.9774301137201598,1.0,13,0,-0.3499307953204205,12,1,0.7639002554556903
233668,463730,000000463730.jpg,REAR,0,13,3334.6,121.1,1,body7_self,gt_box,gt_box,,,1.0,1.0,0,0.9720649093959397,0.9720649093959397,1.0,13,0,-0.34743587873722337,12,1,0.7523077130317688
233668,463730,000000463730.jpg,REAR,0,13,3334.6,121.1,1,body7_self,rtmdet_ins_tiny,rtmdet_ins_tiny,51,0.8455,0.9107,0.9107,0,0.9774301137201598,0.9774301137201598,1.0,13,0,-0.3499307953204205,12,1,0.7639002414310679
233668,463730,000000463730.jpg,REAR,0,13,3334.6,121.1,1,aic_coco_self,gt_box,gt_box,,,1.0,1.0,0,0.9737423064376446,0.9737423064376446,1.0,13,0,-0.3475799200903455,12,1,0.7934470141635221
233668,463730,000000463730.jpg,REAR,0,13,3334.6,121.1,1,aic_coco_self,rtmdet_ins_tiny,rtmdet_ins_tiny,51,0.8455,0.9107,0.9107,0,0.9747652254341044,0.9747652254341044,1.0,13,0,-0.34480702186904183,12,1,0.7892232852823594
234594,91406,000000091406.jpg,FRONT,3,13,24125.1,336.6,-1,body7_official,gt_box,gt_box,,,1.0,1.0,0,0.9644625135339215,0.9644625135339215,1.0,13,0,-0.24271019066400304,6,-1,0.7547444666133207
234594,91406,000000091406.jpg,FRONT,3,13,24125.1,336.6,-1,body7_official,rtmdet_ins_tiny,rtmdet_ins_tiny,11,0.8830,0.9456,0.9456,0,0.9606554985457011,0.9606554985457011,1.0,13,0,-0.23966558885275718,6,-1,0.761012406910167
234594,91406,000000091406.jpg,FRONT,3,13,24125.1,336.6,-1,body7_self,gt_box,gt_box,,,1.0,1.0,0,0.9644625135339215,0.9644625135339215,1.0,13,0,-0.24271019066400304,6,-1,0.7547444122679093
234594,91406,000000091406.jpg,FRONT,3,13,24125.1,336.6,-1,body7_self,rtmdet_ins_tiny,rtmdet_ins_tiny,11,0.8830,0.9456,0.9456,0,0.9606554985457011,0.9606554985457011,1.0,13,0,-0.23966558885275718,6,-1,0.7610124630086562
234594,91406,000000091406.jpg,FRONT,3,13,24125.1,336.6,-1,aic_coco_self,gt_box,gt_box,,,1.0,1.0,0,0.9622696208942643,0.9622696208942643,1.0,13,0,-0.2333980419560419,6,-1,0.7445046516025767
234594,91406,000000091406.jpg,FRONT,3,13,24125.1,336.6,-1,aic_coco_self,rtmdet_ins_tiny,rtmdet_ins_tiny,11,0.8830,0.9456,0.9456,0,0.9589796958507353,0.9589796958507353,1.0,13,0,-0.23295627137041414,6,-1,0.740260478328256
235660,507797,000000507797.jpg,OBLIQUE,2,15,7476.4,203.9,1,body7_official,gt_box,gt_box,,,1.0,1.0,0,0.8928218427722394,0.8928218427722394,1.0,13,0,-0.1252057980064445,8,1,0.7393465077175814
235660,507797,000000507797.jpg,OBLIQUE,2,15,7476.4,203.9,1,body7_official,rtmdet_ins_tiny,rtmdet_ins_tiny,32,0.8811,0.0172,0.9144,1,0.0013703901868145768,0.0030685226170107634,0.0,13,1,0.0031880140734334983,8,-1,0.8622022060786977
235660,507797,000000507797.jpg,OBLIQUE,2,15,7476.4,203.9,1,body7_self,gt_box,gt_box,,,1.0,1.0,0,0.8928218427722394,0.8928218427722394,1.0,13,0,-0.1252057980064445,8,1,0.7393464901868034
235660,507797,000000507797.jpg,OBLIQUE,2,15,7476.4,203.9,1,body7_self,rtmdet_ins_tiny,rtmdet_ins_tiny,32,0.8811,0.0172,0.9144,1,0.0013703901868145768,0.0030685226170107634,0.0,13,1,0.0031880140734334983,8,-1,0.8622022060786977
235660,507797,000000507797.jpg,OBLIQUE,2,15,7476.4,203.9,1,aic_coco_self,gt_box,gt_box,,,1.0,1.0,0,0.9088550151449233,0.9088550151449233,1.0,13,0,-0.1380235385306804,8,1,0.7592048101565417
235660,507797,000000507797.jpg,OBLIQUE,2,15,7476.4,203.9,1,aic_coco_self,rtmdet_ins_tiny,rtmdet_ins_tiny,32,0.8811,0.0172,0.9144,1,0.0012299250257781155,0.0027871915576845787,0.0,13,1,0.001800436913142578,8,-1,0.8470778149716994
236746,377723,000000377723.jpg,REAR,0,10,1448.3,101.6,1,body7_official,gt_box,gt_box,,,1.0,1.0,0,0.8680147775086117,0.8680147775086117,1.0,7,0,-0.03614447186066083,6,1,0.622241454965928
236746,377723,000000377723.jpg,REAR,0,10,1448.3,101.6,1,body7_official,rtmdet_ins_tiny,rtmdet_ins_tiny,53,0.8368,0.0339,0.9261,2,0.00027897341855291803,0.0012581954099021853,0.0,7,1,0.0001235495315690116,6,1,0.6745172686436597
236746,377723,000000377723.jpg,REAR,0,10,1448.3,101.6,1,body7_self,gt_box,gt_box,,,1.0,1.0,0,0.8680147775086117,0.8680147775086117,1.0,7,0,-0.03614447186066083,6,1,0.6222415917059955
236746,377723,000000377723.jpg,REAR,0,10,1448.3,101.6,1,body7_self,rtmdet_ins_tiny,rtmdet_ins_tiny,53,0.8368,0.0339,0.9261,2,0.00027897341855291803,0.0012581954099021853,0.0,7,1,0.0001235495315690116,6,1,0.674517224816715
236746,377723,000000377723.jpg,REAR,0,10,1448.3,101.6,1,aic_coco_self,gt_box,gt_box,,,1.0,1.0,0,0.9014519452454223,0.9014519452454223,1.0,7,0,-0.04849182780106985,6,1,0.608796138973797
236746,377723,000000377723.jpg,REAR,0,10,1448.3,101.6,1,aic_coco_self,rtmdet_ins_tiny,rtmdet_ins_tiny,53,0.8368,0.0339,0.9261,2,0.0002683099141974616,0.0010216730356105085,0.0,7,1,0.00020505014160365764,6,1,0.7249927976552177
237693,514508,000000514508.jpg,OBLIQUE,2,12,6719.3,138.7,-1,body7_official,gt_box,gt_box,,,1.0,1.0,0,0.9406238319334775,0.9406238319334775,1.0,11,0,-0.3525069600890305,6,-1,0.7033349696327659
237693,514508,000000514508.jpg,OBLIQUE,2,12,6719.3,138.7,-1,body7_official,rtmdet_ins_tiny,rtmdet_ins_tiny,42,0.6684,0.1041,0.9256,1,0.0014853682378021538,0.0014853682378021538,0.0,11,0,-0.005887575278044843,6,-1,0.6555654520497602
237693,514508,000000514508.jpg,OBLIQUE,2,12,6719.3,138.7,-1,body7_self,gt_box,gt_box,,,1.0,1.0,0,0.9406238319334775,0.9406238319334775,1.0,11,0,-0.3525069600890305,6,-1,0.7033349117811989
237693,514508,000000514508.jpg,OBLIQUE,2,12,6719.3,138.7,-1,body7_self,rtmdet_ins_tiny,rtmdet_ins_tiny,42,0.6684,0.1041,0.9256,1,0.0014853682378021538,0.0014853682378021538,0.0,11,0,-0.005887575278044843,6,-1,0.6555654836051604
237693,514508,000000514508.jpg,OBLIQUE,2,12,6719.3,138.7,-1,aic_coco_self,gt_box,gt_box,,,1.0,1.0,0,0.9630467028622696,0.9630467028622696,1.0,11,0,-0.35806182757205784,6,-1,0.697081001365886
237693,514508,000000514508.jpg,OBLIQUE,2,12,6719.3,138.7,-1,aic_coco_self,rtmdet_ins_tiny,rtmdet_ins_tiny,42,0.6684,0.1041,0.9256,1,0.0015512994722948557,0.0015512994722948557,0.0,11,0,-0.0025531621954062445,6,-1,0.6814566675354453
253777,460683,000000460683.jpg,FRONT,3,15,4704.7,114.3,-1,body7_official,gt_box,gt_box,,,1.0,1.0,0,0.9058338901123194,0.9058338901123194,1.0,11,0,-0.6763052148834889,6,-1,0.6640742613988764
253777,460683,000000460683.jpg,FRONT,3,15,4704.7,114.3,-1,body7_official,rtmdet_ins_tiny,rtmdet_ins_tiny,15,0.5945,0.8854,0.8854,0,0.9111271934319753,0.9111271934319753,1.0,11,0,-0.6785201909441744,6,-1,0.6541329534614787
253777,460683,000000460683.jpg,FRONT,3,15,4704.7,114.3,-1,body7_self,gt_box,gt_box,,,1.0,1.0,0,0.9058338901123194,0.9058338901123194,1.0,11,0,-0.6763052148834889,6,-1,0.664074289448121
253777,460683,000000460683.jpg,FRONT,3,15,4704.7,114.3,-1,body7_self,rtmdet_ins_tiny,rtmdet_ins_tiny,15,0.5945,0.8854,0.8854,0,0.9111271934319753,0.9111271934319753,1.0,11,0,-0.6785201909441744,6,-1,0.6541330428684459
253777,460683,000000460683.jpg,FRONT,3,15,4704.7,114.3,-1,aic_coco_self,gt_box,gt_box,,,1.0,1.0,0,0.9207104671300297,0.9207104671300297,1.0,11,0,-0.6799731770023737,6,-1,0.6986852323307711
253777,460683,000000460683.jpg,FRONT,3,15,4704.7,114.3,-1,aic_coco_self,rtmdet_ins_tiny,rtmdet_ins_tiny,15,0.5945,0.8854,0.8854,0,0.9177459569974009,0.9177459569974009,1.0,11,0,-0.6837596589492396,6,-1,0.6927300007904277
258665,13729,000000013729.jpg,FRONT,3,16,21120.8,378.4,-1,body7_official,gt_box,gt_box,,,1.0,1.0,0,0.9580646201811829,0.9580646201811829,1.0,16,0,-0.22425387003074254,12,-1,0.8302011314560386
258665,13729,000000013729.jpg,FRONT,3,16,21120.8,378.4,-1,body7_official,rtmdet_ins_tiny,rtmdet_ins_tiny,14,0.8570,0.9795,0.9795,0,0.9595981360755579,0.9595981360755579,1.0,16,0,-0.22390912412047126,12,-1,0.8372675215496737
258665,13729,000000013729.jpg,FRONT,3,16,21120.8,378.4,-1,body7_self,gt_box,gt_box,,,1.0,1.0,0,0.9580646201811829,0.9580646201811829,1.0,16,0,-0.22425387003074254,12,-1,0.830201103406794
258665,13729,000000013729.jpg,FRONT,3,16,21120.8,378.4,-1,body7_self,rtmdet_ins_tiny,rtmdet_ins_tiny,14,0.8570,0.9795,0.9795,0,0.9595981360755579,0.9595981360755579,1.0,16,0,-0.22390912412047126,12,-1,0.8372674935004291
258665,13729,000000013729.jpg,FRONT,3,16,21120.8,378.4,-1,aic_coco_self,gt_box,gt_box,,,1.0,1.0,0,0.9627460824703716,0.9627460824703716,1.0,16,0,-0.22107700578728628,12,-1,0.8363709449768066
258665,13729,000000013729.jpg,FRONT,3,16,21120.8,378.4,-1,aic_coco_self,rtmdet_ins_tiny,rtmdet_ins_tiny,14,0.8570,0.9795,0.9795,0,0.9566859912820476,0.9566859912820476,1.0,16,0,-0.21624907146357708,12,-1,0.8376930881949032
262029,479155,000000479155.jpg,REAR,0,9,16716.3,232.9,1,body7_official,gt_box,gt_box,,,1.0,1.0,0,0.9139652409417212,0.9139652409417212,1.0,8,0,-0.27578815186730904,8,1,0.5182507879593793
262029,479155,000000479155.jpg,REAR,0,9,16716.3,232.9,1,body7_official,rtmdet_ins_tiny,rtmdet_ins_tiny,15,0.8079,0.9283,0.9283,0,0.9199760204128751,0.9199760204128751,1.0,8,0,-0.2749374459076007,8,1,0.5462268555865568
262029,479155,000000479155.jpg,REAR,0,9,16716.3,232.9,1,body7_self,gt_box,gt_box,,,1.0,1.0,0,0.9139652409417212,0.9139652409417212,1.0,8,0,-0.27578815186730904,8,1,0.518250773934757
262029,479155,000000479155.jpg,REAR,0,9,16716.3,232.9,1,body7_self,rtmdet_ins_tiny,rtmdet_ins_tiny,15,0.8079,0.9283,0.9283,0,0.9199760204128751,0.9199760204128751,1.0,8,0,-0.2749374459076007,8,1,0.546226895907346
262029,479155,000000479155.jpg,REAR,0,9,16716.3,232.9,1,aic_coco_self,gt_box,gt_box,,,1.0,1.0,0,0.8974069494247507,0.8974069494247507,1.0,8,0,-0.2724484004248177,8,1,0.5894036643645343
262029,479155,000000479155.jpg,REAR,0,9,16716.3,232.9,1,aic_coco_self,rtmdet_ins_tiny,rtmdet_ins_tiny,15,0.8079,0.9283,0.9283,0,0.9148335757617625,0.9148335757617625,1.0,8,0,-0.277207918951861,8,1,0.6338073243113125
421435,504389,000000504389.jpg,OBLIQUE,2,13,5602.6,165.9,-1,body7_official,gt_box,gt_box,,,1.0,1.0,0,0.9680282079771237,0.9680282079771237,1.0,13,0,-0.2877441994242372,8,-1,0.7894216144786161
421435,504389,000000504389.jpg,OBLIQUE,2,13,5602.6,165.9,-1,body7_official,rtmdet_ins_tiny,rtmdet_ins_tiny,20,0.7837,0.8790,0.8790,0,0.960629072996181,0.960629072996181,1.0,13,0,-0.28573219689633406,8,-1,0.7943288508583518
421435,504389,000000504389.jpg,OBLIQUE,2,13,5602.6,165.9,-1,body7_self,gt_box,gt_box,,,1.0,1.0,0,0.9680282079771237,0.9680282079771237,1.0,13,0,-0.2877441994242372,8,-1,0.789421558380127
421435,504389,000000504389.jpg,OBLIQUE,2,13,5602.6,165.9,-1,body7_self,rtmdet_ins_tiny,rtmdet_ins_tiny,20,0.7837,0.8790,0.8790,0,0.960629072996181,0.960629072996181,1.0,13,0,-0.28573219689633406,8,-1,0.7943288964383742
421435,504389,000000504389.jpg,OBLIQUE,2,13,5602.6,165.9,-1,aic_coco_self,gt_box,gt_box,,,1.0,1.0,0,0.9614286553596104,0.9614286553596104,1.0,13,0,-0.2824670760893707,8,-1,0.8112913159763112
421435,504389,000000504389.jpg,OBLIQUE,2,13,5602.6,165.9,-1,aic_coco_self,rtmdet_ins_tiny,rtmdet_ins_tiny,20,0.7837,0.8790,0.8790,0,0.9634702681553944,0.9634702681553944,1.0,13,0,-0.2869230084240088,8,-1,0.8071829045520109
421636,357742,000000357742.jpg,PROFILE,1,13,6096.2,181.8,1,body7_official,gt_box,gt_box,,,1.0,1.0,0,0.8728403060051597,0.8728403060051597,1.0,13,0,-0.41152293865382483,10,1,0.7553216218948364
421636,357742,000000357742.jpg,PROFILE,1,13,6096.2,181.8,1,body7_official,rtmdet_ins_tiny,rtmdet_ins_tiny,6,0.9151,0.7884,0.7884,0,0.8651621040322962,0.8651621040322962,1.0,13,0,-0.39146035290324777,10,1,0.7229506092913011
421636,357742,000000357742.jpg,PROFILE,1,13,6096.2,181.8,1,body7_self,gt_box,gt_box,,,1.0,1.0,0,0.8728403060051597,0.8728403060051597,1.0,13,0,-0.41152293865382483,10,1,0.755321716561037
421636,357742,000000357742.jpg,PROFILE,1,13,6096.2,181.8,1,body7_self,rtmdet_ins_tiny,rtmdet_ins_tiny,6,0.9151,0.7884,0.7884,0,0.8651621040322962,0.8651621040322962,1.0,13,0,-0.39146035290324777,10,1,0.7229506706490236
421636,357742,000000357742.jpg,PROFILE,1,13,6096.2,181.8,1,aic_coco_self,gt_box,gt_box,,,1.0,1.0,0,0.8506515427011571,0.8506515427011571,1.0,13,0,-0.39566084829873904,10,1,0.784407682278577
421636,357742,000000357742.jpg,PROFILE,1,13,6096.2,181.8,1,aic_coco_self,rtmdet_ins_tiny,rtmdet_ins_tiny,6,0.9151,0.7884,0.7884,0,0.8772745185000576,0.8772745185000576,1.0,13,0,-0.3900466855880839,10,1,0.774884911144481
422061,187243,000000187243.jpg,FRONT,3,14,61258.1,396.4,-1,body7_official,gt_box,gt_box,,,1.0,1.0,0,0.9597703534875631,0.9597703534875631,1.0,14,0,-0.49428040287430475,8,-1,0.7896347747129553
422061,187243,000000187243.jpg,FRONT,3,14,61258.1,396.4,-1,body7_official,rtmdet_ins_tiny,rtmdet_ins_tiny,5,0.9025,0.9560,0.9560,0,0.9656339904096469,0.9656339904096469,1.0,14,0,-0.4914666962834902,8,-1,0.7911054281627431
422061,187243,000000187243.jpg,FRONT,3,14,61258.1,396.4,-1,body7_self,gt_box,gt_box,,,1.0,1.0,0,0.9597703534875631,0.9597703534875631,1.0,14,0,-0.49428040287430475,8,-1,0.7896347571821773
422061,187243,000000187243.jpg,FRONT,3,14,61258.1,396.4,-1,body7_self,rtmdet_ins_tiny,rtmdet_ins_tiny,5,0.9025,0.9560,0.9560,0,0.9656339904096469,0.9656339904096469,1.0,14,0,-0.4914666962834902,8,-1,0.7911053264842314
422061,187243,000000187243.jpg,FRONT,3,14,61258.1,396.4,-1,aic_coco_self,gt_box,gt_box,,,1.0,1.0,0,0.9474263721186649,0.9474263721186649,1.0,14,0,-0.4851687716951267,8,-1,0.7409157752990723
422061,187243,000000187243.jpg,FRONT,3,14,61258.1,396.4,-1,aic_coco_self,rtmdet_ins_tiny,rtmdet_ins_tiny,5,0.9025,0.9560,0.9560,0,0.8558696674687126,0.8558696674687126,1.0,14,0,-0.4815287290042539,8,-1,0.6747992143911474
422535,130586,000000130586.jpg,FRONT,3,16,44868.1,419.3,-1,body7_official,gt_box,gt_box,,,1.0,1.0,0,0.9771026995337843,0.9771026995337843,1.0,16,0,-0.4213815375682476,10,-1,0.9294539830263924
422535,130586,000000130586.jpg,FRONT,3,16,44868.1,419.3,-1,body7_official,rtmdet_ins_tiny,rtmdet_ins_tiny,9,0.9152,0.9785,0.9785,0,0.978703974678827,0.978703974678827,1.0,16,0,-0.4220821176047715,10,-1,0.9321128901313332
422535,130586,000000130586.jpg,FRONT,3,16,44868.1,419.3,-1,body7_self,gt_box,gt_box,,,1.0,1.0,0,0.9771026995337843,0.9771026995337843,1.0,16,0,-0.4213815375682476,10,-1,0.9294539023848141
422535,130586,000000130586.jpg,FRONT,3,16,44868.1,419.3,-1,body7_self,rtmdet_ins_tiny,rtmdet_ins_tiny,9,0.9152,0.9785,0.9785,0,0.978703974678827,0.978703974678827,1.0,16,0,-0.4220821176047715,10,-1,0.9321128620820887
422535,130586,000000130586.jpg,FRONT,3,16,44868.1,419.3,-1,aic_coco_self,gt_box,gt_box,,,1.0,1.0,0,0.9797138657909098,0.9797138657909098,1.0,16,0,-0.42670470729815785,10,-1,0.8889170148793388
422535,130586,000000130586.jpg,FRONT,3,16,44868.1,419.3,-1,aic_coco_self,rtmdet_ins_tiny,rtmdet_ins_tiny,9,0.9152,0.9785,0.9785,0,0.9810354212726371,0.9810354212726371,1.0,16,0,-0.42627699542601305,10,-1,0.8954061234698576
423444,253819,000000253819.jpg,PROFILE,1,13,19692.9,315.7,-1,body7_official,gt_box,gt_box,,,1.0,1.0,0,0.9401459996599398,0.9401459996599398,1.0,13,0,-0.7620717627383504,12,-1,0.8663972966811236
423444,253819,000000253819.jpg,PROFILE,1,13,19692.9,315.7,-1,body7_official,rtmdet_ins_tiny,rtmdet_ins_tiny,1,0.9104,0.9347,0.9347,0,0.9565052934316415,0.9565052934316415,1.0,13,0,-0.7659547318355798,12,-1,0.8610129601815167
423444,253819,000000253819.jpg,PROFILE,1,13,19692.9,315.7,-1,body7_self,gt_box,gt_box,,,1.0,1.0,0,0.9401459996599398,0.9401459996599398,1.0,13,0,-0.7620717627383504,12,-1,0.8663973562857684
423444,253819,000000253819.jpg,PROFILE,1,13,19692.9,315.7,-1,body7_self,rtmdet_ins_tiny,rtmdet_ins_tiny,1,0.9104,0.9347,0.9347,0,0.9565052934316415,0.9565052934316415,1.0,13,0,-0.7659547318355798,12,-1,0.8610129321322721
423444,253819,000000253819.jpg,PROFILE,1,13,19692.9,315.7,-1,aic_coco_self,gt_box,gt_box,,,1.0,1.0,0,0.9348589955788911,0.9348589955788911,1.0,13,0,-0.7656551840594275,12,-1,0.8662751597516677
423444,253819,000000253819.jpg,PROFILE,1,13,19692.9,315.7,-1,aic_coco_self,rtmdet_ins_tiny,rtmdet_ins_tiny,1,0.9104,0.9347,0.9347,0,0.9497555571116851,0.9497555571116851,1.0,13,0,-0.7662371611008384,12,-1,0.86855167501113
424068,154425,000000154425.jpg,FRONT,3,15,46425.5,419.2,-1,body7_official,gt_box,gt_box,,,1.0,1.0,0,0.9824966393286384,0.9824966393286384,1.0,15,0,-0.5065300937508087,10,-1,0.9272231109002057
424068,154425,000000154425.jpg,FRONT,3,15,46425.5,419.2,-1,body7_official,rtmdet_ins_tiny,rtmdet_ins_tiny,2,0.9287,0.9280,0.9280,0,0.9744003803396685,0.9744003803396685,1.0,15,0,-0.5035173354804395,10,-1,0.9229569540304297
424068,154425,000000154425.jpg,FRONT,3,15,46425.5,419.2,-1,body7_self,gt_box,gt_box,,,1.0,1.0,0,0.9824966393286384,0.9824966393286384,1.0,15,0,-0.5065300937508087,10,-1,0.9272231494679171
424068,154425,000000154425.jpg,FRONT,3,15,46425.5,419.2,-1,body7_self,rtmdet_ins_tiny,rtmdet_ins_tiny,2,0.9287,0.9280,0.9280,0,0.9744003803396685,0.9744003803396685,1.0,15,0,-0.5035173354804395,10,-1,0.9229569084504071
424068,154425,000000154425.jpg,FRONT,3,15,46425.5,419.2,-1,aic_coco_self,gt_box,gt_box,,,1.0,1.0,0,0.9804862044787573,0.9804862044787573,1.0,15,0,-0.506113175534682,10,-1,0.9571061695323271
424068,154425,000000154425.jpg,FRONT,3,15,46425.5,419.2,-1,aic_coco_self,rtmdet_ins_tiny,rtmdet_ins_tiny,2,0.9287,0.9280,0.9280,0,0.980305190391016,0.980305190391016,1.0,15,0,-0.5047663787176213,10,-1,0.9530139916083392
424714,320696,000000320696.jpg,FRONT,3,16,8170.4,142.2,-1,body7_official,gt_box,gt_box,,,1.0,1.0,0,0.95948647544172,0.95948647544172,1.0,14,0,-0.6131255696046131,8,-1,0.8191210837925181
424714,320696,000000320696.jpg,FRONT,3,16,8170.4,142.2,-1,body7_official,rtmdet_ins_tiny,rtmdet_ins_tiny,13,0.5946,0.6176,0.8905,1,0.9403296840869535,0.9403296840869535,1.0,14,0,-0.5966102602842394,8,-1,0.781539005391738
424714,320696,000000320696.jpg,FRONT,3,16,8170.4,142.2,-1,body7_self,gt_box,gt_box,,,1.0,1.0,0,0.95948647544172,0.95948647544172,1.0,14,0,-0.6131255696046131,8,-1,0.8191211293725407
424714,320696,000000320696.jpg,FRONT,3,16,8170.4,142.2,-1,body7_self,rtmdet_ins_tiny,rtmdet_ins_tiny,13,0.5946,0.6176,0.8905,1,0.9403296840869535,0.9403296840869535,1.0,14,0,-0.5966102602842394,8,-1,0.7815390229225159
424714,320696,000000320696.jpg,FRONT,3,16,8170.4,142.2,-1,aic_coco_self,gt_box,gt_box,,,1.0,1.0,0,0.9656693236588504,0.9656693236588504,1.0,14,0,-0.6197166980041314,8,-1,0.909911218811484
424714,320696,000000320696.jpg,FRONT,3,16,8170.4,142.2,-1,aic_coco_self,rtmdet_ins_tiny,rtmdet_ins_tiny,13,0.5946,0.6176,0.8905,1,0.9437431191539406,0.9437431191539406,1.0,14,0,-0.5951834219220061,8,-1,0.8465528172605178
424966,454404,000000454404.jpg,FRONT,3,16,51535.8,436.3,-1,body7_official,gt_box,gt_box,,,1.0,1.0,0,0.974158071989989,0.974158071989989,1.0,14,0,-0.5083158749266052,8,-1,0.7898481488227844
424966,454404,000000454404.jpg,FRONT,3,16,51535.8,436.3,-1,body7_official,rtmdet_ins_tiny,rtmdet_ins_tiny,7,0.7819,0.9193,0.9193,0,0.972213401327539,0.972213401327539,1.0,14,0,-0.507706413633807,8,-1,0.7934839795617497
424966,454404,000000454404.jpg,FRONT,3,16,51535.8,436.3,-1,body7_self,gt_box,gt_box,,,1.0,1.0,0,0.974158071989989,0.974158071989989,1.0,14,0,-0.5083158749266052,8,-1,0.7898481838843402
424966,454404,000000454404.jpg,FRONT,3,16,51535.8,436.3,-1,body7_self,rtmdet_ins_tiny,rtmdet_ins_tiny,7,0.7819,0.9193,0.9193,0,0.972213401327539,0.972213401327539,1.0,14,0,-0.507706413633807,8,-1,0.7934839690432829
424966,454404,000000454404.jpg,FRONT,3,16,51535.8,436.3,-1,aic_coco_self,gt_box,gt_box,,,1.0,1.0,0,0.9622744079704105,0.9622744079704105,1.0,14,0,-0.4986508692574142,8,-1,0.7804717596839456
424966,454404,000000454404.jpg,FRONT,3,16,51535.8,436.3,-1,aic_coco_self,rtmdet_ins_tiny,rtmdet_ins_tiny,7,0.7819,0.9193,0.9193,0,0.9577820764983104,0.9577820764983104,1.0,14,0,-0.49782844698932543,8,-1,0.7729332867790671
425362,61960,000000061960.jpg,PROFILE,1,11,68814.9,364.1,1,body7_official,gt_box,gt_box,,,1.0,1.0,0,0.9083548423318308,0.9083548423318308,1.0,11,0,-0.24468049843897957,8,1,0.7781468472060036
425362,61960,000000061960.jpg,PROFILE,1,11,68814.9,364.1,1,body7_official,rtmdet_ins_tiny,rtmdet_ins_tiny,6,0.8707,0.9119,0.9119,0,0.9343962561249579,0.9343962561249579,1.0,11,0,-0.24825720547355054,8,1,0.804588216192582
425362,61960,000000061960.jpg,PROFILE,1,11,68814.9,364.1,1,body7_self,gt_box,gt_box,,,1.0,1.0,0,0.9083548423318308,0.9083548423318308,1.0,11,0,-0.24468049843897957,8,1,0.7781467963667477
425362,61960,000000061960.jpg,PROFILE,1,11,68814.9,364.1,1,body7_self,rtmdet_ins_tiny,rtmdet_ins_tiny,6,0.8707,0.9119,0.9119,0,0.9343962561249579,0.9343962561249579,1.0,11,0,-0.24825720547355054,8,1,0.8045882056741154
425362,61960,000000061960.jpg,PROFILE,1,11,68814.9,364.1,1,aic_coco_self,gt_box,gt_box,,,1.0,1.0,0,0.927229900340751,0.927229900340751,1.0,11,0,-0.24562022149995968,8,1,0.7893253389526816
425362,61960,000000061960.jpg,PROFILE,1,11,68814.9,364.1,1,aic_coco_self,rtmdet_ins_tiny,rtmdet_ins_tiny,6,0.8707,0.9119,0.9119,0,0.9169989588637926,0.9169989588637926,1.0,11,0,-0.2467928603390644,8,1,0.8028231403406929
425720,270883,000000270883.jpg,FRONT,3,16,37798.2,219.0,-1,body7_official,gt_box,gt_box,,,1.0,1.0,0,0.8555703229163688,0.8555703229163688,1.0,16,0,-0.20216416818025815,12,-1,0.8398399528335122
425720,270883,000000270883.jpg,FRONT,3,16,37798.2,219.0,-1,body7_official,rtmdet_ins_tiny,rtmdet_ins_tiny,13,0.8009,0.9554,0.9554,0,0.8474412286579737,0.8474412286579737,1.0,16,0,-0.19445910987841236,12,-1,0.8221643251531264
425720,270883,000000270883.jpg,FRONT,3,16,37798.2,219.0,-1,body7_self,gt_box,gt_box,,,1.0,1.0,0,0.8555703229163688,0.8555703229163688,1.0,16,0,-0.20216416818025815,12,-1,0.8398398266119116
425720,270883,000000270883.jpg,FRONT,3,16,37798.2,219.0,-1,body7_self,rtmdet_ins_tiny,rtmdet_ins_tiny,13,0.8009,0.9554,0.9554,0,0.8474412286579737,0.8474412286579737,1.0,16,0,-0.19445910987841236,12,-1,0.8221642935977262
425720,270883,000000270883.jpg,FRONT,3,16,37798.2,219.0,-1,aic_coco_self,gt_box,gt_box,,,1.0,1.0,0,0.9033293258975754,0.9033293258975754,1.0,16,0,-0.20073541647798107,12,-1,0.8530317895552691
425720,270883,000000270883.jpg,FRONT,3,16,37798.2,219.0,-1,aic_coco_self,rtmdet_ins_tiny,rtmdet_ins_tiny,13,0.8009,0.9554,0.9554,0,0.8753391688772607,0.8753391688772607,1.0,16,0,-0.19667061068140684,12,-1,0.8549346152473899
426491,152686,000000152686.jpg,FRONT,3,17,25267.3,365.9,-1,body7_official,gt_box,gt_box,,,1.0,1.0,0,0.9860570289641977,0.9860570289641977,1.0,17,0,-0.5397169203063044,12,-1,0.9102000383769765
426491,152686,000000152686.jpg,FRONT,3,17,25267.3,365.9,-1,body7_official,rtmdet_ins_tiny,rtmdet_ins_tiny,3,0.8977,0.9288,0.9288,0,0.9822370645016018,0.9822370645016018,1.0,17,0,-0.5370225767408456,12,-1,0.9131324256167692
426491,152686,000000152686.jpg,FRONT,3,17,25267.3,365.9,-1,body7_self,gt_box,gt_box,,,1.0,1.0,0,0.9860570289641977,0.9860570289641977,1.0,17,0,-0.5397169203063044,12,-1,0.9101999191676869
426491,152686,000000152686.jpg,FRONT,3,17,25267.3,365.9,-1,body7_self,rtmdet_ins_tiny,rtmdet_ins_tiny,3,0.8977,0.9288,0.9288,0,0.9822370645016018,0.9822370645016018,1.0,17,0,-0.5370225767408456,12,-1,0.9131325027521919
426491,152686,000000152686.jpg,FRONT,3,17,25267.3,365.9,-1,aic_coco_self,gt_box,gt_box,,,1.0,1.0,0,0.9771978144305836,0.9771978144305836,1.0,17,0,-0.534518749878418,12,-1,0.9085802225505605
426491,152686,000000152686.jpg,FRONT,3,17,25267.3,365.9,-1,aic_coco_self,rtmdet_ins_tiny,rtmdet_ins_tiny,3,0.8977,0.9288,0.9288,0,0.9822193724324452,0.9822193724324452,1.0,17,0,-0.5367516495955712,12,-1,0.9100570889080272
427270,445602,000000445602.jpg,OBLIQUE,2,15,5288.8,134.8,-1,body7_official,gt_box,gt_box,,,1.0,1.0,0,0.9488006004422042,0.9488006004422042,1.0,15,0,-0.20688957628648347,12,-1,0.7501760195283329
427270,445602,000000445602.jpg,OBLIQUE,2,15,5288.8,134.8,-1,body7_official,rtmdet_ins_tiny,rtmdet_ins_tiny,4,0.8578,0.8139,0.8139,0,0.9468287601825832,0.9468287601825832,1.0,15,0,-0.20521559505718434,12,-1,0.723420451669132
427270,445602,000000445602.jpg,OBLIQUE,2,15,5288.8,134.8,-1,body7_self,gt_box,gt_box,,,1.0,1.0,0,0.9488006004422042,0.9488006004422042,1.0,15,0,-0.20688957628648347,12,-1,0.7501760475775775
427270,445602,000000445602.jpg,OBLIQUE,2,15,5288.8,134.8,-1,body7_self,rtmdet_ins_tiny,rtmdet_ins_tiny,4,0.8578,0.8139,0.8139,0,0.9468287601825832,0.9468287601825832,1.0,15,0,-0.20521559505718434,12,-1,0.7234206059399773
427270,445602,000000445602.jpg,OBLIQUE,2,15,5288.8,134.8,-1,aic_coco_self,gt_box,gt_box,,,1.0,1.0,0,0.9523987254096423,0.9523987254096423,1.0,15,0,-0.21598819503754066,12,-1,0.7860074464012595
427270,445602,000000445602.jpg,OBLIQUE,2,15,5288.8,134.8,-1,aic_coco_self,rtmdet_ins_tiny,rtmdet_ins_tiny,4,0.8578,0.8139,0.8139,0,0.9504027274103264,0.9504027274103264,1.0,15,0,-0.20840864309563042,12,-1,0.7775050612056956
427977,492968,000000492968.jpg,FRONT,3,15,33427.3,309.4,-1,body7_official,gt_box,gt_box,,,1.0,1.0,0,0.9418679276072047,0.9418679276072047,1.0,15,0,-0.27278264795185364,12,-1,0.8211483464521521
427977,492968,000000492968.jpg,FRONT,3,15,33427.3,309.4,-1,body7_official,rtmdet_ins_tiny,rtmdet_ins_tiny,2,0.8337,0.9311,0.9311,0,0.9446127937890623,0.9446127937890623,1.0,15,0,-0.2725056821682031,12,-1,0.8246001881711623
427977,492968,000000492968.jpg,FRONT,3,15,33427.3,309.4,-1,body7_self,gt_box,gt_box,,,1.0,1.0,0,0.9418679276072047,0.9418679276072047,1.0,15,0,-0.27278264795185364,12,-1,0.8211483008721295
427977,492968,000000492968.jpg,FRONT,3,15,33427.3,309.4,-1,body7_self,rtmdet_ins_tiny,rtmdet_ins_tiny,2,0.8337,0.9311,0.9311,0,0.9446127937890623,0.9446127937890623,1.0,15,0,-0.2725056821682031,12,-1,0.8246001916773179
427977,492968,000000492968.jpg,FRONT,3,15,33427.3,309.4,-1,aic_coco_self,gt_box,gt_box,,,1.0,1.0,0,0.948863811634457,0.948863811634457,1.0,15,0,-0.2679886537785481,12,-1,0.8159349350368276
427977,492968,000000492968.jpg,FRONT,3,15,33427.3,309.4,-1,aic_coco_self,rtmdet_ins_tiny,rtmdet_ins_tiny,2,0.8337,0.9311,0.9311,0,0.9458656122673734,0.9458656122673734,1.0,15,0,-0.2689760504356274,12,-1,0.8139460472499623
428410,261732,000000261732.jpg,FRONT,3,17,19787.8,312.0,-1,body7_official,gt_box,gt_box,,,1.0,1.0,0,0.9621706893316156,0.9621706893316156,1.0,17,0,-0.4796327314739884,12,-1,0.9014413111350116
428410,261732,000000261732.jpg,FRONT,3,17,19787.8,312.0,-1,body7_official,rtmdet_ins_tiny,rtmdet_ins_tiny,14,0.8872,0.9761,0.9761,0,0.9589066132028196,0.9589066132028196,1.0,17,0,-0.4766880394935038,12,-1,0.8925806459258584
428410,261732,000000261732.jpg,FRONT,3,17,19787.8,312.0,-1,body7_self,gt_box,gt_box,,,1.0,1.0,0,0.9621706893316156,0.9621706893316156,1.0,17,0,-0.4796327314739884,12,-1,0.9014412410119
428410,261732,000000261732.jpg,FRONT,3,17,19787.8,312.0,-1,body7_self,rtmdet_ins_tiny,rtmdet_ins_tiny,14,0.8872,0.9761,0.9761,0,0.9589066132028196,0.9589066132028196,1.0,17,0,-0.4766880394935038,12,-1,0.8925806178766138
428410,261732,000000261732.jpg,FRONT,3,17,19787.8,312.0,-1,aic_coco_self,gt_box,gt_box,,,1.0,1.0,0,0.9374008195726895,0.9374008195726895,1.0,17,0,-0.4583994774500929,12,-1,0.8823190156151267
428410,261732,000000261732.jpg,FRONT,3,17,19787.8,312.0,-1,aic_coco_self,rtmdet_ins_tiny,rtmdet_ins_tiny,14,0.8872,0.9761,0.9761,0,0.9378883518871985,0.9378883518871985,1.0,17,0,-0.4625131327923315,12,-1,0.8907980147530051
428705,502336,000000502336.jpg,OBLIQUE,2,13,2171.0,101.3,-1,body7_official,gt_box,gt_box,,,1.0,1.0,0,0.7995678879647629,0.7995678879647629,0.9166666666666666,12,0,-0.13108822240034784,8,-1,0.5394785947659436
428705,502336,000000502336.jpg,OBLIQUE,2,13,2171.0,101.3,-1,body7_official,rtmdet_ins_tiny,rtmdet_ins_tiny,36,0.4892,0.0000,0.8844,1,2.3301382959819885e-05,4.187601589495567e-06,0.0,12,1,0.001012604293698205,8,1,0.5541896714883692
428705,502336,000000502336.jpg,OBLIQUE,2,13,2171.0,101.3,-1,body7_self,gt_box,gt_box,,,1.0,1.0,0,0.7995678879647629,0.7995678879647629,0.9166666666666666,12,0,-0.13108822240034784,8,-1,0.5394782757057863
428705,502336,000000502336.jpg,OBLIQUE,2,13,2171.0,101.3,-1,body7_self,rtmdet_ins_tiny,rtmdet_ins_tiny,36,0.4892,0.0000,0.8844,1,2.3301382959819885e-05,4.187601589495567e-06,0.0,12,1,0.001012604293698205,8,1,0.5541897100560805
428705,502336,000000502336.jpg,OBLIQUE,2,13,2171.0,101.3,-1,aic_coco_self,gt_box,gt_box,,,1.0,1.0,0,0.8366320543386614,0.8366320543386614,0.9166666666666666,12,0,-0.13766713296819433,8,-1,0.5818682242842281
428705,502336,000000502336.jpg,OBLIQUE,2,13,2171.0,101.3,-1,aic_coco_self,rtmdet_ins_tiny,rtmdet_ins_tiny,36,0.4892,0.0000,0.8844,1,1.4608367101664728e-05,2.4912587791642052e-06,0.0,12,1,0.002705418517954694,8,1,0.5767709069392261
429200,492362,000000492362.jpg,FRONT,3,14,14025.7,276.3,-1,body7_official,gt_box,gt_box,,,1.0,1.0,0,0.9815770735583363,0.9815770735583363,1.0,14,0,-0.2602072819644426,10,-1,0.8116071890382206
429200,492362,000000492362.jpg,FRONT,3,14,14025.7,276.3,-1,body7_official,rtmdet_ins_tiny,rtmdet_ins_tiny,16,0.8060,0.0000,0.9592,1,3.738930767918019e-07,3.738930767918019e-07,0.0,14,0,-0.012296326628177257,10,-1,0.671018684611601
429200,492362,000000492362.jpg,FRONT,3,14,14025.7,276.3,-1,body7_self,gt_box,gt_box,,,1.0,1.0,0,0.9815770735583363,0.9815770735583363,1.0,14,0,-0.2602072819644426,10,-1,0.8116071399520425
429200,492362,000000492362.jpg,FRONT,3,14,14025.7,276.3,-1,body7_self,rtmdet_ins_tiny,rtmdet_ins_tiny,16,0.8060,0.0000,0.9592,1,3.738930767918019e-07,3.738930767918019e-07,0.0,14,0,-0.012296326628177257,10,-1,0.6710186407846563
429200,492362,000000492362.jpg,FRONT,3,14,14025.7,276.3,-1,aic_coco_self,gt_box,gt_box,,,1.0,1.0,0,0.9807445296651783,0.9807445296651783,1.0,14,0,-0.2657597791798148,10,-1,0.8593714096966911
429200,492362,000000492362.jpg,FRONT,3,14,14025.7,276.3,-1,aic_coco_self,rtmdet_ins_tiny,rtmdet_ins_tiny,16,0.8060,0.0000,0.9592,1,4.401194185555086e-07,4.401194185555086e-07,0.0,14,0,-0.011640983302198427,10,-1,0.7465274053461411
429874,157928,000000157928.jpg,FRONT,3,16,26100.8,341.6,-1,body7_official,gt_box,gt_box,,,1.0,1.0,0,0.9677290129899732,0.9677290129899732,1.0,16,0,-0.357792840424105,12,-1,0.8541840875850004
429874,157928,000000157928.jpg,FRONT,3,16,26100.8,341.6,-1,body7_official,rtmdet_ins_tiny,rtmdet_ins_tiny,16,0.9009,0.9538,0.9538,0,0.9636326581299807,0.9636326581299807,1.0,16,0,-0.36184776403412366,12,-1,0.8499919912394356
429874,157928,000000157928.jpg,FRONT,3,16,26100.8,341.6,-1,body7_self,gt_box,gt_box,,,1.0,1.0,0,0.9677290129899732,0.9677290129899732,1.0,16,0,-0.357792840424105,12,-1,0.8541841086219338
429874,157928,000000157928.jpg,FRONT,3,16,26100.8,341.6,-1,body7_self,rtmdet_ins_tiny,rtmdet_ins_tiny,16,0.9009,0.9538,0.9538,0,0.9636326581299807,0.9636326581299807,1.0,16,0,-0.36184776403412366,12,-1,0.8499919421532575
429874,157928,000000157928.jpg,FRONT,3,16,26100.8,341.6,-1,aic_coco_self,gt_box,gt_box,,,1.0,1.0,0,0.9655210773178522,0.9655210773178522,1.0,16,0,-0.35270467184998366,12,-1,0.8765994345440584
429874,157928,000000157928.jpg,FRONT,3,16,26100.8,341.6,-1,aic_coco_self,rtmdet_ins_tiny,rtmdet_ins_tiny,16,0.9009,0.9538,0.9538,0,0.9641888644867357,0.9641888644867357,1.0,16,0,-0.348334185166354,12,-1,0.8734481895671171
430181,345361,000000345361.jpg,FRONT,3,16,22979.9,304.7,-1,body7_official,gt_box,gt_box,,,1.0,1.0,0,0.9183391264719623,0.9183391264719623,1.0,16,0,-0.5637559689146632,10,-1,0.7896871461587793
430181,345361,000000345361.jpg,FRONT,3,16,22979.9,304.7,-1,body7_official,rtmdet_ins_tiny,rtmdet_ins_tiny,14,0.8347,0.9258,0.9258,0,0.9167643783436517,0.9167643783436517,0.9375,16,0,-0.5658739444295184,10,-1,0.7665991239687976
430181,345361,000000345361.jpg,FRONT,3,16,22979.9,304.7,-1,body7_self,gt_box,gt_box,,,1.0,1.0,0,0.9183391264719623,0.9183391264719623,1.0,16,0,-0.5637559689146632,10,-1,0.7896871356403127
430181,345361,000000345361.jpg,FRONT,3,16,22979.9,304.7,-1,body7_self,rtmdet_ins_tiny,rtmdet_ins_tiny,14,0.8347,0.9258,0.9258,0,0.9167643783436517,0.9167643783436517,0.9375,16,0,-0.5658739444295184,10,-1,0.766599129228031
430181,345361,000000345361.jpg,FRONT,3,16,22979.9,304.7,-1,aic_coco_self,gt_box,gt_box,,,1.0,1.0,0,0.9232931155886568,0.9232931155886568,1.0,16,0,-0.5506441111491649,10,-1,0.8460962456815383
430181,345361,000000345361.jpg,FRONT,3,16,22979.9,304.7,-1,aic_coco_self,rtmdet_ins_tiny,rtmdet_ins_tiny,14,0.8347,0.9258,0.9258,0,0.9186126719140064,0.9186126719140064,0.9375,16,0,-0.5438210353005452,10,-1,0.8251904424499062
430925,464144,000000464144.jpg,FRONT,3,15,43866.6,390.9,-1,body7_official,gt_box,gt_box,,,1.0,1.0,0,0.978043273332622,0.978043273332622,1.0,15,0,-0.4164797320866313,12,-1,0.8783939375596888
430925,464144,000000464144.jpg,FRONT,3,15,43866.6,390.9,-1,body7_official,rtmdet_ins_tiny,rtmdet_ins_tiny,8,0.9311,0.9237,0.9237,0,0.9793052726152618,0.9793052726152618,1.0,15,0,-0.41739622338742954,12,-1,0.886616941760568
430925,464144,000000464144.jpg,FRONT,3,15,43866.6,390.9,-1,body7_self,gt_box,gt_box,,,1.0,1.0,0,0.978043273332622,0.978043273332622,1.0,15,0,-0.4164797320866313,12,-1,0.8783939621027779
430925,464144,000000464144.jpg,FRONT,3,15,43866.6,390.9,-1,body7_self,rtmdet_ins_tiny,rtmdet_ins_tiny,8,0.9311,0.9237,0.9237,0,0.9793052726152618,0.9793052726152618,1.0,15,0,-0.41739622338742954,12,-1,0.8866169943529016
430925,464144,000000464144.jpg,FRONT,3,15,43866.6,390.9,-1,aic_coco_self,gt_box,gt_box,,,1.0,1.0,0,0.9697051821640965,0.9697051821640965,1.0,15,0,-0.4138730554497289,12,-1,0.8886673415408415
430925,464144,000000464144.jpg,FRONT,3,15,43866.6,390.9,-1,aic_coco_self,rtmdet_ins_tiny,rtmdet_ins_tiny,8,0.9311,0.9237,0.9237,0,0.9784425768865816,0.9784425768865816,1.0,15,0,-0.41206816348530856,12,-1,0.8935155272483826
431384,83540,000000083540.jpg,FRONT,3,16,4783.6,175.2,-1,body7_official,gt_box,gt_box,,,1.0,1.0,0,0.9176088411534034,0.9176088411534034,1.0,16,0,-0.0320210859522525,12,-1,0.7381127441630644
431384,83540,000000083540.jpg,FRONT,3,16,4783.6,175.2,-1,body7_official,rtmdet_ins_tiny,rtmdet_ins_tiny,56,0.8122,0.8842,0.8842,0,0.9142059265629636,0.9142059265629636,1.0,16,0,-0.04406295199182491,12,-1,0.7583772014169132
431384,83540,000000083540.jpg,FRONT,3,16,4783.6,175.2,-1,body7_self,gt_box,gt_box,,,1.0,1.0,0,0.9176088411534034,0.9176088411534034,1.0,16,0,-0.0320210859522525,12,-1,0.7381128037677092
431384,83540,000000083540.jpg,FRONT,3,16,4783.6,175.2,-1,body7_self,rtmdet_ins_tiny,rtmdet_ins_tiny,56,0.8122,0.8842,0.8842,0,0.9142059265629636,0.9142059265629636,1.0,16,0,-0.04406295199182491,12,-1,0.7583772014169132
431384,83540,000000083540.jpg,FRONT,3,16,4783.6,175.2,-1,aic_coco_self,gt_box,gt_box,,,1.0,1.0,0,0.9466540249956172,0.9466540249956172,1.0,16,0,-0.05315871802321436,12,-1,0.7468578815460205
431384,83540,000000083540.jpg,FRONT,3,16,4783.6,175.2,-1,aic_coco_self,rtmdet_ins_tiny,rtmdet_ins_tiny,56,0.8122,0.8842,0.8842,0,0.9389989691005438,0.9389989691005438,1.0,16,0,-0.05073589430112718,12,-1,0.7431655175545636
431627,439525,000000439525.jpg,PROFILE,1,14,97871.1,479.6,-1,body7_official,gt_box,gt_box,,,1.0,1.0,0,0.529807234531429,0.529807234531429,0.6,10,0,-0.3194522023517592,8,-1,0.48143350201494556
431627,439525,000000439525.jpg,PROFILE,1,14,97871.1,479.6,-1,body7_official,rtmdet_ins_tiny,rtmdet_ins_tiny,10,0.7955,0.8611,0.8611,0,0.5216372637319846,0.5216372637319846,0.6,10,0,-0.3432735534881945,8,-1,0.5063478052616119
431627,439525,000000439525.jpg,PROFILE,1,14,97871.1,479.6,-1,body7_self,gt_box,gt_box,,,1.0,1.0,0,0.529807234531429,0.529807234531429,0.6,10,0,-0.3194522023517592,8,-1,0.48143358440960154
431627,439525,000000439525.jpg,PROFILE,1,14,97871.1,479.6,-1,body7_self,rtmdet_ins_tiny,rtmdet_ins_tiny,10,0.7955,0.8611,0.8611,0,0.5216372637319846,0.5216372637319846,0.6,10,0,-0.3432735534881945,8,-1,0.5063477842246785
431627,439525,000000439525.jpg,PROFILE,1,14,97871.1,479.6,-1,aic_coco_self,gt_box,gt_box,,,1.0,1.0,0,0.48877211824696287,0.48877211824696287,0.5,10,0,-0.2953238971008204,8,-1,0.5249349895645591
431627,439525,000000439525.jpg,PROFILE,1,14,97871.1,479.6,-1,aic_coco_self,rtmdet_ins_tiny,rtmdet_ins_tiny,10,0.7955,0.8611,0.8611,0,0.3985042226512402,0.3985042226512402,0.5,10,0,-0.14651769910093973,8,-1,0.6091545855297762
431999,229553,000000229553.jpg,FRONT,3,17,52596.9,330.5,-1,body7_official,gt_box,gt_box,,,1.0,1.0,0,0.8938695518221496,0.8938695518221496,0.9411764705882353,17,0,-0.5758296615216485,12,-1,0.8367176634423873
431999,229553,000000229553.jpg,FRONT,3,17,52596.9,330.5,-1,body7_official,rtmdet_ins_tiny,rtmdet_ins_tiny,3,0.8357,0.9124,0.9124,0,0.8808479464585588,0.8808479464585588,0.8823529411764706,17,0,-0.579408856448381,12,-1,0.8278492864440469
431999,229553,000000229553.jpg,FRONT,3,17,52596.9,330.5,-1,body7_self,gt_box,gt_box,,,1.0,1.0,0,0.8938695518221496,0.8938695518221496,0.9411764705882353,17,0,-0.5758296615216485,12,-1,0.8367176108500537
431999,229553,000000229553.jpg,FRONT,3,17,52596.9,330.5,-1,body7_self,rtmdet_ins_tiny,rtmdet_ins_tiny,3,0.8357,0.9124,0.9124,0,0.8808479464585588,0.8808479464585588,0.8823529411764706,17,0,-0.579408856448381,12,-1,0.8278493670856252
431999,229553,000000229553.jpg,FRONT,3,17,52596.9,330.5,-1,aic_coco_self,gt_box,gt_box,,,1.0,1.0,0,0.8841513580641495,0.8841513580641495,0.9411764705882353,17,0,-0.5441548516567152,12,-1,0.8796879947185516
431999,229553,000000229553.jpg,FRONT,3,17,52596.9,330.5,-1,aic_coco_self,rtmdet_ins_tiny,rtmdet_ins_tiny,3,0.8357,0.9124,0.9124,0,0.887150776285897,0.887150776285897,0.9411764705882353,17,0,-0.5471835977646922,12,-1,0.8707454134436214
432364,128654,000000128654.jpg,PROFILE,1,14,33050.6,345.2,1,body7_official,gt_box,gt_box,,,1.0,1.0,0,0.7505576171768437,0.7505576171768437,0.8571428571428571,14,0,-0.8892783472202195,12,-1,0.5215003122301662
432364,128654,000000128654.jpg,PROFILE,1,14,33050.6,345.2,1,body7_official,rtmdet_ins_tiny,rtmdet_ins_tiny,6,0.8924,0.9212,0.9212,0,0.6435960988402447,0.6435960988402447,0.7857142857142857,14,0,-0.47110672510657287,12,1,0.5408021737547482
432364,128654,000000128654.jpg,PROFILE,1,14,33050.6,345.2,1,body7_self,gt_box,gt_box,,,1.0,1.0,0,0.7505576171768437,0.7505576171768437,0.8571428571428571,14,0,-0.8892783472202195,12,-1,0.5215004787725561
432364,128654,000000128654.jpg,PROFILE,1,14,33050.6,345.2,1,body7_self,rtmdet_ins_tiny,rtmdet_ins_tiny,6,0.8924,0.9212,0.9212,0,0.6435960988402447,0.6435960988402447,0.7857142857142857,14,0,-0.47110672510657287,12,1,0.5408022719271043
432364,128654,000000128654.jpg,PROFILE,1,14,33050.6,345.2,1,aic_coco_self,gt_box,gt_box,,,1.0,1.0,0,0.7229677972126259,0.7229677972126259,0.8571428571428571,14,0,-0.8822610696827872,12,1,0.5910904793178334
432364,128654,000000128654.jpg,PROFILE,1,14,33050.6,345.2,1,aic_coco_self,rtmdet_ins_tiny,rtmdet_ins_tiny,6,0.8924,0.9212,0.9212,0,0.7070801676386916,0.7070801676386916,0.9285714285714286,14,0,-0.8654795970415693,12,1,0.586382013909957
433532,140556,000000140556.jpg,OBLIQUE,2,13,46244.6,434.5,-1,body7_official,gt_box,gt_box,,,1.0,1.0,0,0.9478491183414189,0.9478491183414189,1.0,13,0,-0.2991193777738539,10,-1,0.821027983637417
433532,140556,000000140556.jpg,OBLIQUE,2,13,46244.6,434.5,-1,body7_official,rtmdet_ins_tiny,rtmdet_ins_tiny,43,0.8865,0.9423,0.9423,0,0.9410650957279254,0.9410650957279254,1.0,13,0,-0.30059740264849927,10,-1,0.8264248371124268
433532,140556,000000140556.jpg,OBLIQUE,2,13,46244.6,434.5,-1,body7_self,gt_box,gt_box,,,1.0,1.0,0,0.9478491183414189,0.9478491183414189,1.0,13,0,-0.2991193777738539,10,-1,0.8210279240327722
433532,140556,000000140556.jpg,OBLIQUE,2,13,46244.6,434.5,-1,body7_self,rtmdet_ins_tiny,rtmdet_ins_tiny,43,0.8865,0.9423,0.9423,0,0.9410650957279254,0.9410650957279254,1.0,13,0,-0.30059740264849927,10,-1,0.8264247880262487
433532,140556,000000140556.jpg,OBLIQUE,2,13,46244.6,434.5,-1,aic_coco_self,gt_box,gt_box,,,1.0,1.0,0,0.965330675916085,0.965330675916085,1.0,13,0,-0.3052761919002716,10,-1,0.824872423620785
433532,140556,000000140556.jpg,OBLIQUE,2,13,46244.6,434.5,-1,aic_coco_self,rtmdet_ins_tiny,rtmdet_ins_tiny,43,0.8865,0.9423,0.9423,0,0.9643225195069722,0.9643225195069722,1.0,13,0,-0.3037446541417723,10,-1,0.8481625809389002
434302,54592,000000054592.jpg,OBLIQUE,2,11,45936.3,368.1,1,body7_official,gt_box,gt_box,,,1.0,1.0,0,0.8213136944187552,0.8213136944187552,1.0,11,0,-0.13368978061508074,6,1,0.6144129476126503
434302,54592,000000054592.jpg,OBLIQUE,2,11,45936.3,368.1,1,body7_official,rtmdet_ins_tiny,rtmdet_ins_tiny,6,0.8031,0.9374,0.9374,0,0.8177996195423586,0.8177996195423586,1.0,11,0,-0.1256980953583945,6,1,0.6187691951499266
434302,54592,000000054592.jpg,OBLIQUE,2,11,45936.3,368.1,1,body7_self,gt_box,gt_box,,,1.0,1.0,0,0.8213136944187552,0.8213136944187552,1.0,11,0,-0.13368978061508074,6,1,0.6144129721557393
434302,54592,000000054592.jpg,OBLIQUE,2,11,45936.3,368.1,1,body7_self,rtmdet_ins_tiny,rtmdet_ins_tiny,6,0.8031,0.9374,0.9374,0,0.8177996195423586,0.8177996195423586,1.0,11,0,-0.1256980953583945,6,1,0.6187691618414486
434302,54592,000000054592.jpg,OBLIQUE,2,11,45936.3,368.1,1,aic_coco_self,gt_box,gt_box,,,1.0,1.0,0,0.8397419677716539,0.8397419677716539,1.0,11,0,-0.14083037391341055,6,1,0.5827750931767857
434302,54592,000000054592.jpg,OBLIQUE,2,11,45936.3,368.1,1,aic_coco_self,rtmdet_ins_tiny,rtmdet_ins_tiny,6,0.8031,0.9374,0.9374,0,0.8347853069536136,0.8347853069536136,1.0,11,0,-0.14172017934725634,6,1,0.5856829215498531
434696,22705,000000022705.jpg,FRONT,3,17,51926.2,525.2,-1,body7_official,gt_box,gt_box,,,1.0,1.0,0,0.9589985614562508,0.9589985614562508,1.0,17,0,-0.3635126288390017,12,-1,0.9639417914783254
434696,22705,000000022705.jpg,FRONT,3,17,51926.2,525.2,-1,body7_official,rtmdet_ins_tiny,rtmdet_ins_tiny,2,0.8520,0.9220,0.9220,0,0.9662411716329762,0.9662411716329762,1.0,17,0,-0.367014607703651,12,-1,0.9483838992960313
434696,22705,000000022705.jpg,FRONT,3,17,51926.2,525.2,-1,body7_self,gt_box,gt_box,,,1.0,1.0,0,0.9589985614562508,0.9589985614562508,1.0,17,0,-0.3635126288390017,12,-1,0.9639418160214144
434696,22705,000000022705.jpg,FRONT,3,17,51926.2,525.2,-1,body7_self,rtmdet_ins_tiny,rtmdet_ins_tiny,2,0.8520,0.9220,0.9220,0,0.9662411716329762,0.9662411716329762,1.0,17,0,-0.367014607703651,12,-1,0.948383769568275
434696,22705,000000022705.jpg,FRONT,3,17,51926.2,525.2,-1,aic_coco_self,gt_box,gt_box,,,1.0,1.0,0,0.9660676082848144,0.9660676082848144,1.0,17,0,-0.3679484200938365,12,-1,0.9509466150227714
434696,22705,000000022705.jpg,FRONT,3,17,51926.2,525.2,-1,aic_coco_self,rtmdet_ins_tiny,rtmdet_ins_tiny,2,0.8520,0.9220,0.9220,0,0.9692314039420525,0.9692314039420525,1.0,17,0,-0.36747371951699515,12,-1,0.9412145193885354
435295,556158,000000556158.jpg,FRONT,3,17,24571.2,322.9,-1,body7_official,gt_box,gt_box,,,1.0,1.0,0,0.9901148943251572,0.9901148943251572,1.0,17,0,-0.3499917448201587,12,-1,0.9149029184790218
435295,556158,000000556158.jpg,FRONT,3,17,24571.2,322.9,-1,body7_official,rtmdet_ins_tiny,rtmdet_ins_tiny,2,0.9128,0.8763,0.8763,0,0.9888694913840453,0.9888694913840453,1.0,17,0,-0.3467572326549199,12,-1,0.9179652753998252
435295,556158,000000556158.jpg,FRONT,3,17,24571.2,322.9,-1,body7_self,gt_box,gt_box,,,1.0,1.0,0,0.9901148943251572,0.9901148943251572,1.0,17,0,-0.3499917448201587,12,-1,0.914902900948244
435295,556158,000000556158.jpg,FRONT,3,17,24571.2,322.9,-1,body7_self,rtmdet_ins_tiny,rtmdet_ins_tiny,2,0.9128,0.8763,0.8763,0,0.9888694913840453,0.9888694913840453,1.0,17,0,-0.3467572326549199,12,-1,0.9179652824121363
435295,556158,000000556158.jpg,FRONT,3,17,24571.2,322.9,-1,aic_coco_self,gt_box,gt_box,,,1.0,1.0,0,0.9853834128691019,0.9853834128691019,1.0,17,0,-0.3427964515198849,12,-1,0.924872472005732
435295,556158,000000556158.jpg,FRONT,3,17,24571.2,322.9,-1,aic_coco_self,rtmdet_ins_tiny,rtmdet_ins_tiny,2,0.9128,0.8763,0.8763,0,0.9864949120678813,0.9864949120678813,1.0,17,0,-0.34267591031601713,12,-1,0.9172556435360628
435809,145665,000000145665.jpg,FRONT,3,16,35473.7,264.0,1,body7_official,gt_box,gt_box,,,1.0,1.0,0,0.7960136511353451,0.7960136511353451,0.875,16,0,-0.27786909278135724,12,1,0.5818912974175285
435809,145665,000000145665.jpg,FRONT,3,16,35473.7,264.0,1,body7_official,rtmdet_ins_tiny,rtmdet_ins_tiny,6,0.7963,0.9266,0.9266,0,0.7885243195510208,0.7885243195510208,0.875,16,0,-0.26665215773834056,12,1,0.5892428422675413
435809,145665,000000145665.jpg,FRONT,3,16,35473.7,264.0,1,body7_self,gt_box,gt_box,,,1.0,1.0,0,0.7960136511353451,0.7960136511353451,0.875,16,0,-0.27786909278135724,12,1,0.5818912579732782
435809,145665,000000145665.jpg,FRONT,3,16,35473.7,264.0,1,body7_self,rtmdet_ins_tiny,rtmdet_ins_tiny,6,0.7963,0.9266,0.9266,0,0.7885243195510208,0.7885243195510208,0.875,16,0,-0.26665215773834056,12,1,0.5892429150202695
435809,145665,000000145665.jpg,FRONT,3,16,35473.7,264.0,1,aic_coco_self,gt_box,gt_box,,,1.0,1.0,0,0.8380819047936466,0.8380819047936466,0.875,16,0,-0.29038096121355117,12,1,0.6035960299127242
435809,145665,000000145665.jpg,FRONT,3,16,35473.7,264.0,1,aic_coco_self,rtmdet_ins_tiny,rtmdet_ins_tiny,6,0.7963,0.9266,0.9266,0,0.8276181708723147,0.8276181708723147,0.875,16,0,-0.27743487581905407,12,1,0.5982754598645603
436658,259097,000000259097.jpg,FRONT,3,14,2430.5,114.5,-1,body7_official,gt_box,gt_box,,,1.0,1.0,0,0.9020000848890442,0.9020000848890442,1.0,13,0,-0.48181332465707055,8,-1,0.6507240078028511
436658,259097,000000259097.jpg,FRONT,3,14,2430.5,114.5,-1,body7_official,rtmdet_ins_tiny,rtmdet_ins_tiny,4,0.6980,0.8550,0.8550,0,0.9271567707825239,0.9271567707825239,1.0,13,0,-0.47932562851376453,8,-1,0.6533322088858661
436658,259097,000000259097.jpg,FRONT,3,14,2430.5,114.5,-1,body7_self,gt_box,gt_box,,,1.0,1.0,0,0.9020000848890442,0.9020000848890442,1.0,13,0,-0.48181332465707055,8,-1,0.6507241305182961
436658,259097,000000259097.jpg,FRONT,3,14,2430.5,114.5,-1,body7_self,rtmdet_ins_tiny,rtmdet_ins_tiny,4,0.6980,0.8550,0.8550,0,0.9271567707825239,0.9271567707825239,1.0,13,0,-0.47932562851376453,8,-1,0.6533320142942316
436658,259097,000000259097.jpg,FRONT,3,14,2430.5,114.5,-1,aic_coco_self,gt_box,gt_box,,,1.0,1.0,0,0.8993578306291107,0.8993578306291107,1.0,13,0,-0.4702122786914962,8,-1,0.7347931406077217
436658,259097,000000259097.jpg,FRONT,3,14,2430.5,114.5,-1,aic_coco_self,rtmdet_ins_tiny,rtmdet_ins_tiny,4,0.6980,0.8550,0.8550,0,0.8921156270114489,0.8921156270114489,1.0,13,0,-0.4680381384123196,8,-1,0.7188407375532038
436909,111207,000000111207.jpg,OBLIQUE,2,13,9098.4,214.2,1,body7_official,gt_box,gt_box,,,1.0,1.0,0,0.9440275394123216,0.9440275394123216,1.0,13,0,-0.2079239271776274,8,-1,0.7258607429616591
436909,111207,000000111207.jpg,OBLIQUE,2,13,9098.4,214.2,1,body7_official,rtmdet_ins_tiny,rtmdet_ins_tiny,6,0.8544,0.8990,0.8990,0,0.9571682697473202,0.9571682697473202,1.0,13,0,-0.21262750350481335,8,1,0.7129739137256846
436909,111207,000000111207.jpg,OBLIQUE,2,13,9098.4,214.2,1,body7_self,gt_box,gt_box,,,1.0,1.0,0,0.9440275394123216,0.9440275394123216,1.0,13,0,-0.2079239271776274,8,-1,0.7258606798508588
436909,111207,000000111207.jpg,OBLIQUE,2,13,9098.4,214.2,1,body7_self,rtmdet_ins_tiny,rtmdet_ins_tiny,6,0.8544,0.8990,0.8990,0,0.9571682697473202,0.9571682697473202,1.0,13,0,-0.21262750350481335,8,1,0.7129738471087288
436909,111207,000000111207.jpg,OBLIQUE,2,13,9098.4,214.2,1,aic_coco_self,gt_box,gt_box,,,1.0,1.0,0,0.9209392898750365,0.9209392898750365,1.0,13,0,-0.1945503252696131,8,-1,0.7355122285730699
436909,111207,000000111207.jpg,OBLIQUE,2,13,9098.4,214.2,1,aic_coco_self,rtmdet_ins_tiny,rtmdet_ins_tiny,6,0.8544,0.8990,0.8990,0,0.9401129140502362,0.9401129140502362,1.0,13,0,-0.19968889864417913,8,-1,0.7439527827150682
437575,326542,000000326542.jpg,FRONT,3,17,4128.5,107.8,-1,body7_official,gt_box,gt_box,,,1.0,1.0,0,0.9687921229087185,0.9687921229087185,1.0,17,0,-0.5461154668749517,12,-1,0.7622489473398995
437575,326542,000000326542.jpg,FRONT,3,17,4128.5,107.8,-1,body7_official,rtmdet_ins_tiny,rtmdet_ins_tiny,1,0.9168,0.9756,0.9756,0,0.9691875443179382,0.9691875443179382,1.0,17,0,-0.5466046442146201,12,-1,0.7590833691989675
437575,326542,000000326542.jpg,FRONT,3,17,4128.5,107.8,-1,body7_self,gt_box,gt_box,,,1.0,1.0,0,0.9687921229087185,0.9687921229087185,1.0,17,0,-0.5461154668749517,12,-1,0.7622489578583661
437575,326542,000000326542.jpg,FRONT,3,17,4128.5,107.8,-1,body7_self,rtmdet_ins_tiny,rtmdet_ins_tiny,1,0.9168,0.9756,0.9756,0,0.9691875443179382,0.9691875443179382,1.0,17,0,-0.5466046442146201,12,-1,0.7590833867297453
437575,326542,000000326542.jpg,FRONT,3,17,4128.5,107.8,-1,aic_coco_self,gt_box,gt_box,,,1.0,1.0,0,0.9740152735016371,0.9740152735016371,1.0,17,0,-0.5406211459178984,12,-1,0.8453012985341689
437575,326542,000000326542.jpg,FRONT,3,17,4128.5,107.8,-1,aic_coco_self,rtmdet_ins_tiny,rtmdet_ins_tiny,1,0.9168,0.9756,0.9756,0,0.9741073825878296,0.9741073825878296,1.0,17,0,-0.5412458373919506,12,-1,0.8426497192943797
437859,230983,000000230983.jpg,OBLIQUE,2,15,9911.7,174.6,-1,body7_official,gt_box,gt_box,,,1.0,1.0,0,0.9600810782237912,0.9600810782237912,1.0,15,0,-0.7265850319081038,12,-1,0.7981140964171466
437859,230983,000000230983.jpg,OBLIQUE,2,15,9911.7,174.6,-1,body7_official,rtmdet_ins_tiny,rtmdet_ins_tiny,6,0.8074,0.9571,0.9571,0,0.9629113281153765,0.9629113281153765,1.0,15,0,-0.7271529778888569,12,-1,0.8207558638909284
437859,230983,000000230983.jpg,OBLIQUE,2,15,9911.7,174.6,-1,body7_self,gt_box,gt_box,,,1.0,1.0,0,0.9600810782237912,0.9600810782237912,1.0,15,0,-0.7265850319081038,12,-1,0.7981138790355009
437859,230983,000000230983.jpg,OBLIQUE,2,15,9911.7,174.6,-1,body7_self,rtmdet_ins_tiny,rtmdet_ins_tiny,6,0.8074,0.9571,0.9571,0,0.9629113281153765,0.9629113281153765,1.0,15,0,-0.7271529778888569,12,-1,0.8207558814217063
437859,230983,000000230983.jpg,OBLIQUE,2,15,9911.7,174.6,-1,aic_coco_self,gt_box,gt_box,,,1.0,1.0,0,0.9485620256654835,0.9485620256654835,1.0,15,0,-0.7467996340712826,12,-1,0.8073013144380906
437859,230983,000000230983.jpg,OBLIQUE,2,15,9911.7,174.6,-1,aic_coco_self,rtmdet_ins_tiny,rtmdet_ins_tiny,6,0.8074,0.9571,0.9571,0,0.9628498444244777,0.9628498444244777,1.0,15,0,-0.7428039823338414,12,-1,0.8251056881511912
438097,347174,000000347174.jpg,OBLIQUE,2,14,48851.0,366.8,-1,body7_official,gt_box,gt_box,,,1.0,1.0,0,0.9716518598557743,0.9716518598557743,1.0,14,0,-0.6362263833774887,10,-1,0.6283502193058238
438097,347174,000000347174.jpg,OBLIQUE,2,14,48851.0,366.8,-1,body7_official,rtmdet_ins_tiny,rtmdet_ins_tiny,16,0.6102,0.8152,0.8152,0,0.9773890702858987,0.9773890702858987,1.0,14,0,-0.6518921940667911,10,-1,0.5762424872202032
438097,347174,000000347174.jpg,OBLIQUE,2,14,48851.0,366.8,-1,body7_self,gt_box,gt_box,,,1.0,1.0,0,0.9716518598557743,0.9716518598557743,1.0,14,0,-0.6362263833774887,10,-1,0.6283502438489128
438097,347174,000000347174.jpg,OBLIQUE,2,14,48851.0,366.8,-1,body7_self,rtmdet_ins_tiny,rtmdet_ins_tiny,16,0.6102,0.8152,0.8152,0,0.9773890702858987,0.9773890702858987,1.0,14,0,-0.6518921940667911,10,-1,0.5762423189247355
438097,347174,000000347174.jpg,OBLIQUE,2,14,48851.0,366.8,-1,aic_coco_self,gt_box,gt_box,,,1.0,1.0,0,0.8348420045908568,0.8348420045908568,1.0,14,0,-0.6234583164071751,10,-1,0.5857722417396658
438097,347174,000000347174.jpg,OBLIQUE,2,14,48851.0,366.8,-1,aic_coco_self,rtmdet_ins_tiny,rtmdet_ins_tiny,16,0.6102,0.8152,0.8152,0,0.8111901083875285,0.8111901083875285,0.8571428571428571,14,0,-0.4908805022242217,10,-1,0.5551557041266385
438403,493442,000000493442.jpg,FRONT,3,17,45146.0,369.5,-1,body7_official,gt_box,gt_box,,,1.0,1.0,0,0.8912501246194957,0.8912501246194957,0.9411764705882353,17,0,-0.4217617122427945,12,-1,0.6891395993092481
438403,493442,000000493442.jpg,FRONT,3,17,45146.0,369.5,-1,body7_official,rtmdet_ins_tiny,rtmdet_ins_tiny,6,0.7698,0.6744,0.6744,0,0.8525477217429839,0.8525477217429839,0.8823529411764706,17,0,-0.41646479482835963,12,-1,0.6421708271783941
438403,493442,000000493442.jpg,FRONT,3,17,45146.0,369.5,-1,body7_self,gt_box,gt_box,,,1.0,1.0,0,0.8912501246194957,0.8912501246194957,0.9411764705882353,17,0,-0.4217617122427945,12,-1,0.6891395274330588
438403,493442,000000493442.jpg,FRONT,3,17,45146.0,369.5,-1,body7_self,rtmdet_ins_tiny,rtmdet_ins_tiny,6,0.7698,0.6744,0.6744,0,0.8525477217429839,0.8525477217429839,0.8823529411764706,17,0,-0.41646479482835963,12,-1,0.6421707833514494
438403,493442,000000493442.jpg,FRONT,3,17,45146.0,369.5,-1,aic_coco_self,gt_box,gt_box,,,1.0,1.0,0,0.962365860370525,0.962365860370525,1.0,17,0,-0.4430837658578836,12,-1,0.7043105802115273
438403,493442,000000493442.jpg,FRONT,3,17,45146.0,369.5,-1,aic_coco_self,rtmdet_ins_tiny,rtmdet_ins_tiny,6,0.7698,0.6744,0.6744,0,0.9378932641470011,0.9378932641470011,0.9411764705882353,17,0,-0.4297532735416165,12,-1,0.7100981649230508
438670,373315,000000373315.jpg,FRONT,3,16,11298.5,226.8,-1,body7_official,gt_box,gt_box,,,1.0,1.0,0,0.9727538016663202,0.9727538016663202,1.0,16,0,-0.3957602000162501,12,-1,0.8992950355305391
438670,373315,000000373315.jpg,FRONT,3,16,11298.5,226.8,-1,body7_official,rtmdet_ins_tiny,rtmdet_ins_tiny,6,0.9106,0.9846,0.9846,0,0.9748147884903127,0.9748147884903127,1.0,16,0,-0.39460560115544613,12,-1,0.9139200063312755
438670,373315,000000373315.jpg,FRONT,3,16,11298.5,226.8,-1,body7_self,gt_box,gt_box,,,1.0,1.0,0,0.9727538016663202,0.9727538016663202,1.0,16,0,-0.3957602000162501,12,-1,0.8992949443704942
438670,373315,000000373315.jpg,FRONT,3,16,11298.5,226.8,-1,body7_self,rtmdet_ins_tiny,rtmdet_ins_tiny,6,0.9106,0.9846,0.9846,0,0.9748147884903127,0.9748147884903127,1.0,16,0,-0.39460560115544613,12,-1,0.9139200448989868
438670,373315,000000373315.jpg,FRONT,3,16,11298.5,226.8,-1,aic_coco_self,gt_box,gt_box,,,1.0,1.0,0,0.9743999065508153,0.9743999065508153,1.0,16,0,-0.3958496944040865,12,-1,0.8619141228058759
438670,373315,000000373315.jpg,FRONT,3,16,11298.5,226.8,-1,aic_coco_self,rtmdet_ins_tiny,rtmdet_ins_tiny,6,0.9106,0.9846,0.9846,0,0.9759689021682256,0.9759689021682256,1.0,16,0,-0.3953314694027029,12,-1,0.862925227950601
439433,448365,000000448365.jpg,FRONT,3,16,22252.7,304.9,-1,body7_official,gt_box,gt_box,,,1.0,1.0,0,0.9438522915428843,0.9438522915428843,1.0,16,0,-0.5907360111615216,12,-1,0.7821065748439116
439433,448365,000000448365.jpg,FRONT,3,16,22252.7,304.9,-1,body7_official,rtmdet_ins_tiny,rtmdet_ins_tiny,1,0.9116,0.9784,0.9784,0,0.9599521190529379,0.9599521190529379,1.0,16,0,-0.5957911836081885,12,-1,0.7909352533957538
439433,448365,000000448365.jpg,FRONT,3,16,22252.7,304.9,-1,body7_self,gt_box,gt_box,,,1.0,1.0,0,0.9438522915428843,0.9438522915428843,1.0,16,0,-0.5907360111615216,12,-1,0.7821066379547119
439433,448365,000000448365.jpg,FRONT,3,16,22252.7,304.9,-1,body7_self,rtmdet_ins_tiny,rtmdet_ins_tiny,1,0.9116,0.9784,0.9784,0,0.9599521190529379,0.9599521190529379,1.0,16,0,-0.5957911836081885,12,-1,0.7909351657418644
439433,448365,000000448365.jpg,FRONT,3,16,22252.7,304.9,-1,aic_coco_self,gt_box,gt_box,,,1.0,1.0,0,0.9407231024099829,0.9407231024099829,1.0,16,0,-0.5837243497598105,12,-1,0.8093235282336965
439433,448365,000000448365.jpg,FRONT,3,16,22252.7,304.9,-1,aic_coco_self,rtmdet_ins_tiny,rtmdet_ins_tiny,1,0.9116,0.9784,0.9784,0,0.927468891777985,0.927468891777985,1.0,16,0,-0.5852225980281428,12,-1,0.8196248657563153
439637,343218,000000343218.jpg,OBLIQUE,2,15,14715.8,281.2,-1,body7_official,gt_box,gt_box,,,1.0,1.0,0,0.9803966880734282,0.9803966880734282,1.0,15,0,-0.40125735333428547,12,-1,0.8968458000351401
439637,343218,000000343218.jpg,OBLIQUE,2,15,14715.8,281.2,-1,body7_official,rtmdet_ins_tiny,rtmdet_ins_tiny,6,0.9220,0.9333,0.9333,0,0.9856735031762919,0.9856735031762919,1.0,15,0,-0.39934930299674765,12,-1,0.8869013014961692
439637,343218,000000343218.jpg,OBLIQUE,2,15,14715.8,281.2,-1,body7_self,gt_box,gt_box,,,1.0,1.0,0,0.9803966880734282,0.9803966880734282,1.0,15,0,-0.40125735333428547,12,-1,0.8968458000351401
439637,343218,000000343218.jpg,OBLIQUE,2,15,14715.8,281.2,-1,body7_self,rtmdet_ins_tiny,rtmdet_ins_tiny,6,0.9220,0.9333,0.9333,0,0.9856735031762919,0.9856735031762919,1.0,15,0,-0.39934930299674765,12,-1,0.8869012804592357
439637,343218,000000343218.jpg,OBLIQUE,2,15,14715.8,281.2,-1,aic_coco_self,gt_box,gt_box,,,1.0,1.0,0,0.9887167050804806,0.9887167050804806,1.0,15,0,-0.40316197238111445,12,-1,0.8934094940914827
439637,343218,000000343218.jpg,OBLIQUE,2,15,14715.8,281.2,-1,aic_coco_self,rtmdet_ins_tiny,rtmdet_ins_tiny,6,0.9220,0.9333,0.9333,0,0.9896321524659135,0.9896321524659135,1.0,15,0,-0.4037727547516863,12,-1,0.9003649564350352
439990,478420,000000478420.jpg,FRONT,3,14,69356.0,516.3,-1,body7_official,gt_box,gt_box,,,1.0,1.0,0,0.9813626233934575,0.9813626233934575,1.0,14,0,-0.18059726930589945,8,-1,0.8525330091223997
439990,478420,000000478420.jpg,FRONT,3,14,69356.0,516.3,-1,body7_official,rtmdet_ins_tiny,rtmdet_ins_tiny,20,0.8683,0.9267,0.9267,0,0.9821939868857497,0.9821939868857497,1.0,14,0,-0.18362540921110912,8,-1,0.8518813760841594
439990,478420,000000478420.jpg,FRONT,3,14,69356.0,516.3,-1,body7_self,gt_box,gt_box,,,1.0,1.0,0,0.9813626233934575,0.9813626233934575,1.0,14,0,-0.18059726930589945,8,-1,0.8525330634678111
439990,478420,000000478420.jpg,FRONT,3,14,69356.0,516.3,-1,body7_self,rtmdet_ins_tiny,rtmdet_ins_tiny,20,0.8683,0.9267,0.9267,0,0.9821939868857497,0.9821939868857497,1.0,14,0,-0.18362540921110912,8,-1,0.8518812410971698
439990,478420,000000478420.jpg,FRONT,3,14,69356.0,516.3,-1,aic_coco_self,gt_box,gt_box,,,1.0,1.0,0,0.9829292760233876,0.9829292760233876,1.0,14,0,-0.18270468149908606,8,-1,0.8141322889748741
439990,478420,000000478420.jpg,FRONT,3,14,69356.0,516.3,-1,aic_coco_self,rtmdet_ins_tiny,rtmdet_ins_tiny,20,0.8683,0.9267,0.9267,0,0.9864193812597436,0.9864193812597436,1.0,14,0,-0.18492100581345658,8,-1,0.8249016754767474
440408,384666,000000384666.jpg,REAR,0,14,2887.7,108.1,1,body7_official,gt_box,gt_box,,,1.0,1.0,0,0.9792415536343585,0.9792415536343585,1.0,14,0,-0.501435153515096,12,1,0.7277183708022622
440408,384666,000000384666.jpg,REAR,0,14,2887.7,108.1,1,body7_official,rtmdet_ins_tiny,rtmdet_ins_tiny,5,0.8863,0.9163,0.9163,0,0.9803523624304104,0.9803523624304104,1.0,14,0,-0.5001877983137731,12,1,0.718739695408765
440408,384666,000000384666.jpg,REAR,0,14,2887.7,108.1,1,body7_self,gt_box,gt_box,,,1.0,1.0,0,0.9792415536343585,0.9792415536343585,1.0,14,0,-0.501435153515096,12,1,0.7277183182099286
440408,384666,000000384666.jpg,REAR,0,14,2887.7,108.1,1,body7_self,rtmdet_ins_tiny,rtmdet_ins_tiny,5,0.8863,0.9163,0.9163,0,0.9803523624304104,0.9803523624304104,1.0,14,0,-0.5001877983137731,12,1,0.7187395534094643
440408,384666,000000384666.jpg,REAR,0,14,2887.7,108.1,1,aic_coco_self,gt_box,gt_box,,,1.0,1.0,0,0.9697254525683006,0.9697254525683006,1.0,14,0,-0.4948036876021882,12,1,0.7962582812589758
440408,384666,000000384666.jpg,REAR,0,14,2887.7,108.1,1,aic_coco_self,rtmdet_ins_tiny,rtmdet_ins_tiny,5,0.8863,0.9163,0.9163,0,0.9787006438928626,0.9787006438928626,1.0,14,0,-0.5030081296501727,12,1,0.8223638254053453
440917,381360,000000381360.jpg,FRONT,3,16,13683.4,220.6,-1,body7_official,gt_box,gt_box,,,1.0,1.0,0,0.9527128227997265,0.9527128227997265,1.0,14,0,-0.6620381204798386,10,-1,0.8046172050868764
440917,381360,000000381360.jpg,FRONT,3,16,13683.4,220.6,-1,body7_official,rtmdet_ins_tiny,rtmdet_ins_tiny,3,0.8757,0.9399,0.9399,0,0.9594762779075362,0.9594762779075362,1.0,14,0,-0.6596320426859863,10,-1,0.8124847832848044
440917,381360,000000381360.jpg,FRONT,3,16,13683.4,220.6,-1,body7_self,gt_box,gt_box,,,1.0,1.0,0,0.9527128227997265,0.9527128227997265,1.0,14,0,-0.6620381204798386,10,-1,0.8046171489883872
440917,381360,000000381360.jpg,FRONT,3,16,13683.4,220.6,-1,body7_self,rtmdet_ins_tiny,rtmdet_ins_tiny,3,0.8757,0.9399,0.9399,0,0.9594762779075362,0.9594762779075362,1.0,14,0,-0.6596320426859863,10,-1,0.8124846956309151
440917,381360,000000381360.jpg,FRONT,3,16,13683.4,220.6,-1,aic_coco_self,gt_box,gt_box,,,1.0,1.0,0,0.9676391192834158,0.9676391192834158,1.0,14,0,-0.6627854132123681,10,-1,0.8238673981498269
440917,381360,000000381360.jpg,FRONT,3,16,13683.4,220.6,-1,aic_coco_self,rtmdet_ins_tiny,rtmdet_ins_tiny,3,0.8757,0.9399,0.9399,0,0.9591658856794595,0.9591658856794595,1.0,14,0,-0.6599938608998984,10,-1,0.8082720882752362
441100,299887,000000299887.jpg,FRONT,3,13,33899.6,357.9,-1,body7_official,gt_box,gt_box,,,1.0,1.0,0,0.9696689951929488,0.9696689951929488,1.0,13,0,-0.3089510050230172,6,-1,0.8022503502228681
441100,299887,000000299887.jpg,FRONT,3,13,33899.6,357.9,-1,body7_official,rtmdet_ins_tiny,rtmdet_ins_tiny,5,0.8806,0.9289,0.9289,0,0.9752273061367179,0.9752273061367179,1.0,13,0,-0.31215397799672806,6,-1,0.8079606224508846
441100,299887,000000299887.jpg,FRONT,3,13,33899.6,357.9,-1,body7_self,gt_box,gt_box,,,1.0,1.0,0,0.9696689951929488,0.9696689951929488,1.0,13,0,-0.3089510050230172,6,-1,0.8022503221736235
441100,299887,000000299887.jpg,FRONT,3,13,33899.6,357.9,-1,body7_self,rtmdet_ins_tiny,rtmdet_ins_tiny,5,0.8806,0.9289,0.9289,0,0.9752273061367179,0.9752273061367179,1.0,13,0,-0.31215397799672806,6,-1,0.8079607451663298
441100,299887,000000299887.jpg,FRONT,3,13,33899.6,357.9,-1,aic_coco_self,gt_box,gt_box,,,1.0,1.0,0,0.974405478000354,0.974405478000354,1.0,13,0,-0.30870769230593453,6,-1,0.7650858689756954
441100,299887,000000299887.jpg,FRONT,3,13,33899.6,357.9,-1,aic_coco_self,rtmdet_ins_tiny,rtmdet_ins_tiny,5,0.8806,0.9289,0.9289,0,0.9802816761661493,0.9802816761661493,1.0,13,0,-0.31409521282389674,6,-1,0.773341962519814
441375,397279,000000397279.jpg,OBLIQUE,2,14,19267.6,241.3,1,body7_official,gt_box,gt_box,,,1.0,1.0,0,0.9440299402334011,0.9440299402334011,1.0,14,0,-0.3304682982722765,10,1,0.7625805665464962
441375,397279,000000397279.jpg,OBLIQUE,2,14,19267.6,241.3,1,body7_official,rtmdet_ins_tiny,rtmdet_ins_tiny,1,0.8802,0.9583,0.9583,0,0.931783818539375,0.931783818539375,1.0,14,0,-0.3311621774282356,10,1,0.763978312997257
441375,397279,000000397279.jpg,OBLIQUE,2,14,19267.6,241.3,1,body7_self,gt_box,gt_box,,,1.0,1.0,0,0.9440299402334011,0.9440299402334011,1.0,14,0,-0.3304682982722765,10,1,0.7625805490157184
441375,397279,000000397279.jpg,OBLIQUE,2,14,19267.6,241.3,1,body7_self,rtmdet_ins_tiny,rtmdet_ins_tiny,1,0.8802,0.9583,0.9583,0,0.931783818539375,0.931783818539375,1.0,14,0,-0.3311621774282356,10,1,0.7639783901326797
441375,397279,000000397279.jpg,OBLIQUE,2,14,19267.6,241.3,1,aic_coco_self,gt_box,gt_box,,,1.0,1.0,0,0.9580830919893356,0.9580830919893356,1.0,14,0,-0.3611042580493876,10,1,0.7861520262325511
441375,397279,000000397279.jpg,OBLIQUE,2,14,19267.6,241.3,1,aic_coco_self,rtmdet_ins_tiny,rtmdet_ins_tiny,1,0.8802,0.9583,0.9583,0,0.9585255820130403,0.9585255820130403,1.0,14,0,-0.36590635406669725,10,1,0.8063007628216463
441831,532493,000000532493.jpg,FRONT,3,16,7817.3,132.6,-1,body7_official,gt_box,gt_box,,,1.0,1.0,0,0.974918757579299,0.974918757579299,1.0,15,0,-0.5651396216405105,10,-1,0.7582246468347662
441831,532493,000000532493.jpg,FRONT,3,16,7817.3,132.6,-1,body7_official,rtmdet_ins_tiny,rtmdet_ins_tiny,9,0.7993,0.4967,0.7595,1,0.892799409987877,0.892799409987877,0.9333333333333333,15,0,-0.42172680019449166,10,-1,0.6744531463174259
441831,532493,000000532493.jpg,FRONT,3,16,7817.3,132.6,-1,body7_self,gt_box,gt_box,,,1.0,1.0,0,0.974918757579299,0.974918757579299,1.0,15,0,-0.5651396216405105,10,-1,0.7582247187109554
441831,532493,000000532493.jpg,FRONT,3,16,7817.3,132.6,-1,body7_self,rtmdet_ins_tiny,rtmdet_ins_tiny,9,0.7993,0.4967,0.7595,1,0.892799409987877,0.892799409987877,0.9333333333333333,15,0,-0.42172680019449166,10,-1,0.6744531480705037
441831,532493,000000532493.jpg,FRONT,3,16,7817.3,132.6,-1,aic_coco_self,gt_box,gt_box,,,1.0,1.0,0,0.9612481974926429,0.9612481974926429,1.0,15,0,-0.561848808991808,10,-1,0.8324042944347158
441831,532493,000000532493.jpg,FRONT,3,16,7817.3,132.6,-1,aic_coco_self,rtmdet_ins_tiny,rtmdet_ins_tiny,9,0.7993,0.4967,0.7595,1,0.8964547978764438,0.8964547978764438,0.9333333333333333,15,0,-0.49233346867983574,10,-1,0.7307999537271612
442260,562581,000000562581.jpg,OBLIQUE,2,15,3056.6,111.9,-1,body7_official,gt_box,gt_box,,,1.0,1.0,0,0.9755093931379201,0.9755093931379201,1.0,15,0,-0.5380713552186498,12,-1,0.8070969791973338
442260,562581,000000562581.jpg,OBLIQUE,2,15,3056.6,111.9,-1,body7_official,rtmdet_ins_tiny,rtmdet_ins_tiny,1,0.8614,0.9687,0.9687,0,0.9812514526949427,0.9812514526949427,1.0,15,0,-0.5393090421014008,12,-1,0.8087334142011755
442260,562581,000000562581.jpg,OBLIQUE,2,15,3056.6,111.9,-1,body7_self,gt_box,gt_box,,,1.0,1.0,0,0.9755093931379201,0.9755093931379201,1.0,15,0,-0.5380713552186498,12,-1,0.8070970528266009
442260,562581,000000562581.jpg,OBLIQUE,2,15,3056.6,111.9,-1,body7_self,rtmdet_ins_tiny,rtmdet_ins_tiny,1,0.8614,0.9687,0.9687,0,0.9812514526949427,0.9812514526949427,1.0,15,0,-0.5393090421014008,12,-1,0.8087334492627312
442260,562581,000000562581.jpg,OBLIQUE,2,15,3056.6,111.9,-1,aic_coco_self,gt_box,gt_box,,,1.0,1.0,0,0.9752828494112425,0.9752828494112425,1.0,15,0,-0.5304143998005053,12,-1,0.8184383266112384
442260,562581,000000562581.jpg,OBLIQUE,2,15,3056.6,111.9,-1,aic_coco_self,rtmdet_ins_tiny,rtmdet_ins_tiny,1,0.8614,0.9687,0.9687,0,0.9748989638403779,0.9748989638403779,1.0,15,0,-0.5296988552957931,12,-1,0.8131991063847261
442689,320642,000000320642.jpg,FRONT,3,12,29236.6,291.3,-1,body7_official,gt_box,gt_box,,,1.0,1.0,0,0.9393178654845477,0.9393178654845477,1.0,12,0,-0.420929426076204,8,-1,0.7207260894424775
442689,320642,000000320642.jpg,FRONT,3,12,29236.6,291.3,-1,body7_official,rtmdet_ins_tiny,rtmdet_ins_tiny,9,0.9050,0.9507,0.9507,0,0.9386726553790002,0.9386726553790002,1.0,12,0,-0.4179169110464504,8,-1,0.7239434184396968
442689,320642,000000320642.jpg,FRONT,3,12,29236.6,291.3,-1,body7_self,gt_box,gt_box,,,1.0,1.0,0,0.9393178654845477,0.9393178654845477,1.0,12,0,-0.420929426076204,8,-1,0.7207260570105385
442689,320642,000000320642.jpg,FRONT,3,12,29236.6,291.3,-1,body7_self,rtmdet_ins_tiny,rtmdet_ins_tiny,9,0.9050,0.9507,0.9507,0,0.9386726553790002,0.9386726553790002,1.0,12,0,-0.4179169110464504,8,-1,0.7239433746127522
442689,320642,000000320642.jpg,FRONT,3,12,29236.6,291.3,-1,aic_coco_self,gt_box,gt_box,,,1.0,1.0,0,0.945669579164328,0.945669579164328,1.0,12,0,-0.4230816871883031,8,-1,0.7284352691734538
442689,320642,000000320642.jpg,FRONT,3,12,29236.6,291.3,-1,aic_coco_self,rtmdet_ins_tiny,rtmdet_ins_tiny,9,0.9050,0.9507,0.9507,0,0.9467049319218092,0.9467049319218092,1.0,12,0,-0.4270315362265589,8,-1,0.7311987535041922
443248,161799,000000161799.jpg,REAR,0,12,6770.0,165.0,1,body7_official,gt_box,gt_box,,,1.0,1.0,0,0.9875941820020094,0.9875941820020094,1.0,11,0,-0.6204402975565102,10,1,0.7290156588834875
443248,161799,000000161799.jpg,REAR,0,12,6770.0,165.0,1,body7_official,rtmdet_ins_tiny,rtmdet_ins_tiny,11,0.8830,0.8710,0.8710,0,0.9877953113432668,0.9877953113432668,1.0,11,0,-0.620771084737455,10,1,0.7337059203316184
443248,161799,000000161799.jpg,REAR,0,12,6770.0,165.0,1,body7_self,gt_box,gt_box,,,1.0,1.0,0,0.9875941820020094,0.9875941820020094,1.0,11,0,-0.6204402975565102,10,1,0.7290157272535212
443248,161799,000000161799.jpg,REAR,0,12,6770.0,165.0,1,body7_self,rtmdet_ins_tiny,rtmdet_ins_tiny,11,0.8830,0.8710,0.8710,0,0.9877953113432668,0.9877953113432668,1.0,11,0,-0.620771084737455,10,1,0.7337059676647186
443248,161799,000000161799.jpg,REAR,0,12,6770.0,165.0,1,aic_coco_self,gt_box,gt_box,,,1.0,1.0,0,0.9896095056706536,0.9896095056706536,1.0,11,0,-0.6255213849638849,10,1,0.7923561860533321
443248,161799,000000161799.jpg,REAR,0,12,6770.0,165.0,1,aic_coco_self,rtmdet_ins_tiny,rtmdet_ins_tiny,11,0.8830,0.8710,0.8710,0,0.9878450538685665,0.9878450538685665,1.0,11,0,-0.6205139308594072,10,1,0.8109085700091194
443924,291551,000000291551.jpg,FRONT,3,16,31866.4,304.8,-1,body7_official,gt_box,gt_box,,,1.0,1.0,0,0.9874632327779455,0.9874632327779455,1.0,15,0,-0.707226810400333,10,-1,0.8578874784357408
443924,291551,000000291551.jpg,FRONT,3,16,31866.4,304.8,-1,body7_official,rtmdet_ins_tiny,rtmdet_ins_tiny,28,0.8684,0.8733,0.8733,0,0.986590323513259,0.986590323513259,1.0,15,0,-0.7060130603093127,10,-1,0.8691877547432395
443924,291551,000000291551.jpg,FRONT,3,16,31866.4,304.8,-1,body7_self,gt_box,gt_box,,,1.0,1.0,0,0.9874632327779455,0.9874632327779455,1.0,15,0,-0.707226810400333,10,-1,0.8578875029788298
443924,291551,000000291551.jpg,FRONT,3,16,31866.4,304.8,-1,body7_self,rtmdet_ins_tiny,rtmdet_ins_tiny,28,0.8684,0.8733,0.8733,0,0.986590323513259,0.986590323513259,1.0,15,0,-0.7060130603093127,10,-1,0.8691877056570614
443924,291551,000000291551.jpg,FRONT,3,16,31866.4,304.8,-1,aic_coco_self,gt_box,gt_box,,,1.0,1.0,0,0.98328453057556,0.98328453057556,1.0,15,0,-0.70301514251401,10,-1,0.847683541914996
443924,291551,000000291551.jpg,FRONT,3,16,31866.4,304.8,-1,aic_coco_self,rtmdet_ins_tiny,rtmdet_ins_tiny,28,0.8684,0.8733,0.8733,0,0.9843307833906093,0.9843307833906093,1.0,15,0,-0.7011050635171908,10,-1,0.8524852254811455
444415,133418,000000133418.jpg,OBLIQUE,2,11,49565.5,382.8,-1,body7_official,gt_box,gt_box,,,1.0,1.0,0,0.9040239101724395,0.9040239101724395,0.9090909090909091,11,0,-0.3787217640101642,8,-1,0.7243511554072884
444415,133418,000000133418.jpg,OBLIQUE,2,11,49565.5,382.8,-1,body7_official,rtmdet_ins_tiny,rtmdet_ins_tiny,4,0.8560,0.9553,0.9553,0,0.909519814793752,0.909519814793752,0.9090909090909091,11,0,-0.3768840727762199,8,-1,0.7220704660696142
444415,133418,000000133418.jpg,OBLIQUE,2,11,49565.5,382.8,-1,body7_self,gt_box,gt_box,,,1.0,1.0,0,0.9040239101724395,0.9040239101724395,0.9090909090909091,11,0,-0.3787217640101642,8,-1,0.7243510361979989
444415,133418,000000133418.jpg,OBLIQUE,2,11,49565.5,382.8,-1,body7_self,rtmdet_ins_tiny,rtmdet_ins_tiny,4,0.8560,0.9553,0.9553,0,0.909519814793752,0.909519814793752,0.9090909090909091,11,0,-0.3768840727762199,8,-1,0.722070467822692
444415,133418,000000133418.jpg,OBLIQUE,2,11,49565.5,382.8,-1,aic_coco_self,gt_box,gt_box,,,1.0,1.0,0,0.9162407714891937,0.9162407714891937,0.9090909090909091,11,0,-0.3736738629714551,8,-1,0.7211333583383
444415,133418,000000133418.jpg,OBLIQUE,2,11,49565.5,382.8,-1,aic_coco_self,rtmdet_ins_tiny,rtmdet_ins_tiny,4,0.8560,0.9553,0.9553,0,0.9157058351650669,0.9157058351650669,0.9090909090909091,11,0,-0.37258912511488207,8,-1,0.7213389680666082
444904,166165,000000166165.jpg,FRONT,3,12,35792.8,291.8,-1,body7_official,gt_box,gt_box,,,1.0,1.0,0,0.971978400953883,0.971978400953883,1.0,12,0,-0.6743531381277101,8,-1,0.6777792879763771
444904,166165,000000166165.jpg,FRONT,3,12,35792.8,291.8,-1,body7_official,rtmdet_ins_tiny,rtmdet_ins_tiny,3,0.8951,0.9251,0.9251,0,0.9760258420247552,0.9760258420247552,1.0,12,0,-0.6714774498087894,8,-1,0.6817833597169203
444904,166165,000000166165.jpg,FRONT,3,12,35792.8,291.8,-1,body7_self,gt_box,gt_box,,,1.0,1.0,0,0.971978400953883,0.971978400953883,1.0,12,0,-0.6743531381277101,8,-1,0.6777792774579104
444904,166165,000000166165.jpg,FRONT,3,12,35792.8,291.8,-1,body7_self,rtmdet_ins_tiny,rtmdet_ins_tiny,3,0.8951,0.9251,0.9251,0,0.9760258420247552,0.9760258420247552,1.0,12,0,-0.6714774498087894,8,-1,0.6817833185195923
444904,166165,000000166165.jpg,FRONT,3,12,35792.8,291.8,-1,aic_coco_self,gt_box,gt_box,,,1.0,1.0,0,0.9783770104861809,0.9783770104861809,1.0,12,0,-0.6769060261723482,8,-1,0.6759897466091549
444904,166165,000000166165.jpg,FRONT,3,12,35792.8,291.8,-1,aic_coco_self,rtmdet_ins_tiny,rtmdet_ins_tiny,3,0.8951,0.9251,0.9251,0,0.9762656741102829,0.9762656741102829,1.0,12,0,-0.674583154358713,8,-1,0.684543128399288
445285,158956,000000158956.jpg,FRONT,3,12,51750.3,379.1,-1,body7_official,gt_box,gt_box,,,1.0,1.0,0,0.9342884997278998,0.9342884997278998,1.0,12,0,-0.6846006311184936,8,-1,0.6809564986649681
445285,158956,000000158956.jpg,FRONT,3,12,51750.3,379.1,-1,body7_official,rtmdet_ins_tiny,rtmdet_ins_tiny,5,0.8198,0.9747,0.9747,0,0.9264638081733184,0.9264638081733184,1.0,12,0,-0.6852691865148185,8,-1,0.6810461326557047
445285,158956,000000158956.jpg,FRONT,3,12,51750.3,379.1,-1,body7_self,gt_box,gt_box,,,1.0,1.0,0,0.9342884997278998,0.9342884997278998,1.0,12,0,-0.6846006311184936,8,-1,0.6809565626523074
445285,158956,000000158956.jpg,FRONT,3,12,51750.3,379.1,-1,body7_self,rtmdet_ins_tiny,rtmdet_ins_tiny,5,0.8198,0.9747,0.9747,0,0.9264638081733184,0.9264638081733184,1.0,12,0,-0.6852691865148185,8,-1,0.6810459932860207
445285,158956,000000158956.jpg,FRONT,3,12,51750.3,379.1,-1,aic_coco_self,gt_box,gt_box,,,1.0,1.0,0,0.9593627574800457,0.9593627574800457,1.0,12,0,-0.6907280523894329,8,-1,0.6409263654666788
445285,158956,000000158956.jpg,FRONT,3,12,51750.3,379.1,-1,aic_coco_self,rtmdet_ins_tiny,rtmdet_ins_tiny,5,0.8198,0.9747,0.9747,0,0.9664923117672681,0.9664923117672681,1.0,12,0,-0.6909356223927507,8,-1,0.6347207812701955
445917,345361,000000345361.jpg,FRONT,3,12,18309.5,190.5,-1,body7_official,gt_box,gt_box,,,1.0,1.0,0,0.08191695962774563,0.08191695962774563,0.08333333333333333,12,0,-0.13480787157271468,8,-1,0.39733648913748126
445917,345361,000000345361.jpg,FRONT,3,12,18309.5,190.5,-1,body7_official,rtmdet_ins_tiny,rtmdet_ins_tiny,10,0.8276,0.4713,0.4713,0,0.9801188824574113,0.9801188824574113,1.0,12,0,-0.38212226169679264,8,-1,0.7003930596744313
445917,345361,000000345361.jpg,FRONT,3,12,18309.5,190.5,-1,body7_self,gt_box,gt_box,,,1.0,1.0,0,0.08191695962774563,0.08191695962774563,0.08333333333333333,12,0,-0.13480787157271468,8,-1,0.3973364391747643
445917,345361,000000345361.jpg,FRONT,3,12,18309.5,190.5,-1,body7_self,rtmdet_ins_tiny,rtmdet_ins_tiny,10,0.8276,0.4713,0.4713,0,0.9801188824574113,0.9801188824574113,1.0,12,0,-0.38212226169679264,8,-1,0.7003930062055588
445917,345361,000000345361.jpg,FRONT,3,12,18309.5,190.5,-1,aic_coco_self,gt_box,gt_box,,,1.0,1.0,0,0.9679466515859333,0.9679466515859333,1.0,12,0,-0.37149352921237794,8,-1,0.5606566562372095
445917,345361,000000345361.jpg,FRONT,3,12,18309.5,190.5,-1,aic_coco_self,rtmdet_ins_tiny,rtmdet_ins_tiny,10,0.8276,0.4713,0.4713,0,0.9826909972705256,0.9826909972705256,1.0,12,0,-0.384399310069058,8,-1,0.7246662185472601
446896,20333,000000020333.jpg,FRONT,3,17,86087.8,459.8,-1,body7_official,gt_box,gt_box,,,1.0,1.0,0,0.9633752903122987,0.9633752903122987,1.0,17,0,-0.5069113195477206,12,-1,0.8031910692944246
446896,20333,000000020333.jpg,FRONT,3,17,86087.8,459.8,-1,body7_official,rtmdet_ins_tiny,rtmdet_ins_tiny,2,0.8927,0.9346,0.9346,0,0.963618932146808,0.963618932146808,1.0,17,0,-0.5034151916490143,12,-1,0.8339798836147084
446896,20333,000000020333.jpg,FRONT,3,17,86087.8,459.8,-1,body7_self,gt_box,gt_box,,,1.0,1.0,0,0.9633752903122987,0.9633752903122987,1.0,17,0,-0.5069113195477206,12,-1,0.803191107862136
446896,20333,000000020333.jpg,FRONT,3,17,86087.8,459.8,-1,body7_self,rtmdet_ins_tiny,rtmdet_ins_tiny,2,0.8927,0.9346,0.9346,0,0.963618932146808,0.963618932146808,1.0,17,0,-0.5034151916490143,12,-1,0.8339799046516418
446896,20333,000000020333.jpg,FRONT,3,17,86087.8,459.8,-1,aic_coco_self,gt_box,gt_box,,,1.0,1.0,0,0.9617987725991358,0.9617987725991358,1.0,17,0,-0.503299309172083,12,-1,0.7794300563195172
446896,20333,000000020333.jpg,FRONT,3,17,86087.8,459.8,-1,aic_coco_self,rtmdet_ins_tiny,rtmdet_ins_tiny,2,0.8927,0.9346,0.9346,0,0.9635685228187509,0.9635685228187509,1.0,17,0,-0.50327368259405,12,-1,0.7970339094891268
447745,47585,000000047585.jpg,FRONT,3,16,57152.9,424.2,-1,body7_official,gt_box,gt_box,,,1.0,1.0,0,0.946389035362857,0.946389035362857,1.0,16,0,-0.31095038983184287,12,-1,0.8473602428155786
447745,47585,000000047585.jpg,FRONT,3,16,57152.9,424.2,-1,body7_official,rtmdet_ins_tiny,rtmdet_ins_tiny,35,0.8926,0.9534,0.9534,0,0.9445243582573445,0.9445243582573445,1.0,16,0,-0.30705748763254337,12,-1,0.8474555331117967
447745,47585,000000047585.jpg,FRONT,3,16,57152.9,424.2,-1,body7_self,gt_box,gt_box,,,1.0,1.0,0,0.946389035362857,0.946389035362857,1.0,16,0,-0.31095038983184287,12,-1,0.8473603550125571
447745,47585,000000047585.jpg,FRONT,3,16,57152.9,424.2,-1,body7_self,rtmdet_ins_tiny,rtmdet_ins_tiny,35,0.8926,0.9534,0.9534,0,0.9445243582573445,0.9445243582573445,1.0,16,0,-0.30705748763254337,12,-1,0.8474554945440853
447745,47585,000000047585.jpg,FRONT,3,16,57152.9,424.2,-1,aic_coco_self,gt_box,gt_box,,,1.0,1.0,0,0.9402675225553803,0.9402675225553803,1.0,16,0,-0.3064808368895457,12,-1,0.8547852004275602
447745,47585,000000047585.jpg,FRONT,3,16,57152.9,424.2,-1,aic_coco_self,rtmdet_ins_tiny,rtmdet_ins_tiny,35,0.8926,0.9534,0.9534,0,0.945629533408445,0.945629533408445,1.0,16,0,-0.3079154877996041,12,-1,0.8543004428639132
447901,358195,000000358195.jpg,FRONT,3,17,40729.3,438.6,-1,body7_official,gt_box,gt_box,,,1.0,1.0,0,0.9665015919592614,0.9665015919592614,1.0,17,0,-0.3251181545174691,12,-1,0.8530447412939632
447901,358195,000000358195.jpg,FRONT,3,17,40729.3,438.6,-1,body7_official,rtmdet_ins_tiny,rtmdet_ins_tiny,2,0.8871,0.9399,0.9399,0,0.9782483030733571,0.9782483030733571,1.0,17,0,-0.3284355183740134,12,-1,0.8579420727841994
447901,358195,000000358195.jpg,FRONT,3,17,40729.3,438.6,-1,body7_self,gt_box,gt_box,,,1.0,1.0,0,0.9665015919592614,0.9665015919592614,1.0,17,0,-0.3251181545174691,12,-1,0.8530446957139408
447901,358195,000000358195.jpg,FRONT,3,17,40729.3,438.6,-1,body7_self,rtmdet_ins_tiny,rtmdet_ins_tiny,2,0.8871,0.9399,0.9399,0,0.9782483030733571,0.9782483030733571,1.0,17,0,-0.3284355183740134,12,-1,0.8579421323888442
447901,358195,000000358195.jpg,FRONT,3,17,40729.3,438.6,-1,aic_coco_self,gt_box,gt_box,,,1.0,1.0,0,0.9766959300870307,0.9766959300870307,1.0,17,0,-0.326661788728783,12,-1,0.8720288101364585
447901,358195,000000358195.jpg,FRONT,3,17,40729.3,438.6,-1,aic_coco_self,rtmdet_ins_tiny,rtmdet_ins_tiny,2,0.8871,0.9399,0.9399,0,0.9786753785849976,0.9786753785849976,1.0,17,0,-0.326766781494524,12,-1,0.8769048557561987
448392,309467,000000309467.jpg,REAR,0,10,5755.7,163.0,1,body7_official,gt_box,gt_box,,,1.0,1.0,0,0.9789084561883399,0.9789084561883399,1.0,10,0,-0.20434793949036661,8,1,0.7543136968332178
448392,309467,000000309467.jpg,REAR,0,10,5755.7,163.0,1,body7_official,rtmdet_ins_tiny,rtmdet_ins_tiny,6,0.8620,0.9773,0.9773,0,0.9782676881715411,0.9782676881715411,1.0,10,0,-0.20389318062222717,8,1,0.7598937294062447
448392,309467,000000309467.jpg,REAR,0,10,5755.7,163.0,1,body7_self,gt_box,gt_box,,,1.0,1.0,0,0.9789084561883399,0.9789084561883399,1.0,10,0,-0.20434793949036661,8,1,0.7543137476724737
448392,309467,000000309467.jpg,REAR,0,10,5755.7,163.0,1,body7_self,rtmdet_ins_tiny,rtmdet_ins_tiny,6,0.8620,0.9773,0.9773,0,0.9782676881715411,0.9782676881715411,1.0,10,0,-0.20389318062222717,8,1,0.759893841603223
448392,309467,000000309467.jpg,REAR,0,10,5755.7,163.0,1,aic_coco_self,gt_box,gt_box,,,1.0,1.0,0,0.9728251976340629,0.9728251976340629,1.0,10,0,-0.20018961270987368,8,1,0.7246088368051192
448392,309467,000000309467.jpg,REAR,0,10,5755.7,163.0,1,aic_coco_self,rtmdet_ins_tiny,rtmdet_ins_tiny,6,0.8620,0.9773,0.9773,0,0.9738902881417799,0.9738902881417799,1.0,10,0,-0.20151077258695044,8,1,0.7299053739098942
448690,125257,000000125257.jpg,FRONT,3,16,4068.6,141.2,-1,body7_official,gt_box,gt_box,,,1.0,1.0,0,0.9410633672633284,0.9410633672633284,1.0,16,0,-0.2525517058921479,12,-1,0.744446221519919
448690,125257,000000125257.jpg,FRONT,3,16,4068.6,141.2,-1,body7_official,rtmdet_ins_tiny,rtmdet_ins_tiny,2,0.8601,0.9039,0.9039,0,0.9421138131738196,0.9421138131738196,1.0,16,0,-0.24668931961133186,12,-1,0.7415523248560288
448690,125257,000000125257.jpg,FRONT,3,16,4068.6,141.2,-1,body7_self,gt_box,gt_box,,,1.0,1.0,0,0.9410633672633284,0.9410633672633284,1.0,16,0,-0.2525517058921479,12,-1,0.7444461233475629
448690,125257,000000125257.jpg,FRONT,3,16,4068.6,141.2,-1,body7_self,rtmdet_ins_tiny,rtmdet_ins_tiny,2,0.8601,0.9039,0.9039,0,0.9421138131738196,0.9421138131738196,1.0,16,0,-0.24668931961133186,12,-1,0.7415523178437177
448690,125257,000000125257.jpg,FRONT,3,16,4068.6,141.2,-1,aic_coco_self,gt_box,gt_box,,,1.0,1.0,0,0.9678192415711055,0.9678192415711055,1.0,16,0,-0.2646527258496394,12,-1,0.7805245623869055
448690,125257,000000125257.jpg,FRONT,3,16,4068.6,141.2,-1,aic_coco_self,rtmdet_ins_tiny,rtmdet_ins_tiny,2,0.8601,0.9039,0.9039,0,0.9670504551519578,0.9670504551519578,1.0,16,0,-0.25827265766864277,12,-1,0.802462192142711
449173,451144,000000451144.jpg,PROFILE,1,12,8204.7,158.2,1,body7_official,gt_box,gt_box,,,1.0,1.0,0,0.9462015996935489,0.9462015996935489,1.0,12,0,-0.24650126832992045,8,1,0.719543020514881
449173,451144,000000451144.jpg,PROFILE,1,12,8204.7,158.2,1,body7_official,rtmdet_ins_tiny,rtmdet_ins_tiny,15,0.7407,0.8298,0.8298,0,0.9392352254838188,0.9392352254838188,1.0,12,0,-0.23975277069239315,8,1,0.71731696935261
449173,451144,000000451144.jpg,PROFILE,1,12,8204.7,158.2,1,body7_self,gt_box,gt_box,,,1.0,1.0,0,0.9462015996935489,0.9462015996935489,1.0,12,0,-0.24650126832992045,8,1,0.7195430625887478
449173,451144,000000451144.jpg,PROFILE,1,12,8204.7,158.2,1,body7_self,rtmdet_ins_tiny,rtmdet_ins_tiny,15,0.7407,0.8298,0.8298,0,0.9392352254838188,0.9392352254838188,1.0,12,0,-0.23975277069239315,8,1,0.717317018438788
449173,451144,000000451144.jpg,PROFILE,1,12,8204.7,158.2,1,aic_coco_self,gt_box,gt_box,,,1.0,1.0,0,0.9481569062946099,0.9481569062946099,1.0,12,0,-0.24188855333422823,8,1,0.7282732970574323
449173,451144,000000451144.jpg,PROFILE,1,12,8204.7,158.2,1,aic_coco_self,rtmdet_ins_tiny,rtmdet_ins_tiny,15,0.7407,0.8298,0.8298,0,0.9455697458817195,0.9455697458817195,1.0,12,0,-0.2394944298044585,8,1,0.7431373420883628
450898,38210,000000038210.jpg,FRONT,3,16,16346.4,272.9,-1,body7_official,gt_box,gt_box,,,1.0,1.0,0,0.9652422617379306,0.9652422617379306,1.0,16,0,-0.5145594653815828,12,-1,0.895177844692679
450898,38210,000000038210.jpg,FRONT,3,16,16346.4,272.9,-1,body7_official,rtmdet_ins_tiny,rtmdet_ins_tiny,10,0.9163,0.9345,0.9345,0,0.9646911909562601,0.9646911909562601,1.0,16,0,-0.5159096947160368,12,-1,0.9055414059582878
450898,38210,000000038210.jpg,FRONT,3,16,16346.4,272.9,-1,body7_self,gt_box,gt_box,,,1.0,1.0,0,0.9652422617379306,0.9652422617379306,1.0,16,0,-0.5145594653815828,12,-1,0.8951777780757231
450898,38210,000000038210.jpg,FRONT,3,16,16346.4,272.9,-1,body7_self,rtmdet_ins_tiny,rtmdet_ins_tiny,10,0.9163,0.9345,0.9345,0,0.9646911909562601,0.9646911909562601,1.0,16,0,-0.5159096947160368,12,-1,0.9055414655629326
450898,38210,000000038210.jpg,FRONT,3,16,16346.4,272.9,-1,aic_coco_self,gt_box,gt_box,,,1.0,1.0,0,0.9715689567043455,0.9715689567043455,1.0,16,0,-0.5163911364797369,12,-1,0.9218933547244352
450898,38210,000000038210.jpg,FRONT,3,16,16346.4,272.9,-1,aic_coco_self,rtmdet_ins_tiny,rtmdet_ins_tiny,10,0.9163,0.9345,0.9345,0,0.971606851926553,0.971606851926553,1.0,16,0,-0.5169378776142775,12,-1,0.9277385403128231
451281,320490,000000320490.jpg,FRONT,3,13,15498.9,226.4,-1,body7_official,gt_box,gt_box,,,1.0,1.0,0,0.9407228806999561,0.9407228806999561,1.0,13,0,-0.11017360996466136,8,-1,0.7029493924449471
451281,320490,000000320490.jpg,FRONT,3,13,15498.9,226.4,-1,body7_official,rtmdet_ins_tiny,rtmdet_ins_tiny,34,0.7559,0.9648,0.9648,0,0.9171690337299309,0.9171690337299309,1.0,13,0,-0.10870752323320182,8,-1,0.6979997456073761
451281,320490,000000320490.jpg,FRONT,3,13,15498.9,226.4,-1,body7_self,gt_box,gt_box,,,1.0,1.0,0,0.9407228806999561,0.9407228806999561,1.0,13,0,-0.11017360996466136,8,-1,0.7029493714080137
451281,320490,000000320490.jpg,FRONT,3,13,15498.9,226.4,-1,body7_self,rtmdet_ins_tiny,rtmdet_ins_tiny,34,0.7559,0.9648,0.9648,0,0.9171690337299309,0.9171690337299309,1.0,13,0,-0.10870752323320182,8,-1,0.6979997920639375
451281,320490,000000320490.jpg,FRONT,3,13,15498.9,226.4,-1,aic_coco_self,gt_box,gt_box,,,1.0,1.0,0,0.9620189000521804,0.9620189000521804,1.0,13,0,-0.11060206176098503,8,-1,0.7226792828125113
451281,320490,000000320490.jpg,FRONT,3,13,15498.9,226.4,-1,aic_coco_self,rtmdet_ins_tiny,rtmdet_ins_tiny,34,0.7559,0.9648,0.9648,0,0.9607057741484988,0.9607057741484988,1.0,13,0,-0.11296116813182364,8,-1,0.7274320195702946
451766,302536,000000302536.jpg,FRONT,3,14,36538.2,338.8,-1,body7_official,gt_box,gt_box,,,1.0,1.0,0,0.9592804154897799,0.9592804154897799,1.0,12,0,-0.2645128723096319,8,-1,0.758139942498768
451766,302536,000000302536.jpg,FRONT,3,14,36538.2,338.8,-1,body7_official,rtmdet_ins_tiny,rtmdet_ins_tiny,9,0.8858,0.9708,0.9708,0,0.9591296493654445,0.9591296493654445,1.0,12,0,-0.2631481904542645,8,-1,0.7616969951811958
451766,302536,000000302536.jpg,FRONT,3,14,36538.2,338.8,-1,body7_self,gt_box,gt_box,,,1.0,1.0,0,0.9592804154897799,0.9592804154897799,1.0,12,0,-0.2645128723096319,8,-1,0.7581398977952845
451766,302536,000000302536.jpg,FRONT,3,14,36538.2,338.8,-1,body7_self,rtmdet_ins_tiny,rtmdet_ins_tiny,9,0.8858,0.9708,0.9708,0,0.9591296493654445,0.9591296493654445,1.0,12,0,-0.2631481904542645,8,-1,0.7616969872923458
451766,302536,000000302536.jpg,FRONT,3,14,36538.2,338.8,-1,aic_coco_self,gt_box,gt_box,,,1.0,1.0,0,0.9492270971014674,0.9492270971014674,1.0,12,0,-0.2577408861399133,8,-1,0.7409320166882347
451766,302536,000000302536.jpg,FRONT,3,14,36538.2,338.8,-1,aic_coco_self,rtmdet_ins_tiny,rtmdet_ins_tiny,9,0.8858,0.9708,0.9708,0,0.9519499430888007,0.9519499430888007,1.0,12,0,-0.2600648935117933,8,-1,0.7395453155040741
452210,166165,000000166165.jpg,REAR,0,16,10314.8,234.9,-1,body7_official,gt_box,gt_box,,,1.0,1.0,0,0.9796155307056875,0.9796155307056875,1.0,13,0,-0.2912666648224649,12,-1,0.8157087529406828
452210,166165,000000166165.jpg,REAR,0,16,10314.8,234.9,-1,body7_official,rtmdet_ins_tiny,rtmdet_ins_tiny,2,0.8899,0.9658,0.9658,0,0.9789268445171994,0.9789268445171994,1.0,13,0,-0.29155720273067326,12,-1,0.8200918365927303
452210,166165,000000166165.jpg,REAR,0,16,10314.8,234.9,-1,body7_self,gt_box,gt_box,,,1.0,1.0,0,0.9796155307056875,0.9796155307056875,1.0,13,0,-0.2912666648224649,12,-1,0.815708784496083
452210,166165,000000166165.jpg,REAR,0,16,10314.8,234.9,-1,body7_self,rtmdet_ins_tiny,rtmdet_ins_tiny,2,0.8899,0.9658,0.9658,0,0.9789268445171994,0.9789268445171994,1.0,13,0,-0.29155720273067326,12,-1,0.8200918541235083
452210,166165,000000166165.jpg,REAR,0,16,10314.8,234.9,-1,aic_coco_self,gt_box,gt_box,,,1.0,1.0,0,0.9593828198024139,0.9593828198024139,1.0,13,0,-0.2764766821065695,12,-1,0.8600103364271277
452210,166165,000000166165.jpg,REAR,0,16,10314.8,234.9,-1,aic_coco_self,rtmdet_ins_tiny,rtmdet_ins_tiny,2,0.8899,0.9658,0.9658,0,0.9715332535181275,0.9715332535181275,1.0,13,0,-0.284466481430619,12,-1,0.862996543154997
452906,161879,000000161879.jpg,FRONT,3,15,28065.9,341.2,-1,body7_official,gt_box,gt_box,,,1.0,1.0,0,0.9218635518037018,0.9218635518037018,1.0,15,0,-0.47152123497077414,10,-1,0.7568592920022852
452906,161879,000000161879.jpg,FRONT,3,15,28065.9,341.2,-1,body7_official,rtmdet_ins_tiny,rtmdet_ins_tiny,2,0.8633,0.9673,0.9673,0,0.8802052983535518,0.8802052983535518,1.0,15,0,-0.46474397297168296,10,-1,0.7619104350314421
452906,161879,000000161879.jpg,FRONT,3,15,28065.9,341.2,-1,body7_self,gt_box,gt_box,,,1.0,1.0,0,0.9218635518037018,0.9218635518037018,1.0,15,0,-0.47152123497077414,10,-1,0.7568592884961296
452906,161879,000000161879.jpg,FRONT,3,15,28065.9,341.2,-1,body7_self,rtmdet_ins_tiny,rtmdet_ins_tiny,2,0.8633,0.9673,0.9673,0,0.8802052983535518,0.8802052983535518,1.0,15,0,-0.46474397297168296,10,-1,0.7619104490560644
452906,161879,000000161879.jpg,FRONT,3,15,28065.9,341.2,-1,aic_coco_self,gt_box,gt_box,,,1.0,1.0,0,0.9054245948856217,0.9054245948856217,1.0,15,0,-0.45887696014497603,10,-1,0.7779818913515877
452906,161879,000000161879.jpg,FRONT,3,15,28065.9,341.2,-1,aic_coco_self,rtmdet_ins_tiny,rtmdet_ins_tiny,2,0.8633,0.9673,0.9673,0,0.8951038284252568,0.8951038284252568,1.0,15,0,-0.45832255630675905,10,-1,0.7778286723529592
453126,209753,000000209753.jpg,FRONT,3,12,143158.8,565.5,-1,body7_official,gt_box,gt_box,,,1.0,1.0,0,0.9673098918353119,0.9673098918353119,1.0,12,0,-0.4459598625279548,8,-1,0.6494398984838935
453126,209753,000000209753.jpg,FRONT,3,12,143158.8,565.5,-1,body7_official,rtmdet_ins_tiny,rtmdet_ins_tiny,10,0.8508,0.8093,0.8093,0,0.9553344407344989,0.9553344407344989,1.0,12,0,-0.44213402949228386,8,-1,0.626654800685013
453126,209753,000000209753.jpg,FRONT,3,12,143158.8,565.5,-1,body7_self,gt_box,gt_box,,,1.0,1.0,0,0.9673098918353119,0.9673098918353119,1.0,12,0,-0.4459598625279548,8,-1,0.6494399414342993
453126,209753,000000209753.jpg,FRONT,3,12,143158.8,565.5,-1,body7_self,rtmdet_ins_tiny,rtmdet_ins_tiny,10,0.8508,0.8093,0.8093,0,0.9553344407344989,0.9553344407344989,1.0,12,0,-0.44213402949228386,8,-1,0.6266546718337956
453126,209753,000000209753.jpg,FRONT,3,12,143158.8,565.5,-1,aic_coco_self,gt_box,gt_box,,,1.0,1.0,0,0.973262056554734,0.973262056554734,1.0,12,0,-0.4524298674805364,8,-1,0.6384707198423498
453126,209753,000000209753.jpg,FRONT,3,12,143158.8,565.5,-1,aic_coco_self,rtmdet_ins_tiny,rtmdet_ins_tiny,10,0.8508,0.8093,0.8093,0,0.9548841147908189,0.9548841147908189,1.0,12,0,-0.44315906718312525,8,-1,0.6427692262565389
453861,320642,000000320642.jpg,FRONT,3,11,6739.9,135.6,-1,body7_official,gt_box,gt_box,,,1.0,1.0,0,0.9606528040650851,0.9606528040650851,1.0,11,0,-0.4689200608012506,6,-1,0.6720470935106277
453861,320642,000000320642.jpg,FRONT,3,11,6739.9,135.6,-1,body7_official,rtmdet_ins_tiny,rtmdet_ins_tiny,12,0.8808,0.9398,0.9398,0,0.9628887367035458,0.9628887367035458,1.0,11,0,-0.46859271332767594,6,-1,0.6789800542242387
453861,320642,000000320642.jpg,FRONT,3,11,6739.9,135.6,-1,body7_self,gt_box,gt_box,,,1.0,1.0,0,0.9606528040650851,0.9606528040650851,1.0,11,0,-0.4689200608012506,6,-1,0.6720470742267721
453861,320642,000000320642.jpg,FRONT,3,11,6739.9,135.6,-1,body7_self,rtmdet_ins_tiny,rtmdet_ins_tiny,12,0.8808,0.9398,0.9398,0,0.9628887367035458,0.9628887367035458,1.0,11,0,-0.46859271332767594,6,-1,0.6789800393230775
453861,320642,000000320642.jpg,FRONT,3,11,6739.9,135.6,-1,aic_coco_self,gt_box,gt_box,,,1.0,1.0,0,0.9327868627105154,0.9327868627105154,1.0,11,0,-0.463447827818837,6,-1,0.6540275023264044
453861,320642,000000320642.jpg,FRONT,3,11,6739.9,135.6,-1,aic_coco_self,rtmdet_ins_tiny,rtmdet_ins_tiny,12,0.8808,0.9398,0.9398,0,0.935349841977832,0.935349841977832,1.0,11,0,-0.4608111704362059,6,-1,0.6556222741218174
454423,304180,000000304180.jpg,OBLIQUE,2,13,15130.9,311.9,1,body7_official,gt_box,gt_box,,,1.0,1.0,0,0.9579447223187905,0.9579447223187905,1.0,13,0,-0.10355452807774611,8,1,0.8017331992878634
454423,304180,000000304180.jpg,OBLIQUE,2,13,15130.9,311.9,1,body7_official,rtmdet_ins_tiny,rtmdet_ins_tiny,7,0.8741,0.9597,0.9597,0,0.954917570984474,0.954917570984474,1.0,13,0,-0.102133582971656,8,1,0.8055779968990999
454423,304180,000000304180.jpg,OBLIQUE,2,13,15130.9,311.9,1,body7_self,gt_box,gt_box,,,1.0,1.0,0,0.9579447223187905,0.9579447223187905,1.0,13,0,-0.10355452807774611,8,1,0.8017330905970406
454423,304180,000000304180.jpg,OBLIQUE,2,13,15130.9,311.9,1,body7_self,rtmdet_ins_tiny,rtmdet_ins_tiny,7,0.8741,0.9597,0.9597,0,0.954917570984474,0.954917570984474,1.0,13,0,-0.102133582971656,8,1,0.8055781231207007
454423,304180,000000304180.jpg,OBLIQUE,2,13,15130.9,311.9,1,aic_coco_self,gt_box,gt_box,,,1.0,1.0,0,0.956886004092026,0.956886004092026,1.0,13,0,-0.09860707590440834,8,1,0.810326074852663
454423,304180,000000304180.jpg,OBLIQUE,2,13,15130.9,311.9,1,aic_coco_self,rtmdet_ins_tiny,rtmdet_ins_tiny,7,0.8741,0.9597,0.9597,0,0.9646428854323357,0.9646428854323357,1.0,13,0,-0.09966965733154437,8,1,0.8106941896326402
455226,516038,000000516038.jpg,FRONT,3,16,12079.5,208.7,-1,body7_official,gt_box,gt_box,,,1.0,1.0,0,0.9697764038266963,0.9697764038266963,1.0,16,0,-0.3624788715956456,12,-1,0.8284662120482501
455226,516038,000000516038.jpg,FRONT,3,16,12079.5,208.7,-1,body7_official,rtmdet_ins_tiny,rtmdet_ins_tiny,7,0.9111,0.9449,0.9449,0,0.9696123095483801,0.9696123095483801,1.0,16,0,-0.3635589619361482,12,-1,0.8323561128448037
455226,516038,000000516038.jpg,FRONT,3,16,12079.5,208.7,-1,body7_self,gt_box,gt_box,,,1.0,1.0,0,0.9697764038266963,0.9697764038266963,1.0,16,0,-0.3624788715956456,12,-1,0.8284662295790279
455226,516038,000000516038.jpg,FRONT,3,16,12079.5,208.7,-1,body7_self,rtmdet_ins_tiny,rtmdet_ins_tiny,7,0.9111,0.9449,0.9449,0,0.9696123095483801,0.9696123095483801,1.0,16,0,-0.3635589619361482,12,-1,0.8323560707709369
455226,516038,000000516038.jpg,FRONT,3,16,12079.5,208.7,-1,aic_coco_self,gt_box,gt_box,,,1.0,1.0,0,0.9732170792296553,0.9732170792296553,1.0,16,0,-0.3657356466186813,12,-1,0.8366661562639124
455226,516038,000000516038.jpg,FRONT,3,16,12079.5,208.7,-1,aic_coco_self,rtmdet_ins_tiny,rtmdet_ins_tiny,7,0.9111,0.9449,0.9449,0,0.9754474125900559,0.9754474125900559,1.0,16,0,-0.3666064874158081,12,-1,0.8507052134065067
455635,527215,000000527215.jpg,REAR,0,12,6244.6,189.5,1,body7_official,gt_box,gt_box,,,1.0,1.0,0,0.9734764761365355,0.9734764761365355,1.0,11,0,-0.17883054692962133,8,1,0.7559002427493825
455635,527215,000000527215.jpg,REAR,0,12,6244.6,189.5,1,body7_official,rtmdet_ins_tiny,rtmdet_ins_tiny,19,0.8327,0.9480,0.9480,0,0.978416434990903,0.978416434990903,1.0,11,0,-0.17971110569884435,8,1,0.7663809236358193
455635,527215,000000527215.jpg,REAR,0,12,6244.6,189.5,1,body7_self,gt_box,gt_box,,,1.0,1.0,0,0.9734764761365355,0.9734764761365355,1.0,11,0,-0.17883054692962133,8,1,0.7559001936632044
455635,527215,000000527215.jpg,REAR,0,12,6244.6,189.5,1,body7_self,rtmdet_ins_tiny,rtmdet_ins_tiny,19,0.8327,0.9480,0.9480,0,0.978416434990903,0.978416434990903,1.0,11,0,-0.17971110569884435,8,1,0.76638083598193
455635,527215,000000527215.jpg,REAR,0,12,6244.6,189.5,1,aic_coco_self,gt_box,gt_box,,,1.0,1.0,0,0.9735762914976825,0.9735762914976825,1.0,11,0,-0.179528398351147,8,1,0.767868532853968
455635,527215,000000527215.jpg,REAR,0,12,6244.6,189.5,1,aic_coco_self,rtmdet_ins_tiny,rtmdet_ins_tiny,19,0.8327,0.9480,0.9480,0,0.9785076122211035,0.9785076122211035,1.0,11,0,-0.18224232678155522,8,1,0.7697104636360618
455973,470779,000000470779.jpg,FRONT,3,16,30909.5,373.3,-1,body7_official,gt_box,gt_box,,,1.0,1.0,0,0.9541014910461978,0.9541014910461978,1.0,16,0,-0.3225808466784749,12,-1,0.840996570446912
455973,470779,000000470779.jpg,FRONT,3,16,30909.5,373.3,-1,body7_official,rtmdet_ins_tiny,rtmdet_ins_tiny,24,0.8566,0.9110,0.9110,0,0.9557788789076538,0.9557788789076538,1.0,16,0,-0.32521269310812123,12,-1,0.8294594147626091
455973,470779,000000470779.jpg,FRONT,3,16,30909.5,373.3,-1,body7_self,gt_box,gt_box,,,1.0,1.0,0,0.9541014910461978,0.9541014910461978,1.0,16,0,-0.3225808466784749,12,-1,0.8409965879776898
455973,470779,000000470779.jpg,FRONT,3,16,30909.5,373.3,-1,body7_self,rtmdet_ins_tiny,rtmdet_ins_tiny,24,0.8566,0.9110,0.9110,0,0.9557788789076538,0.9557788789076538,1.0,16,0,-0.32521269310812123,12,-1,0.829459432293387
455973,470779,000000470779.jpg,FRONT,3,16,30909.5,373.3,-1,aic_coco_self,gt_box,gt_box,,,1.0,1.0,0,0.9589906104752624,0.9589906104752624,1.0,16,0,-0.3193383109896886,12,-1,0.8522137964473051
455973,470779,000000470779.jpg,FRONT,3,16,30909.5,373.3,-1,aic_coco_self,rtmdet_ins_tiny,rtmdet_ins_tiny,24,0.8566,0.9110,0.9110,0,0.9708416062194218,0.9708416062194218,1.0,16,0,-0.32158978595875404,12,-1,0.8558771715444677
457618,447465,000000447465.jpg,FRONT,3,16,32209.7,407.8,-1,body7_official,gt_box,gt_box,,,1.0,1.0,0,0.9574385811927412,0.9574385811927412,1.0,16,0,-0.3834190671410418,12,-1,0.8109827637672424
457618,447465,000000447465.jpg,FRONT,3,16,32209.7,407.8,-1,body7_official,rtmdet_ins_tiny,rtmdet_ins_tiny,12,0.9057,0.8603,0.8603,0,0.9339194762360195,0.9339194762360195,1.0,16,0,-0.3790444356099515,12,-1,0.8196927729774924
457618,447465,000000447465.jpg,FRONT,3,16,32209.7,407.8,-1,body7_self,gt_box,gt_box,,,1.0,1.0,0,0.9574385811927412,0.9574385811927412,1.0,16,0,-0.3834190671410418,12,-1,0.8109828373965096
457618,447465,000000447465.jpg,FRONT,3,16,32209.7,407.8,-1,body7_self,rtmdet_ins_tiny,rtmdet_ins_tiny,12,0.9057,0.8603,0.8603,0,0.9339194762360195,0.9339194762360195,1.0,16,0,-0.3790444356099515,12,-1,0.8196927870021147
457618,447465,000000447465.jpg,FRONT,3,16,32209.7,407.8,-1,aic_coco_self,gt_box,gt_box,,,1.0,1.0,0,0.9632788814393436,0.9632788814393436,1.0,16,0,-0.3950447703650433,12,-1,0.8305220709127539
457618,447465,000000447465.jpg,FRONT,3,16,32209.7,407.8,-1,aic_coco_self,rtmdet_ins_tiny,rtmdet_ins_tiny,12,0.9057,0.8603,0.8603,0,0.972762731837811,0.972762731837811,1.0,16,0,-0.39725642517432935,12,-1,0.8175899000728831
458241,249180,000000249180.jpg,PROFILE,1,12,8261.9,203.4,1,body7_official,gt_box,gt_box,,,1.0,1.0,0,0.9501969634420836,0.9501969634420836,1.0,11,0,-0.02518645766801063,6,1,0.7527276207419002
458241,249180,000000249180.jpg,PROFILE,1,12,8261.9,203.4,1,body7_official,rtmdet_ins_tiny,rtmdet_ins_tiny,4,0.6781,0.8028,0.8028,0,0.9552253600167796,0.9552253600167796,1.0,11,0,-0.02296434806737472,6,1,0.770975600270664
458241,249180,000000249180.jpg,PROFILE,1,12,8261.9,203.4,1,body7_self,gt_box,gt_box,,,1.0,1.0,0,0.9501969634420836,0.9501969634420836,1.0,11,0,-0.02518645766801063,6,1,0.7527277119019452
458241,249180,000000249180.jpg,PROFILE,1,12,8261.9,203.4,1,body7_self,rtmdet_ins_tiny,rtmdet_ins_tiny,4,0.6781,0.8028,0.8028,0,0.9552253600167796,0.9552253600167796,1.0,11,0,-0.02296434806737472,6,1,0.770975673899931
458241,249180,000000249180.jpg,PROFILE,1,12,8261.9,203.4,1,aic_coco_self,gt_box,gt_box,,,1.0,1.0,0,0.9543829614801665,0.9543829614801665,1.0,11,0,-0.03839012807839208,6,1,0.7060697306604946
458241,249180,000000249180.jpg,PROFILE,1,12,8261.9,203.4,1,aic_coco_self,rtmdet_ins_tiny,rtmdet_ins_tiny,4,0.6781,0.8028,0.8028,0,0.8843948575187799,0.8843948575187799,0.9090909090909091,11,0,-0.03305242664493911,6,1,0.6970273291363436
459171,216296,000000216296.jpg,FRONT,3,16,11214.9,197.5,-1,body7_official,gt_box,gt_box,,,1.0,1.0,0,0.9833645956796062,0.9833645956796062,1.0,16,0,-0.3988529570481759,12,-1,0.8839789839351878
459171,216296,000000216296.jpg,FRONT,3,16,11214.9,197.5,-1,body7_official,rtmdet_ins_tiny,rtmdet_ins_tiny,2,0.8635,0.9159,0.9159,0,0.9858981116142479,0.9858981116142479,1.0,16,0,-0.40174666194340275,12,-1,0.8804735927020803
459171,216296,000000216296.jpg,FRONT,3,16,11214.9,197.5,-1,body7_self,gt_box,gt_box,,,1.0,1.0,0,0.9833645956796062,0.9833645956796062,1.0,16,0,-0.3988529570481759,12,-1,0.8839788822566762
459171,216296,000000216296.jpg,FRONT,3,16,11214.9,197.5,-1,body7_self,rtmdet_ins_tiny,rtmdet_ins_tiny,2,0.8635,0.9159,0.9159,0,0.9858981116142479,0.9858981116142479,1.0,16,0,-0.40174666194340275,12,-1,0.8804735225789687
459171,216296,000000216296.jpg,FRONT,3,16,11214.9,197.5,-1,aic_coco_self,gt_box,gt_box,,,1.0,1.0,0,0.9894913436096155,0.9894913436096155,1.0,16,0,-0.4043598238547305,12,-1,0.9174055141561172
459171,216296,000000216296.jpg,FRONT,3,16,11214.9,197.5,-1,aic_coco_self,rtmdet_ins_tiny,rtmdet_ins_tiny,2,0.8635,0.9159,0.9159,0,0.9886786286006063,0.9886786286006063,1.0,16,0,-0.40372997819566614,12,-1,0.9233714797917534
459777,203639,000000203639.jpg,FRONT,3,16,64825.1,579.5,-1,body7_official,gt_box,gt_box,,,1.0,1.0,0,0.9126596782188537,0.9126596782188537,1.0,16,0,-0.32895763869689915,12,-1,0.848888032576617
459777,203639,000000203639.jpg,FRONT,3,16,64825.1,579.5,-1,body7_official,rtmdet_ins_tiny,rtmdet_ins_tiny,13,0.8992,0.9592,0.9592,0,0.936569436314872,0.936569436314872,1.0,16,0,-0.3279813657301619,12,-1,0.8474473357200623
459777,203639,000000203639.jpg,FRONT,3,16,64825.1,579.5,-1,body7_self,gt_box,gt_box,,,1.0,1.0,0,0.9126596782188537,0.9126596782188537,1.0,16,0,-0.32895763869689915,12,-1,0.848888008033528
459777,203639,000000203639.jpg,FRONT,3,16,64825.1,579.5,-1,body7_self,rtmdet_ins_tiny,rtmdet_ins_tiny,13,0.8992,0.9592,0.9592,0,0.936569436314872,0.936569436314872,1.0,16,0,-0.3279813657301619,12,-1,0.8474472410538617
459777,203639,000000203639.jpg,FRONT,3,16,64825.1,579.5,-1,aic_coco_self,gt_box,gt_box,,,1.0,1.0,0,0.9674180712665854,0.9674180712665854,1.0,16,0,-0.3330002400145153,12,-1,0.8377991178456474
459777,203639,000000203639.jpg,FRONT,3,16,64825.1,579.5,-1,aic_coco_self,rtmdet_ins_tiny,rtmdet_ins_tiny,13,0.8992,0.9592,0.9592,0,0.9640595452294791,0.9640595452294791,1.0,16,0,-0.3300736164509542,12,-1,0.8408656856592964
460450,352582,000000352582.jpg,OBLIQUE,2,13,48685.7,438.2,-1,body7_official,gt_box,gt_box,,,1.0,1.0,0,0.9871467268765369,0.9871467268765369,1.0,13,0,-0.36449224692564175,10,-1,0.8554151759428137
460450,352582,000000352582.jpg,OBLIQUE,2,13,48685.7,438.2,-1,body7_official,rtmdet_ins_tiny,rtmdet_ins_tiny,11,0.9056,0.9242,0.9242,0,0.9861200575360793,0.9861200575360793,1.0,13,0,-0.3633934618558534,10,-1,0.8531280861181372
460450,352582,000000352582.jpg,OBLIQUE,2,13,48685.7,438.2,-1,body7_self,gt_box,gt_box,,,1.0,1.0,0,0.9871467268765369,0.9871467268765369,1.0,13,0,-0.36449224692564175,10,-1,0.8554151373751023
460450,352582,000000352582.jpg,OBLIQUE,2,13,48685.7,438.2,-1,body7_self,rtmdet_ins_tiny,rtmdet_ins_tiny,11,0.9056,0.9242,0.9242,0,0.9861200575360793,0.9861200575360793,1.0,13,0,-0.3633934618558534,10,-1,0.853128170265871
460450,352582,000000352582.jpg,OBLIQUE,2,13,48685.7,438.2,-1,aic_coco_self,gt_box,gt_box,,,1.0,1.0,0,0.9866037489258368,0.9866037489258368,1.0,13,0,-0.36541655863764877,10,-1,0.8843613827929777
460450,352582,000000352582.jpg,OBLIQUE,2,13,48685.7,438.2,-1,aic_coco_self,rtmdet_ins_tiny,rtmdet_ins_tiny,11,0.9056,0.9242,0.9242,0,0.9847430982524787,0.9847430982524787,1.0,13,0,-0.3656444199730268,10,-1,0.8800601117751178
461267,196442,000000196442.jpg,REAR,0,12,4757.6,135.8,-1,body7_official,gt_box,gt_box,,,1.0,1.0,0,0.9052680060669829,0.9052680060669829,1.0,12,0,-0.287322077755411,12,-1,0.5280252624960506
461267,196442,000000196442.jpg,REAR,0,12,4757.6,135.8,-1,body7_official,rtmdet_ins_tiny,rtmdet_ins_tiny,6,0.5445,0.2924,0.5102,2,0.943426486302398,0.943426486302398,1.0,12,0,-0.3092447023640531,12,-1,0.5485356677980984
461267,196442,000000196442.jpg,REAR,0,12,4757.6,135.8,-1,body7_self,gt_box,gt_box,,,1.0,1.0,0,0.9052680060669829,0.9052680060669829,1.0,12,0,-0.287322077755411,12,-1,0.5280250521267161
461267,196442,000000196442.jpg,REAR,0,12,4757.6,135.8,-1,body7_self,rtmdet_ins_tiny,rtmdet_ins_tiny,6,0.5445,0.2924,0.5102,2,0.943426486302398,0.943426486302398,1.0,12,0,-0.3092447023640531,12,-1,0.548535588909598
461267,196442,000000196442.jpg,REAR,0,12,4757.6,135.8,-1,aic_coco_self,gt_box,gt_box,,,1.0,1.0,0,0.8211273604639654,0.8211273604639654,0.9166666666666666,12,0,-0.23231600673513592,12,-1,0.5435007722938762
461267,196442,000000196442.jpg,REAR,0,12,4757.6,135.8,-1,aic_coco_self,rtmdet_ins_tiny,rtmdet_ins_tiny,6,0.5445,0.2924,0.5102,2,0.9367161830142453,0.9367161830142453,1.0,12,0,-0.31387420146273204,12,-1,0.5088961124420166
461619,426376,000000426376.jpg,FRONT,3,16,3838.6,146.5,-1,body7_official,gt_box,gt_box,,,1.0,1.0,0,0.8865812430567934,0.8865812430567934,1.0,15,0,-0.32642838484843806,10,-1,0.7438488742884468
461619,426376,000000426376.jpg,FRONT,3,16,3838.6,146.5,-1,body7_official,rtmdet_ins_tiny,rtmdet_ins_tiny,7,0.8478,0.9448,0.9448,0,0.9197132522180683,0.9197132522180683,1.0,15,0,-0.3267985303514908,10,-1,0.7375357817201054
461619,426376,000000426376.jpg,FRONT,3,16,3838.6,146.5,-1,body7_self,gt_box,gt_box,,,1.0,1.0,0,0.8865812430567934,0.8865812430567934,1.0,15,0,-0.32642838484843806,10,-1,0.7438488742884468
461619,426376,000000426376.jpg,FRONT,3,16,3838.6,146.5,-1,body7_self,rtmdet_ins_tiny,rtmdet_ins_tiny,7,0.8478,0.9448,0.9448,0,0.9197132522180683,0.9197132522180683,1.0,15,0,-0.3267985303514908,10,-1,0.7375357080908382
461619,426376,000000426376.jpg,FRONT,3,16,3838.6,146.5,-1,aic_coco_self,gt_box,gt_box,,,1.0,1.0,0,0.9262136617463707,0.9262136617463707,1.0,15,0,-0.3213826056059799,10,-1,0.7702266468721277
461619,426376,000000426376.jpg,FRONT,3,16,3838.6,146.5,-1,aic_coco_self,rtmdet_ins_tiny,rtmdet_ins_tiny,7,0.8478,0.9448,0.9448,0,0.910173601850856,0.910173601850856,1.0,15,0,-0.3223099749068067,10,-1,0.7692932170980117
462099,87144,000000087144.jpg,OBLIQUE,2,15,27097.4,313.9,-1,body7_official,gt_box,gt_box,,,1.0,1.0,0,0.8963944425881732,0.8963944425881732,1.0,15,0,-0.289890229397595,12,-1,0.7515145890852984
462099,87144,000000087144.jpg,OBLIQUE,2,15,27097.4,313.9,-1,body7_official,rtmdet_ins_tiny,rtmdet_ins_tiny,4,0.8438,0.9548,0.9548,0,0.8545060091744144,0.8545060091744144,1.0,15,0,-0.28061980747698967,12,-1,0.759866847711451
462099,87144,000000087144.jpg,OBLIQUE,2,15,27097.4,313.9,-1,body7_self,gt_box,gt_box,,,1.0,1.0,0,0.8963944425881732,0.8963944425881732,1.0,15,0,-0.289890229397595,12,-1,0.7515145119498757
462099,87144,000000087144.jpg,OBLIQUE,2,15,27097.4,313.9,-1,body7_self,rtmdet_ins_tiny,rtmdet_ins_tiny,4,0.8438,0.9548,0.9548,0,0.8545060091744144,0.8545060091744144,1.0,15,0,-0.28061980747698967,12,-1,0.759866879266851
462099,87144,000000087144.jpg,OBLIQUE,2,15,27097.4,313.9,-1,aic_coco_self,gt_box,gt_box,,,1.0,1.0,0,0.9315416187590712,0.9315416187590712,1.0,15,0,-0.2841162418925909,12,-1,0.7545050417675692
462099,87144,000000087144.jpg,OBLIQUE,2,15,27097.4,313.9,-1,aic_coco_self,rtmdet_ins_tiny,rtmdet_ins_tiny,4,0.8438,0.9548,0.9548,0,0.9383861491787685,0.9383861491787685,1.0,15,0,-0.28216270948760436,12,-1,0.7629243275698494
462535,129945,000000129945.jpg,OBLIQUE,2,13,9320.9,148.8,1,body7_official,gt_box,gt_box,,,1.0,1.0,0,0.9350603240045068,0.9350603240045068,1.0,13,0,-0.5182038403368048,8,1,0.820189002682181
462535,129945,000000129945.jpg,OBLIQUE,2,13,9320.9,148.8,1,body7_official,rtmdet_ins_tiny,rtmdet_ins_tiny,16,0.8626,0.8769,0.8769,0,0.934919388700995,0.934919388700995,1.0,13,0,-0.5089796056478506,8,1,0.8036050901693457
462535,129945,000000129945.jpg,OBLIQUE,2,13,9320.9,148.8,1,body7_self,gt_box,gt_box,,,1.0,1.0,0,0.9350603240045068,0.9350603240045068,1.0,13,0,-0.5182038403368048,8,1,0.8201888694482691
462535,129945,000000129945.jpg,OBLIQUE,2,13,9320.9,148.8,1,body7_self,rtmdet_ins_tiny,rtmdet_ins_tiny,16,0.8626,0.8769,0.8769,0,0.934919388700995,0.934919388700995,1.0,13,0,-0.5089796056478506,8,1,0.8036051147124347
462535,129945,000000129945.jpg,OBLIQUE,2,13,9320.9,148.8,1,aic_coco_self,gt_box,gt_box,,,1.0,1.0,0,0.9448000668180753,0.9448000668180753,1.0,13,0,-0.5102436746872151,8,1,0.8302110679009381
462535,129945,000000129945.jpg,OBLIQUE,2,13,9320.9,148.8,1,aic_coco_self,rtmdet_ins_tiny,rtmdet_ins_tiny,16,0.8626,0.8769,0.8769,0,0.9443519407469734,0.9443519407469734,1.0,13,0,-0.5086354457261009,8,1,0.8180569094770095
463120,380913,000000380913.jpg,FRONT,3,16,21580.2,253.9,-1,body7_official,gt_box,gt_box,,,1.0,1.0,0,0.9305858225000905,0.9305858225000905,1.0,16,0,-0.3326356910919249,10,-1,0.7632895357468549
463120,380913,000000380913.jpg,FRONT,3,16,21580.2,253.9,-1,body7_official,rtmdet_ins_tiny,rtmdet_ins_tiny,18,0.8167,0.0228,0.9391,1,0.0002516317640413868,0.0002516317640413868,0.0,16,0,-0.0012364835112081973,10,-1,0.7713658248676973
463120,380913,000000380913.jpg,FRONT,3,16,21580.2,253.9,-1,body7_self,gt_box,gt_box,,,1.0,1.0,0,0.9305858225000905,0.9305858225000905,1.0,16,0,-0.3326356910919249,10,-1,0.7632894551052767
463120,380913,000000380913.jpg,FRONT,3,16,21580.2,253.9,-1,body7_self,rtmdet_ins_tiny,rtmdet_ins_tiny,18,0.8167,0.0228,0.9391,1,0.0002516317640413868,0.0002516317640413868,0.0,16,0,-0.0012364835112081973,10,-1,0.7713657582507414
463120,380913,000000380913.jpg,FRONT,3,16,21580.2,253.9,-1,aic_coco_self,gt_box,gt_box,,,1.0,1.0,0,0.9280373071971872,0.9280373071971872,1.0,16,0,-0.3354990289594931,10,-1,0.8004267391036538
463120,380913,000000380913.jpg,FRONT,3,16,21580.2,253.9,-1,aic_coco_self,rtmdet_ins_tiny,rtmdet_ins_tiny,18,0.8167,0.0228,0.9391,1,0.00020696694838697664,0.00020696694838697664,0.0,16,0,-0.0011856556722320555,10,-1,0.8010412752628326
463803,314177,000000314177.jpg,FRONT,3,17,33539.2,318.4,-1,body7_official,gt_box,gt_box,,,1.0,1.0,0,0.9576725223672431,0.9576725223672431,1.0,15,0,-0.3798089442080948,10,-1,0.7876807240878835
463803,314177,000000314177.jpg,FRONT,3,17,33539.2,318.4,-1,body7_official,rtmdet_ins_tiny,rtmdet_ins_tiny,17,0.8464,0.9574,0.9574,0,0.9558871512751712,0.9558871512751712,1.0,15,0,-0.3824234644684394,10,-1,0.7830329537391663
463803,314177,000000314177.jpg,FRONT,3,17,33539.2,318.4,-1,body7_self,gt_box,gt_box,,,1.0,1.0,0,0.9576725223672431,0.9576725223672431,1.0,15,0,-0.3798089442080948,10,-1,0.7876807100632611
463803,314177,000000314177.jpg,FRONT,3,17,33539.2,318.4,-1,body7_self,rtmdet_ins_tiny,rtmdet_ins_tiny,17,0.8464,0.9574,0.9574,0,0.9558871512751712,0.9558871512751712,1.0,15,0,-0.3824234644684394,10,-1,0.7830329028999105
463803,314177,000000314177.jpg,FRONT,3,17,33539.2,318.4,-1,aic_coco_self,gt_box,gt_box,,,1.0,1.0,0,0.9561731754851639,0.9561731754851639,1.0,15,0,-0.3745919708714695,10,-1,0.8175554976743811
463803,314177,000000314177.jpg,FRONT,3,17,33539.2,318.4,-1,aic_coco_self,rtmdet_ins_tiny,rtmdet_ins_tiny,17,0.8464,0.9574,0.9574,0,0.9564926591544339,0.9564926591544339,1.0,15,0,-0.37356746144253616,10,-1,0.8185358327977797
464681,172649,000000172649.jpg,FRONT,3,16,7032.6,114.1,-1,body7_official,gt_box,gt_box,,,1.0,1.0,0,0.9593823706796323,0.9593823706796323,1.0,16,0,-0.5750361175864734,12,-1,0.9132439879810109
464681,172649,000000172649.jpg,FRONT,3,16,7032.6,114.1,-1,body7_official,rtmdet_ins_tiny,rtmdet_ins_tiny,7,0.7103,0.9143,0.9143,0,0.9622369599068088,0.9622369599068088,1.0,16,0,-0.5752467889231617,12,-1,0.9297491662642535
464681,172649,000000172649.jpg,FRONT,3,16,7032.6,114.1,-1,body7_self,gt_box,gt_box,,,1.0,1.0,0,0.9593823706796323,0.9593823706796323,1.0,16,0,-0.5750361175864734,12,-1,0.9132440405733445
464681,172649,000000172649.jpg,FRONT,3,16,7032.6,114.1,-1,body7_self,rtmdet_ins_tiny,rtmdet_ins_tiny,7,0.7103,0.9143,0.9143,0,0.9622369599068088,0.9622369599068088,1.0,16,0,-0.5752467889231617,12,-1,0.9297491066596087
464681,172649,000000172649.jpg,FRONT,3,16,7032.6,114.1,-1,aic_coco_self,gt_box,gt_box,,,1.0,1.0,0,0.9714089686378989,0.9714089686378989,1.0,16,0,-0.5768469315392052,12,-1,0.906599644352408
464681,172649,000000172649.jpg,FRONT,3,16,7032.6,114.1,-1,aic_coco_self,rtmdet_ins_tiny,rtmdet_ins_tiny,7,0.7103,0.9143,0.9143,0,0.965615228118279,0.965615228118279,1.0,16,0,-0.5822066242740896,12,-1,0.9129520619616789
465357,223955,000000223955.jpg,REAR,0,11,21202.3,262.3,1,body7_official,gt_box,gt_box,,,1.0,1.0,0,0.9490295594392877,0.9490295594392877,1.0,11,0,-0.667971117614685,10,1,0.7323589132112616
465357,223955,000000223955.jpg,REAR,0,11,21202.3,262.3,1,body7_official,rtmdet_ins_tiny,rtmdet_ins_tiny,2,0.8954,0.9090,0.9090,0,0.936621117146021,0.936621117146021,1.0,11,0,-0.6625408389507469,10,1,0.735246833632974
465357,223955,000000223955.jpg,REAR,0,11,21202.3,262.3,1,body7_self,gt_box,gt_box,,,1.0,1.0,0,0.9490295594392877,0.9490295594392877,1.0,11,0,-0.667971117614685,10,1,0.73235882731045
465357,223955,000000223955.jpg,REAR,0,11,21202.3,262.3,1,body7_self,rtmdet_ins_tiny,rtmdet_ins_tiny,2,0.8954,0.9090,0.9090,0,0.936621117146021,0.936621117146021,1.0,11,0,-0.6625408389507469,10,1,0.7352468967437744
465357,223955,000000223955.jpg,REAR,0,11,21202.3,262.3,1,aic_coco_self,gt_box,gt_box,,,1.0,1.0,0,0.9421712555084221,0.9421712555084221,1.0,11,0,-0.6697955095042945,10,1,0.738796987954308
465357,223955,000000223955.jpg,REAR,0,11,21202.3,262.3,1,aic_coco_self,rtmdet_ins_tiny,rtmdet_ins_tiny,2,0.8954,0.9090,0.9090,0,0.9615632326775675,0.9615632326775675,1.0,11,0,-0.6714666039504008,10,1,0.7497218549251556
466369,522889,000000522889.jpg,FRONT,3,16,30210.2,408.5,-1,body7_official,gt_box,gt_box,,,1.0,1.0,0,0.9712289220077424,0.9712289220077424,1.0,16,0,-0.3438930015768093,12,-1,0.8508874353240518
466369,522889,000000522889.jpg,FRONT,3,16,30210.2,408.5,-1,body7_official,rtmdet_ins_tiny,rtmdet_ins_tiny,26,0.8832,0.9413,0.9413,0,0.9664936881471684,0.9664936881471684,1.0,16,0,-0.34131521918852425,12,-1,0.8766642879037296
466369,522889,000000522889.jpg,FRONT,3,16,30210.2,408.5,-1,body7_self,gt_box,gt_box,,,1.0,1.0,0,0.9712289220077424,0.9712289220077424,1.0,16,0,-0.3438930015768093,12,-1,0.8508875089533189
466369,522889,000000522889.jpg,FRONT,3,16,30210.2,408.5,-1,body7_self,rtmdet_ins_tiny,rtmdet_ins_tiny,26,0.8832,0.9413,0.9413,0,0.9664936881471684,0.9664936881471684,1.0,16,0,-0.34131521918852425,12,-1,0.8766643054345075
466369,522889,000000522889.jpg,FRONT,3,16,30210.2,408.5,-1,aic_coco_self,gt_box,gt_box,,,1.0,1.0,0,0.9715399241379767,0.9715399241379767,1.0,16,0,-0.33993692628314376,12,-1,0.8964524900212008
466369,522889,000000522889.jpg,FRONT,3,16,30210.2,408.5,-1,aic_coco_self,rtmdet_ins_tiny,rtmdet_ins_tiny,26,0.8832,0.9413,0.9413,0,0.9736908833227865,0.9736908833227865,1.0,16,0,-0.3409970087559204,12,-1,0.8942490956362557
466750,91495,000000091495.jpg,REAR,0,11,21808.9,196.5,1,body7_official,gt_box,gt_box,,,1.0,1.0,0,0.9412515329395169,0.9412515329395169,1.0,11,0,-0.5421936961064193,8,1,0.638308304197648
466750,91495,000000091495.jpg,REAR,0,11,21808.9,196.5,1,body7_official,rtmdet_ins_tiny,rtmdet_ins_tiny,13,0.8844,0.9462,0.9462,0,0.9432688970880115,0.9432688970880115,1.0,11,0,-0.5385911646993446,8,1,0.6273049694650313
466750,91495,000000091495.jpg,REAR,0,11,21808.9,196.5,1,body7_self,gt_box,gt_box,,,1.0,1.0,0,0.9412515329395169,0.9412515329395169,1.0,11,0,-0.5421936961064193,8,1,0.6383083532838261
466750,91495,000000091495.jpg,REAR,0,11,21808.9,196.5,1,body7_self,rtmdet_ins_tiny,rtmdet_ins_tiny,13,0.8844,0.9462,0.9462,0,0.9432688970880115,0.9432688970880115,1.0,11,0,-0.5385911646993446,8,1,0.6273049992673537
466750,91495,000000091495.jpg,REAR,0,11,21808.9,196.5,1,aic_coco_self,gt_box,gt_box,,,1.0,1.0,0,0.9379933826068979,0.9379933826068979,1.0,11,0,-0.5488833575549831,8,1,0.7318151488023645
466750,91495,000000091495.jpg,REAR,0,11,21808.9,196.5,1,aic_coco_self,rtmdet_ins_tiny,rtmdet_ins_tiny,13,0.8844,0.9462,0.9462,0,0.9501289154407476,0.9501289154407476,1.0,11,0,-0.5487876250298646,8,1,0.7336348242619458
467182,467848,000000467848.jpg,OBLIQUE,2,13,2775.1,117.4,-1,body7_official,gt_box,gt_box,,,1.0,1.0,0,0.9046796242096857,0.9046796242096857,1.0,13,0,-0.05674280024635378,8,-1,0.6761868508423076
467182,467848,000000467848.jpg,OBLIQUE,2,13,2775.1,117.4,-1,body7_official,rtmdet_ins_tiny,rtmdet_ins_tiny,4,0.8683,0.9178,0.9178,0,0.9035889647407912,0.9035889647407912,1.0,13,0,-0.04638246909262514,8,-1,0.6768373145776636
467182,467848,000000467848.jpg,OBLIQUE,2,13,2775.1,117.4,-1,body7_self,gt_box,gt_box,,,1.0,1.0,0,0.9046796242096857,0.9046796242096857,1.0,13,0,-0.05674280024635378,8,-1,0.6761869139531079
467182,467848,000000467848.jpg,OBLIQUE,2,13,2775.1,117.4,-1,body7_self,rtmdet_ins_tiny,rtmdet_ins_tiny,4,0.8683,0.9178,0.9178,0,0.9035889647407912,0.9035889647407912,1.0,13,0,-0.04638246909262514,8,-1,0.6768372497137856
467182,467848,000000467848.jpg,OBLIQUE,2,13,2775.1,117.4,-1,aic_coco_self,gt_box,gt_box,,,1.0,1.0,0,0.8851563026047393,0.8851563026047393,0.9230769230769231,13,0,-0.05024746997003711,8,-1,0.7098982404260075
467182,467848,000000467848.jpg,OBLIQUE,2,13,2775.1,117.4,-1,aic_coco_self,rtmdet_ins_tiny,rtmdet_ins_tiny,4,0.8683,0.9178,0.9178,0,0.910409227285315,0.910409227285315,0.9230769230769231,13,0,-0.059451360093855765,8,-1,0.7198891534524805
467418,213830,000000213830.jpg,FRONT,3,16,3507.1,140.1,-1,body7_official,gt_box,gt_box,,,1.0,1.0,0,0.9751853168244776,0.9751853168244776,1.0,15,0,-0.4824105873153761,10,-1,0.986692908932181
467418,213830,000000213830.jpg,FRONT,3,16,3507.1,140.1,-1,body7_official,rtmdet_ins_tiny,rtmdet_ins_tiny,6,0.9003,0.7304,0.7304,0,0.9743120652439631,0.9743120652439631,1.0,15,0,-0.4911662530047293,10,-1,0.9128412288777968
467418,213830,000000213830.jpg,FRONT,3,16,3507.1,140.1,-1,body7_self,gt_box,gt_box,,,1.0,1.0,0,0.9751853168244776,0.9751853168244776,1.0,15,0,-0.4824105873153761,10,-1,0.9866928528336918
467418,213830,000000213830.jpg,FRONT,3,16,3507.1,140.1,-1,body7_self,rtmdet_ins_tiny,rtmdet_ins_tiny,6,0.9003,0.7304,0.7304,0,0.9743120652439631,0.9743120652439631,1.0,15,0,-0.4911662530047293,10,-1,0.9128411447300631
467418,213830,000000213830.jpg,FRONT,3,16,3507.1,140.1,-1,aic_coco_self,gt_box,gt_box,,,1.0,1.0,0,0.9766185052822205,0.9766185052822205,1.0,15,0,-0.4804246527281726,10,-1,0.9346097707748413
467418,213830,000000213830.jpg,FRONT,3,16,3507.1,140.1,-1,aic_coco_self,rtmdet_ins_tiny,rtmdet_ins_tiny,6,0.9003,0.7304,0.7304,0,0.9732795110760148,0.9732795110760148,1.0,15,0,-0.48180635409650696,10,-1,0.9217213041642133
468452,527750,000000527750.jpg,FRONT,3,16,19792.5,339.5,-1,body7_official,gt_box,gt_box,,,1.0,1.0,0,0.9741211969284806,0.9741211969284806,1.0,16,0,-0.3386687747093788,12,-1,0.9135820164399988
468452,527750,000000527750.jpg,FRONT,3,16,19792.5,339.5,-1,body7_official,rtmdet_ins_tiny,rtmdet_ins_tiny,1,0.9090,0.9472,0.9472,0,0.9697088626953483,0.9697088626953483,1.0,16,0,-0.3385530757541038,12,-1,0.9221689841326546
468452,527750,000000527750.jpg,FRONT,3,16,19792.5,339.5,-1,body7_self,gt_box,gt_box,,,1.0,1.0,0,0.9741211969284806,0.9741211969284806,1.0,16,0,-0.3386687747093788,12,-1,0.9135819848845986
468452,527750,000000527750.jpg,FRONT,3,16,19792.5,339.5,-1,body7_self,rtmdet_ins_tiny,rtmdet_ins_tiny,1,0.9090,0.9472,0.9472,0,0.9697088626953483,0.9697088626953483,1.0,16,0,-0.3385530757541038,12,-1,0.9221690507496104
468452,527750,000000527750.jpg,FRONT,3,16,19792.5,339.5,-1,aic_coco_self,gt_box,gt_box,,,1.0,1.0,0,0.9737314817184235,0.9737314817184235,1.0,16,0,-0.34160748449041356,12,-1,0.9123992814737207
468452,527750,000000527750.jpg,FRONT,3,16,19792.5,339.5,-1,aic_coco_self,rtmdet_ins_tiny,rtmdet_ins_tiny,1,0.9090,0.9472,0.9472,0,0.9781198663551884,0.9781198663551884,1.0,16,0,-0.34276766655948554,12,-1,0.9181702592793632
468900,275058,000000275058.jpg,REAR,0,14,4046.3,134.2,1,body7_official,gt_box,gt_box,,,1.0,1.0,0,0.9595567641314705,0.9595567641314705,1.0,12,0,-0.2839104785743963,10,1,0.6105997737716226
468900,275058,000000275058.jpg,REAR,0,14,4046.3,134.2,1,body7_official,rtmdet_ins_tiny,rtmdet_ins_tiny,14,0.7119,0.8861,0.8861,0,0.962786334635472,0.962786334635472,1.0,12,0,-0.2962727289547453,10,1,0.6908512220663183
468900,275058,000000275058.jpg,REAR,0,14,4046.3,134.2,1,body7_self,gt_box,gt_box,,,1.0,1.0,0,0.9595567641314705,0.9595567641314705,1.0,12,0,-0.2839104785743963,10,1,0.6105997246854445
468900,275058,000000275058.jpg,REAR,0,14,4046.3,134.2,1,body7_self,rtmdet_ins_tiny,rtmdet_ins_tiny,14,0.7119,0.8861,0.8861,0,0.962786334635472,0.962786334635472,1.0,12,0,-0.2962727289547453,10,1,0.6908511624616736
468900,275058,000000275058.jpg,REAR,0,14,4046.3,134.2,1,aic_coco_self,gt_box,gt_box,,,1.0,1.0,0,0.9540421787449439,0.9540421787449439,1.0,12,0,-0.28905062405866006,10,1,0.6723149874631096
468900,275058,000000275058.jpg,REAR,0,14,4046.3,134.2,1,aic_coco_self,rtmdet_ins_tiny,rtmdet_ins_tiny,14,0.7119,0.8861,0.8861,0,0.9311119343511173,0.9311119343511173,1.0,12,0,-0.2952685266277282,10,1,0.6983451808200163
469277,122046,000000122046.jpg,FRONT,3,16,39505.0,415.1,-1,body7_official,gt_box,gt_box,,,1.0,1.0,0,0.9506990686699406,0.9506990686699406,1.0,16,0,-0.34805572570103377,12,-1,0.8502912661608528
469277,122046,000000122046.jpg,FRONT,3,16,39505.0,415.1,-1,body7_official,rtmdet_ins_tiny,rtmdet_ins_tiny,2,0.8936,0.9548,0.9548,0,0.9393771527720531,0.9393771527720531,1.0,16,0,-0.34229241858146253,12,-1,0.8575897812843323
469277,122046,000000122046.jpg,FRONT,3,16,39505.0,415.1,-1,body7_self,gt_box,gt_box,,,1.0,1.0,0,0.9506990686699406,0.9506990686699406,1.0,16,0,-0.34805572570103377,12,-1,0.8502912766793195
469277,122046,000000122046.jpg,FRONT,3,16,39505.0,415.1,-1,body7_self,rtmdet_ins_tiny,rtmdet_ins_tiny,2,0.8936,0.9548,0.9548,0,0.9393771527720531,0.9393771527720531,1.0,16,0,-0.34229241858146253,12,-1,0.8575896094827091
469277,122046,000000122046.jpg,FRONT,3,16,39505.0,415.1,-1,aic_coco_self,gt_box,gt_box,,,1.0,1.0,0,0.9513497096423734,0.9513497096423734,1.0,16,0,-0.3494100526533553,12,-1,0.842963786686168
469277,122046,000000122046.jpg,FRONT,3,16,39505.0,415.1,-1,aic_coco_self,rtmdet_ins_tiny,rtmdet_ins_tiny,2,0.8936,0.9548,0.9548,0,0.9295686584625971,0.9295686584625971,1.0,16,0,-0.34919207424362425,12,-1,0.8357844212475944
469589,17436,000000017436.jpg,FRONT,3,16,4899.2,145.2,-1,body7_official,gt_box,gt_box,,,1.0,1.0,0,0.9666815787789196,0.9666815787789196,1.0,16,0,-0.3040285811091413,12,-1,0.7801937706330243
469589,17436,000000017436.jpg,FRONT,3,16,4899.2,145.2,-1,body7_official,rtmdet_ins_tiny,rtmdet_ins_tiny,4,0.8494,0.8881,0.8881,0,0.9562928902435096,0.9562928902435096,1.0,16,0,-0.30523665217060647,12,-1,0.7835440425311818
469589,17436,000000017436.jpg,FRONT,3,16,4899.2,145.2,-1,body7_self,gt_box,gt_box,,,1.0,1.0,0,0.9666815787789196,0.9666815787789196,1.0,16,0,-0.3040285811091413,12,-1,0.7801938933484694
469589,17436,000000017436.jpg,FRONT,3,16,4899.2,145.2,-1,body7_self,rtmdet_ins_tiny,rtmdet_ins_tiny,4,0.8494,0.8881,0.8881,0,0.9562928902435096,0.9562928902435096,1.0,16,0,-0.30523665217060647,12,-1,0.7835440495434929
469589,17436,000000017436.jpg,FRONT,3,16,4899.2,145.2,-1,aic_coco_self,gt_box,gt_box,,,1.0,1.0,0,0.9690850048788235,0.9690850048788235,1.0,16,0,-0.299673982743231,12,-1,0.794257665381712
469589,17436,000000017436.jpg,FRONT,3,16,4899.2,145.2,-1,aic_coco_self,rtmdet_ins_tiny,rtmdet_ins_tiny,4,0.8494,0.8881,0.8881,0,0.9518995434640389,0.9518995434640389,1.0,16,0,-0.29595261158752145,12,-1,0.7795265667578753
470269,190307,000000190307.jpg,FRONT,3,14,33992.1,500.2,-1,body7_official,gt_box,gt_box,,,1.0,1.0,0,0.97757650177222,0.97757650177222,1.0,14,0,-0.1618601979999307,8,-1,0.8488825454431421
470269,190307,000000190307.jpg,FRONT,3,14,33992.1,500.2,-1,body7_official,rtmdet_ins_tiny,rtmdet_ins_tiny,2,0.8766,0.9361,0.9361,0,0.9729773277995069,0.9729773277995069,1.0,14,0,-0.16235569864072735,8,-1,0.8576798474087435
470269,190307,000000190307.jpg,FRONT,3,14,33992.1,500.2,-1,body7_self,gt_box,gt_box,,,1.0,1.0,0,0.97757650177222,0.97757650177222,1.0,14,0,-0.1618601979999307,8,-1,0.8488825138877419
470269,190307,000000190307.jpg,FRONT,3,14,33992.1,500.2,-1,body7_self,rtmdet_ins_tiny,rtmdet_ins_tiny,2,0.8766,0.9361,0.9361,0,0.9729773277995069,0.9729773277995069,1.0,14,0,-0.16235569864072735,8,-1,0.8576798912356881
470269,190307,000000190307.jpg,FRONT,3,14,33992.1,500.2,-1,aic_coco_self,gt_box,gt_box,,,1.0,1.0,0,0.9780214948114371,0.9780214948114371,1.0,14,0,-0.1651384892556479,8,-1,0.8319189758861766
470269,190307,000000190307.jpg,FRONT,3,14,33992.1,500.2,-1,aic_coco_self,rtmdet_ins_tiny,rtmdet_ins_tiny,2,0.8766,0.9361,0.9361,0,0.9733406835318913,0.9733406835318913,1.0,14,0,-0.16273663816154632,8,-1,0.8446626943700454
471411,451043,000000451043.jpg,OBLIQUE,2,13,6221.9,156.3,-1,body7_official,gt_box,gt_box,,,1.0,1.0,0,0.9207527934111297,0.9207527934111297,1.0,13,0,-0.2132022577195805,8,-1,0.69671772683368
471411,451043,000000451043.jpg,OBLIQUE,2,13,6221.9,156.3,-1,body7_official,rtmdet_ins_tiny,rtmdet_ins_tiny,1,0.9325,0.9752,0.9752,0,0.9144155593417665,0.9144155593417665,1.0,13,0,-0.21015174756795046,8,-1,0.6894718093030593
471411,451043,000000451043.jpg,OBLIQUE,2,13,6221.9,156.3,-1,body7_self,gt_box,gt_box,,,1.0,1.0,0,0.9207527934111297,0.9207527934111297,1.0,13,0,-0.2132022577195805,8,-1,0.6967176356736351
471411,451043,000000451043.jpg,OBLIQUE,2,13,6221.9,156.3,-1,body7_self,rtmdet_ins_tiny,rtmdet_ins_tiny,1,0.9325,0.9752,0.9752,0,0.9144155593417665,0.9144155593417665,1.0,13,0,-0.21015174756795046,8,-1,0.6894717637230369
471411,451043,000000451043.jpg,OBLIQUE,2,13,6221.9,156.3,-1,aic_coco_self,gt_box,gt_box,,,1.0,1.0,0,0.9395375912414003,0.9395375912414003,1.0,13,0,-0.20882945436261885,8,-1,0.7031571479404674
471411,451043,000000451043.jpg,OBLIQUE,2,13,6221.9,156.3,-1,aic_coco_self,rtmdet_ins_tiny,rtmdet_ins_tiny,1,0.9325,0.9752,0.9752,0,0.9420588105018818,0.9420588105018818,1.0,13,0,-0.21091050381200224,8,-1,0.6980975883848527
471975,171757,000000171757.jpg,REAR,0,10,45670.4,350.6,1,body7_official,gt_box,gt_box,,,1.0,1.0,0,0.9613607074897479,0.9613607074897479,1.0,10,0,-0.6496902872792611,8,1,0.6974103783859926
471975,171757,000000171757.jpg,REAR,0,10,45670.4,350.6,1,body7_official,rtmdet_ins_tiny,rtmdet_ins_tiny,11,0.7596,0.9549,0.9549,0,0.9607472486946855,0.9607472486946855,1.0,10,0,-0.6483115593981605,8,1,0.701795921606176
471975,171757,000000171757.jpg,REAR,0,10,45670.4,350.6,1,body7_self,gt_box,gt_box,,,1.0,1.0,0,0.9613607074897479,0.9613607074897479,1.0,10,0,-0.6496902872792611,8,1,0.6974104642868042
471975,171757,000000171757.jpg,REAR,0,10,45670.4,350.6,1,body7_self,rtmdet_ins_tiny,rtmdet_ins_tiny,11,0.7596,0.9549,0.9549,0,0.9607472486946855,0.9607472486946855,1.0,10,0,-0.6483115593981605,8,1,0.7017959023223204
471975,171757,000000171757.jpg,REAR,0,10,45670.4,350.6,1,aic_coco_self,gt_box,gt_box,,,1.0,1.0,0,0.9716729768404024,0.9716729768404024,1.0,10,0,-0.6517824522461634,8,1,0.7275060906129724
471975,171757,000000171757.jpg,REAR,0,10,45670.4,350.6,1,aic_coco_self,rtmdet_ins_tiny,rtmdet_ins_tiny,11,0.7596,0.9549,0.9549,0,0.9674210838296535,0.9674210838296535,1.0,10,0,-0.6503027474257668,8,1,0.7233585312085993
472332,424551,000000424551.jpg,FRONT,3,15,9717.6,183.0,-1,body7_official,gt_box,gt_box,,,1.0,1.0,0,0.8634573173202291,0.8634573173202291,0.9333333333333333,15,0,-0.16861266353016574,10,1,0.7259866665391361
472332,424551,000000424551.jpg,FRONT,3,15,9717.6,183.0,-1,body7_official,rtmdet_ins_tiny,rtmdet_ins_tiny,8,0.8841,0.8989,0.8989,0,0.8511483403783612,0.8511483403783612,0.9333333333333333,15,0,-0.19446953959571928,10,1,0.7117198337526882
472332,424551,000000424551.jpg,FRONT,3,15,9717.6,183.0,-1,body7_self,gt_box,gt_box,,,1.0,1.0,0,0.8634573173202291,0.8634573173202291,0.9333333333333333,15,0,-0.16861266353016574,10,1,0.7259866542675916
472332,424551,000000424551.jpg,FRONT,3,15,9717.6,183.0,-1,body7_self,rtmdet_ins_tiny,rtmdet_ins_tiny,8,0.8841,0.8989,0.8989,0,0.8511483403783612,0.8511483403783612,0.9333333333333333,15,0,-0.19446953959571928,10,1,0.7117198793327107
472332,424551,000000424551.jpg,FRONT,3,15,9717.6,183.0,-1,aic_coco_self,gt_box,gt_box,,,1.0,1.0,0,0.8552631916219676,0.8552631916219676,0.9333333333333333,15,0,-0.18818055786751298,10,1,0.7591802477836609
472332,424551,000000424551.jpg,FRONT,3,15,9717.6,183.0,-1,aic_coco_self,rtmdet_ins_tiny,rtmdet_ins_tiny,8,0.8841,0.8989,0.8989,0,0.8646011190780494,0.8646011190780494,0.9333333333333333,15,0,-0.19383063328919548,10,1,0.7660691229736104
473140,428454,000000428454.jpg,REAR,0,11,10095.9,189.3,1,body7_official,gt_box,gt_box,,,1.0,1.0,0,0.9644400020287772,0.9644400020287772,1.0,11,0,-0.36300988264679135,8,1,0.7269367260091445
473140,428454,000000428454.jpg,REAR,0,11,10095.9,189.3,1,body7_official,rtmdet_ins_tiny,rtmdet_ins_tiny,6,0.8571,0.9494,0.9494,0,0.9646897018540176,0.9646897018540176,1.0,11,0,-0.36360655004283465,8,1,0.7249553694444544
473140,428454,000000428454.jpg,REAR,0,11,10095.9,189.3,1,body7_self,gt_box,gt_box,,,1.0,1.0,0,0.9644400020287772,0.9644400020287772,1.0,11,0,-0.36300988264679135,8,1,0.7269366664044997
473140,428454,000000428454.jpg,REAR,0,11,10095.9,189.3,1,body7_self,rtmdet_ins_tiny,rtmdet_ins_tiny,6,0.8571,0.9494,0.9494,0,0.9646897018540176,0.9646897018540176,1.0,11,0,-0.36360655004283465,8,1,0.7249554535921883
473140,428454,000000428454.jpg,REAR,0,11,10095.9,189.3,1,aic_coco_self,gt_box,gt_box,,,1.0,1.0,0,0.9694317675302244,0.9694317675302244,1.0,11,0,-0.35976844848300693,8,1,0.7772261710727916
473140,428454,000000428454.jpg,REAR,0,11,10095.9,189.3,1,aic_coco_self,rtmdet_ins_tiny,rtmdet_ins_tiny,6,0.8571,0.9494,0.9494,0,0.9645298668568617,0.9645298668568617,1.0,11,0,-0.35820087600075,8,1,0.7709553136545069
473332,41990,000000041990.jpg,FRONT,3,16,23772.8,273.4,-1,body7_official,gt_box,gt_box,,,1.0,1.0,0,0.9109152236244762,0.9109152236244762,0.9333333333333333,15,0,-0.47784859322881684,10,-1,0.7626799660570481
473332,41990,000000041990.jpg,FRONT,3,16,23772.8,273.4,-1,body7_official,rtmdet_ins_tiny,rtmdet_ins_tiny,16,0.9253,0.9600,0.9600,0,0.9513747943407233,0.9513747943407233,1.0,15,0,-0.48347487465030126,10,-1,0.7592039774445927
473332,41990,000000041990.jpg,FRONT,3,16,23772.8,273.4,-1,body7_self,gt_box,gt_box,,,1.0,1.0,0,0.9109152236244762,0.9109152236244762,0.9333333333333333,15,0,-0.47784859322881684,10,-1,0.7626800221555373
473332,41990,000000041990.jpg,FRONT,3,16,23772.8,273.4,-1,body7_self,rtmdet_ins_tiny,rtmdet_ins_tiny,16,0.9253,0.9600,0.9600,0,0.9513747943407233,0.9513747943407233,1.0,15,0,-0.48347487465030126,10,-1,0.7592039669261259
473332,41990,000000041990.jpg,FRONT,3,16,23772.8,273.4,-1,aic_coco_self,gt_box,gt_box,,,1.0,1.0,0,0.9678806981421108,0.9678806981421108,1.0,15,0,-0.48592348727501417,10,-1,0.7795889482778662
473332,41990,000000041990.jpg,FRONT,3,16,23772.8,273.4,-1,aic_coco_self,rtmdet_ins_tiny,rtmdet_ins_tiny,16,0.9253,0.9600,0.9600,0,0.9638840034388727,0.9638840034388727,1.0,15,0,-0.4886597373756871,10,-1,0.7811413161894855
473793,453166,000000453166.jpg,FRONT,3,14,41418.1,362.0,-1,body7_official,gt_box,gt_box,,,1.0,1.0,0,0.9835632373843499,0.9835632373843499,1.0,13,0,-0.5027424379621476,8,-1,0.8548707821789909
473793,453166,000000453166.jpg,FRONT,3,14,41418.1,362.0,-1,body7_official,rtmdet_ins_tiny,rtmdet_ins_tiny,12,0.9196,0.9734,0.9734,0,0.9820831562687341,0.9820831562687341,1.0,13,0,-0.5008838702274847,8,-1,0.8575283744755913
473793,453166,000000453166.jpg,FRONT,3,14,41418.1,362.0,-1,body7_self,gt_box,gt_box,,,1.0,1.0,0,0.9835632373843499,0.9835632373843499,1.0,13,0,-0.5027424379621476,8,-1,0.8548709084005917
473793,453166,000000453166.jpg,FRONT,3,14,41418.1,362.0,-1,body7_self,rtmdet_ins_tiny,rtmdet_ins_tiny,12,0.9196,0.9734,0.9734,0,0.9820831562687341,0.9820831562687341,1.0,13,0,-0.5008838702274847,8,-1,0.857528409537147
473793,453166,000000453166.jpg,FRONT,3,14,41418.1,362.0,-1,aic_coco_self,gt_box,gt_box,,,1.0,1.0,0,0.9875265519920653,0.9875265519920653,1.0,13,0,-0.5076058120405635,8,-1,0.8572563774445477
473793,453166,000000453166.jpg,FRONT,3,14,41418.1,362.0,-1,aic_coco_self,rtmdet_ins_tiny,rtmdet_ins_tiny,12,0.9196,0.9734,0.9734,0,0.9886581344397806,0.9886581344397806,1.0,13,0,-0.5080681760960438,8,-1,0.8613833364318398
474056,474344,000000474344.jpg,OBLIQUE,2,15,25995.5,318.3,-1,body7_official,gt_box,gt_box,,,1.0,1.0,0,0.9699889660539216,0.9699889660539216,1.0,15,0,-0.37262824334791816,12,-1,0.9202267773011151
474056,474344,000000474344.jpg,OBLIQUE,2,15,25995.5,318.3,-1,body7_official,rtmdet_ins_tiny,rtmdet_ins_tiny,8,0.8953,0.9282,0.9282,0,0.9657239762251367,0.9657239762251367,1.0,15,0,-0.37256475750651086,12,-1,0.9165225730222815
474056,474344,000000474344.jpg,OBLIQUE,2,15,25995.5,318.3,-1,body7_self,gt_box,gt_box,,,1.0,1.0,0,0.9699889660539216,0.9699889660539216,1.0,15,0,-0.37262824334791816,12,-1,0.9202267282149371
474056,474344,000000474344.jpg,OBLIQUE,2,15,25995.5,318.3,-1,body7_self,rtmdet_ins_tiny,rtmdet_ins_tiny,8,0.8953,0.9282,0.9282,0,0.9657239762251367,0.9657239762251367,1.0,15,0,-0.37256475750651086,12,-1,0.9165226186023039
474056,474344,000000474344.jpg,OBLIQUE,2,15,25995.5,318.3,-1,aic_coco_self,gt_box,gt_box,,,1.0,1.0,0,0.9829528248391896,0.9829528248391896,1.0,15,0,-0.3790037031455673,12,-1,0.8818745753344368
474056,474344,000000474344.jpg,OBLIQUE,2,15,25995.5,318.3,-1,aic_coco_self,rtmdet_ins_tiny,rtmdet_ins_tiny,8,0.8953,0.9282,0.9282,0,0.979171770752807,0.979171770752807,1.0,15,0,-0.3749260563621397,12,-1,0.8857390459846047
474484,5529,000000005529.jpg,FRONT,3,16,30453.6,333.7,-1,body7_official,gt_box,gt_box,,,1.0,1.0,0,0.9788959256844061,0.9788959256844061,1.0,16,0,-0.3455691666742881,12,-1,0.834499387180104
474484,5529,000000005529.jpg,FRONT,3,16,30453.6,333.7,-1,body7_official,rtmdet_ins_tiny,rtmdet_ins_tiny,3,0.9150,0.7865,0.7865,0,0.9737897467790614,0.9737897467790614,1.0,16,0,-0.34529585608288677,12,-1,0.8396323253126705
474484,5529,000000005529.jpg,FRONT,3,16,30453.6,333.7,-1,body7_self,gt_box,gt_box,,,1.0,1.0,0,0.9788959256844061,0.9788959256844061,1.0,16,0,-0.3455691666742881,12,-1,0.8344993310816148
474484,5529,000000005529.jpg,FRONT,3,16,30453.6,333.7,-1,body7_self,rtmdet_ins_tiny,rtmdet_ins_tiny,3,0.9150,0.7865,0.7865,0,0.9737897467790614,0.9737897467790614,1.0,16,0,-0.34529585608288677,12,-1,0.8396322867449593
474484,5529,000000005529.jpg,FRONT,3,16,30453.6,333.7,-1,aic_coco_self,gt_box,gt_box,,,1.0,1.0,0,0.9838065079995555,0.9838065079995555,1.0,16,0,-0.3467727286394705,12,-1,0.8400683999061584
474484,5529,000000005529.jpg,FRONT,3,16,30453.6,333.7,-1,aic_coco_self,rtmdet_ins_tiny,rtmdet_ins_tiny,3,0.9150,0.7865,0.7865,0,0.9841655573256103,0.9841655573256103,1.0,16,0,-0.3487567543944543,12,-1,0.8404958844184875
474954,455555,000000455555.jpg,FRONT,3,16,53120.3,373.3,-1,body7_official,gt_box,gt_box,,,1.0,1.0,0,0.9567117400429959,0.9567117400429959,1.0,16,0,-0.5534273301485013,12,-1,0.8316882848739624
474954,455555,000000455555.jpg,FRONT,3,16,53120.3,373.3,-1,body7_official,rtmdet_ins_tiny,rtmdet_ins_tiny,14,0.7734,0.9173,0.9173,0,0.9480097565783466,0.9480097565783466,1.0,16,0,-0.5454802558371021,12,-1,0.8351630112704109
474954,455555,000000455555.jpg,FRONT,3,16,53120.3,373.3,-1,body7_self,gt_box,gt_box,,,1.0,1.0,0,0.9567117400429959,0.9567117400429959,1.0,16,0,-0.5534273301485013,12,-1,0.8316883444786072
474954,455555,000000455555.jpg,FRONT,3,16,53120.3,373.3,-1,body7_self,rtmdet_ins_tiny,rtmdet_ins_tiny,14,0.7734,0.9173,0.9173,0,0.9480097565783466,0.9480097565783466,1.0,16,0,-0.5454802558371021,12,-1,0.8351629586780772
474954,455555,000000455555.jpg,FRONT,3,16,53120.3,373.3,-1,aic_coco_self,gt_box,gt_box,,,1.0,1.0,0,0.958058915026416,0.958058915026416,1.0,16,0,-0.5527954203605675,12,-1,0.8339421784176546
474954,455555,000000455555.jpg,FRONT,3,16,53120.3,373.3,-1,aic_coco_self,rtmdet_ins_tiny,rtmdet_ins_tiny,14,0.7734,0.9173,0.9173,0,0.9486409811728954,0.9486409811728954,1.0,16,0,-0.5495405752635719,12,-1,0.8334469619919272
475816,377588,000000377588.jpg,REAR,0,13,2635.1,112.9,1,body7_official,gt_box,gt_box,,,1.0,1.0,0,0.9816288893177171,0.9816288893177171,1.0,12,0,-0.38658922473778495,10,1,0.6968977819470799
475816,377588,000000377588.jpg,REAR,0,13,2635.1,112.9,1,body7_official,rtmdet_ins_tiny,rtmdet_ins_tiny,45,0.8193,0.8811,0.8811,0,0.9803740613763247,0.9803740613763247,1.0,12,0,-0.3836942654072895,10,1,0.712943764293895
475816,377588,000000377588.jpg,REAR,0,13,2635.1,112.9,1,body7_self,gt_box,gt_box,,,1.0,1.0,0,0.9816288893177171,0.9816288893177171,1.0,12,0,-0.38658922473778495,10,1,0.6968977591570686
475816,377588,000000377588.jpg,REAR,0,13,2635.1,112.9,1,body7_self,rtmdet_ins_tiny,rtmdet_ins_tiny,45,0.8193,0.8811,0.8811,0,0.9803740613763247,0.9803740613763247,1.0,12,0,-0.3836942654072895,10,1,0.7129437257261837
475816,377588,000000377588.jpg,REAR,0,13,2635.1,112.9,1,aic_coco_self,gt_box,gt_box,,,1.0,1.0,0,0.9801235303124346,0.9801235303124346,1.0,12,0,-0.38783462679777836,10,1,0.7614123190150541
475816,377588,000000377588.jpg,REAR,0,13,2635.1,112.9,1,aic_coco_self,rtmdet_ins_tiny,rtmdet_ins_tiny,45,0.8193,0.8811,0.8811,0,0.9796649632133575,0.9796649632133575,1.0,12,0,-0.38828905809711795,10,1,0.7675690037362716
476669,466125,000000466125.jpg,FRONT,3,13,81254.6,437.6,-1,body7_official,gt_box,gt_box,,,1.0,1.0,0,0.9787046130865372,0.9787046130865372,1.0,13,0,-0.3662319352960261,8,-1,0.7448103410356185
476669,466125,000000466125.jpg,FRONT,3,13,81254.6,437.6,-1,body7_official,rtmdet_ins_tiny,rtmdet_ins_tiny,18,0.8577,0.8857,0.8857,0,0.9769421328411523,0.9769421328411523,1.0,13,0,-0.36112145054009187,8,-1,0.714951893862556
476669,466125,000000466125.jpg,FRONT,3,13,81254.6,437.6,-1,body7_self,gt_box,gt_box,,,1.0,1.0,0,0.9787046130865372,0.9787046130865372,1.0,13,0,-0.3662319352960261,8,-1,0.7448101920240066
476669,466125,000000466125.jpg,FRONT,3,13,81254.6,437.6,-1,body7_self,rtmdet_ins_tiny,rtmdet_ins_tiny,18,0.8577,0.8857,0.8857,0,0.9769421328411523,0.9769421328411523,1.0,13,0,-0.36112145054009187,8,-1,0.7149519359364229
476669,466125,000000466125.jpg,FRONT,3,13,81254.6,437.6,-1,aic_coco_self,gt_box,gt_box,,,1.0,1.0,0,0.9741894735121515,0.9741894735121515,1.0,13,0,-0.35765862756605865,8,-1,0.7516718769774717
476669,466125,000000466125.jpg,FRONT,3,13,81254.6,437.6,-1,aic_coco_self,rtmdet_ins_tiny,rtmdet_ins_tiny,18,0.8577,0.8857,0.8857,0,0.9767894908325672,0.9767894908325672,1.0,13,0,-0.3516850804063606,8,-1,0.743694501764634
477136,193429,000000193429.jpg,FRONT,3,17,22530.3,203.4,-1,body7_official,gt_box,gt_box,,,1.0,1.0,0,0.9714377564215781,0.9714377564215781,1.0,16,0,-0.4796565610731046,10,-1,0.8162362926146564
477136,193429,000000193429.jpg,FRONT,3,17,22530.3,203.4,-1,body7_official,rtmdet_ins_tiny,rtmdet_ins_tiny,5,0.8635,0.8245,0.8245,0,0.9727219463369455,0.9727219463369455,1.0,16,0,-0.4788313451302577,10,-1,0.7683490199201247
477136,193429,000000193429.jpg,FRONT,3,17,22530.3,203.4,-1,body7_self,gt_box,gt_box,,,1.0,1.0,0,0.9714377564215781,0.9714377564215781,1.0,16,0,-0.4796565610731046,10,-1,0.816236278590034
477136,193429,000000193429.jpg,FRONT,3,17,22530.3,203.4,-1,body7_self,rtmdet_ins_tiny,rtmdet_ins_tiny,5,0.8635,0.8245,0.8245,0,0.9727219463369455,0.9727219463369455,1.0,16,0,-0.4788313451302577,10,-1,0.7683490514755249
477136,193429,000000193429.jpg,FRONT,3,17,22530.3,203.4,-1,aic_coco_self,gt_box,gt_box,,,1.0,1.0,0,0.9811021623691453,0.9811021623691453,1.0,16,0,-0.48737225951822116,10,-1,0.8523599470362944
477136,193429,000000193429.jpg,FRONT,3,17,22530.3,203.4,-1,aic_coco_self,rtmdet_ins_tiny,rtmdet_ins_tiny,5,0.8635,0.8245,0.8245,0,0.9789955223699981,0.9789955223699981,1.0,16,0,-0.4834897983177198,10,-1,0.812931520097396
477978,559547,000000559547.jpg,FRONT,3,16,60148.3,460.2,-1,body7_official,gt_box,gt_box,,,1.0,1.0,0,0.9283454539126059,0.9283454539126059,0.9375,16,0,-0.31520491144141394,12,-1,0.8121268889483284
477978,559547,000000559547.jpg,FRONT,3,16,60148.3,460.2,-1,body7_official,rtmdet_ins_tiny,rtmdet_ins_tiny,34,0.8336,0.0000,0.7796,1,0.00023581605649208244,0.026239186175744365,0.0,16,1,0.00045723870731806393,12,-1,0.8689390175482806
477978,559547,000000559547.jpg,FRONT,3,16,60148.3,460.2,-1,body7_self,gt_box,gt_box,,,1.0,1.0,0,0.9283454539126059,0.9283454539126059,0.9375,16,0,-0.31520491144141394,12,-1,0.8121268679113949
477978,559547,000000559547.jpg,FRONT,3,16,60148.3,460.2,-1,body7_self,rtmdet_ins_tiny,rtmdet_ins_tiny,34,0.8336,0.0000,0.7796,1,0.00023581605649208244,0.026239186175744365,0.0,16,1,0.00045723870731806393,12,-1,0.8689389719682581
477978,559547,000000559547.jpg,FRONT,3,16,60148.3,460.2,-1,aic_coco_self,gt_box,gt_box,,,1.0,1.0,0,0.9473344557449896,0.9473344557449896,0.9375,16,0,-0.31636053867445607,12,-1,0.8166038884836084
477978,559547,000000559547.jpg,FRONT,3,16,60148.3,460.2,-1,aic_coco_self,rtmdet_ins_tiny,rtmdet_ins_tiny,34,0.8336,0.0000,0.7796,1,0.00023118317640764377,0.00023118317640764377,0.0,16,0,-0.0007835905055412207,12,-1,0.859232650083654
478920,419408,000000419408.jpg,OBLIQUE,2,15,9998.7,165.8,-1,body7_official,gt_box,gt_box,,,1.0,1.0,0,0.9336997775456636,0.9336997775456636,1.0,14,0,-0.30998456011661685,10,-1,0.8650327850790585
478920,419408,000000419408.jpg,OBLIQUE,2,15,9998.7,165.8,-1,body7_official,rtmdet_ins_tiny,rtmdet_ins_tiny,10,0.8278,0.9226,0.9226,0,0.93522344259779,0.93522344259779,1.0,14,0,-0.31651782810605755,10,-1,0.8722497540361741
478920,419408,000000419408.jpg,OBLIQUE,2,15,9998.7,165.8,-1,body7_self,gt_box,gt_box,,,1.0,1.0,0,0.9336997775456636,0.9336997775456636,1.0,14,0,-0.30998456011661685,10,-1,0.8650327009313247
478920,419408,000000419408.jpg,OBLIQUE,2,15,9998.7,165.8,-1,body7_self,rtmdet_ins_tiny,rtmdet_ins_tiny,10,0.8278,0.9226,0.9226,0,0.93522344259779,0.93522344259779,1.0,14,0,-0.31651782810605755,10,-1,0.8722497610484853
478920,419408,000000419408.jpg,OBLIQUE,2,15,9998.7,165.8,-1,aic_coco_self,gt_box,gt_box,,,1.0,1.0,0,0.9305902807000896,0.9305902807000896,1.0,14,0,-0.3106613393302628,10,-1,0.8014585551093606
478920,419408,000000419408.jpg,OBLIQUE,2,15,9998.7,165.8,-1,aic_coco_self,rtmdet_ins_tiny,rtmdet_ins_tiny,10,0.8278,0.9226,0.9226,0,0.9353379436592438,0.9353379436592438,1.0,14,0,-0.3157317411941773,10,-1,0.8050058834693011
479236,482735,000000482735.jpg,FRONT,3,16,2939.2,115.9,-1,body7_official,gt_box,gt_box,,,1.0,1.0,0,0.9467919171760846,0.9467919171760846,1.0,16,0,-0.32951674442803813,12,-1,0.7716991165105034
479236,482735,000000482735.jpg,FRONT,3,16,2939.2,115.9,-1,body7_official,rtmdet_ins_tiny,rtmdet_ins_tiny,6,0.8929,0.9529,0.9529,0,0.9510145309483884,0.9510145309483884,1.0,16,0,-0.3251402253621541,12,-1,0.7780549508683822
479236,482735,000000482735.jpg,FRONT,3,16,2939.2,115.9,-1,body7_self,gt_box,gt_box,,,1.0,1.0,0,0.9467919171760846,0.9467919171760846,1.0,16,0,-0.32951674442803813,12,-1,0.77169909547357
479236,482735,000000482735.jpg,FRONT,3,16,2939.2,115.9,-1,body7_self,rtmdet_ins_tiny,rtmdet_ins_tiny,6,0.8929,0.9529,0.9529,0,0.9510145309483884,0.9510145309483884,1.0,16,0,-0.3251402253621541,12,-1,0.7780549210660598
479236,482735,000000482735.jpg,FRONT,3,16,2939.2,115.9,-1,aic_coco_self,gt_box,gt_box,,,1.0,1.0,0,0.9586896305344802,0.9586896305344802,1.0,16,0,-0.3325187524306292,12,-1,0.8029694136451272
479236,482735,000000482735.jpg,FRONT,3,16,2939.2,115.9,-1,aic_coco_self,rtmdet_ins_tiny,rtmdet_ins_tiny,6,0.8929,0.9529,0.9529,0,0.9562333294221053,0.9562333294221053,1.0,16,0,-0.3290035072523551,12,-1,0.825484433594872
479801,41990,000000041990.jpg,FRONT,3,16,18673.3,246.9,-1,body7_official,gt_box,gt_box,,,1.0,1.0,0,0.887658211480117,0.887658211480117,1.0,15,0,-0.47434721103369853,10,-1,0.803011252599604
479801,41990,000000041990.jpg,FRONT,3,16,18673.3,246.9,-1,body7_official,rtmdet_ins_tiny,rtmdet_ins_tiny,13,0.8649,0.9403,0.9403,0,0.9225697233337264,0.9225697233337264,1.0,15,0,-0.4801152822719199,10,-1,0.7984476440093097
479801,41990,000000041990.jpg,FRONT,3,16,18673.3,246.9,-1,body7_self,gt_box,gt_box,,,1.0,1.0,0,0.887658211480117,0.887658211480117,1.0,15,0,-0.47434721103369853,10,-1,0.8030112596119151
479801,41990,000000041990.jpg,FRONT,3,16,18673.3,246.9,-1,body7_self,rtmdet_ins_tiny,rtmdet_ins_tiny,13,0.8649,0.9403,0.9403,0,0.9225697233337264,0.9225697233337264,1.0,15,0,-0.4801152822719199,10,-1,0.7984477421816658
479801,41990,000000041990.jpg,FRONT,3,16,18673.3,246.9,-1,aic_coco_self,gt_box,gt_box,,,1.0,1.0,0,0.9448789729739677,0.9448789729739677,1.0,15,0,-0.48052381158312274,10,-1,0.821376151898328
479801,41990,000000041990.jpg,FRONT,3,16,18673.3,246.9,-1,aic_coco_self,rtmdet_ins_tiny,rtmdet_ins_tiny,13,0.8649,0.9403,0.9403,0,0.9367319093208013,0.9367319093208013,1.0,15,0,-0.4846857773856086,10,-1,0.8124642302008236
480399,157928,000000157928.jpg,PROFILE,1,15,17253.2,172.1,-1,body7_official,gt_box,gt_box,,,1.0,1.0,0,0.9199153672467891,0.9199153672467891,1.0,11,0,-0.0868019803591172,8,-1,0.6730325467446271
480399,157928,000000157928.jpg,PROFILE,1,15,17253.2,172.1,-1,body7_official,rtmdet_ins_tiny,rtmdet_ins_tiny,12,0.6005,0.6882,0.6882,0,0.912224381239133,0.912224381239133,1.0,11,0,-0.09478000605357698,8,-1,0.6840580210966223
480399,157928,000000157928.jpg,PROFILE,1,15,17253.2,172.1,-1,body7_self,gt_box,gt_box,,,1.0,1.0,0,0.9199153672467891,0.9199153672467891,1.0,11,0,-0.0868019803591172,8,-1,0.6730326975093168
480399,157928,000000157928.jpg,PROFILE,1,15,17253.2,172.1,-1,body7_self,rtmdet_ins_tiny,rtmdet_ins_tiny,12,0.6005,0.6882,0.6882,0,0.912224381239133,0.912224381239133,1.0,11,0,-0.09478000605357698,8,-1,0.6840581332936007
480399,157928,000000157928.jpg,PROFILE,1,15,17253.2,172.1,-1,aic_coco_self,gt_box,gt_box,,,1.0,1.0,0,0.9575277071701123,0.9575277071701123,1.0,11,0,-0.10070915634472412,8,-1,0.66307613604209
480399,157928,000000157928.jpg,PROFILE,1,15,17253.2,172.1,-1,aic_coco_self,rtmdet_ins_tiny,rtmdet_ins_tiny,12,0.6005,0.6882,0.6882,0,0.9591996554006371,0.9591996554006371,1.0,11,0,-0.09925804633347848,8,-1,0.6657231292303871
481257,316404,000000316404.jpg,FRONT,3,13,69738.4,438.1,-1,body7_official,gt_box,gt_box,,,1.0,1.0,0,0.9783625443311946,0.9783625443311946,1.0,13,0,-0.5241637424112852,8,-1,0.8335663430831012
481257,316404,000000316404.jpg,FRONT,3,13,69738.4,438.1,-1,body7_official,rtmdet_ins_tiny,rtmdet_ins_tiny,9,0.8503,0.9334,0.9334,0,0.9784585673227443,0.9784585673227443,1.0,13,0,-0.5254828616768425,8,-1,0.823985078755547
481257,316404,000000316404.jpg,FRONT,3,13,69738.4,438.1,-1,body7_self,gt_box,gt_box,,,1.0,1.0,0,0.9783625443311946,0.9783625443311946,1.0,13,0,-0.5241637424112852,8,-1,0.8335664395023795
481257,316404,000000316404.jpg,FRONT,3,13,69738.4,438.1,-1,body7_self,rtmdet_ins_tiny,rtmdet_ins_tiny,9,0.8503,0.9334,0.9334,0,0.9784585673227443,0.9784585673227443,1.0,13,0,-0.5254828616768425,8,-1,0.8239851173232583
481257,316404,000000316404.jpg,FRONT,3,13,69738.4,438.1,-1,aic_coco_self,gt_box,gt_box,,,1.0,1.0,0,0.981806340679937,0.981806340679937,1.0,13,0,-0.5288261488935451,8,-1,0.811466837192283
481257,316404,000000316404.jpg,FRONT,3,13,69738.4,438.1,-1,aic_coco_self,rtmdet_ins_tiny,rtmdet_ins_tiny,9,0.8503,0.9334,0.9334,0,0.9807807596023519,0.9807807596023519,1.0,13,0,-0.5301562286216418,8,-1,0.8056316073326504
482173,312489,000000312489.jpg,REAR,0,14,6851.6,196.1,1,body7_official,gt_box,gt_box,,,1.0,1.0,0,0.9580405414114237,0.9580405414114237,1.0,12,0,-0.35755929049611296,10,1,0.7900361103170058
482173,312489,000000312489.jpg,REAR,0,14,6851.6,196.1,1,body7_official,rtmdet_ins_tiny,rtmdet_ins_tiny,7,0.8772,0.9803,0.9803,0,0.9615565087981932,0.9615565087981932,1.0,12,0,-0.35816437238113086,10,1,0.7881833595388076
482173,312489,000000312489.jpg,REAR,0,14,6851.6,196.1,1,body7_self,gt_box,gt_box,,,1.0,1.0,0,0.9580405414114237,0.9580405414114237,1.0,12,0,-0.35755929049611296,10,1,0.790036208489362
482173,312489,000000312489.jpg,REAR,0,14,6851.6,196.1,1,body7_self,rtmdet_ins_tiny,rtmdet_ins_tiny,7,0.8772,0.9803,0.9803,0,0.9615565087981932,0.9615565087981932,1.0,12,0,-0.35816437238113086,10,1,0.788183356032652
482173,312489,000000312489.jpg,REAR,0,14,6851.6,196.1,1,aic_coco_self,gt_box,gt_box,,,1.0,1.0,0,0.954040296043515,0.954040296043515,1.0,12,0,-0.36056863321970367,10,1,0.8444643546553219
482173,312489,000000312489.jpg,REAR,0,14,6851.6,196.1,1,aic_coco_self,rtmdet_ins_tiny,rtmdet_ins_tiny,7,0.8772,0.9803,0.9803,0,0.9558036642127411,0.9558036642127411,1.0,12,0,-0.3639757876282923,10,1,0.8475263784913456
483505,494759,000000494759.jpg,REAR,0,11,3459.1,131.5,1,body7_official,gt_box,gt_box,,,1.0,1.0,0,0.9639544759919726,0.9639544759919726,1.0,11,0,-0.27407520818360176,8,1,0.7601513757425196
483505,494759,000000494759.jpg,REAR,0,11,3459.1,131.5,1,body7_official,rtmdet_ins_tiny,rtmdet_ins_tiny,16,0.8985,0.0000,0.9423,1,1.4301791837150654e-05,1.4301791837150654e-05,0.0,11,0,-0.00015874340587984648,8,1,0.8066615286995383
483505,494759,000000494759.jpg,REAR,0,11,3459.1,131.5,1,body7_self,gt_box,gt_box,,,1.0,1.0,0,0.9639544759919726,0.9639544759919726,1.0,11,0,-0.27407520818360176,8,1,0.7601512951009414
483505,494759,000000494759.jpg,REAR,0,11,3459.1,131.5,1,body7_self,rtmdet_ins_tiny,rtmdet_ins_tiny,16,0.8985,0.0000,0.9423,1,1.4301791837150654e-05,1.4301791837150654e-05,0.0,11,0,-0.00015874340587984648,8,1,0.806661563761094
483505,494759,000000494759.jpg,REAR,0,11,3459.1,131.5,1,aic_coco_self,gt_box,gt_box,,,1.0,1.0,0,0.9659455661704318,0.9659455661704318,1.0,11,0,-0.273259530562105,8,1,0.7886971375521492
483505,494759,000000494759.jpg,REAR,0,11,3459.1,131.5,1,aic_coco_self,rtmdet_ins_tiny,rtmdet_ins_tiny,16,0.8985,0.0000,0.9423,1,1.2850749797715546e-05,1.2850749797715546e-05,0.0,11,0,-0.0002530648445951966,8,1,0.812492335543913
483951,463174,000000463174.jpg,FRONT,3,15,48640.4,409.8,-1,body7_official,gt_box,gt_box,,,1.0,1.0,0,0.9837700918138338,0.9837700918138338,1.0,15,0,-0.5565958797989714,10,-1,0.8148789581130532
483951,463174,000000463174.jpg,FRONT,3,15,48640.4,409.8,-1,body7_official,rtmdet_ins_tiny,rtmdet_ins_tiny,8,0.8571,0.9628,0.9628,0,0.9853438027115781,0.9853438027115781,1.0,15,0,-0.5606097523669543,10,-1,0.8110497769187478
483951,463174,000000463174.jpg,FRONT,3,15,48640.4,409.8,-1,body7_self,gt_box,gt_box,,,1.0,1.0,0,0.9837700918138338,0.9837700918138338,1.0,15,0,-0.5565958797989714,10,-1,0.8148790317423203
483951,463174,000000463174.jpg,FRONT,3,15,48640.4,409.8,-1,body7_self,rtmdet_ins_tiny,rtmdet_ins_tiny,8,0.8571,0.9628,0.9628,0,0.9853438027115781,0.9853438027115781,1.0,15,0,-0.5606097523669543,10,-1,0.8110498330172371
483951,463174,000000463174.jpg,FRONT,3,15,48640.4,409.8,-1,aic_coco_self,gt_box,gt_box,,,1.0,1.0,0,0.9859367173577627,0.9859367173577627,1.0,15,0,-0.5658499239810372,10,-1,0.8150568806073245
483951,463174,000000463174.jpg,FRONT,3,15,48640.4,409.8,-1,aic_coco_self,rtmdet_ins_tiny,rtmdet_ins_tiny,8,0.8571,0.9628,0.9628,0,0.9870047208585991,0.9870047208585991,1.0,15,0,-0.5688562215843601,10,-1,0.8132958973155302
484207,419408,000000419408.jpg,FRONT,3,16,7036.6,144.0,-1,body7_official,gt_box,gt_box,,,1.0,1.0,0,0.9373225920652808,0.9373225920652808,0.9333333333333333,15,0,-0.1558809798787706,8,-1,0.9010326985050651
484207,419408,000000419408.jpg,FRONT,3,16,7036.6,144.0,-1,body7_official,rtmdet_ins_tiny,rtmdet_ins_tiny,11,0.6553,0.9484,0.9484,0,0.9301427246172753,0.9301427246172753,0.9333333333333333,15,0,-0.15001834883106693,8,-1,0.8867203277700088
484207,419408,000000419408.jpg,FRONT,3,16,7036.6,144.0,-1,body7_self,gt_box,gt_box,,,1.0,1.0,0,0.9373225920652808,0.9373225920652808,0.9333333333333333,15,0,-0.1558809798787706,8,-1,0.9010326722088982
484207,419408,000000419408.jpg,FRONT,3,16,7036.6,144.0,-1,body7_self,rtmdet_ins_tiny,rtmdet_ins_tiny,11,0.6553,0.9484,0.9484,0,0.9301427246172753,0.9301427246172753,0.9333333333333333,15,0,-0.15001834883106693,8,-1,0.886720219079186
484207,419408,000000419408.jpg,FRONT,3,16,7036.6,144.0,-1,aic_coco_self,gt_box,gt_box,,,1.0,1.0,0,0.9278588693341825,0.9278588693341825,0.9333333333333333,15,0,-0.1718408360267077,8,-1,0.8624521283542409
484207,419408,000000419408.jpg,FRONT,3,16,7036.6,144.0,-1,aic_coco_self,rtmdet_ins_tiny,rtmdet_ins_tiny,11,0.6553,0.9484,0.9484,0,0.9284446977842814,0.9284446977842814,0.9333333333333333,15,0,-0.16905765507736806,8,-1,0.8615353002267725
484844,73153,000000073153.jpg,OBLIQUE,2,13,76714.4,621.2,-1,body7_official,gt_box,gt_box,,,1.0,1.0,0,0.9388675430822377,0.9388675430822377,1.0,13,0,-0.3727334774963279,10,-1,0.8028881444650537
484844,73153,000000073153.jpg,OBLIQUE,2,13,76714.4,621.2,-1,body7_official,rtmdet_ins_tiny,rtmdet_ins_tiny,10,0.8953,0.9540,0.9540,0,0.9378178920977883,0.9378178920977883,1.0,13,0,-0.3715631309539571,10,-1,0.8054305770817924
484844,73153,000000073153.jpg,OBLIQUE,2,13,76714.4,621.2,-1,body7_self,gt_box,gt_box,,,1.0,1.0,0,0.9388675430822377,0.9388675430822377,1.0,13,0,-0.3727334774963279,10,-1,0.802888084860409
484844,73153,000000073153.jpg,OBLIQUE,2,13,76714.4,621.2,-1,body7_self,rtmdet_ins_tiny,rtmdet_ins_tiny,10,0.8953,0.9540,0.9540,0,0.9378178920977883,0.9378178920977883,1.0,13,0,-0.3715631309539571,10,-1,0.8054305490325478
484844,73153,000000073153.jpg,OBLIQUE,2,13,76714.4,621.2,-1,aic_coco_self,gt_box,gt_box,,,1.0,1.0,0,0.9405690613184083,0.9405690613184083,1.0,13,0,-0.37785499609489587,10,-1,0.7940558861283695
484844,73153,000000073153.jpg,OBLIQUE,2,13,76714.4,621.2,-1,aic_coco_self,rtmdet_ins_tiny,rtmdet_ins_tiny,10,0.8953,0.9540,0.9540,0,0.9364236003561002,0.9364236003561002,1.0,13,0,-0.3744995667127627,10,-1,0.7883734773187077
485671,562207,000000562207.jpg,FRONT,3,16,6893.5,209.6,-1,body7_official,gt_box,gt_box,,,1.0,1.0,0,0.9635889696369565,0.9635889696369565,1.0,16,0,-0.5071927453761116,12,-1,0.9551516035023857
485671,562207,000000562207.jpg,FRONT,3,16,6893.5,209.6,-1,body7_official,rtmdet_ins_tiny,rtmdet_ins_tiny,6,0.8795,0.0564,0.9644,1,5.603938013199957e-05,5.603938013199957e-05,0.0,16,0,-0.05137409800839654,12,-1,0.9085600551436929
485671,562207,000000562207.jpg,FRONT,3,16,6893.5,209.6,-1,body7_self,gt_box,gt_box,,,1.0,1.0,0,0.9635889696369565,0.9635889696369565,1.0,16,0,-0.5071927453761116,12,-1,0.9551516946624307
485671,562207,000000562207.jpg,FRONT,3,16,6893.5,209.6,-1,body7_self,rtmdet_ins_tiny,rtmdet_ins_tiny,6,0.8795,0.0564,0.9644,1,5.603938013199957e-05,5.603938013199957e-05,0.0,16,0,-0.05137409800839654,12,-1,0.9085600656621596
485671,562207,000000562207.jpg,FRONT,3,16,6893.5,209.6,-1,aic_coco_self,gt_box,gt_box,,,1.0,1.0,0,0.9688871960510503,0.9688871960510503,1.0,16,0,-0.5051051584104206,12,-1,0.934265227878795
485671,562207,000000562207.jpg,FRONT,3,16,6893.5,209.6,-1,aic_coco_self,rtmdet_ins_tiny,rtmdet_ins_tiny,6,0.8795,0.0564,0.9644,1,6.287441770937112e-05,6.287441770937112e-05,0.0,16,0,-0.05196645255284427,12,-1,0.9106392299427706
486282,402774,000000402774.jpg,REAR,0,12,43373.5,464.9,1,body7_official,gt_box,gt_box,,,1.0,1.0,0,0.9822368940934689,0.9822368940934689,1.0,10,0,-0.30403720080863406,10,1,0.6737597479539759
486282,402774,000000402774.jpg,REAR,0,12,43373.5,464.9,1,body7_official,rtmdet_ins_tiny,rtmdet_ins_tiny,6,0.8565,0.9481,0.9481,0,0.9852798510815814,0.9852798510815814,1.0,10,0,-0.3058726687659151,10,1,0.6714213139870587
486282,402774,000000402774.jpg,REAR,0,12,43373.5,464.9,1,body7_self,gt_box,gt_box,,,1.0,1.0,0,0.9822368940934689,0.9822368940934689,1.0,10,0,-0.30403720080863406,10,1,0.673759812817854
486282,402774,000000402774.jpg,REAR,0,12,43373.5,464.9,1,body7_self,rtmdet_ins_tiny,rtmdet_ins_tiny,6,0.8565,0.9481,0.9481,0,0.9852798510815814,0.9852798510815814,1.0,10,0,-0.3058726687659151,10,1,0.6714213770978591
486282,402774,000000402774.jpg,REAR,0,12,43373.5,464.9,1,aic_coco_self,gt_box,gt_box,,,1.0,1.0,0,0.9751434549804001,0.9751434549804001,1.0,10,0,-0.300585503539207,10,1,0.7195208528462578
486282,402774,000000402774.jpg,REAR,0,12,43373.5,464.9,1,aic_coco_self,rtmdet_ins_tiny,rtmdet_ins_tiny,6,0.8565,0.9481,0.9481,0,0.9794336718930833,0.9794336718930833,1.0,10,0,-0.301530609838755,10,1,0.7324056765612434
487344,562229,000000562229.jpg,FRONT,3,17,33248.5,444.4,-1,body7_official,gt_box,gt_box,,,1.0,1.0,0,0.980303836704317,0.980303836704317,1.0,17,0,-0.3827032230295483,12,-1,0.8339141221607432
487344,562229,000000562229.jpg,FRONT,3,17,33248.5,444.4,-1,body7_official,rtmdet_ins_tiny,rtmdet_ins_tiny,12,0.8593,0.9533,0.9533,0,0.919345624962695,0.919345624962695,0.9411764705882353,17,0,-0.3255795273283679,12,-1,0.8189057164332446
487344,562229,000000562229.jpg,FRONT,3,17,33248.5,444.4,-1,body7_self,gt_box,gt_box,,,1.0,1.0,0,0.980303836704317,0.980303836704317,1.0,17,0,-0.3827032230295483,12,-1,0.833914066062254
487344,562229,000000562229.jpg,FRONT,3,17,33248.5,444.4,-1,body7_self,rtmdet_ins_tiny,rtmdet_ins_tiny,12,0.8593,0.9533,0.9533,0,0.919345624962695,0.919345624962695,0.9411764705882353,17,0,-0.3255795273283679,12,-1,0.8189057777909672
487344,562229,000000562229.jpg,FRONT,3,17,33248.5,444.4,-1,aic_coco_self,gt_box,gt_box,,,1.0,1.0,0,0.9690906991269211,0.9690906991269211,1.0,17,0,-0.3875585320122951,12,-1,0.8560724573976853
487344,562229,000000562229.jpg,FRONT,3,17,33248.5,444.4,-1,aic_coco_self,rtmdet_ins_tiny,rtmdet_ins_tiny,12,0.8593,0.9533,0.9533,0,0.9653543398398943,0.9653543398398943,1.0,17,0,-0.38230851932987003,12,-1,0.8481479322209078
487890,234607,000000234607.jpg,FRONT,3,16,31189.1,368.0,-1,body7_official,gt_box,gt_box,,,1.0,1.0,0,0.9857974904660106,0.9857974904660106,1.0,16,0,-0.6673595275162667,12,-1,0.849423390977523
487890,234607,000000234607.jpg,FRONT,3,16,31189.1,368.0,-1,body7_official,rtmdet_ins_tiny,rtmdet_ins_tiny,9,0.8675,0.8054,0.8054,0,0.9846684381424214,0.9846684381424214,1.0,16,0,-0.6636845196017731,12,-1,0.8601200019612032
487890,234607,000000234607.jpg,FRONT,3,16,31189.1,368.0,-1,body7_self,gt_box,gt_box,,,1.0,1.0,0,0.9857974904660106,0.9857974904660106,1.0,16,0,-0.6673595275162667,12,-1,0.8494232612497666
487890,234607,000000234607.jpg,FRONT,3,16,31189.1,368.0,-1,body7_self,rtmdet_ins_tiny,rtmdet_ins_tiny,9,0.8675,0.8054,0.8054,0,0.9846684381424214,0.9846684381424214,1.0,16,0,-0.6636845196017731,12,-1,0.8601200475412256
487890,234607,000000234607.jpg,FRONT,3,16,31189.1,368.0,-1,aic_coco_self,gt_box,gt_box,,,1.0,1.0,0,0.9839949818950176,0.9839949818950176,1.0,16,0,-0.6668351793598595,12,-1,0.8706098549506244
487890,234607,000000234607.jpg,FRONT,3,16,31189.1,368.0,-1,aic_coco_self,rtmdet_ins_tiny,rtmdet_ins_tiny,9,0.8675,0.8054,0.8054,0,0.98865600027645,0.98865600027645,1.0,16,0,-0.6681083236163682,12,-1,0.8753377830280977
488697,163118,000000163118.jpg,OBLIQUE,2,15,11476.5,300.0,1,body7_official,gt_box,gt_box,,,1.0,1.0,0,0.9264737327382078,0.9264737327382078,1.0,15,0,-0.42056762820728155,12,1,0.7645504229209003
488697,163118,000000163118.jpg,OBLIQUE,2,15,11476.5,300.0,1,body7_official,rtmdet_ins_tiny,rtmdet_ins_tiny,7,0.8518,0.9380,0.9380,0,0.9100797818106098,0.9100797818106098,1.0,15,0,-0.42058275209991264,12,1,0.7581613484550925
488697,163118,000000163118.jpg,OBLIQUE,2,15,11476.5,300.0,1,body7_self,gt_box,gt_box,,,1.0,1.0,0,0.9264737327382078,0.9264737327382078,1.0,15,0,-0.42056762820728155,12,1,0.7645504790193894
488697,163118,000000163118.jpg,OBLIQUE,2,15,11476.5,300.0,1,body7_self,rtmdet_ins_tiny,rtmdet_ins_tiny,7,0.8518,0.9380,0.9380,0,0.9100797818106098,0.9100797818106098,1.0,15,0,-0.42058275209991264,12,1,0.7581612958627588
488697,163118,000000163118.jpg,OBLIQUE,2,15,11476.5,300.0,1,aic_coco_self,gt_box,gt_box,,,1.0,1.0,0,0.9520171432027397,0.9520171432027397,1.0,15,0,-0.4222876940041778,12,1,0.7948264023836922
488697,163118,000000163118.jpg,OBLIQUE,2,15,11476.5,300.0,1,aic_coco_self,rtmdet_ins_tiny,rtmdet_ins_tiny,7,0.8518,0.9380,0.9380,0,0.95063208784375,0.95063208784375,1.0,15,0,-0.42802996118833136,12,1,0.8008853968452004
490366,438907,000000438907.jpg,FRONT,3,16,28312.7,380.8,-1,body7_official,gt_box,gt_box,,,1.0,1.0,0,0.9831235940303362,0.9831235940303362,1.0,16,0,-0.730209358077621,12,-1,0.8653866122750675
490366,438907,000000438907.jpg,FRONT,3,16,28312.7,380.8,-1,body7_official,rtmdet_ins_tiny,rtmdet_ins_tiny,11,0.8329,0.9735,0.9735,0,0.9825841856433697,0.9825841856433697,1.0,16,0,-0.7319993751671249,12,-1,0.8618679502431084
490366,438907,000000438907.jpg,FRONT,3,16,28312.7,380.8,-1,body7_self,gt_box,gt_box,,,1.0,1.0,0,0.9831235940303362,0.9831235940303362,1.0,16,0,-0.730209358077621,12,-1,0.8653866648674011
490366,438907,000000438907.jpg,FRONT,3,16,28312.7,380.8,-1,body7_self,rtmdet_ins_tiny,rtmdet_ins_tiny,11,0.8329,0.9735,0.9735,0,0.9825841856433697,0.9825841856433697,1.0,16,0,-0.7319993751671249,12,-1,0.8618677959722632
490366,438907,000000438907.jpg,FRONT,3,16,28312.7,380.8,-1,aic_coco_self,gt_box,gt_box,,,1.0,1.0,0,0.971321820703562,0.971321820703562,1.0,16,0,-0.735467403597252,12,-1,0.8869474845774034
490366,438907,000000438907.jpg,FRONT,3,16,28312.7,380.8,-1,aic_coco_self,rtmdet_ins_tiny,rtmdet_ins_tiny,11,0.8329,0.9735,0.9735,0,0.975448125018049,0.975448125018049,1.0,16,0,-0.7390102802917983,12,-1,0.8855523537187016
490929,327617,000000327617.jpg,FRONT,3,17,65808.0,523.5,-1,body7_official,gt_box,gt_box,,,1.0,1.0,0,0.9832404732613379,0.9832404732613379,1.0,17,0,-0.2825411741044757,12,-1,0.9499167835011202
490929,327617,000000327617.jpg,FRONT,3,17,65808.0,523.5,-1,body7_official,rtmdet_ins_tiny,rtmdet_ins_tiny,9,0.8673,0.8235,0.8235,0,0.9869186924262837,0.9869186924262837,1.0,17,0,-0.2857862574389952,12,-1,0.9369230796309078
490929,327617,000000327617.jpg,FRONT,3,17,65808.0,523.5,-1,body7_self,gt_box,gt_box,,,1.0,1.0,0,0.9832404732613379,0.9832404732613379,1.0,17,0,-0.2825411741044757,12,-1,0.9499168501180761
490929,327617,000000327617.jpg,FRONT,3,17,65808.0,523.5,-1,body7_self,rtmdet_ins_tiny,rtmdet_ins_tiny,9,0.8673,0.8235,0.8235,0,0.9869186924262837,0.9869186924262837,1.0,17,0,-0.2857862574389952,12,-1,0.9369230831370634
490929,327617,000000327617.jpg,FRONT,3,17,65808.0,523.5,-1,aic_coco_self,gt_box,gt_box,,,1.0,1.0,0,0.9901316361356072,0.9901316361356072,1.0,17,0,-0.29189414495715515,12,-1,0.9240196732913747
490929,327617,000000327617.jpg,FRONT,3,17,65808.0,523.5,-1,aic_coco_self,rtmdet_ins_tiny,rtmdet_ins_tiny,9,0.8673,0.8235,0.8235,0,0.9926447538184723,0.9926447538184723,1.0,17,0,-0.29460341123208467,12,-1,0.915013734032126
491328,212573,000000212573.jpg,REAR,0,14,30655.8,375.6,1,body7_official,gt_box,gt_box,,,1.0,1.0,0,0.9705644633693423,0.9705644633693423,1.0,11,0,-0.36092891125183524,10,1,0.7475206887020784
491328,212573,000000212573.jpg,REAR,0,14,30655.8,375.6,1,body7_official,rtmdet_ins_tiny,rtmdet_ins_tiny,11,0.8731,0.9153,0.9153,0,0.9603661127905823,0.9603661127905823,1.0,11,0,-0.3599295151978891,10,1,0.7391473160070532
491328,212573,000000212573.jpg,REAR,0,14,30655.8,375.6,1,body7_self,gt_box,gt_box,,,1.0,1.0,0,0.9705644633693423,0.9705644633693423,1.0,11,0,-0.36092891125183524,10,1,0.747520750059801
491328,212573,000000212573.jpg,REAR,0,14,30655.8,375.6,1,body7_self,rtmdet_ins_tiny,rtmdet_ins_tiny,11,0.8731,0.9153,0.9153,0,0.9603661127905823,0.9603661127905823,1.0,11,0,-0.3599295151978891,10,1,0.7391474141794092
491328,212573,000000212573.jpg,REAR,0,14,30655.8,375.6,1,aic_coco_self,gt_box,gt_box,,,1.0,1.0,0,0.9669226477885613,0.9669226477885613,1.0,11,0,-0.35984603276051325,10,1,0.7757478812161613
491328,212573,000000212573.jpg,REAR,0,14,30655.8,375.6,1,aic_coco_self,rtmdet_ins_tiny,rtmdet_ins_tiny,11,0.8731,0.9153,0.9153,0,0.9754315804329163,0.9754315804329163,1.0,11,0,-0.3646495634925977,10,1,0.7495423870928147
492312,151000,000000151000.jpg,FRONT,3,15,3455.0,105.8,-1,body7_official,gt_box,gt_box,,,1.0,1.0,0,0.9436989271630609,0.9436989271630609,1.0,15,0,-0.3195250082481104,10,-1,0.7440474296317381
492312,151000,000000151000.jpg,FRONT,3,15,3455.0,105.8,-1,body7_official,rtmdet_ins_tiny,rtmdet_ins_tiny,29,0.7748,0.8812,0.8812,0,0.9356925989002389,0.9356925989002389,1.0,15,0,-0.31621579937144223,10,-1,0.7560922994333155
492312,151000,000000151000.jpg,FRONT,3,15,3455.0,105.8,-1,body7_self,gt_box,gt_box,,,1.0,1.0,0,0.9436989271630609,0.9436989271630609,1.0,15,0,-0.3195250082481104,10,-1,0.7440472806201262
492312,151000,000000151000.jpg,FRONT,3,15,3455.0,105.8,-1,body7_self,rtmdet_ins_tiny,rtmdet_ins_tiny,29,0.7748,0.8812,0.8812,0,0.9356925989002389,0.9356925989002389,1.0,15,0,-0.31621579937144223,10,-1,0.7560923081987044
492312,151000,000000151000.jpg,FRONT,3,15,3455.0,105.8,-1,aic_coco_self,gt_box,gt_box,,,1.0,1.0,0,0.9495572133042426,0.9495572133042426,1.0,15,0,-0.31972250303529376,10,-1,0.6714307472986334
492312,151000,000000151000.jpg,FRONT,3,15,3455.0,105.8,-1,aic_coco_self,rtmdet_ins_tiny,rtmdet_ins_tiny,29,0.7748,0.8812,0.8812,0,0.9528206325550035,0.9528206325550035,1.0,15,0,-0.3226270689288232,10,-1,0.7182717586264891
492613,304180,000000304180.jpg,PROFILE,1,12,23916.0,342.9,1,body7_official,gt_box,gt_box,,,1.0,1.0,0,0.9574062357391756,0.9574062357391756,1.0,12,0,-0.2502951438876141,10,1,0.7883394044988296
492613,304180,000000304180.jpg,PROFILE,1,12,23916.0,342.9,1,body7_official,rtmdet_ins_tiny,rtmdet_ins_tiny,23,0.8907,0.9437,0.9437,0,0.956671632059873,0.956671632059873,1.0,12,0,-0.24735047062036786,10,1,0.7831076909514034
492613,304180,000000304180.jpg,PROFILE,1,12,23916.0,342.9,1,body7_self,gt_box,gt_box,,,1.0,1.0,0,0.9574062357391756,0.9574062357391756,1.0,12,0,-0.2502951438876141,10,1,0.7883395061773413
492613,304180,000000304180.jpg,PROFILE,1,12,23916.0,342.9,1,body7_self,rtmdet_ins_tiny,rtmdet_ins_tiny,23,0.8907,0.9437,0.9437,0,0.956671632059873,0.956671632059873,1.0,12,0,-0.24735047062036786,10,1,0.7831077750991372
492613,304180,000000304180.jpg,PROFILE,1,12,23916.0,342.9,1,aic_coco_self,gt_box,gt_box,,,1.0,1.0,0,0.9629197862906168,0.9629197862906168,1.0,12,0,-0.255781152973557,10,1,0.801572719041039
492613,304180,000000304180.jpg,PROFILE,1,12,23916.0,342.9,1,aic_coco_self,rtmdet_ins_tiny,rtmdet_ins_tiny,23,0.8907,0.9437,0.9437,0,0.9541660347702066,0.9541660347702066,1.0,12,0,-0.2505981746492015,10,1,0.7944942677722258
493153,216296,000000216296.jpg,OBLIQUE,2,14,16903.2,278.3,1,body7_official,gt_box,gt_box,,,1.0,1.0,0,0.9732458435699334,0.9732458435699334,1.0,14,0,-0.5239565109654434,10,1,0.834290574578678
493153,216296,000000216296.jpg,OBLIQUE,2,14,16903.2,278.3,1,body7_official,rtmdet_ins_tiny,rtmdet_ins_tiny,17,0.9198,0.8814,0.8814,0,0.9726867016604287,0.9726867016604287,1.0,14,0,-0.5293367083182441,10,1,0.8000887246692882
493153,216296,000000216296.jpg,OBLIQUE,2,14,16903.2,278.3,1,body7_self,gt_box,gt_box,,,1.0,1.0,0,0.9732458435699334,0.9732458435699334,1.0,14,0,-0.5239565109654434,10,1,0.834290441344766
493153,216296,000000216296.jpg,OBLIQUE,2,14,16903.2,278.3,1,body7_self,rtmdet_ins_tiny,rtmdet_ins_tiny,17,0.9198,0.8814,0.8814,0,0.9726867016604287,0.9726867016604287,1.0,14,0,-0.5293367083182441,10,1,0.8000887860270107
493153,216296,000000216296.jpg,OBLIQUE,2,14,16903.2,278.3,1,aic_coco_self,gt_box,gt_box,,,1.0,1.0,0,0.9491149112756945,0.9491149112756945,1.0,14,0,-0.5298828565305763,10,1,0.8225466083077824
493153,216296,000000216296.jpg,OBLIQUE,2,14,16903.2,278.3,1,aic_coco_self,rtmdet_ins_tiny,rtmdet_ins_tiny,17,0.9198,0.8814,0.8814,0,0.955319100461537,0.955319100461537,1.0,14,0,-0.532650441804623,10,1,0.8414523741778206
493923,117744,000000117744.jpg,FRONT,3,17,39665.9,390.6,-1,body7_official,gt_box,gt_box,,,1.0,1.0,0,0.9873702672846011,0.9873702672846011,1.0,15,0,-0.28785581663741305,10,-1,0.8350406850085539
493923,117744,000000117744.jpg,FRONT,3,17,39665.9,390.6,-1,body7_official,rtmdet_ins_tiny,rtmdet_ins_tiny,4,0.7720,0.8494,0.8494,0,0.9889478061006257,0.9889478061006257,1.0,15,0,-0.288697337413542,10,-1,0.8958937210195205
493923,117744,000000117744.jpg,FRONT,3,17,39665.9,390.6,-1,body7_self,gt_box,gt_box,,,1.0,1.0,0,0.9873702672846011,0.9873702672846011,1.0,15,0,-0.28785581663741305,10,-1,0.8350406569593093
493923,117744,000000117744.jpg,FRONT,3,17,39665.9,390.6,-1,body7_self,rtmdet_ins_tiny,rtmdet_ins_tiny,4,0.7720,0.8494,0.8494,0,0.9889478061006257,0.9889478061006257,1.0,15,0,-0.288697337413542,10,-1,0.8958936438840979
493923,117744,000000117744.jpg,FRONT,3,17,39665.9,390.6,-1,aic_coco_self,gt_box,gt_box,,,1.0,1.0,0,0.9898003408916413,0.9898003408916413,1.0,15,0,-0.29363212334151717,10,-1,0.8467804929789375
493923,117744,000000117744.jpg,FRONT,3,17,39665.9,390.6,-1,aic_coco_self,rtmdet_ins_tiny,rtmdet_ins_tiny,4,0.7720,0.8494,0.8494,0,0.9882117357493289,0.9882117357493289,1.0,15,0,-0.2945098316767687,10,-1,0.8906025991720312
494225,203864,000000203864.jpg,FRONT,3,16,23954.9,338.7,-1,body7_official,gt_box,gt_box,,,1.0,1.0,0,0.9793600944374495,0.9793600944374495,1.0,16,0,-0.4587938671522038,12,-1,0.9102325719945571
494225,203864,000000203864.jpg,FRONT,3,16,23954.9,338.7,-1,body7_official,rtmdet_ins_tiny,rtmdet_ins_tiny,14,0.9212,0.9444,0.9444,0,0.9760809355191407,0.9760809355191407,1.0,16,0,-0.45832742760927814,12,-1,0.9000780477243311
494225,203864,000000203864.jpg,FRONT,3,16,23954.9,338.7,-1,body7_self,gt_box,gt_box,,,1.0,1.0,0,0.9793600944374495,0.9793600944374495,1.0,16,0,-0.4587938671522038,12,-1,0.9102324387606453
494225,203864,000000203864.jpg,FRONT,3,16,23954.9,338.7,-1,body7_self,rtmdet_ins_tiny,rtmdet_ins_tiny,14,0.9212,0.9444,0.9444,0,0.9760809355191407,0.9760809355191407,1.0,16,0,-0.45832742760927814,12,-1,0.9000779740950641
494225,203864,000000203864.jpg,FRONT,3,16,23954.9,338.7,-1,aic_coco_self,gt_box,gt_box,,,1.0,1.0,0,0.976808171656885,0.976808171656885,1.0,16,0,-0.46520671295022475,12,-1,0.9261886722901288
494225,203864,000000203864.jpg,FRONT,3,16,23954.9,338.7,-1,aic_coco_self,rtmdet_ins_tiny,rtmdet_ins_tiny,14,0.9212,0.9444,0.9444,0,0.981548376626519,0.981548376626519,1.0,16,0,-0.46508194227084565,12,-1,0.9241897498860079
495052,547336,000000547336.jpg,FRONT,3,16,83707.7,413.3,-1,body7_official,gt_box,gt_box,,,1.0,1.0,0,0.9415466677911638,0.9415466677911638,1.0,15,0,-0.5249820180139535,10,-1,0.7066991101293003
495052,547336,000000547336.jpg,FRONT,3,16,83707.7,413.3,-1,body7_official,rtmdet_ins_tiny,rtmdet_ins_tiny,4,0.8504,0.9692,0.9692,0,0.932708706009393,0.932708706009393,1.0,15,0,-0.5193166266415989,10,-1,0.7014317705350763
495052,547336,000000547336.jpg,FRONT,3,16,83707.7,413.3,-1,body7_self,gt_box,gt_box,,,1.0,1.0,0,0.9415466677911638,0.9415466677911638,1.0,15,0,-0.5249820180139535,10,-1,0.7066990329938776
495052,547336,000000547336.jpg,FRONT,3,16,83707.7,413.3,-1,body7_self,rtmdet_ins_tiny,rtmdet_ins_tiny,4,0.8504,0.9692,0.9692,0,0.932708706009393,0.932708706009393,1.0,15,0,-0.5193166266415989,10,-1,0.7014317547573763
495052,547336,000000547336.jpg,FRONT,3,16,83707.7,413.3,-1,aic_coco_self,gt_box,gt_box,,,1.0,1.0,0,0.9499717472876389,0.9499717472876389,1.0,15,0,-0.53259020690624,10,-1,0.7479726672172546
495052,547336,000000547336.jpg,FRONT,3,16,83707.7,413.3,-1,aic_coco_self,rtmdet_ins_tiny,rtmdet_ins_tiny,4,0.8504,0.9692,0.9692,0,0.939903320996279,0.939903320996279,1.0,15,0,-0.5231008999122189,10,-1,0.7503081314703998
495566,257865,000000257865.jpg,FRONT,3,12,41909.2,341.2,-1,body7_official,gt_box,gt_box,,,1.0,1.0,0,0.9883102179061268,0.9883102179061268,1.0,12,0,-0.5785295601889302,8,-1,0.6888479204738841
495566,257865,000000257865.jpg,FRONT,3,12,41909.2,341.2,-1,body7_official,rtmdet_ins_tiny,rtmdet_ins_tiny,2,0.8369,0.9355,0.9355,0,0.9891024864048806,0.9891024864048806,1.0,12,0,-0.5768935855853767,8,-1,0.7010945984545875
495566,257865,000000257865.jpg,FRONT,3,12,41909.2,341.2,-1,body7_self,gt_box,gt_box,,,1.0,1.0,0,0.9883102179061268,0.9883102179061268,1.0,12,0,-0.5785295601889302,8,-1,0.6888479949796901
495566,257865,000000257865.jpg,FRONT,3,12,41909.2,341.2,-1,body7_self,rtmdet_ins_tiny,rtmdet_ins_tiny,2,0.8369,0.9355,0.9355,0,0.9891024864048806,0.9891024864048806,1.0,12,0,-0.5768935855853767,8,-1,0.7010946019607431
495566,257865,000000257865.jpg,FRONT,3,12,41909.2,341.2,-1,aic_coco_self,gt_box,gt_box,,,1.0,1.0,0,0.9806426239853826,0.9806426239853826,1.0,12,0,-0.579505819436062,8,-1,0.6855661167817957
495566,257865,000000257865.jpg,FRONT,3,12,41909.2,341.2,-1,aic_coco_self,rtmdet_ins_tiny,rtmdet_ins_tiny,2,0.8369,0.9355,0.9355,0,0.9771012281312479,0.9771012281312479,1.0,12,0,-0.5777827792953987,8,-1,0.7003103608594221
496361,372349,000000372349.jpg,FRONT,3,17,8818.8,136.1,-1,body7_official,gt_box,gt_box,,,1.0,1.0,0,0.9183037369593978,0.9183037369593978,0.9411764705882353,17,0,-0.4308608843557226,12,-1,0.7390577495098114
496361,372349,000000372349.jpg,FRONT,3,17,8818.8,136.1,-1,body7_official,rtmdet_ins_tiny,rtmdet_ins_tiny,7,0.6295,0.8881,0.8881,0,0.9348135142296295,0.9348135142296295,0.9411764705882353,17,0,-0.4477120458610747,12,-1,0.7692799796076382
496361,372349,000000372349.jpg,FRONT,3,17,8818.8,136.1,-1,body7_self,gt_box,gt_box,,,1.0,1.0,0,0.9183037369593978,0.9183037369593978,0.9411764705882353,17,0,-0.4308608843557226,12,-1,0.7390576671151554
496361,372349,000000372349.jpg,FRONT,3,17,8818.8,136.1,-1,body7_self,rtmdet_ins_tiny,rtmdet_ins_tiny,7,0.6295,0.8881,0.8881,0,0.9348135142296295,0.9348135142296295,0.9411764705882353,17,0,-0.4477120458610747,12,-1,0.7692799918791827
496361,372349,000000372349.jpg,FRONT,3,17,8818.8,136.1,-1,aic_coco_self,gt_box,gt_box,,,1.0,1.0,0,0.9418035703535544,0.9418035703535544,0.9411764705882353,17,0,-0.4295414476876472,12,-1,0.7626174758462345
496361,372349,000000372349.jpg,FRONT,3,17,8818.8,136.1,-1,aic_coco_self,rtmdet_ins_tiny,rtmdet_ins_tiny,7,0.6295,0.8881,0.8881,0,0.9474462966405203,0.9474462966405203,0.9411764705882353,17,0,-0.43713683102045725,12,-1,0.7512310953701243
497427,296657,000000296657.jpg,FRONT,3,16,4989.5,126.8,-1,body7_official,gt_box,gt_box,,,1.0,1.0,0,0.9076551370480357,0.9076551370480357,0.9375,16,0,-0.6475997483268338,12,-1,0.8025569039232591
497427,296657,000000296657.jpg,FRONT,3,16,4989.5,126.8,-1,body7_official,rtmdet_ins_tiny,rtmdet_ins_tiny,40,0.6699,0.8546,0.8546,0,0.9022850338447005,0.9022850338447005,0.9375,16,0,-0.6544245968373227,12,-1,0.8270901301327873
497427,296657,000000296657.jpg,FRONT,3,16,4989.5,126.8,-1,body7_self,gt_box,gt_box,,,1.0,1.0,0,0.9076551370480357,0.9076551370480357,0.9375,16,0,-0.6475997483268338,12,-1,0.8025569284663481
497427,296657,000000296657.jpg,FRONT,3,16,4989.5,126.8,-1,body7_self,rtmdet_ins_tiny,rtmdet_ins_tiny,40,0.6699,0.8546,0.8546,0,0.9022850338447005,0.9022850338447005,0.9375,16,0,-0.6544245968373227,12,-1,0.8270900284542757
497427,296657,000000296657.jpg,FRONT,3,16,4989.5,126.8,-1,aic_coco_self,gt_box,gt_box,,,1.0,1.0,0,0.9094275523267994,0.9094275523267994,0.9375,16,0,-0.643494014330855,12,-1,0.8264777239631204
497427,296657,000000296657.jpg,FRONT,3,16,4989.5,126.8,-1,aic_coco_self,rtmdet_ins_tiny,rtmdet_ins_tiny,40,0.6699,0.8546,0.8546,0,0.9103868038839034,0.9103868038839034,0.9375,16,0,-0.65136966524819,12,-1,0.8374213208170498
498500,537506,000000537506.jpg,REAR,0,10,24178.8,316.4,1,body7_official,gt_box,gt_box,,,1.0,1.0,0,0.9117482359501095,0.9117482359501095,1.0,10,0,-0.24347690365493418,8,1,0.6922187244190889
498500,537506,000000537506.jpg,REAR,0,10,24178.8,316.4,1,body7_official,rtmdet_ins_tiny,rtmdet_ins_tiny,18,0.8952,0.9500,0.9500,0,0.9038546853836731,0.9038546853836731,1.0,10,0,-0.24357076238966335,8,1,0.6809997243039748
498500,537506,000000537506.jpg,REAR,0,10,24178.8,316.4,1,body7_self,gt_box,gt_box,,,1.0,1.0,0,0.9117482359501095,0.9117482359501095,1.0,10,0,-0.24347690365493418,8,1,0.6922186893575332
498500,537506,000000537506.jpg,REAR,0,10,24178.8,316.4,1,body7_self,rtmdet_ins_tiny,rtmdet_ins_tiny,18,0.8952,0.9500,0.9500,0,0.9038546853836731,0.9038546853836731,1.0,10,0,-0.24357076238966335,8,1,0.6809996874893413
498500,537506,000000537506.jpg,REAR,0,10,24178.8,316.4,1,aic_coco_self,gt_box,gt_box,,,1.0,1.0,0,0.9266059229864517,0.9266059229864517,1.0,10,0,-0.2509111040287969,8,1,0.7297634832999286
498500,537506,000000537506.jpg,REAR,0,10,24178.8,316.4,1,aic_coco_self,rtmdet_ins_tiny,rtmdet_ins_tiny,18,0.8952,0.9500,0.9500,0,0.925078324173579,0.925078324173579,1.0,10,0,-0.25274122703912894,8,1,0.7282551947761985
499851,556193,000000556193.jpg,PROFILE,1,8,30206.8,297.0,1,body7_official,gt_box,gt_box,,,1.0,1.0,0,0.981293497787994,0.981293497787994,1.0,8,0,-0.2678013794601984,4,1,0.6578560155980727
499851,556193,000000556193.jpg,PROFILE,1,8,30206.8,297.0,1,body7_official,rtmdet_ins_tiny,rtmdet_ins_tiny,4,0.8815,0.9324,0.9324,0,0.9774150834161075,0.9774150834161075,1.0,8,0,-0.26737908469481814,4,1,0.6641503940610325
499851,556193,000000556193.jpg,PROFILE,1,8,30206.8,297.0,1,body7_self,gt_box,gt_box,,,1.0,1.0,0,0.981293497787994,0.981293497787994,1.0,8,0,-0.2678013794601984,4,1,0.6578559244380278
499851,556193,000000556193.jpg,PROFILE,1,8,30206.8,297.0,1,body7_self,rtmdet_ins_tiny,rtmdet_ins_tiny,4,0.8815,0.9324,0.9324,0,0.9774150834161075,0.9774150834161075,1.0,8,0,-0.26737908469481814,4,1,0.6641503029009875
499851,556193,000000556193.jpg,PROFILE,1,8,30206.8,297.0,1,aic_coco_self,gt_box,gt_box,,,1.0,1.0,0,0.979386912474394,0.979386912474394,1.0,8,0,-0.26001300876656724,4,1,0.6551113593227723
499851,556193,000000556193.jpg,PROFILE,1,8,30206.8,297.0,1,aic_coco_self,rtmdet_ins_tiny,rtmdet_ins_tiny,4,0.8815,0.9324,0.9324,0,0.9712639860547915,0.9712639860547915,1.0,8,0,-0.25997508953513615,4,1,0.658991690067684
500799,68628,000000068628.jpg,OBLIQUE,2,15,21822.5,221.2,-1,body7_official,gt_box,gt_box,,,1.0,1.0,0,0.9674416003191888,0.9674416003191888,1.0,14,0,-0.4265987183861736,10,-1,0.8153610194430632
500799,68628,000000068628.jpg,OBLIQUE,2,15,21822.5,221.2,-1,body7_official,rtmdet_ins_tiny,rtmdet_ins_tiny,7,0.8012,0.9463,0.9463,0,0.9613809845174569,0.9613809845174569,1.0,14,0,-0.42916225368287925,10,-1,0.8031772901030148
500799,68628,000000068628.jpg,OBLIQUE,2,15,21822.5,221.2,-1,body7_self,gt_box,gt_box,,,1.0,1.0,0,0.9674416003191888,0.9674416003191888,1.0,14,0,-0.4265987183861736,10,-1,0.8153609247768626
500799,68628,000000068628.jpg,OBLIQUE,2,15,21822.5,221.2,-1,body7_self,rtmdet_ins_tiny,rtmdet_ins_tiny,7,0.8012,0.9463,0.9463,0,0.9613809845174569,0.9613809845174569,1.0,14,0,-0.42916225368287925,10,-1,0.8031771849183476
500799,68628,000000068628.jpg,OBLIQUE,2,15,21822.5,221.2,-1,aic_coco_self,gt_box,gt_box,,,1.0,1.0,0,0.9677304799938871,0.9677304799938871,1.0,14,0,-0.41630774041864493,10,-1,0.8366667768534493
500799,68628,000000068628.jpg,OBLIQUE,2,15,21822.5,221.2,-1,aic_coco_self,rtmdet_ins_tiny,rtmdet_ins_tiny,7,0.8012,0.9463,0.9463,0,0.9613409520627857,0.9613409520627857,1.0,14,0,-0.41917028125764105,10,-1,0.8299935179598191
501274,440336,000000440336.jpg,FRONT,3,16,6053.9,148.3,-1,body7_official,gt_box,gt_box,,,1.0,1.0,0,0.9791725777333826,0.9791725777333826,1.0,16,0,-0.4686696152661926,12,-1,0.891814740265117
501274,440336,000000440336.jpg,FRONT,3,16,6053.9,148.3,-1,body7_official,rtmdet_ins_tiny,rtmdet_ins_tiny,46,0.8887,0.9525,0.9525,0,0.9785055653156907,0.9785055653156907,1.0,16,0,-0.4676593522528695,12,-1,0.8993475963087643
501274,440336,000000440336.jpg,FRONT,3,16,6053.9,148.3,-1,body7_self,gt_box,gt_box,,,1.0,1.0,0,0.9791725777333826,0.9791725777333826,1.0,16,0,-0.4686696152661926,12,-1,0.8918147613020504
501274,440336,000000440336.jpg,FRONT,3,16,6053.9,148.3,-1,body7_self,rtmdet_ins_tiny,rtmdet_ins_tiny,46,0.8887,0.9525,0.9525,0,0.9785055653156907,0.9785055653156907,1.0,16,0,-0.4676593522528695,12,-1,0.8993476699380314
501274,440336,000000440336.jpg,FRONT,3,16,6053.9,148.3,-1,aic_coco_self,gt_box,gt_box,,,1.0,1.0,0,0.9804912043811367,0.9804912043811367,1.0,16,0,-0.4684443381344796,12,-1,0.9057710977161632
501274,440336,000000440336.jpg,FRONT,3,16,6053.9,148.3,-1,aic_coco_self,rtmdet_ins_tiny,rtmdet_ins_tiny,46,0.8887,0.9525,0.9525,0,0.980123029713813,0.980123029713813,1.0,16,0,-0.4683176624465121,12,-1,0.9038372495595146
501912,68387,000000068387.jpg,OBLIQUE,2,15,5794.7,140.7,-1,body7_official,gt_box,gt_box,,,1.0,1.0,0,0.9468458367005277,0.9468458367005277,1.0,15,0,-0.45023551459096245,12,-1,0.824086936081157
501912,68387,000000068387.jpg,OBLIQUE,2,15,5794.7,140.7,-1,body7_official,rtmdet_ins_tiny,rtmdet_ins_tiny,23,0.8876,0.9449,0.9449,0,0.9593815329909388,0.9593815329909388,1.0,15,0,-0.451587525319654,12,-1,0.8248321589301614
501912,68387,000000068387.jpg,OBLIQUE,2,15,5794.7,140.7,-1,body7_self,gt_box,gt_box,,,1.0,1.0,0,0.9468458367005277,0.9468458367005277,1.0,15,0,-0.45023551459096245,12,-1,0.8240869010196012
501912,68387,000000068387.jpg,OBLIQUE,2,15,5794.7,140.7,-1,body7_self,rtmdet_ins_tiny,rtmdet_ins_tiny,23,0.8876,0.9449,0.9449,0,0.9593815329909388,0.9593815329909388,1.0,15,0,-0.451587525319654,12,-1,0.8248321413993835
501912,68387,000000068387.jpg,OBLIQUE,2,15,5794.7,140.7,-1,aic_coco_self,gt_box,gt_box,,,1.0,1.0,0,0.974604591528264,0.974604591528264,1.0,15,0,-0.44236781558123134,12,-1,0.8551449635449577
501912,68387,000000068387.jpg,OBLIQUE,2,15,5794.7,140.7,-1,aic_coco_self,rtmdet_ins_tiny,rtmdet_ins_tiny,23,0.8876,0.9449,0.9449,0,0.9730847073683685,0.9730847073683685,1.0,15,0,-0.4477215155147417,12,-1,0.8597605263485628
502460,46872,000000046872.jpg,OBLIQUE,2,15,11905.9,243.2,-1,body7_official,gt_box,gt_box,,,1.0,1.0,0,0.974881013467447,0.974881013467447,1.0,15,0,-0.2225599606405884,12,-1,0.8140722478137297
502460,46872,000000046872.jpg,OBLIQUE,2,15,11905.9,243.2,-1,body7_official,rtmdet_ins_tiny,rtmdet_ins_tiny,5,0.8911,0.9086,0.9086,0,0.9756003146671957,0.9756003146671957,1.0,15,0,-0.22536613112269407,12,-1,0.8360072935328764
502460,46872,000000046872.jpg,OBLIQUE,2,15,11905.9,243.2,-1,body7_self,gt_box,gt_box,,,1.0,1.0,0,0.974881013467447,0.974881013467447,1.0,15,0,-0.2225599606405884,12,-1,0.8140723074183744
502460,46872,000000046872.jpg,OBLIQUE,2,15,11905.9,243.2,-1,body7_self,rtmdet_ins_tiny,rtmdet_ins_tiny,5,0.8911,0.9086,0.9086,0,0.9756003146671957,0.9756003146671957,1.0,15,0,-0.22536613112269407,12,-1,0.8360072760020986
502460,46872,000000046872.jpg,OBLIQUE,2,15,11905.9,243.2,-1,aic_coco_self,gt_box,gt_box,,,1.0,1.0,0,0.9706804860807168,0.9706804860807168,1.0,15,0,-0.22872696796850273,12,-1,0.8625299474772286
502460,46872,000000046872.jpg,OBLIQUE,2,15,11905.9,243.2,-1,aic_coco_self,rtmdet_ins_tiny,rtmdet_ins_tiny,5,0.8911,0.9086,0.9086,0,0.9686429560780124,0.9686429560780124,1.0,15,0,-0.2271080737206721,12,-1,0.8705218399272245
502859,414170,000000414170.jpg,FRONT,3,17,3685.9,127.7,-1,body7_official,gt_box,gt_box,,,1.0,1.0,0,0.9776489464557796,0.9776489464557796,1.0,17,0,-0.4920291149076316,12,-1,0.8702515118262347
502859,414170,000000414170.jpg,FRONT,3,17,3685.9,127.7,-1,body7_official,rtmdet_ins_tiny,rtmdet_ins_tiny,12,0.9178,0.9186,0.9186,0,0.9858925633941112,0.9858925633941112,1.0,17,0,-0.4925274069918263,12,-1,0.865158852408914
502859,414170,000000414170.jpg,FRONT,3,17,3685.9,127.7,-1,body7_self,gt_box,gt_box,,,1.0,1.0,0,0.9776489464557796,0.9776489464557796,1.0,17,0,-0.4920291149076316,12,-1,0.8702514907893013
502859,414170,000000414170.jpg,FRONT,3,17,3685.9,127.7,-1,body7_self,rtmdet_ins_tiny,rtmdet_ins_tiny,12,0.9178,0.9186,0.9186,0,0.9858925633941112,0.9858925633941112,1.0,17,0,-0.4925274069918263,12,-1,0.8651588453966028
502859,414170,000000414170.jpg,FRONT,3,17,3685.9,127.7,-1,aic_coco_self,gt_box,gt_box,,,1.0,1.0,0,0.9844594075463772,0.9844594075463772,1.0,17,0,-0.48464226062235227,12,-1,0.894699471838334
502859,414170,000000414170.jpg,FRONT,3,17,3685.9,127.7,-1,aic_coco_self,rtmdet_ins_tiny,rtmdet_ins_tiny,12,0.9178,0.9186,0.9186,0,0.9860129355162063,0.9860129355162063,1.0,17,0,-0.48700988487987873,12,-1,0.8878778990577249
504454,203864,000000203864.jpg,FRONT,3,16,11393.2,254.9,-1,body7_official,gt_box,gt_box,,,1.0,1.0,0,0.9734214632411049,0.9734214632411049,1.0,16,0,-0.1651237188108257,12,-1,0.8395057776395012
504454,203864,000000203864.jpg,FRONT,3,16,11393.2,254.9,-1,body7_official,rtmdet_ins_tiny,rtmdet_ins_tiny,13,0.9127,0.9322,0.9322,0,0.980482604195295,0.980482604195295,1.0,16,0,-0.16250608436269603,12,-1,0.8322514260516447
504454,203864,000000203864.jpg,FRONT,3,16,11393.2,254.9,-1,body7_self,gt_box,gt_box,,,1.0,1.0,0,0.9734214632411049,0.9734214632411049,1.0,16,0,-0.1651237188108257,12,-1,0.8395058162072125
504454,203864,000000203864.jpg,FRONT,3,16,11393.2,254.9,-1,body7_self,rtmdet_ins_tiny,rtmdet_ins_tiny,13,0.9127,0.9322,0.9322,0,0.980482604195295,0.980482604195295,1.0,16,0,-0.16250608436269603,12,-1,0.8322514470885781
504454,203864,000000203864.jpg,FRONT,3,16,11393.2,254.9,-1,aic_coco_self,gt_box,gt_box,,,1.0,1.0,0,0.924996734857678,0.924996734857678,0.9375,16,0,-0.10887253119551837,12,-1,0.8462239398675806
504454,203864,000000203864.jpg,FRONT,3,16,11393.2,254.9,-1,aic_coco_self,rtmdet_ins_tiny,rtmdet_ins_tiny,13,0.9127,0.9322,0.9322,0,0.8767872825340948,0.8767872825340948,0.9375,16,0,-0.05950350957172701,12,-1,0.8642226667965159
505251,231339,000000231339.jpg,REAR,0,11,36184.6,303.6,1,body7_official,gt_box,gt_box,,,1.0,1.0,0,0.6868347237895622,0.6868347237895622,0.6363636363636364,11,0,-0.006260357452869597,8,1,0.54651378884035
505251,231339,000000231339.jpg,REAR,0,11,36184.6,303.6,1,body7_official,rtmdet_ins_tiny,rtmdet_ins_tiny,5,0.8608,0.9563,0.9563,0,0.7727495947769547,0.7727495947769547,0.7272727272727273,11,0,-0.1312716978302084,8,1,0.5562035634237177
505251,231339,000000231339.jpg,REAR,0,11,36184.6,303.6,1,body7_self,gt_box,gt_box,,,1.0,1.0,0,0.6868347237895622,0.6868347237895622,0.6363636363636364,11,0,-0.006260357452869597,8,1,0.5465138274080613
505251,231339,000000231339.jpg,REAR,0,11,36184.6,303.6,1,body7_self,rtmdet_ins_tiny,rtmdet_ins_tiny,5,0.8608,0.9563,0.9563,0,0.7727495947769547,0.7727495947769547,0.7272727272727273,11,0,-0.1312716978302084,8,1,0.5562035371275509
505251,231339,000000231339.jpg,REAR,0,11,36184.6,303.6,1,aic_coco_self,gt_box,gt_box,,,1.0,1.0,0,0.8744530568130529,0.8744530568130529,0.9090909090909091,11,0,-0.2537194992850243,8,1,0.6507863288416582
505251,231339,000000231339.jpg,REAR,0,11,36184.6,303.6,1,aic_coco_self,rtmdet_ins_tiny,rtmdet_ins_tiny,5,0.8608,0.9563,0.9563,0,0.6971127347464638,0.6971127347464638,0.7272727272727273,11,0,-0.005707440894871768,8,1,0.6403778703773723
506029,129492,000000129492.jpg,OBLIQUE,2,15,15975.4,222.2,-1,body7_official,gt_box,gt_box,,,1.0,1.0,0,0.9578500072682359,0.9578500072682359,1.0,13,0,-0.3670378902622799,8,-1,0.780424449373694
506029,129492,000000129492.jpg,OBLIQUE,2,15,15975.4,222.2,-1,body7_official,rtmdet_ins_tiny,rtmdet_ins_tiny,32,0.8434,0.7803,0.7803,0,0.9619526225480785,0.9619526225480785,1.0,13,0,-0.3699695113691325,8,-1,0.7738230403731851
506029,129492,000000129492.jpg,OBLIQUE,2,15,15975.4,222.2,-1,body7_self,gt_box,gt_box,,,1.0,1.0,0,0.9578500072682359,0.9578500072682359,1.0,13,0,-0.3670378902622799,8,-1,0.7804245282621944
506029,129492,000000129492.jpg,OBLIQUE,2,15,15975.4,222.2,-1,body7_self,rtmdet_ins_tiny,rtmdet_ins_tiny,32,0.8434,0.7803,0.7803,0,0.9619526225480785,0.9619526225480785,1.0,13,0,-0.3699695113691325,8,-1,0.773822991287007
506029,129492,000000129492.jpg,OBLIQUE,2,15,15975.4,222.2,-1,aic_coco_self,gt_box,gt_box,,,1.0,1.0,0,0.961808293424719,0.961808293424719,1.0,13,0,-0.370327943491108,8,-1,0.7963518149712506
506029,129492,000000129492.jpg,OBLIQUE,2,15,15975.4,222.2,-1,aic_coco_self,rtmdet_ins_tiny,rtmdet_ins_tiny,32,0.8434,0.7803,0.7803,0,0.9433827603804141,0.9433827603804141,1.0,13,0,-0.3603748158234388,8,-1,0.8030662448967204
507014,518770,000000518770.jpg,OBLIQUE,2,15,6124.4,186.3,-1,body7_official,gt_box,gt_box,,,1.0,1.0,0,0.9524338068538732,0.9524338068538732,1.0,15,0,-0.13468593937328982,12,-1,0.8139013893464032
507014,518770,000000518770.jpg,OBLIQUE,2,15,6124.4,186.3,-1,body7_official,rtmdet_ins_tiny,rtmdet_ins_tiny,24,0.8475,0.2091,0.9410,2,0.010768715296044458,0.010768715296044458,0.0,15,0,-0.010776033955300801,12,-1,0.8227954226381639
507014,518770,000000518770.jpg,OBLIQUE,2,15,6124.4,186.3,-1,body7_self,gt_box,gt_box,,,1.0,1.0,0,0.9524338068538732,0.9524338068538732,1.0,15,0,-0.13468593937328982,12,-1,0.8139015120618484
507014,518770,000000518770.jpg,OBLIQUE,2,15,6124.4,186.3,-1,body7_self,rtmdet_ins_tiny,rtmdet_ins_tiny,24,0.8475,0.2091,0.9410,2,0.010768715296044458,0.010768715296044458,0.0,15,0,-0.010776033955300801,12,-1,0.822795454193564
507014,518770,000000518770.jpg,OBLIQUE,2,15,6124.4,186.3,-1,aic_coco_self,gt_box,gt_box,,,1.0,1.0,0,0.9575702037247334,0.9575702037247334,1.0,15,0,-0.13219716604487797,12,-1,0.8231589548728045
507014,518770,000000518770.jpg,OBLIQUE,2,15,6124.4,186.3,-1,aic_coco_self,rtmdet_ins_tiny,rtmdet_ins_tiny,24,0.8475,0.2091,0.9410,2,0.009245921118308693,0.009245921118308693,0.0,15,0,-0.011671707050246005,12,-1,0.8729248327367446
507550,424642,000000424642.jpg,OBLIQUE,2,13,8592.4,214.5,1,body7_official,gt_box,gt_box,,,1.0,1.0,0,0.9220628321467618,0.9220628321467618,1.0,13,0,-0.040965424315200526,8,1,0.7974143519121057
507550,424642,000000424642.jpg,OBLIQUE,2,13,8592.4,214.5,1,body7_official,rtmdet_ins_tiny,rtmdet_ins_tiny,2,0.8943,0.9527,0.9527,0,0.9281568712370358,0.9281568712370358,1.0,13,0,-0.04631146795225673,8,1,0.8025933959904838
507550,424642,000000424642.jpg,OBLIQUE,2,13,8592.4,214.5,1,body7_self,gt_box,gt_box,,,1.0,1.0,0,0.9220628321467618,0.9220628321467618,1.0,13,0,-0.040965424315200526,8,1,0.7974143939859727
507550,424642,000000424642.jpg,OBLIQUE,2,13,8592.4,214.5,1,body7_self,rtmdet_ins_tiny,rtmdet_ins_tiny,2,0.8943,0.9527,0.9527,0,0.9281568712370358,0.9281568712370358,1.0,13,0,-0.04631146795225673,8,1,0.8025935362367069
507550,424642,000000424642.jpg,OBLIQUE,2,13,8592.4,214.5,1,aic_coco_self,gt_box,gt_box,,,1.0,1.0,0,0.9271139341538688,0.9271139341538688,1.0,13,0,-0.040308406209823754,8,1,0.7688589271377114
507550,424642,000000424642.jpg,OBLIQUE,2,13,8592.4,214.5,1,aic_coco_self,rtmdet_ins_tiny,rtmdet_ins_tiny,2,0.8943,0.9527,0.9527,0,0.9295857607385671,0.9295857607385671,1.0,13,0,-0.039248070914793334,8,1,0.7742660641670227
508516,171382,000000171382.jpg,FRONT,3,16,6656.0,184.8,-1,body7_official,gt_box,gt_box,,,1.0,1.0,0,0.954739409494575,0.954739409494575,1.0,16,0,-0.3464919595792794,12,-1,0.8666270340190214
508516,171382,000000171382.jpg,FRONT,3,16,6656.0,184.8,-1,body7_official,rtmdet_ins_tiny,rtmdet_ins_tiny,23,0.9014,0.9642,0.9642,0,0.956397323017086,0.956397323017086,1.0,16,0,-0.3482735527829867,12,-1,0.8586769454619464
508516,171382,000000171382.jpg,FRONT,3,16,6656.0,184.8,-1,body7_self,gt_box,gt_box,,,1.0,1.0,0,0.954739409494575,0.954739409494575,1.0,16,0,-0.3464919595792794,12,-1,0.8666269568835988
508516,171382,000000171382.jpg,FRONT,3,16,6656.0,184.8,-1,body7_self,rtmdet_ins_tiny,rtmdet_ins_tiny,23,0.9014,0.9642,0.9642,0,0.956397323017086,0.956397323017086,1.0,16,0,-0.3482735527829867,12,-1,0.8586769419557908
508516,171382,000000171382.jpg,FRONT,3,16,6656.0,184.8,-1,aic_coco_self,gt_box,gt_box,,,1.0,1.0,0,0.9758715675357138,0.9758715675357138,1.0,16,0,-0.3477631822108696,12,-1,0.9046027450000539
508516,171382,000000171382.jpg,FRONT,3,16,6656.0,184.8,-1,aic_coco_self,rtmdet_ins_tiny,rtmdet_ins_tiny,23,0.9014,0.9642,0.9642,0,0.9784344335869878,0.9784344335869878,1.0,16,0,-0.3503799431748212,12,-1,0.8978506642229417
509732,67180,000000067180.jpg,FRONT,3,16,58958.3,484.7,-1,body7_official,gt_box,gt_box,,,1.0,1.0,0,0.9570404332176468,0.9570404332176468,1.0,16,0,-0.3734254742115932,12,-1,0.7663050188737757
509732,67180,000000067180.jpg,FRONT,3,16,58958.3,484.7,-1,body7_official,rtmdet_ins_tiny,rtmdet_ins_tiny,5,0.9317,0.9650,0.9650,0,0.94110335891165,0.94110335891165,1.0,16,0,-0.3716275401898491,12,-1,0.7712584243101233
509732,67180,000000067180.jpg,FRONT,3,16,58958.3,484.7,-1,body7_self,gt_box,gt_box,,,1.0,1.0,0,0.9570404332176468,0.9570404332176468,1.0,16,0,-0.3734254742115932,12,-1,0.7663050399107092
509732,67180,000000067180.jpg,FRONT,3,16,58958.3,484.7,-1,body7_self,rtmdet_ins_tiny,rtmdet_ins_tiny,5,0.9317,0.9650,0.9650,0,0.94110335891165,0.94110335891165,1.0,16,0,-0.3716275401898491,12,-1,0.7712583787301007
509732,67180,000000067180.jpg,FRONT,3,16,58958.3,484.7,-1,aic_coco_self,gt_box,gt_box,,,1.0,1.0,0,0.9642223027790429,0.9642223027790429,1.0,16,0,-0.3799279181501792,12,-1,0.7983303350560805
509732,67180,000000067180.jpg,FRONT,3,16,58958.3,484.7,-1,aic_coco_self,rtmdet_ins_tiny,rtmdet_ins_tiny,5,0.9317,0.9650,0.9650,0,0.9490254961049491,0.9490254961049491,1.0,16,0,-0.37081914484595946,12,-1,0.818404050434337
510340,402615,000000402615.jpg,REAR,0,13,3055.4,113.7,1,body7_official,gt_box,gt_box,,,1.0,1.0,0,0.9584679713121039,0.9584679713121039,1.0,13,0,-0.23171421071915052,12,1,0.7670562758165247
510340,402615,000000402615.jpg,REAR,0,13,3055.4,113.7,1,body7_official,rtmdet_ins_tiny,rtmdet_ins_tiny,34,0.8772,0.9247,0.9247,0,0.9474068194043164,0.9474068194043164,1.0,13,0,-0.22841440848419348,12,1,0.7779816389083862
510340,402615,000000402615.jpg,REAR,0,13,3055.4,113.7,1,body7_self,gt_box,gt_box,,,1.0,1.0,0,0.9584679713121039,0.9584679713121039,1.0,13,0,-0.23171421071915052,12,1,0.7670561916687909
510340,402615,000000402615.jpg,REAR,0,13,3055.4,113.7,1,body7_self,rtmdet_ins_tiny,rtmdet_ins_tiny,34,0.8772,0.9247,0.9247,0,0.9474068194043164,0.9474068194043164,1.0,13,0,-0.22841440848419348,12,1,0.7779815968345193
510340,402615,000000402615.jpg,REAR,0,13,3055.4,113.7,1,aic_coco_self,gt_box,gt_box,,,1.0,1.0,0,0.9697410600648728,0.9697410600648728,1.0,13,0,-0.23813341497115476,12,1,0.8059208778774037
510340,402615,000000402615.jpg,REAR,0,13,3055.4,113.7,1,aic_coco_self,rtmdet_ins_tiny,rtmdet_ins_tiny,34,0.8772,0.9247,0.9247,0,0.9623356001173335,0.9623356001173335,1.0,13,0,-0.23446257053089942,12,1,0.8197731060140273
511965,247917,000000247917.jpg,FRONT,3,16,22926.0,335.1,-1,body7_official,gt_box,gt_box,,,1.0,1.0,0,0.9866576198668298,0.9866576198668298,1.0,16,0,-0.3799687154377334,12,-1,0.9144915482577156
511965,247917,000000247917.jpg,FRONT,3,16,22926.0,335.1,-1,body7_official,rtmdet_ins_tiny,rtmdet_ins_tiny,52,0.9097,0.9786,0.9786,0,0.9880823467767352,0.9880823467767352,1.0,16,0,-0.38030613091333,12,-1,0.9180853296728695
511965,247917,000000247917.jpg,FRONT,3,16,22926.0,335.1,-1,body7_self,gt_box,gt_box,,,1.0,1.0,0,0.9866576198668298,0.9866576198668298,1.0,16,0,-0.3799687154377334,12,-1,0.9144915833192713
511965,247917,000000247917.jpg,FRONT,3,16,22926.0,335.1,-1,body7_self,rtmdet_ins_tiny,rtmdet_ins_tiny,52,0.9097,0.9786,0.9786,0,0.9880823467767352,0.9880823467767352,1.0,16,0,-0.38030613091333,12,-1,0.918085350709803
511965,247917,000000247917.jpg,FRONT,3,16,22926.0,335.1,-1,aic_coco_self,gt_box,gt_box,,,1.0,1.0,0,0.9811947079136065,0.9811947079136065,1.0,16,0,-0.3805675779847582,12,-1,0.9402481668135699
511965,247917,000000247917.jpg,FRONT,3,16,22926.0,335.1,-1,aic_coco_self,rtmdet_ins_tiny,rtmdet_ins_tiny,52,0.9097,0.9786,0.9786,0,0.9827483991233621,0.9827483991233621,1.0,16,0,-0.38087479331003554,12,-1,0.949137526399949
512682,537827,000000537827.jpg,OBLIQUE,2,13,9436.6,237.8,1,body7_official,gt_box,gt_box,,,1.0,1.0,0,0.9805981854067546,0.9805981854067546,1.0,13,0,-0.13412835155692174,8,1,0.7743381857872009
512682,537827,000000537827.jpg,OBLIQUE,2,13,9436.6,237.8,1,body7_official,rtmdet_ins_tiny,rtmdet_ins_tiny,3,0.8672,0.9293,0.9293,0,0.9798927704382694,0.9798927704382694,1.0,13,0,-0.13398109510828507,8,1,0.778611817780663
512682,537827,000000537827.jpg,OBLIQUE,2,13,9436.6,237.8,1,body7_self,gt_box,gt_box,,,1.0,1.0,0,0.9805981854067546,0.9805981854067546,1.0,13,0,-0.13412835155692174,8,1,0.7743382664287791
512682,537827,000000537827.jpg,OBLIQUE,2,13,9436.6,237.8,1,body7_self,rtmdet_ins_tiny,rtmdet_ins_tiny,3,0.8672,0.9293,0.9293,0,0.9798927704382694,0.9798927704382694,1.0,13,0,-0.13398109510828507,8,1,0.7786118703729966
512682,537827,000000537827.jpg,OBLIQUE,2,13,9436.6,237.8,1,aic_coco_self,gt_box,gt_box,,,1.0,1.0,0,0.9743535302415987,0.9743535302415987,1.0,13,0,-0.13249350360294482,8,1,0.7765955013387343
512682,537827,000000537827.jpg,OBLIQUE,2,13,9436.6,237.8,1,aic_coco_self,rtmdet_ins_tiny,rtmdet_ins_tiny,3,0.8672,0.9293,0.9293,0,0.9794896574124526,0.9794896574124526,1.0,13,0,-0.13410912187325294,8,1,0.7821475810864392
514022,424642,000000424642.jpg,OBLIQUE,2,16,6188.8,159.1,-1,body7_official,gt_box,gt_box,,,1.0,1.0,0,0.9392301333290934,0.9392301333290934,1.0,15,0,-0.4564875723215493,12,-1,0.872095153612249
514022,424642,000000424642.jpg,OBLIQUE,2,16,6188.8,159.1,-1,body7_official,rtmdet_ins_tiny,rtmdet_ins_tiny,5,0.9004,0.9351,0.9351,0,0.956127644488076,0.956127644488076,1.0,15,0,-0.4597304427985598,12,-1,0.8527825895477744
514022,424642,000000424642.jpg,OBLIQUE,2,16,6188.8,159.1,-1,body7_self,gt_box,gt_box,,,1.0,1.0,0,0.9392301333290934,0.9392301333290934,1.0,15,0,-0.4564875723215493,12,-1,0.8720952202292049
514022,424642,000000424642.jpg,OBLIQUE,2,16,6188.8,159.1,-1,body7_self,rtmdet_ins_tiny,rtmdet_ins_tiny,5,0.9004,0.9351,0.9351,0,0.956127644488076,0.956127644488076,1.0,15,0,-0.4597304427985598,12,-1,0.852782666683197
514022,424642,000000424642.jpg,OBLIQUE,2,16,6188.8,159.1,-1,aic_coco_self,gt_box,gt_box,,,1.0,1.0,0,0.9545552020614249,0.9545552020614249,1.0,15,0,-0.45643016649415885,12,-1,0.854342544780058
514022,424642,000000424642.jpg,OBLIQUE,2,16,6188.8,159.1,-1,aic_coco_self,rtmdet_ins_tiny,rtmdet_ins_tiny,5,0.9004,0.9351,0.9351,0,0.9642181867967612,0.9642181867967612,1.0,15,0,-0.4568009145787533,12,-1,0.850363717359655
514577,885,000000000885.jpg,FRONT,3,17,6234.2,169.6,-1,body7_official,gt_box,gt_box,,,1.0,1.0,0,0.9664447300405689,0.9664447300405689,1.0,14,0,-0.5174330312136888,10,-1,0.8921774134916418
514577,885,000000000885.jpg,FRONT,3,17,6234.2,169.6,-1,body7_official,rtmdet_ins_tiny,rtmdet_ins_tiny,13,0.5740,0.3287,0.8294,1,1.5025581926302302e-11,1.5025581926302302e-11,0.0,14,0,-0.08590078277424684,10,-1,0.6845506569918465
514577,885,000000000885.jpg,FRONT,3,17,6234.2,169.6,-1,body7_self,gt_box,gt_box,,,1.0,1.0,0,0.9664447300405689,0.9664447300405689,1.0,14,0,-0.5174330312136888,10,-1,0.8921773889485527
514577,885,000000000885.jpg,FRONT,3,17,6234.2,169.6,-1,body7_self,rtmdet_ins_tiny,rtmdet_ins_tiny,13,0.5740,0.3287,0.8294,1,1.5025581926302302e-11,1.5025581926302302e-11,0.0,14,0,-0.08590078277424684,10,-1,0.6845507288680357
514577,885,000000000885.jpg,FRONT,3,17,6234.2,169.6,-1,aic_coco_self,gt_box,gt_box,,,1.0,1.0,0,0.9712784265740522,0.9712784265740522,1.0,14,0,-0.5225926017429183,10,-1,0.8938746417269987
514577,885,000000000885.jpg,FRONT,3,17,6234.2,169.6,-1,aic_coco_self,rtmdet_ins_tiny,rtmdet_ins_tiny,13,0.5740,0.3287,0.8294,1,5.657688798089049e-12,5.657688798089049e-12,0.0,14,0,-0.07490252098996164,10,-1,0.6926993131637573
515506,224675,000000224675.jpg,FRONT,3,12,36612.9,296.0,-1,body7_official,gt_box,gt_box,,,1.0,1.0,0,0.9538859213523735,0.9538859213523735,1.0,12,0,-0.38786306394277364,8,-1,0.7224246403750252
515506,224675,000000224675.jpg,FRONT,3,12,36612.9,296.0,-1,body7_official,rtmdet_ins_tiny,rtmdet_ins_tiny,9,0.8205,0.9338,0.9338,0,0.9595784553333813,0.9595784553333813,1.0,12,0,-0.3856202371347701,8,-1,0.7307767166810877
515506,224675,000000224675.jpg,FRONT,3,12,36612.9,296.0,-1,body7_self,gt_box,gt_box,,,1.0,1.0,0,0.9538859213523735,0.9538859213523735,1.0,12,0,-0.38786306394277364,8,-1,0.7224247227696812
515506,224675,000000224675.jpg,FRONT,3,12,36612.9,296.0,-1,body7_self,rtmdet_ins_tiny,rtmdet_ins_tiny,9,0.8205,0.9338,0.9338,0,0.9595784553333813,0.9595784553333813,1.0,12,0,-0.3856202371347701,8,-1,0.7307767727795769
515506,224675,000000224675.jpg,FRONT,3,12,36612.9,296.0,-1,aic_coco_self,gt_box,gt_box,,,1.0,1.0,0,0.942884555393758,0.942884555393758,1.0,12,0,-0.38971968955635455,8,-1,0.6999476218924803
515506,224675,000000224675.jpg,FRONT,3,12,36612.9,296.0,-1,aic_coco_self,rtmdet_ins_tiny,rtmdet_ins_tiny,9,0.8205,0.9338,0.9338,0,0.9465419060172883,0.9465419060172883,1.0,12,0,-0.38786589758561885,8,-1,0.7088243908741895
517847,281687,000000281687.jpg,FRONT,3,16,3524.3,163.0,-1,body7_official,gt_box,gt_box,,,1.0,1.0,0,0.9295740130081084,0.9295740130081084,1.0,14,0,-0.23356937233496503,8,-1,0.7770620970165029
517847,281687,000000281687.jpg,FRONT,3,16,3524.3,163.0,-1,body7_official,rtmdet_ins_tiny,rtmdet_ins_tiny,44,0.7682,0.9126,0.9126,0,0.9537723467566002,0.9537723467566002,1.0,14,0,-0.2364048471074457,8,-1,0.7856345702620113
517847,281687,000000281687.jpg,FRONT,3,16,3524.3,163.0,-1,body7_self,gt_box,gt_box,,,1.0,1.0,0,0.9295740130081084,0.9295740130081084,1.0,14,0,-0.23356937233496503,8,-1,0.7770619848195244
517847,281687,000000281687.jpg,FRONT,3,16,3524.3,163.0,-1,body7_self,rtmdet_ins_tiny,rtmdet_ins_tiny,44,0.7682,0.9126,0.9126,0,0.9537723467566002,0.9537723467566002,1.0,14,0,-0.2364048471074457,8,-1,0.7856344861142776
517847,281687,000000281687.jpg,FRONT,3,16,3524.3,163.0,-1,aic_coco_self,gt_box,gt_box,,,1.0,1.0,0,0.9484812391264794,0.9484812391264794,1.0,14,0,-0.2247599408338309,8,-1,0.7562312168233535
517847,281687,000000281687.jpg,FRONT,3,16,3524.3,163.0,-1,aic_coco_self,rtmdet_ins_tiny,rtmdet_ins_tiny,44,0.7682,0.9126,0.9126,0,0.9448399180386486,0.9448399180386486,1.0,14,0,-0.23067056897777813,8,-1,0.7925680314793306
518898,561958,000000561958.jpg,REAR,0,13,5470.5,156.3,1,body7_official,gt_box,gt_box,,,1.0,1.0,0,0.9711956926606655,0.9711956926606655,1.0,12,0,-0.38840821662029856,8,1,0.668160699746188
518898,561958,000000561958.jpg,REAR,0,13,5470.5,156.3,1,body7_official,rtmdet_ins_tiny,rtmdet_ins_tiny,51,0.8066,0.1000,0.9457,1,0.0008773641374280805,0.0008773641374280805,0.0,12,0,-0.031062146150083625,8,1,0.6757024526596069
518898,561958,000000561958.jpg,REAR,0,13,5470.5,156.3,1,body7_self,gt_box,gt_box,,,1.0,1.0,0,0.9711956926606655,0.9711956926606655,1.0,12,0,-0.38840821662029856,8,1,0.6681605945615208
518898,561958,000000561958.jpg,REAR,0,13,5470.5,156.3,1,body7_self,rtmdet_ins_tiny,rtmdet_ins_tiny,51,0.8066,0.1000,0.9457,1,0.0008773641374280805,0.0008773641374280805,0.0,12,0,-0.031062146150083625,8,1,0.6757026402389302
518898,561958,000000561958.jpg,REAR,0,13,5470.5,156.3,1,aic_coco_self,gt_box,gt_box,,,1.0,1.0,0,0.9726479713436937,0.9726479713436937,1.0,12,0,-0.38775555784822363,8,1,0.7216793964890873
518898,561958,000000561958.jpg,REAR,0,13,5470.5,156.3,1,aic_coco_self,rtmdet_ins_tiny,rtmdet_ins_tiny,51,0.8066,0.1000,0.9457,1,0.0008148192992685842,0.0008148192992685842,0.0,12,0,-0.030331101884347622,8,1,0.7797883152961731
520242,210388,000000210388.jpg,OBLIQUE,2,15,14429.4,214.4,-1,body7_official,gt_box,gt_box,,,1.0,1.0,0,0.9737115324236238,0.9737115324236238,1.0,13,0,-0.3670018913548436,10,-1,0.7492694469059215
520242,210388,000000210388.jpg,OBLIQUE,2,15,14429.4,214.4,-1,body7_official,rtmdet_ins_tiny,rtmdet_ins_tiny,7,0.8958,0.8532,0.8532,0,0.9772553631887758,0.9772553631887758,1.0,13,0,-0.37339884735034556,10,-1,0.7518820061403162
520242,210388,000000210388.jpg,OBLIQUE,2,15,14429.4,214.4,-1,body7_self,gt_box,gt_box,,,1.0,1.0,0,0.9737115324236238,0.9737115324236238,1.0,13,0,-0.3670018913548436,10,-1,0.7492694469059215
520242,210388,000000210388.jpg,OBLIQUE,2,15,14429.4,214.4,-1,body7_self,rtmdet_ins_tiny,rtmdet_ins_tiny,7,0.8958,0.8532,0.8532,0,0.9772553631887758,0.9772553631887758,1.0,13,0,-0.37339884735034556,10,-1,0.7518820271772497
520242,210388,000000210388.jpg,OBLIQUE,2,15,14429.4,214.4,-1,aic_coco_self,gt_box,gt_box,,,1.0,1.0,0,0.969750498862636,0.969750498862636,1.0,13,0,-0.36431442284465065,10,-1,0.7992589894463035
520242,210388,000000210388.jpg,OBLIQUE,2,15,14429.4,214.4,-1,aic_coco_self,rtmdet_ins_tiny,rtmdet_ins_tiny,7,0.8958,0.8532,0.8532,0,0.9713984606092331,0.9713984606092331,1.0,13,0,-0.3728407377741903,10,-1,0.8114837828804465
521392,173830,000000173830.jpg,FRONT,3,16,52097.1,384.3,-1,body7_official,gt_box,gt_box,,,1.0,1.0,0,0.9435832370112752,0.9435832370112752,1.0,14,0,-0.36679049550676374,8,-1,0.7462486940271714
521392,173830,000000173830.jpg,FRONT,3,16,52097.1,384.3,-1,body7_official,rtmdet_ins_tiny,rtmdet_ins_tiny,17,0.8643,0.8840,0.8840,0,0.9416638769668381,0.9416638769668381,1.0,14,0,-0.3702642417908476,8,-1,0.7397753631367403
521392,173830,000000173830.jpg,FRONT,3,16,52097.1,384.3,-1,body7_self,gt_box,gt_box,,,1.0,1.0,0,0.9435832370112752,0.9435832370112752,1.0,14,0,-0.36679049550676374,8,-1,0.7462486835087047
521392,173830,000000173830.jpg,FRONT,3,16,52097.1,384.3,-1,body7_self,rtmdet_ins_tiny,rtmdet_ins_tiny,17,0.8643,0.8840,0.8840,0,0.9416638769668381,0.9416638769668381,1.0,14,0,-0.3702642417908476,8,-1,0.7397754578029409
521392,173830,000000173830.jpg,FRONT,3,16,52097.1,384.3,-1,aic_coco_self,gt_box,gt_box,,,1.0,1.0,0,0.9473857305585722,0.9473857305585722,1.0,14,0,-0.36994920725263036,8,-1,0.7703423780553481
521392,173830,000000173830.jpg,FRONT,3,16,52097.1,384.3,-1,aic_coco_self,rtmdet_ins_tiny,rtmdet_ins_tiny,17,0.8643,0.8840,0.8840,0,0.9559199131695438,0.9559199131695438,1.0,14,0,-0.37231862525985066,8,-1,0.7800003745976616
523666,54593,000000054593.jpg,OBLIQUE,2,15,5573.4,122.1,-1,body7_official,gt_box,gt_box,,,1.0,1.0,0,0.9168204122063709,0.9168204122063709,1.0,15,0,-0.3616111690203822,12,-1,0.6708845846793231
523666,54593,000000054593.jpg,OBLIQUE,2,15,5573.4,122.1,-1,body7_official,rtmdet_ins_tiny,rtmdet_ins_tiny,25,0.6890,0.8063,0.8063,0,0.8900604473080355,0.8900604473080355,1.0,15,0,-0.3641354422878218,12,-1,0.6942005402901593
523666,54593,000000054593.jpg,OBLIQUE,2,15,5573.4,122.1,-1,body7_self,gt_box,gt_box,,,1.0,1.0,0,0.9168204122063709,0.9168204122063709,1.0,15,0,-0.3616111690203822,12,-1,0.6708844023592332
523666,54593,000000054593.jpg,OBLIQUE,2,15,5573.4,122.1,-1,body7_self,rtmdet_ins_tiny,rtmdet_ins_tiny,25,0.6890,0.8063,0.8063,0,0.8900604473080355,0.8900604473080355,1.0,15,0,-0.3641354422878218,12,-1,0.694200501722448
523666,54593,000000054593.jpg,OBLIQUE,2,15,5573.4,122.1,-1,aic_coco_self,gt_box,gt_box,,,1.0,1.0,0,0.9275945380395101,0.9275945380395101,1.0,15,0,-0.37995176600594516,12,-1,0.7595651184811312
523666,54593,000000054593.jpg,OBLIQUE,2,15,5573.4,122.1,-1,aic_coco_self,rtmdet_ins_tiny,rtmdet_ins_tiny,25,0.6890,0.8063,0.8063,0,0.9225586358408288,0.9225586358408288,1.0,15,0,-0.379306185674115,12,-1,0.7431850783965167
525235,127530,000000127530.jpg,FRONT,3,12,62639.3,424.5,-1,body7_official,gt_box,gt_box,,,1.0,1.0,0,0.9812159245113574,0.9812159245113574,1.0,12,0,-0.3137214413378607,8,-1,0.6945648377432543
525235,127530,000000127530.jpg,FRONT,3,12,62639.3,424.5,-1,body7_official,rtmdet_ins_tiny,rtmdet_ins_tiny,2,0.8245,0.9550,0.9550,0,0.978352951752299,0.978352951752299,1.0,12,0,-0.312827437104481,8,-1,0.6815199378658744
525235,127530,000000127530.jpg,FRONT,3,12,62639.3,424.5,-1,body7_self,gt_box,gt_box,,,1.0,1.0,0,0.9812159245113574,0.9812159245113574,1.0,12,0,-0.3137214413378607,8,-1,0.6945648947182823
525235,127530,000000127530.jpg,FRONT,3,12,62639.3,424.5,-1,body7_self,rtmdet_ins_tiny,rtmdet_ins_tiny,2,0.8245,0.9550,0.9550,0,0.978352951752299,0.978352951752299,1.0,12,0,-0.312827437104481,8,-1,0.6815200325320748
525235,127530,000000127530.jpg,FRONT,3,12,62639.3,424.5,-1,aic_coco_self,gt_box,gt_box,,,1.0,1.0,0,0.9810641274577779,0.9810641274577779,1.0,12,0,-0.3095769733398302,8,-1,0.7229986462522956
525235,127530,000000127530.jpg,FRONT,3,12,62639.3,424.5,-1,aic_coco_self,rtmdet_ins_tiny,rtmdet_ins_tiny,2,0.8245,0.9550,0.9550,0,0.9733115217933249,0.9733115217933249,1.0,12,0,-0.3063244984158548,8,-1,0.7078732865698197
528200,482800,000000482800.jpg,FRONT,3,16,11968.6,261.9,-1,body7_official,gt_box,gt_box,,,1.0,1.0,0,0.9808476350737998,0.9808476350737998,1.0,16,0,-0.28689990865239445,12,-1,0.9187953577322119
528200,482800,000000482800.jpg,FRONT,3,16,11968.6,261.9,-1,body7_official,rtmdet_ins_tiny,rtmdet_ins_tiny,12,0.8968,0.8965,0.8965,0,0.9790119833456823,0.9790119833456823,1.0,16,0,-0.2843339348497845,12,-1,0.9250430464744568
528200,482800,000000482800.jpg,FRONT,3,16,11968.6,261.9,-1,body7_self,gt_box,gt_box,,,1.0,1.0,0,0.9808476350737998,0.9808476350737998,1.0,16,0,-0.28689990865239445,12,-1,0.9187953261768117
528200,482800,000000482800.jpg,FRONT,3,16,11968.6,261.9,-1,body7_self,rtmdet_ins_tiny,rtmdet_ins_tiny,12,0.8968,0.8965,0.8965,0,0.9790119833456823,0.9790119833456823,1.0,16,0,-0.2843339348497845,12,-1,0.9250431832145242
528200,482800,000000482800.jpg,FRONT,3,16,11968.6,261.9,-1,aic_coco_self,gt_box,gt_box,,,1.0,1.0,0,0.9710646449437347,0.9710646449437347,1.0,16,0,-0.2837507315629217,12,-1,0.9154006558306077
528200,482800,000000482800.jpg,FRONT,3,16,11968.6,261.9,-1,aic_coco_self,rtmdet_ins_tiny,rtmdet_ins_tiny,12,0.8968,0.8965,0.8965,0,0.9736861924363673,0.9736861924363673,1.0,16,0,-0.2844754247663828,12,-1,0.9172378427842084
529128,453166,000000453166.jpg,FRONT,3,13,47574.3,374.1,-1,body7_official,gt_box,gt_box,,,1.0,1.0,0,0.971188288754202,0.971188288754202,1.0,13,0,-0.29025562067611094,6,-1,0.7983271391952739
529128,453166,000000453166.jpg,FRONT,3,13,47574.3,374.1,-1,body7_official,rtmdet_ins_tiny,rtmdet_ins_tiny,20,0.8777,0.8840,0.8840,0,0.9704577175487609,0.9704577175487609,1.0,13,0,-0.2896786488712683,6,-1,0.7995816364007837
529128,453166,000000453166.jpg,FRONT,3,13,47574.3,374.1,-1,body7_self,gt_box,gt_box,,,1.0,1.0,0,0.971188288754202,0.971188288754202,1.0,13,0,-0.29025562067611094,6,-1,0.7983271444545073
529128,453166,000000453166.jpg,FRONT,3,13,47574.3,374.1,-1,body7_self,rtmdet_ins_tiny,rtmdet_ins_tiny,20,0.8777,0.8840,0.8840,0,0.9704577175487609,0.9704577175487609,1.0,13,0,-0.2896786488712683,6,-1,0.7995817240546731
529128,453166,000000453166.jpg,FRONT,3,13,47574.3,374.1,-1,aic_coco_self,gt_box,gt_box,,,1.0,1.0,0,0.9700138540892168,0.9700138540892168,1.0,13,0,-0.2924106663856555,6,-1,0.772449172594968
529128,453166,000000453166.jpg,FRONT,3,13,47574.3,374.1,-1,aic_coco_self,rtmdet_ins_tiny,rtmdet_ins_tiny,20,0.8777,0.8840,0.8840,0,0.9678177459714643,0.9678177459714643,1.0,13,0,-0.28840405846890166,6,-1,0.7847328291219824
530738,372349,000000372349.jpg,FRONT,3,14,6789.4,164.0,-1,body7_official,gt_box,gt_box,,,1.0,1.0,0,0.920315093591858,0.920315093591858,1.0,14,0,-0.1897011266784454,10,-1,0.7181543777970707
530738,372349,000000372349.jpg,FRONT,3,14,6789.4,164.0,-1,body7_official,rtmdet_ins_tiny,rtmdet_ins_tiny,2,0.8536,0.7961,0.7961,0,0.8984225458930152,0.8984225458930152,1.0,14,0,-0.18577917046183678,10,-1,0.7921777472776526
530738,372349,000000372349.jpg,FRONT,3,14,6789.4,164.0,-1,body7_self,gt_box,gt_box,,,1.0,1.0,0,0.920315093591858,0.920315093591858,1.0,14,0,-0.1897011266784454,10,-1,0.718154276118559
530738,372349,000000372349.jpg,FRONT,3,14,6789.4,164.0,-1,body7_self,rtmdet_ins_tiny,rtmdet_ins_tiny,2,0.8536,0.7961,0.7961,0,0.8984225458930152,0.8984225458930152,1.0,14,0,-0.18577917046183678,10,-1,0.7921777613022748
530738,372349,000000372349.jpg,FRONT,3,14,6789.4,164.0,-1,aic_coco_self,gt_box,gt_box,,,1.0,1.0,0,0.9311391664613311,0.9311391664613311,1.0,14,0,-0.1921038045717159,10,-1,0.6841622328057009
530738,372349,000000372349.jpg,FRONT,3,14,6789.4,164.0,-1,aic_coco_self,rtmdet_ins_tiny,rtmdet_ins_tiny,2,0.8536,0.7961,0.7961,0,0.9175508575171494,0.9175508575171494,1.0,14,0,-0.1944673366382882,10,-1,0.7394253366133746
532200,18150,000000018150.jpg,FRONT,3,14,96617.9,430.4,-1,body7_official,gt_box,gt_box,,,1.0,1.0,0,0.9648959048645683,0.9648959048645683,1.0,14,0,-0.4490532865120968,10,-1,0.6521403333720039
532200,18150,000000018150.jpg,FRONT,3,14,96617.9,430.4,-1,body7_official,rtmdet_ins_tiny,rtmdet_ins_tiny,22,0.8219,0.9084,0.9084,0,0.9387618395609537,0.9387618395609537,1.0,14,0,-0.4353859707493628,10,-1,0.614911733304753
532200,18150,000000018150.jpg,FRONT,3,14,96617.9,430.4,-1,body7_self,gt_box,gt_box,,,1.0,1.0,0,0.9648959048645683,0.9648959048645683,1.0,14,0,-0.4490532865120968,10,-1,0.6521403947297264
532200,18150,000000018150.jpg,FRONT,3,14,96617.9,430.4,-1,body7_self,rtmdet_ins_tiny,rtmdet_ins_tiny,22,0.8219,0.9084,0.9084,0,0.9387618395609537,0.9387618395609537,1.0,14,0,-0.4353859707493628,10,-1,0.6149115255650353
532200,18150,000000018150.jpg,FRONT,3,14,96617.9,430.4,-1,aic_coco_self,gt_box,gt_box,,,1.0,1.0,0,0.956994247155785,0.956994247155785,1.0,14,0,-0.45202467785347455,10,-1,0.6903070877580082
532200,18150,000000018150.jpg,FRONT,3,14,96617.9,430.4,-1,aic_coco_self,rtmdet_ins_tiny,rtmdet_ins_tiny,22,0.8219,0.9084,0.9084,0,0.9626101445367584,0.9626101445367584,1.0,14,0,-0.44565926580606136,10,-1,0.6673289467306698
533980,100238,000000100238.jpg,FRONT,3,15,62990.3,438.8,-1,body7_official,gt_box,gt_box,,,1.0,1.0,0,0.9893011844291364,0.9893011844291364,1.0,14,0,-0.44891245176821243,8,-1,0.8898478430860183
533980,100238,000000100238.jpg,FRONT,3,15,62990.3,438.8,-1,body7_official,rtmdet_ins_tiny,rtmdet_ins_tiny,15,0.8966,0.9310,0.9310,0,0.9860883057817382,0.9860883057817382,1.0,14,0,-0.4476711094975291,8,-1,0.8928661136066213
533980,100238,000000100238.jpg,FRONT,3,15,62990.3,438.8,-1,body7_self,gt_box,gt_box,,,1.0,1.0,0,0.9893011844291364,0.9893011844291364,1.0,14,0,-0.44891245176821243,8,-1,0.8898478430860183
533980,100238,000000100238.jpg,FRONT,3,15,62990.3,438.8,-1,body7_self,rtmdet_ins_tiny,rtmdet_ins_tiny,15,0.8966,0.9310,0.9310,0,0.9860883057817382,0.9860883057817382,1.0,14,0,-0.4476711094975291,8,-1,0.8928661206189323
533980,100238,000000100238.jpg,FRONT,3,15,62990.3,438.8,-1,aic_coco_self,gt_box,gt_box,,,1.0,1.0,0,0.9867636276964239,0.9867636276964239,1.0,14,0,-0.44311121472922543,8,-1,0.8405362174791449
533980,100238,000000100238.jpg,FRONT,3,15,62990.3,438.8,-1,aic_coco_self,rtmdet_ins_tiny,rtmdet_ins_tiny,15,0.8966,0.9310,0.9310,0,0.9860390679844475,0.9860390679844475,1.0,14,0,-0.4455429139636904,8,-1,0.8541396628407871
535192,326970,000000326970.jpg,OBLIQUE,2,15,54901.4,434.7,-1,body7_official,gt_box,gt_box,,,1.0,1.0,0,0.9655812358522745,0.9655812358522745,1.0,15,0,-0.3493648076644222,12,-1,0.7662532574990216
535192,326970,000000326970.jpg,OBLIQUE,2,15,54901.4,434.7,-1,body7_official,rtmdet_ins_tiny,rtmdet_ins_tiny,21,0.9094,0.9477,0.9477,0,0.9486617066332115,0.9486617066332115,1.0,15,0,-0.34909980307684224,12,-1,0.7620273933691137
535192,326970,000000326970.jpg,OBLIQUE,2,15,54901.4,434.7,-1,body7_self,gt_box,gt_box,,,1.0,1.0,0,0.9655812358522745,0.9655812358522745,1.0,15,0,-0.3493648076644222,12,-1,0.7662531838697546
535192,326970,000000326970.jpg,OBLIQUE,2,15,54901.4,434.7,-1,body7_self,rtmdet_ins_tiny,rtmdet_ins_tiny,21,0.9094,0.9477,0.9477,0,0.9486617066332115,0.9486617066332115,1.0,15,0,-0.34909980307684224,12,-1,0.762027316233691
535192,326970,000000326970.jpg,OBLIQUE,2,15,54901.4,434.7,-1,aic_coco_self,gt_box,gt_box,,,1.0,1.0,0,0.951197119630217,0.951197119630217,1.0,15,0,-0.34976584594996524,12,-1,0.8446867501034456
535192,326970,000000326970.jpg,OBLIQUE,2,15,54901.4,434.7,-1,aic_coco_self,rtmdet_ins_tiny,rtmdet_ins_tiny,21,0.9094,0.9477,0.9477,0,0.9524206875593223,0.9524206875593223,1.0,15,0,-0.3506574896414244,12,-1,0.8451154968317818
536733,453166,000000453166.jpg,FRONT,3,15,39291.6,384.3,-1,body7_official,gt_box,gt_box,,,1.0,1.0,0,0.9721844094166291,0.9721844094166291,1.0,15,0,-0.4051725205876106,10,-1,0.8150797503836015
536733,453166,000000453166.jpg,FRONT,3,15,39291.6,384.3,-1,body7_official,rtmdet_ins_tiny,rtmdet_ins_tiny,17,0.9088,0.0212,0.9792,1,0.00027921270931616747,0.00027921270931616747,0.0,15,0,-0.018097059170649965,10,-1,0.8514683597228107
536733,453166,000000453166.jpg,FRONT,3,15,39291.6,384.3,-1,body7_self,gt_box,gt_box,,,1.0,1.0,0,0.9721844094166291,0.9721844094166291,1.0,15,0,-0.4051725205876106,10,-1,0.8150798152474796
536733,453166,000000453166.jpg,FRONT,3,15,39291.6,384.3,-1,body7_self,rtmdet_ins_tiny,rtmdet_ins_tiny,17,0.9088,0.0212,0.9792,1,0.00027921270931616747,0.00027921270931616747,0.0,15,0,-0.018097059170649965,10,-1,0.8514684859444114
536733,453166,000000453166.jpg,FRONT,3,15,39291.6,384.3,-1,aic_coco_self,gt_box,gt_box,,,1.0,1.0,0,0.9538559943005588,0.9538559943005588,1.0,15,0,-0.39587179715721965,10,-1,0.8378540172296411
536733,453166,000000453166.jpg,FRONT,3,15,39291.6,384.3,-1,aic_coco_self,rtmdet_ins_tiny,rtmdet_ins_tiny,17,0.9088,0.0212,0.9792,1,0.00026217687088435864,0.00026217687088435864,0.0,15,0,-0.017942459490406182,10,-1,0.851601193932926
539235,150649,000000150649.jpg,REAR,0,11,3959.1,152.0,1,body7_official,gt_box,gt_box,,,1.0,1.0,0,0.8020404108656599,0.8020404108656599,0.8181818181818182,11,0,-0.10499125557326316,8,1,0.6450955043820774
539235,150649,000000150649.jpg,REAR,0,11,3959.1,152.0,1,body7_official,rtmdet_ins_tiny,rtmdet_ins_tiny,16,0.8447,0.9584,0.9584,0,0.7962606657084854,0.7962606657084854,0.8181818181818182,11,0,-0.10084122076858779,8,1,0.6383559169138179
539235,150649,000000150649.jpg,REAR,0,11,3959.1,152.0,1,body7_self,gt_box,gt_box,,,1.0,1.0,0,0.8020404108656599,0.8020404108656599,0.8181818181818182,11,0,-0.10499125557326316,8,1,0.6450953658889321
539235,150649,000000150649.jpg,REAR,0,11,3959.1,152.0,1,body7_self,rtmdet_ins_tiny,rtmdet_ins_tiny,16,0.8447,0.9584,0.9584,0,0.7962606657084854,0.7962606657084854,0.8181818181818182,11,0,-0.10084122076858779,8,1,0.6383559563580681
539235,150649,000000150649.jpg,REAR,0,11,3959.1,152.0,1,aic_coco_self,gt_box,gt_box,,,1.0,1.0,0,0.8987790209514607,0.8987790209514607,1.0,11,0,-0.25693271683791175,8,1,0.6562739558079663
539235,150649,000000150649.jpg,REAR,0,11,3959.1,152.0,1,aic_coco_self,rtmdet_ins_tiny,rtmdet_ins_tiny,16,0.8447,0.9584,0.9584,0,0.8989032797302067,0.8989032797302067,1.0,11,0,-0.25770530312072465,8,1,0.6500825110603782
541255,461009,000000461009.jpg,REAR,0,12,6258.3,199.3,-1,body7_official,gt_box,gt_box,,,1.0,1.0,0,0.971566382183334,0.971566382183334,1.0,12,0,-0.2074891760122567,8,-1,0.7651344222180984
541255,461009,000000461009.jpg,REAR,0,12,6258.3,199.3,-1,body7_official,rtmdet_ins_tiny,rtmdet_ins_tiny,28,0.3998,0.8710,0.8710,0,0.9655743005821623,0.9655743005821623,1.0,12,0,-0.1991132260304587,8,-1,0.7557595828000236
541255,461009,000000461009.jpg,REAR,0,12,6258.3,199.3,-1,body7_self,gt_box,gt_box,,,1.0,1.0,0,0.971566382183334,0.971566382183334,1.0,12,0,-0.2074891760122567,8,-1,0.7651345309089211
541255,461009,000000461009.jpg,REAR,0,12,6258.3,199.3,-1,body7_self,rtmdet_ins_tiny,rtmdet_ins_tiny,28,0.3998,0.8710,0.8710,0,0.9655743005821623,0.9655743005821623,1.0,12,0,-0.1991132260304587,8,-1,0.7557596231208128
541255,461009,000000461009.jpg,REAR,0,12,6258.3,199.3,-1,aic_coco_self,gt_box,gt_box,,,1.0,1.0,0,0.9426455801720325,0.9426455801720325,1.0,12,0,-0.1805167769013417,8,-1,0.7080569582826951
541255,461009,000000461009.jpg,REAR,0,12,6258.3,199.3,-1,aic_coco_self,rtmdet_ins_tiny,rtmdet_ins_tiny,28,0.3998,0.8710,0.8710,0,0.9119190350570122,0.9119190350570122,1.0,12,0,-0.16896444889544365,8,-1,0.7196495603112614
542658,365521,000000365521.jpg,REAR,0,13,4077.7,124.8,1,body7_official,gt_box,gt_box,,,1.0,1.0,0,0.9153803715387916,0.9153803715387916,1.0,10,0,-0.4201627374311714,6,1,0.6648731950451346
542658,365521,000000365521.jpg,REAR,0,13,4077.7,124.8,1,body7_official,rtmdet_ins_tiny,rtmdet_ins_tiny,59,0.7757,0.9512,0.9512,0,0.9084953394158186,0.9084953394158186,1.0,10,0,-0.42247142042661545,6,1,0.6676339279202854
542658,365521,000000365521.jpg,REAR,0,13,4077.7,124.8,1,body7_self,gt_box,gt_box,,,1.0,1.0,0,0.9153803715387916,0.9153803715387916,1.0,10,0,-0.4201627374311714,6,1,0.6648730951197007
542658,365521,000000365521.jpg,REAR,0,13,4077.7,124.8,1,body7_self,rtmdet_ins_tiny,rtmdet_ins_tiny,59,0.7757,0.9512,0.9512,0,0.9084953394158186,0.9084953394158186,1.0,10,0,-0.42247142042661545,6,1,0.6676338946118074
542658,365521,000000365521.jpg,REAR,0,13,4077.7,124.8,1,aic_coco_self,gt_box,gt_box,,,1.0,1.0,0,0.895228377246346,0.895228377246346,1.0,10,0,-0.4236144300976712,6,1,0.6840246232116923
542658,365521,000000365521.jpg,REAR,0,13,4077.7,124.8,1,aic_coco_self,rtmdet_ins_tiny,rtmdet_ins_tiny,59,0.7757,0.9512,0.9512,0,0.896388373380506,0.896388373380506,1.0,10,0,-0.4251209797199887,6,1,0.6921537553562838
544105,461009,000000461009.jpg,REAR,0,11,13414.1,265.5,-1,body7_official,gt_box,gt_box,,,1.0,1.0,0,0.8357420000084993,0.8357420000084993,0.8888888888888888,9,0,-0.08536400665985576,8,-1,0.612985190223245
544105,461009,000000461009.jpg,REAR,0,11,13414.1,265.5,-1,body7_official,rtmdet_ins_tiny,rtmdet_ins_tiny,35,0.4830,0.0273,0.7787,1,0.041427622566133276,0.041427622566133276,0.0,9,0,-0.009379608640714687,8,-1,0.7517919803366941
544105,461009,000000461009.jpg,REAR,0,11,13414.1,265.5,-1,body7_self,gt_box,gt_box,,,1.0,1.0,0,0.8357420000084993,0.8357420000084993,0.8888888888888888,9,0,-0.08536400665985576,8,-1,0.6129850815324223
544105,461009,000000461009.jpg,REAR,0,11,13414.1,265.5,-1,body7_self,rtmdet_ins_tiny,rtmdet_ins_tiny,35,0.4830,0.0273,0.7787,1,0.041427622566133276,0.041427622566133276,0.0,9,0,-0.009379608640714687,8,-1,0.7517918506089378
544105,461009,000000461009.jpg,REAR,0,11,13414.1,265.5,-1,aic_coco_self,gt_box,gt_box,,,1.0,1.0,0,0.7412523108550508,0.7412523108550508,0.7777777777777778,9,0,-0.054139519620041876,8,-1,0.5864431700285744
544105,461009,000000461009.jpg,REAR,0,11,13414.1,265.5,-1,aic_coco_self,rtmdet_ins_tiny,rtmdet_ins_tiny,35,0.4830,0.0273,0.7787,1,0.0414210652702603,0.0414210652702603,0.0,9,0,-0.00686779010038252,8,-1,0.7250039612545687
544890,160864,000000160864.jpg,OBLIQUE,2,15,18554.4,202.4,-1,body7_official,gt_box,gt_box,,,1.0,1.0,0,0.961894836655367,0.961894836655367,1.0,14,0,-0.38652237767275566,10,-1,0.8113119391834035
544890,160864,000000160864.jpg,OBLIQUE,2,15,18554.4,202.4,-1,body7_official,rtmdet_ins_tiny,rtmdet_ins_tiny,13,0.8466,0.9526,0.9526,0,0.9573029024965558,0.9573029024965558,1.0,14,0,-0.384367718318494,10,-1,0.7898764470044304
544890,160864,000000160864.jpg,OBLIQUE,2,15,18554.4,202.4,-1,body7_self,gt_box,gt_box,,,1.0,1.0,0,0.961894836655367,0.961894836655367,1.0,14,0,-0.38652237767275566,10,-1,0.8113120093065149
544890,160864,000000160864.jpg,OBLIQUE,2,15,18554.4,202.4,-1,body7_self,rtmdet_ins_tiny,rtmdet_ins_tiny,13,0.8466,0.9526,0.9526,0,0.9573029024965558,0.9573029024965558,1.0,14,0,-0.384367718318494,10,-1,0.7898763979182524
544890,160864,000000160864.jpg,OBLIQUE,2,15,18554.4,202.4,-1,aic_coco_self,gt_box,gt_box,,,1.0,1.0,0,0.9624359421478906,0.9624359421478906,1.0,14,0,-0.39197947316030685,10,-1,0.8251394313924453
544890,160864,000000160864.jpg,OBLIQUE,2,15,18554.4,202.4,-1,aic_coco_self,rtmdet_ins_tiny,rtmdet_ins_tiny,13,0.8466,0.9526,0.9526,0,0.9577943914426051,0.9577943914426051,1.0,14,0,-0.3941036470425849,10,-1,0.8170459200354183
547059,62355,000000062355.jpg,REAR,0,11,7324.1,185.6,1,body7_official,gt_box,gt_box,,,1.0,1.0,0,0.9841366386863455,0.9841366386863455,1.0,11,0,-0.2037263298269907,8,1,0.7620006887351766
547059,62355,000000062355.jpg,REAR,0,11,7324.1,185.6,1,body7_official,rtmdet_ins_tiny,rtmdet_ins_tiny,6,0.8489,0.9238,0.9238,0,0.9876386986465513,0.9876386986465513,1.0,11,0,-0.19997886134587395,8,1,0.75516137305428
547059,62355,000000062355.jpg,REAR,0,11,7324.1,185.6,1,body7_self,gt_box,gt_box,,,1.0,1.0,0,0.9841366386863455,0.9841366386863455,1.0,11,0,-0.2037263298269907,8,1,0.7620007080190322
547059,62355,000000062355.jpg,REAR,0,11,7324.1,185.6,1,body7_self,rtmdet_ins_tiny,rtmdet_ins_tiny,6,0.8489,0.9238,0.9238,0,0.9876386986465513,0.9876386986465513,1.0,11,0,-0.19997886134587395,8,1,0.7551613450050354
547059,62355,000000062355.jpg,REAR,0,11,7324.1,185.6,1,aic_coco_self,gt_box,gt_box,,,1.0,1.0,0,0.9821190347988936,0.9821190347988936,1.0,11,0,-0.20129156332437864,8,1,0.7919211247388054
547059,62355,000000062355.jpg,REAR,0,11,7324.1,185.6,1,aic_coco_self,rtmdet_ins_tiny,rtmdet_ins_tiny,6,0.8489,0.9238,0.9238,0,0.9873916651078418,0.9873916651078418,1.0,11,0,-0.20109390227310048,8,1,0.7680214187678169
548395,509403,000000509403.jpg,FRONT,3,16,3344.8,129.9,-1,body7_official,gt_box,gt_box,,,1.0,1.0,0,0.9743707744649269,0.9743707744649269,1.0,16,0,-0.20831807859713652,12,-1,0.8543609731337604
548395,509403,000000509403.jpg,FRONT,3,16,3344.8,129.9,-1,body7_official,rtmdet_ins_tiny,rtmdet_ins_tiny,2,0.8722,0.9577,0.9577,0,0.9739754976178276,0.9739754976178276,1.0,16,0,-0.2072792397638041,12,-1,0.8688347760368796
548395,509403,000000509403.jpg,FRONT,3,16,3344.8,129.9,-1,body7_self,gt_box,gt_box,,,1.0,1.0,0,0.9743707744649269,0.9743707744649269,1.0,16,0,-0.20831807859713652,12,-1,0.8543610187137828
548395,509403,000000509403.jpg,FRONT,3,16,3344.8,129.9,-1,body7_self,rtmdet_ins_tiny,rtmdet_ins_tiny,2,0.8722,0.9577,0.9577,0,0.9739754976178276,0.9739754976178276,1.0,16,0,-0.2072792397638041,12,-1,0.8688346743583679
548395,509403,000000509403.jpg,FRONT,3,16,3344.8,129.9,-1,aic_coco_self,gt_box,gt_box,,,1.0,1.0,0,0.9872412344840716,0.9872412344840716,1.0,16,0,-0.218368129416895,12,-1,0.8651733363375944
548395,509403,000000509403.jpg,FRONT,3,16,3344.8,129.9,-1,aic_coco_self,rtmdet_ins_tiny,rtmdet_ins_tiny,2,0.8722,0.9577,0.9577,0,0.9846796958116242,0.9846796958116242,1.0,16,0,-0.21688601976581492,12,-1,0.8778719200807459
550501,453708,000000453708.jpg,REAR,0,12,3871.3,132.1,1,body7_official,gt_box,gt_box,,,1.0,1.0,0,0.8975865842174595,0.8975865842174595,1.0,10,0,-0.2380807340942261,8,1,0.5623999912949169
550501,453708,000000453708.jpg,REAR,0,12,3871.3,132.1,1,body7_official,rtmdet_ins_tiny,rtmdet_ins_tiny,40,0.4226,0.8083,0.8083,0,0.8974856081757278,0.8974856081757278,1.0,10,0,-0.23845375196497348,8,1,0.5535423203426248
550501,453708,000000453708.jpg,REAR,0,12,3871.3,132.1,1,body7_self,gt_box,gt_box,,,1.0,1.0,0,0.8975865842174595,0.8975865842174595,1.0,10,0,-0.2380807340942261,8,1,0.5623999124064165
550501,453708,000000453708.jpg,REAR,0,12,3871.3,132.1,1,body7_self,rtmdet_ins_tiny,rtmdet_ins_tiny,40,0.4226,0.8083,0.8083,0,0.8974856081757278,0.8974856081757278,1.0,10,0,-0.23845375196497348,8,1,0.5535427165382049
550501,453708,000000453708.jpg,REAR,0,12,3871.3,132.1,1,aic_coco_self,gt_box,gt_box,,,1.0,1.0,0,0.9097275560159381,0.9097275560159381,1.0,10,0,-0.22510591780730754,8,1,0.5636008732459125
550501,453708,000000453708.jpg,REAR,0,12,3871.3,132.1,1,aic_coco_self,rtmdet_ins_tiny,rtmdet_ins_tiny,40,0.4226,0.8083,0.8083,0,0.86356373953009,0.86356373953009,1.0,10,0,-0.21423802064927946,8,1,0.5693980543052449
556577,156292,000000156292.jpg,FRONT,3,16,7119.2,173.9,-1,body7_official,gt_box,gt_box,,,1.0,1.0,0,0.9735268169651898,0.9735268169651898,1.0,16,0,-0.3678783970061357,12,-1,0.8407382123610553
556577,156292,000000156292.jpg,FRONT,3,16,7119.2,173.9,-1,body7_official,rtmdet_ins_tiny,rtmdet_ins_tiny,12,0.5947,0.9098,0.9098,0,0.9708794259139895,0.9708794259139895,1.0,16,0,-0.36839894497691344,12,-1,0.8689613166977378
556577,156292,000000156292.jpg,FRONT,3,16,7119.2,173.9,-1,body7_self,gt_box,gt_box,,,1.0,1.0,0,0.9735268169651898,0.9735268169651898,1.0,16,0,-0.3678783970061357,12,-1,0.8407382754718556
556577,156292,000000156292.jpg,FRONT,3,16,7119.2,173.9,-1,body7_self,rtmdet_ins_tiny,rtmdet_ins_tiny,12,0.5947,0.9098,0.9098,0,0.9708794259139895,0.9708794259139895,1.0,16,0,-0.36839894497691344,12,-1,0.8689613587716046
556577,156292,000000156292.jpg,FRONT,3,16,7119.2,173.9,-1,aic_coco_self,gt_box,gt_box,,,1.0,1.0,0,0.9759708739563246,0.9759708739563246,1.0,16,0,-0.36802473353329873,12,-1,0.8741946921629065
556577,156292,000000156292.jpg,FRONT,3,16,7119.2,173.9,-1,aic_coco_self,rtmdet_ins_tiny,rtmdet_ins_tiny,12,0.5947,0.9098,0.9098,0,0.97459947103677,0.97459947103677,1.0,16,0,-0.3666084179101236,12,-1,0.8894559144973755
560030,455555,000000455555.jpg,OBLIQUE,2,15,16225.2,194.5,-1,body7_official,gt_box,gt_box,,,1.0,1.0,0,0.957483976139133,0.957483976139133,1.0,14,0,-0.5063934485373,10,-1,0.7210360695334042
560030,455555,000000455555.jpg,OBLIQUE,2,15,16225.2,194.5,-1,body7_official,rtmdet_ins_tiny,rtmdet_ins_tiny,17,0.8036,0.8956,0.8956,0,0.9524483176036556,0.9524483176036556,1.0,14,0,-0.5063407314463274,10,-1,0.7102881284321055
560030,455555,000000455555.jpg,OBLIQUE,2,15,16225.2,194.5,-1,body7_self,gt_box,gt_box,,,1.0,1.0,0,0.957483976139133,0.957483976139133,1.0,14,0,-0.5063934485373,10,-1,0.7210360239533817
560030,455555,000000455555.jpg,OBLIQUE,2,15,16225.2,194.5,-1,body7_self,rtmdet_ins_tiny,rtmdet_ins_tiny,17,0.8036,0.8956,0.8956,0,0.9524483176036556,0.9524483176036556,1.0,14,0,-0.5063407314463274,10,-1,0.7102879899389604
560030,455555,000000455555.jpg,OBLIQUE,2,15,16225.2,194.5,-1,aic_coco_self,gt_box,gt_box,,,1.0,1.0,0,0.9552167147008397,0.9552167147008397,1.0,14,0,-0.5038207207179757,10,-1,0.7101577783332151
560030,455555,000000455555.jpg,OBLIQUE,2,15,16225.2,194.5,-1,aic_coco_self,rtmdet_ins_tiny,rtmdet_ins_tiny,17,0.8036,0.8956,0.8956,0,0.9458063156812572,0.9458063156812572,1.0,14,0,-0.5036106021751205,10,-1,0.738619492334478
561406,512657,000000512657.jpg,FRONT,3,10,15262.8,152.0,-1,body7_official,gt_box,gt_box,,,1.0,1.0,0,0.9406114314485059,0.9406114314485059,1.0,8,0,-0.47751934086768727,4,-1,0.6595355245996924
561406,512657,000000512657.jpg,FRONT,3,10,15262.8,152.0,-1,body7_official,rtmdet_ins_tiny,rtmdet_ins_tiny,10,0.6524,0.8618,0.8618,0,0.9217347451991561,0.9217347451991561,1.0,8,0,-0.46747347779717446,4,-1,0.6495702862739563
561406,512657,000000512657.jpg,FRONT,3,10,15262.8,152.0,-1,body7_self,gt_box,gt_box,,,1.0,1.0,0,0.9406114314485059,0.9406114314485059,1.0,8,0,-0.47751934086768727,4,-1,0.6595354842789033
561406,512657,000000512657.jpg,FRONT,3,10,15262.8,152.0,-1,body7_self,rtmdet_ins_tiny,rtmdet_ins_tiny,10,0.6524,0.8618,0.8618,0,0.9217347451991561,0.9217347451991561,1.0,8,0,-0.46747347779717446,4,-1,0.6495702775085673
561406,512657,000000512657.jpg,FRONT,3,10,15262.8,152.0,-1,aic_coco_self,gt_box,gt_box,,,1.0,1.0,0,0.9320710934841269,0.9320710934841269,1.0,8,0,-0.4706548115344632,4,-1,0.7395588536472881
561406,512657,000000512657.jpg,FRONT,3,10,15262.8,152.0,-1,aic_coco_self,rtmdet_ins_tiny,rtmdet_ins_tiny,10,0.6524,0.8618,0.8618,0,0.9265475613479175,0.9265475613479175,1.0,8,0,-0.4656078497411361,4,-1,0.7162132447256762
563070,496854,000000496854.jpg,REAR,0,13,3275.0,132.5,1,body7_official,gt_box,gt_box,,,1.0,1.0,0,0.9692502615537623,0.9692502615537623,1.0,11,0,-0.4376865712277313,6,1,0.681916685665355
563070,496854,000000496854.jpg,REAR,0,13,3275.0,132.5,1,body7_official,rtmdet_ins_tiny,rtmdet_ins_tiny,21,0.6862,0.9002,0.9002,0,0.9640038894191251,0.9640038894191251,1.0,11,0,-0.4369683959528657,6,1,0.6802765201119816
563070,496854,000000496854.jpg,REAR,0,13,3275.0,132.5,1,body7_self,gt_box,gt_box,,,1.0,1.0,0,0.9692502615537623,0.9692502615537623,1.0,11,0,-0.4376865712277313,6,1,0.6819166716407327
563070,496854,000000496854.jpg,REAR,0,13,3275.0,132.5,1,body7_self,rtmdet_ins_tiny,rtmdet_ins_tiny,21,0.6862,0.9002,0.9002,0,0.9640038894191251,0.9640038894191251,1.0,11,0,-0.4369683959528657,6,1,0.6802764868035036
563070,496854,000000496854.jpg,REAR,0,13,3275.0,132.5,1,aic_coco_self,gt_box,gt_box,,,1.0,1.0,0,0.9655494001766862,0.9655494001766862,1.0,11,0,-0.4376134239363912,6,1,0.7303337314549614
563070,496854,000000496854.jpg,REAR,0,13,3275.0,132.5,1,aic_coco_self,rtmdet_ins_tiny,rtmdet_ins_tiny,21,0.6862,0.9002,0.9002,0,0.9689937391135829,0.9689937391135829,1.0,11,0,-0.4367134617809169,6,1,0.72232086167616
567979,531134,000000531134.jpg,REAR,0,11,2505.3,108.1,1,body7_official,gt_box,gt_box,,,1.0,1.0,0,0.8864543843454601,0.8864543843454601,0.9090909090909091,11,0,-0.24424313146470109,10,1,0.641064843710731
567979,531134,000000531134.jpg,REAR,0,11,2505.3,108.1,1,body7_official,rtmdet_ins_tiny,rtmdet_ins_tiny,55,0.7120,0.0378,0.7823,2,0.0006616070099038067,0.0006616070099038067,0.0,11,0,-0.032578711137575156,10,1,0.4685456384630764
567979,531134,000000531134.jpg,REAR,0,11,2505.3,108.1,1,body7_self,gt_box,gt_box,,,1.0,1.0,0,0.8864543843454601,0.8864543843454601,0.9090909090909091,11,0,-0.24424313146470109,10,1,0.641064861241509
567979,531134,000000531134.jpg,REAR,0,11,2505.3,108.1,1,body7_self,rtmdet_ins_tiny,rtmdet_ins_tiny,55,0.7120,0.0378,0.7823,2,0.0006616070099038067,0.0006616070099038067,0.0,11,0,-0.032578711137575156,10,1,0.4685458032523884
567979,531134,000000531134.jpg,REAR,0,11,2505.3,108.1,1,aic_coco_self,gt_box,gt_box,,,1.0,1.0,0,0.8830175954272803,0.8830175954272803,0.9090909090909091,11,0,-0.24099550963602417,10,1,0.6715682499548968
567979,531134,000000531134.jpg,REAR,0,11,2505.3,108.1,1,aic_coco_self,rtmdet_ins_tiny,rtmdet_ins_tiny,55,0.7120,0.0378,0.7823,2,0.000828957682089533,0.000828957682089533,0.0,11,0,-0.07579104366733824,10,1,0.45114319114124074
1201966,515828,000000515828.jpg,OBLIQUE,2,13,18780.3,382.8,-1,body7_official,gt_box,gt_box,,,1.0,1.0,0,0.9353763451413825,0.9353763451413825,1.0,12,0,-0.5020277238878134,10,-1,0.7670301269082462
1201966,515828,000000515828.jpg,OBLIQUE,2,13,18780.3,382.8,-1,body7_official,rtmdet_ins_tiny,rtmdet_ins_tiny,16,0.8326,0.8715,0.8715,0,0.8933572105732632,0.8933572105732632,1.0,12,0,-0.502441480912701,10,-1,0.7683262649704429
1201966,515828,000000515828.jpg,OBLIQUE,2,13,18780.3,382.8,-1,body7_self,gt_box,gt_box,,,1.0,1.0,0,0.9353763451413825,0.9353763451413825,1.0,12,0,-0.5020277238878134,10,-1,0.7670301724882687
1201966,515828,000000515828.jpg,OBLIQUE,2,13,18780.3,382.8,-1,body7_self,rtmdet_ins_tiny,rtmdet_ins_tiny,16,0.8326,0.8715,0.8715,0,0.8933572105732632,0.8933572105732632,1.0,12,0,-0.502441480912701,10,-1,0.7683261738103979
1201966,515828,000000515828.jpg,OBLIQUE,2,13,18780.3,382.8,-1,aic_coco_self,gt_box,gt_box,,,1.0,1.0,0,0.8880011884185266,0.8880011884185266,1.0,12,0,-0.5041511395241306,10,-1,0.8140192347414353
1201966,515828,000000515828.jpg,OBLIQUE,2,13,18780.3,382.8,-1,aic_coco_self,rtmdet_ins_tiny,rtmdet_ins_tiny,16,0.8326,0.8715,0.8715,0,0.8592824143786478,0.8592824143786478,1.0,12,0,-0.5080758202955286,10,-1,0.8236625089364893
1203572,57597,000000057597.jpg,OBLIQUE,2,14,6148.0,163.9,1,body7_official,gt_box,gt_box,,,1.0,1.0,0,0.975819625059346,0.975819625059346,1.0,14,0,-0.6150437383611504,10,1,0.7850712327396169
1203572,57597,000000057597.jpg,OBLIQUE,2,14,6148.0,163.9,1,body7_official,rtmdet_ins_tiny,rtmdet_ins_tiny,53,0.8798,0.9567,0.9567,0,0.9795971063794104,0.9795971063794104,1.0,14,0,-0.6132144055125932,10,1,0.7706603057244245
1203572,57597,000000057597.jpg,OBLIQUE,2,14,6148.0,163.9,1,body7_self,gt_box,gt_box,,,1.0,1.0,0,0.975819625059346,0.975819625059346,1.0,14,0,-0.6150437383611504,10,1,0.7850712572827059
1203572,57597,000000057597.jpg,OBLIQUE,2,14,6148.0,163.9,1,body7_self,rtmdet_ins_tiny,rtmdet_ins_tiny,53,0.8798,0.9567,0.9567,0,0.9795971063794104,0.9795971063794104,1.0,14,0,-0.6132144055125932,10,1,0.7706602706628687
1203572,57597,000000057597.jpg,OBLIQUE,2,14,6148.0,163.9,1,aic_coco_self,gt_box,gt_box,,,1.0,1.0,0,0.979181045655712,0.979181045655712,1.0,14,0,-0.6155076288375059,10,1,0.8163117135272306
1203572,57597,000000057597.jpg,OBLIQUE,2,14,6148.0,163.9,1,aic_coco_self,rtmdet_ins_tiny,rtmdet_ins_tiny,53,0.8798,0.9567,0.9567,0,0.9777965957343024,0.9777965957343024,1.0,14,0,-0.6083269162897815,10,1,0.814868944532731
1206310,151480,000000151480.jpg,REAR,0,14,4567.5,144.5,1,body7_official,gt_box,gt_box,,,1.0,1.0,0,0.9447467031878329,0.9447467031878329,1.0,14,0,-0.3168202119412886,12,1,0.7690005933537203
1206310,151480,000000151480.jpg,REAR,0,14,4567.5,144.5,1,body7_official,rtmdet_ins_tiny,rtmdet_ins_tiny,38,0.8492,0.9564,0.9564,0,0.9451011501439492,0.9451011501439492,1.0,14,0,-0.31598457832539717,12,1,0.7786386363646564
1206310,151480,000000151480.jpg,REAR,0,14,4567.5,144.5,1,body7_self,gt_box,gt_box,,,1.0,1.0,0,0.9447467031878329,0.9447467031878329,1.0,14,0,-0.3168202119412886,12,1,0.7690005162182976
1206310,151480,000000151480.jpg,REAR,0,14,4567.5,144.5,1,body7_self,rtmdet_ins_tiny,rtmdet_ins_tiny,38,0.8492,0.9564,0.9564,0,0.9451011501439492,0.9451011501439492,1.0,14,0,-0.31598457832539717,12,1,0.7786386328585008
1206310,151480,000000151480.jpg,REAR,0,14,4567.5,144.5,1,aic_coco_self,gt_box,gt_box,,,1.0,1.0,0,0.9485101069259017,0.9485101069259017,1.0,14,0,-0.3189156321271501,12,1,0.8338640682837543
1206310,151480,000000151480.jpg,REAR,0,14,4567.5,144.5,1,aic_coco_self,rtmdet_ins_tiny,rtmdet_ins_tiny,38,0.8492,0.9564,0.9564,0,0.9445165334674791,0.9445165334674791,1.0,14,0,-0.3162666157565587,12,1,0.8418660163879395
1207646,326174,000000326174.jpg,REAR,0,13,6542.7,181.2,1,body7_official,gt_box,gt_box,,,1.0,1.0,0,0.9800273650295639,0.9800273650295639,1.0,13,0,-0.3485700985772999,10,1,0.8500649227815515
1207646,326174,000000326174.jpg,REAR,0,13,6542.7,181.2,1,body7_official,rtmdet_ins_tiny,rtmdet_ins_tiny,48,0.8992,0.9571,0.9571,0,0.9717874245333971,0.9717874245333971,1.0,13,0,-0.3454848794687438,10,1,0.8570002492736367
1207646,326174,000000326174.jpg,REAR,0,13,6542.7,181.2,1,body7_self,gt_box,gt_box,,,1.0,1.0,0,0.9800273650295639,0.9800273650295639,1.0,13,0,-0.3485700985772999,10,1,0.8500649052507737
1207646,326174,000000326174.jpg,REAR,0,13,6542.7,181.2,1,body7_self,rtmdet_ins_tiny,rtmdet_ins_tiny,48,0.8992,0.9571,0.9571,0,0.9717874245333971,0.9717874245333971,1.0,13,0,-0.3454848794687438,10,1,0.8570000389043022
1207646,326174,000000326174.jpg,REAR,0,13,6542.7,181.2,1,aic_coco_self,gt_box,gt_box,,,1.0,1.0,0,0.980125051061706,0.980125051061706,1.0,13,0,-0.3474860388393762,10,1,0.8546923083417556
1207646,326174,000000326174.jpg,REAR,0,13,6542.7,181.2,1,aic_coco_self,rtmdet_ins_tiny,rtmdet_ins_tiny,48,0.8992,0.9571,0.9571,0,0.9848018616141478,0.9848018616141478,1.0,13,0,-0.34743880698174995,10,1,0.8768111362176783
1209142,323263,000000323263.jpg,FRONT,3,16,17237.5,302.0,-1,body7_official,gt_box,gt_box,,,1.0,1.0,0,0.9725770331245416,0.9725770331245416,1.0,16,0,-0.32303108227828164,12,-1,0.8768312335014343
1209142,323263,000000323263.jpg,FRONT,3,16,17237.5,302.0,-1,body7_official,rtmdet_ins_tiny,rtmdet_ins_tiny,10,0.8892,0.9272,0.9272,0,0.9732985671686871,0.9732985671686871,1.0,16,0,-0.323296406953991,12,-1,0.8767122275689069
1209142,323263,000000323263.jpg,FRONT,3,16,17237.5,302.0,-1,body7_self,gt_box,gt_box,,,1.0,1.0,0,0.9725770331245416,0.9725770331245416,1.0,16,0,-0.32303108227828164,12,-1,0.8768311809091007
1209142,323263,000000323263.jpg,FRONT,3,16,17237.5,302.0,-1,body7_self,rtmdet_ins_tiny,rtmdet_ins_tiny,10,0.8892,0.9272,0.9272,0,0.9732985671686871,0.9732985671686871,1.0,16,0,-0.323296406953991,12,-1,0.8767120943349951
1209142,323263,000000323263.jpg,FRONT,3,16,17237.5,302.0,-1,aic_coco_self,gt_box,gt_box,,,1.0,1.0,0,0.9702987548612223,0.9702987548612223,1.0,16,0,-0.31985361116862443,12,-1,0.888089169474209
1209142,323263,000000323263.jpg,FRONT,3,16,17237.5,302.0,-1,aic_coco_self,rtmdet_ins_tiny,rtmdet_ins_tiny,10,0.8892,0.9272,0.9272,0,0.977933657730818,0.977933657730818,1.0,16,0,-0.32246594711736476,12,-1,0.8868409254971672
1211267,556193,000000556193.jpg,OBLIQUE,2,11,21078.5,266.4,-1,body7_official,gt_box,gt_box,,,1.0,1.0,0,0.895890869817185,0.895890869817185,1.0,11,0,-0.03520993897383547,8,1,0.7161549207042245
1211267,556193,000000556193.jpg,OBLIQUE,2,11,21078.5,266.4,-1,body7_official,rtmdet_ins_tiny,rtmdet_ins_tiny,5,0.8832,0.9301,0.9301,0,0.8897008083913384,0.8897008083913384,1.0,11,0,-0.03254160363158093,8,1,0.7217413257150089
1211267,556193,000000556193.jpg,OBLIQUE,2,11,21078.5,266.4,-1,body7_self,gt_box,gt_box,,,1.0,1.0,0,0.895890869817185,0.895890869817185,1.0,11,0,-0.03520993897383547,8,1,0.7161548751242021
1211267,556193,000000556193.jpg,OBLIQUE,2,11,21078.5,266.4,-1,body7_self,rtmdet_ins_tiny,rtmdet_ins_tiny,5,0.8832,0.9301,0.9301,0,0.8897008083913384,0.8897008083913384,1.0,11,0,-0.03254160363158093,8,1,0.7217413055546144
1211267,556193,000000556193.jpg,OBLIQUE,2,11,21078.5,266.4,-1,aic_coco_self,gt_box,gt_box,,,1.0,1.0,0,0.8953507239985004,0.8953507239985004,1.0,11,0,-0.03712136890102777,8,1,0.7254822955412024
1211267,556193,000000556193.jpg,OBLIQUE,2,11,21078.5,266.4,-1,aic_coco_self,rtmdet_ins_tiny,rtmdet_ins_tiny,5,0.8832,0.9301,0.9301,0,0.8923550966946998,0.8923550966946998,1.0,11,0,-0.03048070972848782,8,1,0.7190637527143254
1214063,60507,000000060507.jpg,FRONT,3,16,3716.0,132.4,-1,body7_official,gt_box,gt_box,,,1.0,1.0,0,0.9421036491710186,0.9421036491710186,1.0,16,0,-0.26971777768532457,12,-1,0.8395864612915936
1214063,60507,000000060507.jpg,FRONT,3,16,3716.0,132.4,-1,body7_official,rtmdet_ins_tiny,rtmdet_ins_tiny,4,0.9025,0.6106,0.6106,0,0.9613433130153094,0.9613433130153094,1.0,16,0,-0.2693841773020524,12,-1,0.8148378519450917
1214063,60507,000000060507.jpg,FRONT,3,16,3716.0,132.4,-1,body7_self,gt_box,gt_box,,,1.0,1.0,0,0.9421036491710186,0.9421036491710186,1.0,16,0,-0.26971777768532457,12,-1,0.8395863981807933
1214063,60507,000000060507.jpg,FRONT,3,16,3716.0,132.4,-1,body7_self,rtmdet_ins_tiny,rtmdet_ins_tiny,4,0.9025,0.6106,0.6106,0,0.9613433130153094,0.9613433130153094,1.0,16,0,-0.2693841773020524,12,-1,0.8148378484389361
1214063,60507,000000060507.jpg,FRONT,3,16,3716.0,132.4,-1,aic_coco_self,gt_box,gt_box,,,1.0,1.0,0,0.9435503358421689,0.9435503358421689,1.0,16,0,-0.26745109227564157,12,-1,0.8716199818779441
1214063,60507,000000060507.jpg,FRONT,3,16,3716.0,132.4,-1,aic_coco_self,rtmdet_ins_tiny,rtmdet_ins_tiny,4,0.9025,0.6106,0.6106,0,0.9473424550494464,0.9473424550494464,1.0,16,0,-0.2616561332394465,12,-1,0.8501739607137793
1215948,424349,000000424349.jpg,PROFILE,1,10,33833.1,290.2,1,body7_official,gt_box,gt_box,,,1.0,1.0,0,0.9202504895004824,0.9202504895004824,1.0,8,0,-0.3805714833393179,6,1,0.47005083455758934
1215948,424349,000000424349.jpg,PROFILE,1,10,33833.1,290.2,1,body7_official,rtmdet_ins_tiny,rtmdet_ins_tiny,4,0.8847,0.9419,0.9419,0,0.9291391561744886,0.9291391561744886,1.0,8,0,-0.385453472652503,6,1,0.46975298927110787
1215948,424349,000000424349.jpg,PROFILE,1,10,33833.1,290.2,1,body7_self,gt_box,gt_box,,,1.0,1.0,0,0.9202504895004824,0.9202504895004824,1.0,8,0,-0.3805714833393179,6,1,0.4700508284218171
1215948,424349,000000424349.jpg,PROFILE,1,10,33833.1,290.2,1,body7_self,rtmdet_ins_tiny,rtmdet_ins_tiny,4,0.8847,0.9419,0.9419,0,0.9291391561744886,0.9291391561744886,1.0,8,0,-0.385453472652503,6,1,0.46975309094961953
1215948,424349,000000424349.jpg,PROFILE,1,10,33833.1,290.2,1,aic_coco_self,gt_box,gt_box,,,1.0,1.0,0,0.949925438652868,0.949925438652868,1.0,8,0,-0.3949363255617137,6,1,0.5324623321785646
1215948,424349,000000424349.jpg,PROFILE,1,10,33833.1,290.2,1,aic_coco_self,rtmdet_ins_tiny,rtmdet_ins_tiny,4,0.8847,0.9419,0.9419,0,0.9503473978075978,0.9503473978075978,1.0,8,0,-0.38977972092407703,6,1,0.5378546109970879
1218069,489842,000000489842.jpg,FRONT,3,17,21465.3,228.9,-1,body7_official,gt_box,gt_box,,,1.0,1.0,0,0.9786300536259163,0.9786300536259163,1.0,17,0,-0.2971214290934407,12,-1,0.7797449599294102
1218069,489842,000000489842.jpg,FRONT,3,17,21465.3,228.9,-1,body7_official,rtmdet_ins_tiny,rtmdet_ins_tiny,49,0.7151,0.8678,0.8678,0,0.9797815456587498,0.9797815456587498,1.0,17,0,-0.29858881031668005,12,-1,0.7840109274667852
1218069,489842,000000489842.jpg,FRONT,3,17,21465.3,228.9,-1,body7_self,gt_box,gt_box,,,1.0,1.0,0,0.9786300536259163,0.9786300536259163,1.0,17,0,-0.2971214290934407,12,-1,0.7797448880532208
1218069,489842,000000489842.jpg,FRONT,3,17,21465.3,228.9,-1,body7_self,rtmdet_ins_tiny,rtmdet_ins_tiny,49,0.7151,0.8678,0.8678,0,0.9797815456587498,0.9797815456587498,1.0,17,0,-0.29858881031668005,12,-1,0.7840109239606297
1218069,489842,000000489842.jpg,FRONT,3,17,21465.3,228.9,-1,aic_coco_self,gt_box,gt_box,,,1.0,1.0,0,0.9670945714917387,0.9670945714917387,1.0,17,0,-0.2825715712851519,12,-1,0.7764945819097406
1218069,489842,000000489842.jpg,FRONT,3,17,21465.3,228.9,-1,aic_coco_self,rtmdet_ins_tiny,rtmdet_ins_tiny,49,0.7151,0.8678,0.8678,0,0.9760402929483459,0.9760402929483459,1.0,17,0,-0.29602257633407325,12,-1,0.7988569596234489
1219557,44279,000000044279.jpg,OBLIQUE,2,15,16901.5,299.9,-1,body7_official,gt_box,gt_box,,,1.0,1.0,0,0.8014821271463133,0.8014821271463133,0.8,15,0,-0.1522234426748601,12,-1,0.8163781341384438
1219557,44279,000000044279.jpg,OBLIQUE,2,15,16901.5,299.9,-1,body7_official,rtmdet_ins_tiny,rtmdet_ins_tiny,4,0.9372,0.9650,0.9650,0,0.8006085547508573,0.8006085547508573,0.8,15,0,-0.1519124966454282,12,-1,0.8055412839440739
1219557,44279,000000044279.jpg,OBLIQUE,2,15,16901.5,299.9,-1,body7_self,gt_box,gt_box,,,1.0,1.0,0,0.8014821271463133,0.8014821271463133,0.8,15,0,-0.1522234426748601,12,-1,0.8163781376445994
1219557,44279,000000044279.jpg,OBLIQUE,2,15,16901.5,299.9,-1,body7_self,rtmdet_ins_tiny,rtmdet_ins_tiny,4,0.9372,0.9650,0.9650,0,0.8006085547508573,0.8006085547508573,0.8,15,0,-0.1519124966454282,12,-1,0.8055411857717177
1219557,44279,000000044279.jpg,OBLIQUE,2,15,16901.5,299.9,-1,aic_coco_self,gt_box,gt_box,,,1.0,1.0,0,0.7895365350166595,0.7895365350166595,0.8,15,0,-0.15209607593280236,12,-1,0.8148973058251774
1219557,44279,000000044279.jpg,OBLIQUE,2,15,16901.5,299.9,-1,aic_coco_self,rtmdet_ins_tiny,rtmdet_ins_tiny,4,0.9372,0.9650,0.9650,0,0.792470530329781,0.792470530329781,0.8,15,0,-0.1569232445900039,12,-1,0.8177848914090324
1221093,388056,000000388056.jpg,PROFILE,1,10,8548.4,138.9,1,body7_official,gt_box,gt_box,,,1.0,1.0,0,0.880130006740529,0.880130006740529,0.9,10,0,-0.07919795303982284,6,1,0.7278738600366256
1221093,388056,000000388056.jpg,PROFILE,1,10,8548.4,138.9,1,body7_official,rtmdet_ins_tiny,rtmdet_ins_tiny,19,0.7718,0.8236,0.8236,0,0.8925919155437464,0.8925919155437464,1.0,10,0,-0.08757940878714113,6,1,0.7023702912470874
1221093,388056,000000388056.jpg,PROFILE,1,10,8548.4,138.9,1,body7_self,gt_box,gt_box,,,1.0,1.0,0,0.880130006740529,0.880130006740529,0.9,10,0,-0.07919795303982284,6,1,0.7278738828266368
1221093,388056,000000388056.jpg,PROFILE,1,10,8548.4,138.9,1,body7_self,rtmdet_ins_tiny,rtmdet_ins_tiny,19,0.7718,0.8236,0.8236,0,0.8925919155437464,0.8925919155437464,1.0,10,0,-0.08757940878714113,6,1,0.7023702491732204
1221093,388056,000000388056.jpg,PROFILE,1,10,8548.4,138.9,1,aic_coco_self,gt_box,gt_box,,,1.0,1.0,0,0.8970776729340406,0.8970776729340406,1.0,10,0,-0.07330322003673917,6,1,0.7640807751347037
1221093,388056,000000388056.jpg,PROFILE,1,10,8548.4,138.9,1,aic_coco_self,rtmdet_ins_tiny,rtmdet_ins_tiny,19,0.7718,0.8236,0.8236,0,0.8997590368063644,0.8997590368063644,1.0,10,0,-0.07820971787041342,6,1,0.7280522549853605
1223256,562207,000000562207.jpg,FRONT,3,14,5998.8,165.2,-1,body7_official,gt_box,gt_box,,,1.0,1.0,0,0.95535780529941,0.95535780529941,1.0,14,0,-0.2616643531542343,8,-1,0.8201421884929433
1223256,562207,000000562207.jpg,FRONT,3,14,5998.8,165.2,-1,body7_official,rtmdet_ins_tiny,rtmdet_ins_tiny,1,0.8511,0.9220,0.9220,0,0.948085027469362,0.948085027469362,1.0,14,0,-0.26045221745480257,8,-1,0.8612925866070915
1223256,562207,000000562207.jpg,FRONT,3,14,5998.8,165.2,-1,body7_self,gt_box,gt_box,,,1.0,1.0,0,0.95535780529941,0.95535780529941,1.0,14,0,-0.2616643531542343,8,-1,0.8201422025175655
1223256,562207,000000562207.jpg,FRONT,3,14,5998.8,165.2,-1,body7_self,rtmdet_ins_tiny,rtmdet_ins_tiny,1,0.8511,0.9220,0.9220,0,0.948085027469362,0.948085027469362,1.0,14,0,-0.26045221745480257,8,-1,0.8612925936194027
1223256,562207,000000562207.jpg,FRONT,3,14,5998.8,165.2,-1,aic_coco_self,gt_box,gt_box,,,1.0,1.0,0,0.9623351121673479,0.9623351121673479,1.0,14,0,-0.2696000596516161,8,-1,0.8201093498398276
1223256,562207,000000562207.jpg,FRONT,3,14,5998.8,165.2,-1,aic_coco_self,rtmdet_ins_tiny,rtmdet_ins_tiny,1,0.8511,0.9220,0.9220,0,0.9578657118452875,0.9578657118452875,1.0,14,0,-0.26678851882415366,8,-1,0.831579657161937
1224550,84270,000000084270.jpg,REAR,0,13,10986.6,225.4,1,body7_official,gt_box,gt_box,,,1.0,1.0,0,0.9765134161628587,0.9765134161628587,1.0,13,0,-0.339615113180358,12,1,0.7642966578988468
1224550,84270,000000084270.jpg,REAR,0,13,10986.6,225.4,1,body7_official,rtmdet_ins_tiny,rtmdet_ins_tiny,52,0.7960,0.0000,0.9225,2,2.5753736559273996e-08,2.5753736559273996e-08,0.0,13,0,-0.0026344631744263936,12,1,0.6656316168168012
1224550,84270,000000084270.jpg,REAR,0,13,10986.6,225.4,1,body7_self,gt_box,gt_box,,,1.0,1.0,0,0.9765134161628587,0.9765134161628587,1.0,13,0,-0.339615113180358,12,1,0.7642966193311355
1224550,84270,000000084270.jpg,REAR,0,13,10986.6,225.4,1,body7_self,rtmdet_ins_tiny,rtmdet_ins_tiny,52,0.7960,0.0000,0.9225,2,2.5753736559273996e-08,2.5753736559273996e-08,0.0,13,0,-0.0026344631744263936,12,1,0.6656316518783569
1224550,84270,000000084270.jpg,REAR,0,13,10986.6,225.4,1,aic_coco_self,gt_box,gt_box,,,1.0,1.0,0,0.973848915347266,0.973848915347266,1.0,13,0,-0.3431552359364584,12,1,0.7777315062635085
1224550,84270,000000084270.jpg,REAR,0,13,10986.6,225.4,1,aic_coco_self,rtmdet_ins_tiny,rtmdet_ins_tiny,52,0.7960,0.0000,0.9225,2,2.759443527666044e-08,2.759443527666044e-08,0.0,13,0,-0.0025051517023897407,12,1,0.683703832766589
1225395,72795,000000072795.jpg,REAR,0,13,2069.4,100.4,1,body7_official,gt_box,gt_box,,,1.0,1.0,0,0.6772254313885574,0.6772254313885574,0.6923076923076923,13,0,-0.04031474970818111,12,1,0.7545217801542843
1225395,72795,000000072795.jpg,REAR,0,13,2069.4,100.4,1,body7_official,rtmdet_ins_tiny,rtmdet_ins_tiny,15,0.8991,0.0379,0.9243,1,0.0016251675098960965,0.0016251675098960965,0.0,13,0,-0.0013832320955713406,12,1,0.6300843726186192
1225395,72795,000000072795.jpg,REAR,0,13,2069.4,100.4,1,body7_self,gt_box,gt_box,,,1.0,1.0,0,0.6772254313885574,0.6772254313885574,0.6923076923076923,13,0,-0.04031474970818111,12,1,0.7545218502773958
1225395,72795,000000072795.jpg,REAR,0,13,2069.4,100.4,1,body7_self,rtmdet_ins_tiny,rtmdet_ins_tiny,15,0.8991,0.0379,0.9243,1,0.0016251675098960965,0.0016251675098960965,0.0,13,0,-0.0013832320955713406,12,1,0.6300843428162968
1225395,72795,000000072795.jpg,REAR,0,13,2069.4,100.4,1,aic_coco_self,gt_box,gt_box,,,1.0,1.0,0,0.6825467106084793,0.6825467106084793,0.6923076923076923,13,0,-0.04500928940328133,12,1,0.7834523039705613
1225395,72795,000000072795.jpg,REAR,0,13,2069.4,100.4,1,aic_coco_self,rtmdet_ins_tiny,rtmdet_ins_tiny,15,0.8991,0.0379,0.9243,1,0.0016411059672512868,0.0016411059672512868,0.0,13,0,-0.001354963000406162,12,1,0.6723172962665558
1226248,3934,000000003934.jpg,PROFILE,1,15,4019.3,142.9,-1,body7_official,gt_box,gt_box,,,1.0,1.0,0,0.9479648533801952,0.9479648533801952,1.0,11,0,-0.36494759849979425,8,-1,0.7470650041804594
1226248,3934,000000003934.jpg,PROFILE,1,15,4019.3,142.9,-1,body7_official,rtmdet_ins_tiny,rtmdet_ins_tiny,25,0.7851,0.0545,0.9330,1,0.07378897673856227,0.013155447878803196,0.0,11,1,0.007729308767073784,8,1,0.6097521115751827
1226248,3934,000000003934.jpg,PROFILE,1,15,4019.3,142.9,-1,body7_self,gt_box,gt_box,,,1.0,1.0,0,0.9479648533801952,0.9479648533801952,1.0,11,0,-0.36494759849979425,8,-1,0.7470650602789486
1226248,3934,000000003934.jpg,PROFILE,1,15,4019.3,142.9,-1,body7_self,rtmdet_ins_tiny,rtmdet_ins_tiny,25,0.7851,0.0545,0.9330,1,0.07378897673856227,0.013155447878803196,0.0,11,1,0.007729308767073784,8,1,0.6097521799452165
1226248,3934,000000003934.jpg,PROFILE,1,15,4019.3,142.9,-1,aic_coco_self,gt_box,gt_box,,,1.0,1.0,0,0.9470373526164537,0.9470373526164537,1.0,11,0,-0.36668114007912145,8,-1,0.7526749968528748
1226248,3934,000000003934.jpg,PROFILE,1,15,4019.3,142.9,-1,aic_coco_self,rtmdet_ins_tiny,rtmdet_ins_tiny,25,0.7851,0.0545,0.9330,1,0.12520325307641877,0.013360885614351208,0.0,11,1,0.03099769932337293,8,1,0.6539492081193363
1227180,122962,000000122962.jpg,FRONT,3,13,4021.1,113.1,-1,body7_official,gt_box,gt_box,,,1.0,1.0,0,0.9300757118689774,0.9300757118689774,1.0,11,0,-0.321060601970434,6,-1,0.675270115627962
1227180,122962,000000122962.jpg,FRONT,3,13,4021.1,113.1,-1,body7_official,rtmdet_ins_tiny,rtmdet_ins_tiny,21,0.7264,0.7440,0.7440,0,0.8965304131269591,0.8965304131269591,1.0,11,0,-0.3130154680369751,6,-1,0.6297160036423627
1227180,122962,000000122962.jpg,FRONT,3,13,4021.1,113.1,-1,body7_self,gt_box,gt_box,,,1.0,1.0,0,0.9300757118689774,0.9300757118689774,1.0,11,0,-0.321060601970434,6,-1,0.6752700630356284
1227180,122962,000000122962.jpg,FRONT,3,13,4021.1,113.1,-1,body7_self,rtmdet_ins_tiny,rtmdet_ins_tiny,21,0.7264,0.7440,0.7440,0,0.8965304131269591,0.8965304131269591,1.0,11,0,-0.3130154680369751,6,-1,0.6297159703338847
1227180,122962,000000122962.jpg,FRONT,3,13,4021.1,113.1,-1,aic_coco_self,gt_box,gt_box,,,1.0,1.0,0,0.9276772229370198,0.9276772229370198,1.0,11,0,-0.31459939231813905,6,-1,0.7247610267470864
1227180,122962,000000122962.jpg,FRONT,3,13,4021.1,113.1,-1,aic_coco_self,rtmdet_ins_tiny,rtmdet_ins_tiny,21,0.7264,0.7440,0.7440,0,0.8632791556426738,0.8632791556426738,0.9090909090909091,11,0,-0.31698414226999094,6,-1,0.6671842967762667
1229876,376625,000000376625.jpg,REAR,0,9,2857.1,124.4,1,body7_official,gt_box,gt_box,,,1.0,1.0,0,0.9853096050285761,0.9853096050285761,1.0,9,0,-0.2217674649245573,8,1,0.6793260399033042
1229876,376625,000000376625.jpg,REAR,0,9,2857.1,124.4,1,body7_official,rtmdet_ins_tiny,rtmdet_ins_tiny,32,0.7833,0.9145,0.9145,0,0.9862340802266181,0.9862340802266181,1.0,9,0,-0.22603471980948678,8,1,0.6835973122540642
1229876,376625,000000376625.jpg,REAR,0,9,2857.1,124.4,1,body7_self,gt_box,gt_box,,,1.0,1.0,0,0.9853096050285761,0.9853096050285761,1.0,9,0,-0.2217674649245573,8,1,0.6793260048417484
1229876,376625,000000376625.jpg,REAR,0,9,2857.1,124.4,1,body7_self,rtmdet_ins_tiny,rtmdet_ins_tiny,32,0.7833,0.9145,0.9145,0,0.9862340802266181,0.9862340802266181,1.0,9,0,-0.22603471980948678,8,1,0.6835972806986641
1229876,376625,000000376625.jpg,REAR,0,9,2857.1,124.4,1,aic_coco_self,gt_box,gt_box,,,1.0,1.0,0,0.9770636125367912,0.9770636125367912,1.0,9,0,-0.22170538196520712,8,1,0.7348104504977956
1229876,376625,000000376625.jpg,REAR,0,9,2857.1,124.4,1,aic_coco_self,rtmdet_ins_tiny,rtmdet_ins_tiny,32,0.7833,0.9145,0.9145,0,0.9835589108208471,0.9835589108208471,1.0,9,0,-0.22735467604481435,8,1,0.7305310859399683
1232296,121744,000000121744.jpg,FRONT,3,13,40395.7,347.5,-1,body7_official,gt_box,gt_box,,,1.0,1.0,0,0.9816216631024752,0.9816216631024752,1.0,13,0,-0.2673404918935764,4,-1,0.7204905380220974
1232296,121744,000000121744.jpg,FRONT,3,13,40395.7,347.5,-1,body7_official,rtmdet_ins_tiny,rtmdet_ins_tiny,51,0.7745,0.8943,0.8943,0,0.979263145224516,0.979263145224516,1.0,13,0,-0.25952389007991516,4,-1,0.7080282253377578
1232296,121744,000000121744.jpg,FRONT,3,13,40395.7,347.5,-1,body7_self,gt_box,gt_box,,,1.0,1.0,0,0.9816216631024752,0.9816216631024752,1.0,13,0,-0.2673404918935764,4,-1,0.7204906186636757
1232296,121744,000000121744.jpg,FRONT,3,13,40395.7,347.5,-1,body7_self,rtmdet_ins_tiny,rtmdet_ins_tiny,51,0.7745,0.8943,0.8943,0,0.979263145224516,0.979263145224516,1.0,13,0,-0.25952389007991516,4,-1,0.7080281815108131
1232296,121744,000000121744.jpg,FRONT,3,13,40395.7,347.5,-1,aic_coco_self,gt_box,gt_box,,,1.0,1.0,0,0.9799730162656933,0.9799730162656933,1.0,13,0,-0.2655289324139479,4,-1,0.7057541170540977
1232296,121744,000000121744.jpg,FRONT,3,13,40395.7,347.5,-1,aic_coco_self,rtmdet_ins_tiny,rtmdet_ins_tiny,51,0.7745,0.8943,0.8943,0,0.9800517280702609,0.9800517280702609,1.0,13,0,-0.26099149766311336,4,-1,0.7169167714960435
1235152,331280,000000331280.jpg,REAR,0,11,6600.8,152.7,1,body7_official,gt_box,gt_box,,,1.0,1.0,0,0.9837091077237032,0.9837091077237032,1.0,10,0,-0.5117133250513899,6,1,0.6123989469864789
1235152,331280,000000331280.jpg,REAR,0,11,6600.8,152.7,1,body7_official,rtmdet_ins_tiny,rtmdet_ins_tiny,12,0.5180,0.9095,0.9095,0,0.9824419758042762,0.9824419758042762,1.0,10,0,-0.514634012359636,6,1,0.6097355835578021
1235152,331280,000000331280.jpg,REAR,0,11,6600.8,152.7,1,body7_self,gt_box,gt_box,,,1.0,1.0,0,0.9837091077237032,0.9837091077237032,1.0,10,0,-0.5117133250513899,6,1,0.6123989838011125
1235152,331280,000000331280.jpg,REAR,0,11,6600.8,152.7,1,body7_self,rtmdet_ins_tiny,rtmdet_ins_tiny,12,0.5180,0.9095,0.9095,0,0.9824419758042762,0.9824419758042762,1.0,10,0,-0.514634012359636,6,1,0.6097354503238902
1235152,331280,000000331280.jpg,REAR,0,11,6600.8,152.7,1,aic_coco_self,gt_box,gt_box,,,1.0,1.0,0,0.9891396080442674,0.9891396080442674,1.0,10,0,-0.5239217396708773,6,1,0.709159791469574
1235152,331280,000000331280.jpg,REAR,0,11,6600.8,152.7,1,aic_coco_self,rtmdet_ins_tiny,rtmdet_ins_tiny,12,0.5180,0.9095,0.9095,0,0.9890123834300258,0.9890123834300258,1.0,10,0,-0.5287734336131218,6,1,0.7153789471177494
1236628,558114,000000558114.jpg,OBLIQUE,2,12,15172.4,310.9,-1,body7_official,gt_box,gt_box,,,1.0,1.0,0,0.9560768518811865,0.9560768518811865,1.0,11,0,-0.11123228429009765,6,-1,0.7526468827443964
1236628,558114,000000558114.jpg,OBLIQUE,2,12,15172.4,310.9,-1,body7_official,rtmdet_ins_tiny,rtmdet_ins_tiny,92,0.7683,0.7701,0.7701,0,0.9567900954807752,0.9567900954807752,1.0,11,0,-0.10910892921703477,6,-1,0.7633204354959375
1236628,558114,000000558114.jpg,OBLIQUE,2,12,15172.4,310.9,-1,body7_self,gt_box,gt_box,,,1.0,1.0,0,0.9560768518811865,0.9560768518811865,1.0,11,0,-0.11123228429009765,6,-1,0.7526468231397516
1236628,558114,000000558114.jpg,OBLIQUE,2,12,15172.4,310.9,-1,body7_self,rtmdet_ins_tiny,rtmdet_ins_tiny,92,0.7683,0.7701,0.7701,0,0.9567900954807752,0.9567900954807752,1.0,11,0,-0.10910892921703477,6,-1,0.7633205880137051
1236628,558114,000000558114.jpg,OBLIQUE,2,12,15172.4,310.9,-1,aic_coco_self,gt_box,gt_box,,,1.0,1.0,0,0.9607578601577742,0.9607578601577742,1.0,11,0,-0.10605916417759703,6,-1,0.7255517279400545
1236628,558114,000000558114.jpg,OBLIQUE,2,12,15172.4,310.9,-1,aic_coco_self,rtmdet_ins_tiny,rtmdet_ins_tiny,92,0.7683,0.7701,0.7701,0,0.9622427608151647,0.9622427608151647,1.0,11,0,-0.10589914302896686,6,-1,0.7203361707575181
1238870,314264,000000314264.jpg,OBLIQUE,2,11,99943.5,571.0,1,body7_official,gt_box,gt_box,,,1.0,1.0,0,0.9222790134174073,0.9222790134174073,0.9090909090909091,11,0,-0.3276467188460705,8,1,0.6838277578353882
1238870,314264,000000314264.jpg,OBLIQUE,2,11,99943.5,571.0,1,body7_official,rtmdet_ins_tiny,rtmdet_ins_tiny,11,0.8545,0.7271,0.7271,0,0.9236226127201079,0.9236226127201079,0.9090909090909091,11,0,-0.33636503582876937,8,1,0.7203574478626251
1238870,314264,000000314264.jpg,OBLIQUE,2,11,99943.5,571.0,1,body7_self,gt_box,gt_box,,,1.0,1.0,0,0.9222790134174073,0.9222790134174073,0.9090909090909091,11,0,-0.3276467188460705,8,1,0.683827701736899
1238870,314264,000000314264.jpg,OBLIQUE,2,11,99943.5,571.0,1,body7_self,rtmdet_ins_tiny,rtmdet_ins_tiny,11,0.8545,0.7271,0.7271,0,0.9236226127201079,0.9236226127201079,0.9090909090909091,11,0,-0.33636503582876937,8,1,0.7203573768629747
1238870,314264,000000314264.jpg,OBLIQUE,2,11,99943.5,571.0,1,aic_coco_self,gt_box,gt_box,,,1.0,1.0,0,0.9506598817167338,0.9506598817167338,1.0,11,0,-0.34328646227260956,8,1,0.7326716026839089
1238870,314264,000000314264.jpg,OBLIQUE,2,11,99943.5,571.0,1,aic_coco_self,rtmdet_ins_tiny,rtmdet_ins_tiny,11,0.8545,0.7271,0.7271,0,0.9558196499219096,0.9558196499219096,1.0,11,0,-0.3406610751724635,8,1,0.7204330300583559
1239716,361919,000000361919.jpg,FRONT,3,13,4020.0,113.0,-1,body7_official,gt_box,gt_box,,,1.0,1.0,0,0.9625883243662521,0.9625883243662521,1.0,13,0,-0.4948309946152073,10,-1,0.739102370598737
1239716,361919,000000361919.jpg,FRONT,3,13,4020.0,113.0,-1,body7_official,rtmdet_ins_tiny,rtmdet_ins_tiny,20,0.9114,0.9535,0.9535,0,0.9649998031474182,0.9649998031474182,1.0,13,0,-0.4934916752821561,10,-1,0.7410359242383171
1239716,361919,000000361919.jpg,FRONT,3,13,4020.0,113.0,-1,body7_self,gt_box,gt_box,,,1.0,1.0,0,0.9625883243662521,0.9625883243662521,1.0,13,0,-0.4948309946152073,10,-1,0.7391022987225476
1239716,361919,000000361919.jpg,FRONT,3,13,4020.0,113.0,-1,body7_self,rtmdet_ins_tiny,rtmdet_ins_tiny,20,0.9114,0.9535,0.9535,0,0.9649998031474182,0.9649998031474182,1.0,13,0,-0.4934916752821561,10,-1,0.7410359592998729
1239716,361919,000000361919.jpg,FRONT,3,13,4020.0,113.0,-1,aic_coco_self,gt_box,gt_box,,,1.0,1.0,0,0.9578646668300047,0.9578646668300047,1.0,13,0,-0.4770934860941196,10,-1,0.7878688503714169
1239716,361919,000000361919.jpg,FRONT,3,13,4020.0,113.0,-1,aic_coco_self,rtmdet_ins_tiny,rtmdet_ins_tiny,20,0.9114,0.9535,0.9535,0,0.9573529473823891,0.9573529473823891,1.0,13,0,-0.47743522265366206,10,-1,0.7898692804224351
1242078,356505,000000356505.jpg,FRONT,3,17,15293.2,269.8,-1,body7_official,gt_box,gt_box,,,1.0,1.0,0,0.9847871347897412,0.9847871347897412,1.0,17,0,-0.4688639367121191,12,-1,0.9290286512935862
1242078,356505,000000356505.jpg,FRONT,3,17,15293.2,269.8,-1,body7_official,rtmdet_ins_tiny,rtmdet_ins_tiny,5,0.9301,0.9600,0.9600,0,0.985925166227787,0.985925166227787,1.0,17,0,-0.4673631261261899,12,-1,0.9276295830221737
1242078,356505,000000356505.jpg,FRONT,3,17,15293.2,269.8,-1,body7_self,gt_box,gt_box,,,1.0,1.0,0,0.9847871347897412,0.9847871347897412,1.0,17,0,-0.4688639367121191,12,-1,0.9290286933674532
1242078,356505,000000356505.jpg,FRONT,3,17,15293.2,269.8,-1,body7_self,rtmdet_ins_tiny,rtmdet_ins_tiny,5,0.9301,0.9600,0.9600,0,0.985925166227787,0.985925166227787,1.0,17,0,-0.4673631261261899,12,-1,0.9276296741822186
1242078,356505,000000356505.jpg,FRONT,3,17,15293.2,269.8,-1,aic_coco_self,gt_box,gt_box,,,1.0,1.0,0,0.9876459416642073,0.9876459416642073,1.0,17,0,-0.4703640979612465,12,-1,0.9234759737463558
1242078,356505,000000356505.jpg,FRONT,3,17,15293.2,269.8,-1,aic_coco_self,rtmdet_ins_tiny,rtmdet_ins_tiny,5,0.9301,0.9600,0.9600,0,0.9890279403075468,0.9890279403075468,1.0,17,0,-0.4722981370215809,12,-1,0.922654365791994
1244151,111207,000000111207.jpg,REAR,0,11,13703.8,263.7,1,body7_official,gt_box,gt_box,,,1.0,1.0,0,0.9870816871176668,0.9870816871176668,1.0,11,0,-0.38438109269675136,10,1,0.7861198116751278
1244151,111207,000000111207.jpg,REAR,0,11,13703.8,263.7,1,body7_official,rtmdet_ins_tiny,rtmdet_ins_tiny,10,0.9184,0.9593,0.9593,0,0.9865030890448776,0.9865030890448776,1.0,11,0,-0.38435497172756966,10,1,0.8015872730928308
1244151,111207,000000111207.jpg,REAR,0,11,13703.8,263.7,1,body7_self,gt_box,gt_box,,,1.0,1.0,0,0.9870816871176668,0.9870816871176668,1.0,11,0,-0.38438109269675136,10,1,0.7861198853043949
1244151,111207,000000111207.jpg,REAR,0,11,13703.8,263.7,1,body7_self,rtmdet_ins_tiny,rtmdet_ins_tiny,10,0.9184,0.9593,0.9593,0,0.9865030890448776,0.9865030890448776,1.0,11,0,-0.38435497172756966,10,1,0.8015872625743642
1244151,111207,000000111207.jpg,REAR,0,11,13703.8,263.7,1,aic_coco_self,gt_box,gt_box,,,1.0,1.0,0,0.9832834544113142,0.9832834544113142,1.0,11,0,-0.3823044413200394,10,1,0.8299144541516024
1244151,111207,000000111207.jpg,REAR,0,11,13703.8,263.7,1,aic_coco_self,rtmdet_ins_tiny,rtmdet_ins_tiny,10,0.9184,0.9593,0.9593,0,0.9824547093543056,0.9824547093543056,1.0,11,0,-0.37945475633549985,10,1,0.8274340068592745
1245630,157767,000000157767.jpg,OBLIQUE,2,10,2094.1,122.3,-1,body7_official,gt_box,gt_box,,,1.0,1.0,0,0.8889609566883132,0.8889609566883132,1.0,10,0,-0.019983965107525675,4,-1,0.6692799470003914
1245630,157767,000000157767.jpg,OBLIQUE,2,10,2094.1,122.3,-1,body7_official,rtmdet_ins_tiny,rtmdet_ins_tiny,34,0.7641,0.0194,0.6830,1,0.0006044732539359084,0.0011875862949971066,0.0,10,1,6.440272823149407e-06,4,-1,0.777604457210092
1245630,157767,000000157767.jpg,OBLIQUE,2,10,2094.1,122.3,-1,body7_self,gt_box,gt_box,,,1.0,1.0,0,0.8889609566883132,0.8889609566883132,1.0,10,0,-0.019983965107525675,4,-1,0.669280057444292
1245630,157767,000000157767.jpg,OBLIQUE,2,10,2094.1,122.3,-1,body7_self,rtmdet_ins_tiny,rtmdet_ins_tiny,34,0.7641,0.0194,0.6830,1,0.0006044732539359084,0.0011875862949971066,0.0,10,1,6.440272823149407e-06,4,-1,0.7776043450131136
1245630,157767,000000157767.jpg,OBLIQUE,2,10,2094.1,122.3,-1,aic_coco_self,gt_box,gt_box,,,1.0,1.0,0,0.9098462534864191,0.9098462534864191,1.0,10,0,-0.03998122880737513,4,-1,0.6892262942650739
1245630,157767,000000157767.jpg,OBLIQUE,2,10,2094.1,122.3,-1,aic_coco_self,rtmdet_ins_tiny,rtmdet_ins_tiny,34,0.7641,0.0194,0.6830,1,0.0004245800809122936,0.0009155135282095094,0.0,10,1,1.6835481123744778e-05,4,-1,0.7797134308254018
1248222,480021,000000480021.jpg,FRONT,3,16,9064.9,196.3,-1,body7_official,gt_box,gt_box,,,1.0,1.0,0,0.9573867948544652,0.9573867948544652,1.0,16,0,-0.25533174934412706,12,-1,0.7849459087147432
1248222,480021,000000480021.jpg,FRONT,3,16,9064.9,196.3,-1,body7_official,rtmdet_ins_tiny,rtmdet_ins_tiny,28,0.5341,0.3296,0.8618,3,0.7935469608101272,0.7935469608101272,0.8125,16,0,-0.24513720365770825,12,-1,0.6301627737634322
1248222,480021,000000480021.jpg,FRONT,3,16,9064.9,196.3,-1,body7_self,gt_box,gt_box,,,1.0,1.0,0,0.9573867948544652,0.9573867948544652,1.0,16,0,-0.25533174934412706,12,-1,0.7849459823440103
1248222,480021,000000480021.jpg,FRONT,3,16,9064.9,196.3,-1,body7_self,rtmdet_ins_tiny,rtmdet_ins_tiny,28,0.5341,0.3296,0.8618,3,0.7935469608101272,0.7935469608101272,0.8125,16,0,-0.24513720365770825,12,-1,0.6301627229241764
1248222,480021,000000480021.jpg,FRONT,3,16,9064.9,196.3,-1,aic_coco_self,gt_box,gt_box,,,1.0,1.0,0,0.9654925939779886,0.9654925939779886,1.0,16,0,-0.2630533775898961,12,-1,0.7619652783169466
1248222,480021,000000480021.jpg,FRONT,3,16,9064.9,196.3,-1,aic_coco_self,rtmdet_ins_tiny,rtmdet_ins_tiny,28,0.5341,0.3296,0.8618,3,0.8294053616902548,0.8294053616902548,0.875,16,0,-0.2607527102721668,12,-1,0.6510244923479417
1252158,559842,000000559842.jpg,FRONT,3,16,3941.7,120.5,-1,body7_official,gt_box,gt_box,,,1.0,1.0,0,0.9839882180512475,0.9839882180512475,1.0,16,0,-0.2903579891884295,12,-1,0.7837925728629617
1252158,559842,000000559842.jpg,FRONT,3,16,3941.7,120.5,-1,body7_official,rtmdet_ins_tiny,rtmdet_ins_tiny,42,0.7894,0.9425,0.9425,0,0.9745902285609528,0.9745902285609528,1.0,16,0,-0.2915138673759977,12,-1,0.7825501455980188
1252158,559842,000000559842.jpg,FRONT,3,16,3941.7,120.5,-1,body7_self,gt_box,gt_box,,,1.0,1.0,0,0.9839882180512475,0.9839882180512475,1.0,16,0,-0.2903579891884295,12,-1,0.783792611430673
1252158,559842,000000559842.jpg,FRONT,3,16,3941.7,120.5,-1,body7_self,rtmdet_ins_tiny,rtmdet_ins_tiny,42,0.7894,0.9425,0.9425,0,0.9745902285609528,0.9745902285609528,1.0,16,0,-0.2915138673759977,12,-1,0.7825501385857078
1252158,559842,000000559842.jpg,FRONT,3,16,3941.7,120.5,-1,aic_coco_self,gt_box,gt_box,,,1.0,1.0,0,0.9807883303453251,0.9807883303453251,1.0,16,0,-0.2914469695194975,12,-1,0.806540334925932
1252158,559842,000000559842.jpg,FRONT,3,16,3941.7,120.5,-1,aic_coco_self,rtmdet_ins_tiny,rtmdet_ins_tiny,42,0.7894,0.9425,0.9425,0,0.9824527879293871,0.9824527879293871,1.0,16,0,-0.293515661552106,12,-1,0.8180982821127948
1254993,540414,000000540414.jpg,PROFILE,1,11,4605.8,112.8,1,body7_official,gt_box,gt_box,,,1.0,1.0,0,0.8966487921063654,0.8966487921063654,0.9090909090909091,11,0,-0.4074010056152271,8,1,0.6345427194062401
1254993,540414,000000540414.jpg,PROFILE,1,11,4605.8,112.8,1,body7_official,rtmdet_ins_tiny,rtmdet_ins_tiny,25,0.8078,0.9459,0.9459,0,0.8943123179458077,0.8943123179458077,0.9090909090909091,11,0,-0.40443329680915197,8,1,0.6336822097792345
1254993,540414,000000540414.jpg,PROFILE,1,11,4605.8,112.8,1,body7_self,gt_box,gt_box,,,1.0,1.0,0,0.8966487921063654,0.8966487921063654,0.9090909090909091,11,0,-0.4074010056152271,8,1,0.634542712393929
1254993,540414,000000540414.jpg,PROFILE,1,11,4605.8,112.8,1,body7_self,rtmdet_ins_tiny,rtmdet_ins_tiny,25,0.8078,0.9459,0.9459,0,0.8943123179458077,0.8943123179458077,0.9090909090909091,11,0,-0.40443329680915197,8,1,0.6336820625207004
1254993,540414,000000540414.jpg,PROFILE,1,11,4605.8,112.8,1,aic_coco_self,gt_box,gt_box,,,1.0,1.0,0,0.8943873976943926,0.8943873976943926,0.9090909090909091,11,0,-0.4192827753189577,8,1,0.6549663999501396
1254993,540414,000000540414.jpg,PROFILE,1,11,4605.8,112.8,1,aic_coco_self,rtmdet_ins_tiny,rtmdet_ins_tiny,25,0.8078,0.9459,0.9459,0,0.8888880288875096,0.8888880288875096,0.9090909090909091,11,0,-0.4197079047628253,8,1,0.6574504428050097
1256414,458045,000000458045.jpg,REAR,0,11,1653.5,109.1,1,body7_official,gt_box,gt_box,,,1.0,1.0,0,0.9752463056480618,0.9752463056480618,1.0,8,0,-0.32835599329669024,6,1,0.6292418820016524
1256414,458045,000000458045.jpg,REAR,0,11,1653.5,109.1,1,body7_official,rtmdet_ins_tiny,rtmdet_ins_tiny,35,0.5915,0.8262,0.8262,0,0.9790305156900392,0.9790305156900392,1.0,8,0,-0.32616555482636733,6,1,0.6285682092694675
1256414,458045,000000458045.jpg,REAR,0,11,1653.5,109.1,1,body7_self,gt_box,gt_box,,,1.0,1.0,0,0.9752463056480618,0.9752463056480618,1.0,8,0,-0.32835599329669024,6,1,0.629241803113152
1256414,458045,000000458045.jpg,REAR,0,11,1653.5,109.1,1,body7_self,rtmdet_ins_tiny,rtmdet_ins_tiny,35,0.5915,0.8262,0.8262,0,0.9790305156900392,0.9790305156900392,1.0,8,0,-0.32616555482636733,6,1,0.6285683723057017
1256414,458045,000000458045.jpg,REAR,0,11,1653.5,109.1,1,aic_coco_self,gt_box,gt_box,,,1.0,1.0,0,0.9293305583150391,0.9293305583150391,1.0,8,0,-0.3106095155096479,6,1,0.603747217094197
1256414,458045,000000458045.jpg,REAR,0,11,1653.5,109.1,1,aic_coco_self,rtmdet_ins_tiny,rtmdet_ins_tiny,35,0.5915,0.8262,0.8262,0,0.9591092826676442,0.9591092826676442,1.0,8,0,-0.31926262019303353,6,1,0.6199513025143567
1257471,439715,000000439715.jpg,OBLIQUE,2,13,1744.0,102.0,-1,body7_official,gt_box,gt_box,,,1.0,1.0,0,0.8125943372888481,0.8125943372888481,1.0,13,0,-0.12313884414742068,8,-1,0.5417590930181391
1257471,439715,000000439715.jpg,OBLIQUE,2,13,1744.0,102.0,-1,body7_official,rtmdet_ins_tiny,rtmdet_ins_tiny,21,0.4075,0.0000,0.4837,4,3.730149208586056e-11,3.730149208586056e-11,0.0,13,0,-4.1441710554313005e-05,8,-1,0.4091007323826061
1257471,439715,000000439715.jpg,OBLIQUE,2,13,1744.0,102.0,-1,body7_self,gt_box,gt_box,,,1.0,1.0,0,0.8125943372888481,0.8125943372888481,1.0,13,0,-0.12313884414742068,8,-1,0.5417593542267295
1257471,439715,000000439715.jpg,OBLIQUE,2,13,1744.0,102.0,-1,body7_self,rtmdet_ins_tiny,rtmdet_ins_tiny,21,0.4075,0.0000,0.4837,4,3.730149208586056e-11,3.730149208586056e-11,0.0,13,0,-4.1441710554313005e-05,8,-1,0.4091007595553118
1257471,439715,000000439715.jpg,OBLIQUE,2,13,1744.0,102.0,-1,aic_coco_self,gt_box,gt_box,,,1.0,1.0,0,0.929769455107574,0.929769455107574,1.0,13,0,-0.13907172285898595,8,-1,0.6504228886436013
1257471,439715,000000439715.jpg,OBLIQUE,2,13,1744.0,102.0,-1,aic_coco_self,rtmdet_ins_tiny,rtmdet_ins_tiny,21,0.4075,0.0000,0.4837,4,9.550221261072635e-11,9.550221261072635e-11,0.0,13,0,-0.0003674049227020415,8,-1,0.4370097500436446
1259474,567640,000000567640.jpg,FRONT,3,15,20442.7,327.6,-1,body7_official,gt_box,gt_box,,,1.0,1.0,0,0.9710299370630003,0.9710299370630003,1.0,15,0,-0.42307490660038977,10,-1,0.9415678276735193
1259474,567640,000000567640.jpg,FRONT,3,15,20442.7,327.6,-1,body7_official,rtmdet_ins_tiny,rtmdet_ins_tiny,27,0.9306,0.9507,0.9507,0,0.9737738290960366,0.9737738290960366,1.0,15,0,-0.42498605619766616,10,-1,0.9553272198228275
1259474,567640,000000567640.jpg,FRONT,3,15,20442.7,327.6,-1,body7_self,gt_box,gt_box,,,1.0,1.0,0,0.9710299370630003,0.9710299370630003,1.0,15,0,-0.42307490660038977,10,-1,0.9415678452042973
1259474,567640,000000567640.jpg,FRONT,3,15,20442.7,327.6,-1,body7_self,rtmdet_ins_tiny,rtmdet_ins_tiny,27,0.9306,0.9507,0.9507,0,0.9737738290960366,0.9737738290960366,1.0,15,0,-0.42498605619766616,10,-1,0.955327174242805
1259474,567640,000000567640.jpg,FRONT,3,15,20442.7,327.6,-1,aic_coco_self,gt_box,gt_box,,,1.0,1.0,0,0.9782703178711163,0.9782703178711163,1.0,15,0,-0.42508057381924086,10,-1,0.9204518584644094
1259474,567640,000000567640.jpg,FRONT,3,15,20442.7,327.6,-1,aic_coco_self,rtmdet_ins_tiny,rtmdet_ins_tiny,27,0.9306,0.9507,0.9507,0,0.973083168226418,0.973083168226418,1.0,15,0,-0.4269689514045701,10,-1,0.9397723113789278
1261934,334555,000000334555.jpg,REAR,0,14,4260.0,139.6,1,body7_official,gt_box,gt_box,,,1.0,1.0,0,0.9815117374120966,0.9815117374120966,1.0,14,0,-0.36028001514225194,12,1,0.7250894623644212
1261934,334555,000000334555.jpg,REAR,0,14,4260.0,139.6,1,body7_official,rtmdet_ins_tiny,rtmdet_ins_tiny,30,0.8992,0.9297,0.9297,0,0.9799651863542388,0.9799651863542388,1.0,14,0,-0.3578285465088392,12,1,0.7439340668566087
1261934,334555,000000334555.jpg,REAR,0,14,4260.0,139.6,1,body7_self,gt_box,gt_box,,,1.0,1.0,0,0.9815117374120966,0.9815117374120966,1.0,14,0,-0.36028001514225194,12,1,0.7250894518459544
