ann_id,image_id,file_name,orientation,face_visible,num_keypoints,area,bbox_h,gt_shoulder_sign,pose_model,box_source,detector,n_person_det,top1_score,top1_iou,best_iou,best_rank,pose_oks_raw,pose_oks_corrected,pose_pck02_corrected,pose_n_scored,pose_chirality_swapped,pose_chirality_margin,pose_n_chir,pose_pred_shoulder_sign,pose_conf_mean
183301,549390,000000549390.jpg,OBLIQUE,2,15,23976.6,294.1,-1,body7_official,gt_box,gt_box,,,1.0,1.0,0,0.9786382914518434,0.9786382914518434,1.0,15,0,-0.21658984507178097,12,-1,0.8295958603129667
183301,549390,000000549390.jpg,OBLIQUE,2,15,23976.6,294.1,-1,body7_official,rtmdet_ins_tiny,rtmdet_ins_tiny,18,0.8925,0.8136,0.8136,0,0.9772586147826471,0.9772586147826471,1.0,15,0,-0.21951732012817105,12,-1,0.8416717578383053
183301,549390,000000549390.jpg,OBLIQUE,2,15,23976.6,294.1,-1,body7_self,gt_box,gt_box,,,1.0,1.0,0,0.9786382914518434,0.9786382914518434,1.0,15,0,-0.21658984507178097,12,-1,0.8295958392760333
183301,549390,000000549390.jpg,OBLIQUE,2,15,23976.6,294.1,-1,body7_self,rtmdet_ins_tiny,rtmdet_ins_tiny,18,0.8925,0.8136,0.8136,0,0.9772586147826471,0.9772586147826471,1.0,15,0,-0.21951732012817105,12,-1,0.8416717578383053
183301,549390,000000549390.jpg,OBLIQUE,2,15,23976.6,294.1,-1,aic_coco_self,gt_box,gt_box,,,1.0,1.0,0,0.9804590732396206,0.9804590732396206,1.0,15,0,-0.22111538828729566,12,-1,0.8183720813078039
183301,549390,000000549390.jpg,OBLIQUE,2,15,23976.6,294.1,-1,aic_coco_self,rtmdet_ins_tiny,rtmdet_ins_tiny,18,0.8925,0.8136,0.8136,0,0.9828365887891866,0.9828365887891866,1.0,15,0,-0.2178438720395626,12,-1,0.8221608540591072
183471,121031,000000121031.jpg,FRONT,3,13,7833.5,215.9,-1,body7_official,gt_box,gt_box,,,1.0,1.0,0,0.9602486457878072,0.9602486457878072,1.0,13,0,-0.5008877569376012,6,-1,0.8673790447852191
183471,121031,000000121031.jpg,FRONT,3,13,7833.5,215.9,-1,body7_official,rtmdet_ins_tiny,rtmdet_ins_tiny,31,0.7923,0.8963,0.8963,0,0.9641988755428105,0.9641988755428105,1.0,13,0,-0.5048540337947673,6,-1,0.8508824110031128
183471,121031,000000121031.jpg,FRONT,3,13,7833.5,215.9,-1,body7_self,gt_box,gt_box,,,1.0,1.0,0,0.9602486457878072,0.9602486457878072,1.0,13,0,-0.5008877569376012,6,-1,0.8673790868590859
183471,121031,000000121031.jpg,FRONT,3,13,7833.5,215.9,-1,body7_self,rtmdet_ins_tiny,rtmdet_ins_tiny,31,0.7923,0.8963,0.8963,0,0.9641988755428105,0.9641988755428105,1.0,13,0,-0.5048540337947673,6,-1,0.8508824460646686
183471,121031,000000121031.jpg,FRONT,3,13,7833.5,215.9,-1,aic_coco_self,gt_box,gt_box,,,1.0,1.0,0,0.9543241691877451,0.9543241691877451,1.0,13,0,-0.5058581420132835,6,-1,0.8774353546254775
183471,121031,000000121031.jpg,FRONT,3,13,7833.5,215.9,-1,aic_coco_self,rtmdet_ins_tiny,rtmdet_ins_tiny,31,0.7923,0.8963,0.8963,0,0.9535808619063963,0.9535808619063963,1.0,13,0,-0.5027427308350657,6,-1,0.8757584375493667
183831,112298,000000112298.jpg,FRONT,3,12,32081.1,263.9,-1,body7_official,gt_box,gt_box,,,1.0,1.0,0,0.9846837291255386,0.9846837291255386,1.0,12,0,-0.5925213194702863,6,-1,0.7401873250217998
183831,112298,000000112298.jpg,FRONT,3,12,32081.1,263.9,-1,body7_official,rtmdet_ins_tiny,rtmdet_ins_tiny,5,0.7984,0.8552,0.8552,0,0.9823633361570502,0.9823633361570502,1.0,12,0,-0.5904073758920471,6,-1,0.7463603633291581
183831,112298,000000112298.jpg,FRONT,3,12,32081.1,263.9,-1,body7_self,gt_box,gt_box,,,1.0,1.0,0,0.9846837291255386,0.9846837291255386,1.0,12,0,-0.5925213194702863,6,-1,0.7401874258237726
183831,112298,000000112298.jpg,FRONT,3,12,32081.1,263.9,-1,body7_self,rtmdet_ins_tiny,rtmdet_ins_tiny,5,0.7984,0.8552,0.8552,0,0.9823633361570502,0.9823633361570502,1.0,12,0,-0.5904073758920471,6,-1,0.746360310298555
183831,112298,000000112298.jpg,FRONT,3,12,32081.1,263.9,-1,aic_coco_self,gt_box,gt_box,,,1.0,1.0,0,0.9874044058972552,0.9874044058972552,1.0,12,0,-0.5931298766945867,6,-1,0.6912483835921568
183831,112298,000000112298.jpg,FRONT,3,12,32081.1,263.9,-1,aic_coco_self,rtmdet_ins_tiny,rtmdet_ins_tiny,5,0.7984,0.8552,0.8552,0,0.9824955798243784,0.9824955798243784,1.0,12,0,-0.5840509794237055,6,-1,0.700199706151205
184179,245448,000000245448.jpg,FRONT,3,13,5945.3,138.7,-1,body7_official,gt_box,gt_box,,,1.0,1.0,0,0.9777873589179092,0.9777873589179092,1.0,12,0,-0.5139683243850773,8,-1,0.7776132962282967
184179,245448,000000245448.jpg,FRONT,3,13,5945.3,138.7,-1,body7_official,rtmdet_ins_tiny,rtmdet_ins_tiny,27,0.8259,0.9742,0.9742,0,0.9798786158548194,0.9798786158548194,1.0,12,0,-0.5160486656839873,8,-1,0.7873902005307815
184179,245448,000000245448.jpg,FRONT,3,13,5945.3,138.7,-1,body7_self,gt_box,gt_box,,,1.0,1.0,0,0.9777873589179092,0.9777873589179092,1.0,12,0,-0.5139683243850773,8,-1,0.7776132576605853
184179,245448,000000245448.jpg,FRONT,3,13,5945.3,138.7,-1,body7_self,rtmdet_ins_tiny,rtmdet_ins_tiny,27,0.8259,0.9742,0.9742,0,0.9798786158548194,0.9798786158548194,1.0,12,0,-0.5160486656839873,8,-1,0.7873902250738705
184179,245448,000000245448.jpg,FRONT,3,13,5945.3,138.7,-1,aic_coco_self,gt_box,gt_box,,,1.0,1.0,0,0.9763910914141875,0.9763910914141875,1.0,12,0,-0.5174473262585972,8,-1,0.7866548212135539
184179,245448,000000245448.jpg,FRONT,3,13,5945.3,138.7,-1,aic_coco_self,rtmdet_ins_tiny,rtmdet_ins_tiny,27,0.8259,0.9742,0.9742,0,0.9780998834075606,0.9780998834075606,1.0,12,0,-0.5176875373198567,8,-1,0.7948406829553492
185120,278848,000000278848.jpg,REAR,0,12,17147.7,258.1,1,body7_official,gt_box,gt_box,,,1.0,1.0,0,0.973451347449673,0.973451347449673,1.0,12,0,-0.34725954392088354,10,1,0.703825898030225
185120,278848,000000278848.jpg,REAR,0,12,17147.7,258.1,1,body7_official,rtmdet_ins_tiny,rtmdet_ins_tiny,22,0.8582,0.9372,0.9372,0,0.9743971749133613,0.9743971749133613,1.0,12,0,-0.3458161280761217,10,1,0.7071172840454999
185120,278848,000000278848.jpg,REAR,0,12,17147.7,258.1,1,body7_self,gt_box,gt_box,,,1.0,1.0,0,0.973451347449673,0.973451347449673,1.0,12,0,-0.34725954392088354,10,1,0.7038258208948023
185120,278848,000000278848.jpg,REAR,0,12,17147.7,258.1,1,body7_self,rtmdet_ins_tiny,rtmdet_ins_tiny,22,0.8582,0.9372,0.9372,0,0.9743971749133613,0.9743971749133613,1.0,12,0,-0.3458161280761217,10,1,0.7071172612554887
185120,278848,000000278848.jpg,REAR,0,12,17147.7,258.1,1,aic_coco_self,gt_box,gt_box,,,1.0,1.0,0,0.9721948757568512,0.9721948757568512,1.0,12,0,-0.3422682563265596,10,1,0.6787092527922463
185120,278848,000000278848.jpg,REAR,0,12,17147.7,258.1,1,aic_coco_self,rtmdet_ins_tiny,rtmdet_ins_tiny,22,0.8582,0.9372,0.9372,0,0.9706462388328276,0.9706462388328276,1.0,12,0,-0.339895529069454,10,1,0.6798387660699732
186234,251140,000000251140.jpg,FRONT,3,16,7688.8,220.2,-1,body7_official,gt_box,gt_box,,,1.0,1.0,0,0.9552481098748781,0.9552481098748781,1.0,14,0,-0.35585538995047994,8,-1,0.7624516154036802
186234,251140,000000251140.jpg,FRONT,3,16,7688.8,220.2,-1,body7_official,rtmdet_ins_tiny,rtmdet_ins_tiny,9,0.7839,0.1292,0.8273,1,4.5367260049622855e-07,4.5367260049622855e-07,0.0,14,0,-0.059414622567086184,8,-1,0.7485008309869206
186234,251140,000000251140.jpg,FRONT,3,16,7688.8,220.2,-1,body7_self,gt_box,gt_box,,,1.0,1.0,0,0.9552481098748781,0.9552481098748781,1.0,14,0,-0.35585538995047994,8,-1,0.7624515259967131
186234,251140,000000251140.jpg,FRONT,3,16,7688.8,220.2,-1,body7_self,rtmdet_ins_tiny,rtmdet_ins_tiny,9,0.7839,0.1292,0.8273,1,4.5367260049622855e-07,4.5367260049622855e-07,0.0,14,0,-0.059414622567086184,8,-1,0.7485007538514978
186234,251140,000000251140.jpg,FRONT,3,16,7688.8,220.2,-1,aic_coco_self,gt_box,gt_box,,,1.0,1.0,0,0.9562518145206779,0.9562518145206779,1.0,14,0,-0.3549457100283406,8,-1,0.7774185292861041
186234,251140,000000251140.jpg,FRONT,3,16,7688.8,220.2,-1,aic_coco_self,rtmdet_ins_tiny,rtmdet_ins_tiny,9,0.7839,0.1292,0.8273,1,7.598573362755512e-07,7.598573362755512e-07,0.0,14,0,-0.060161284454205655,8,-1,0.722002436132992
186758,435208,000000435208.jpg,OBLIQUE,2,14,16643.6,196.4,-1,body7_official,gt_box,gt_box,,,1.0,1.0,0,0.9285984637521275,0.9285984637521275,1.0,14,0,-0.24193507141170614,10,-1,0.6655726222430959
186758,435208,000000435208.jpg,OBLIQUE,2,14,16643.6,196.4,-1,body7_official,rtmdet_ins_tiny,rtmdet_ins_tiny,17,0.6673,0.9168,0.9168,0,0.9260560850403141,0.9260560850403141,1.0,14,0,-0.24342968376968505,10,-1,0.6779168896815356
186758,435208,000000435208.jpg,OBLIQUE,2,14,16643.6,196.4,-1,body7_self,gt_box,gt_box,,,1.0,1.0,0,0.9285984637521275,0.9285984637521275,1.0,14,0,-0.24193507141170614,10,-1,0.6655726397738737
186758,435208,000000435208.jpg,OBLIQUE,2,14,16643.6,196.4,-1,body7_self,rtmdet_ins_tiny,rtmdet_ins_tiny,17,0.6673,0.9168,0.9168,0,0.9260560850403141,0.9260560850403141,1.0,14,0,-0.24342968376968505,10,-1,0.6779168581261354
186758,435208,000000435208.jpg,OBLIQUE,2,14,16643.6,196.4,-1,aic_coco_self,gt_box,gt_box,,,1.0,1.0,0,0.9131913609055828,0.9131913609055828,1.0,14,0,-0.2444681334130931,10,-1,0.6745791628080255
186758,435208,000000435208.jpg,OBLIQUE,2,14,16643.6,196.4,-1,aic_coco_self,rtmdet_ins_tiny,rtmdet_ins_tiny,17,0.6673,0.9168,0.9168,0,0.9139609085938023,0.9139609085938023,1.0,14,0,-0.2419241692051789,10,-1,0.6851586611831889
187448,553990,000000553990.jpg,OBLIQUE,2,11,6333.4,160.0,-1,body7_official,gt_box,gt_box,,,1.0,1.0,0,0.9379928215399858,0.9379928215399858,1.0,11,0,-0.12256774150985852,4,-1,0.8177139618817497
187448,553990,000000553990.jpg,OBLIQUE,2,11,6333.4,160.0,-1,body7_official,rtmdet_ins_tiny,rtmdet_ins_tiny,15,0.4577,0.8190,0.8190,0,0.937078985673141,0.937078985673141,1.0,11,0,-0.10704123904338005,4,-1,0.7955359290627873
187448,553990,000000553990.jpg,OBLIQUE,2,11,6333.4,160.0,-1,body7_self,gt_box,gt_box,,,1.0,1.0,0,0.9379928215399858,0.9379928215399858,1.0,11,0,-0.12256774150985852,4,-1,0.8177139688940609
187448,553990,000000553990.jpg,OBLIQUE,2,11,6333.4,160.0,-1,body7_self,rtmdet_ins_tiny,rtmdet_ins_tiny,15,0.4577,0.8190,0.8190,0,0.937078985673141,0.937078985673141,1.0,11,0,-0.10704123904338005,4,-1,0.7955359220504761
187448,553990,000000553990.jpg,OBLIQUE,2,11,6333.4,160.0,-1,aic_coco_self,gt_box,gt_box,,,1.0,1.0,0,0.9504267833486169,0.9504267833486169,1.0,11,0,-0.13663038260548332,4,-1,0.7638814501902637
187448,553990,000000553990.jpg,OBLIQUE,2,11,6333.4,160.0,-1,aic_coco_self,rtmdet_ins_tiny,rtmdet_ins_tiny,15,0.4577,0.8190,0.8190,0,0.950018423691755,0.950018423691755,1.0,11,0,-0.1259821457803773,4,-1,0.7416344004518846
188176,102331,000000102331.jpg,OBLIQUE,2,14,4296.2,106.7,-1,body7_official,gt_box,gt_box,,,1.0,1.0,0,0.8675566706231336,0.8675566706231336,1.0,11,0,-0.078561959645722,8,-1,0.5939908343202928
188176,102331,000000102331.jpg,OBLIQUE,2,14,4296.2,106.7,-1,body7_official,rtmdet_ins_tiny,rtmdet_ins_tiny,7,0.5765,0.6551,0.6551,0,0.812620525004197,0.812620525004197,1.0,11,0,-0.07456456399963603,8,-1,0.5914466819342445
188176,102331,000000102331.jpg,OBLIQUE,2,14,4296.2,106.7,-1,body7_self,gt_box,gt_box,,,1.0,1.0,0,0.8675566706231336,0.8675566706231336,1.0,11,0,-0.078561959645722,8,-1,0.5939907922464258
188176,102331,000000102331.jpg,OBLIQUE,2,14,4296.2,106.7,-1,body7_self,rtmdet_ins_tiny,rtmdet_ins_tiny,7,0.5765,0.6551,0.6551,0,0.812620525004197,0.812620525004197,1.0,11,0,-0.07456456399963603,8,-1,0.5914466293419108
188176,102331,000000102331.jpg,OBLIQUE,2,14,4296.2,106.7,-1,aic_coco_self,gt_box,gt_box,,,1.0,1.0,0,0.9349107161536694,0.9349107161536694,1.0,11,0,-0.08213256107184459,8,-1,0.6146241443998673
188176,102331,000000102331.jpg,OBLIQUE,2,14,4296.2,106.7,-1,aic_coco_self,rtmdet_ins_tiny,rtmdet_ins_tiny,7,0.5765,0.6551,0.6551,0,0.9162077622013985,0.9162077622013985,1.0,11,0,-0.07874744765600723,8,-1,0.6577686281765208
189022,139077,000000139077.jpg,REAR,0,13,8669.3,212.9,-1,body7_official,gt_box,gt_box,,,1.0,1.0,0,0.9586728963177674,0.9586728963177674,1.0,11,0,-0.1684621802002506,8,-1,0.7335472422487596
189022,139077,000000139077.jpg,REAR,0,13,8669.3,212.9,-1,body7_official,rtmdet_ins_tiny,rtmdet_ins_tiny,2,0.7978,0.7462,0.7462,0,0.9547740861151905,0.9547740861151905,1.0,11,0,-0.1654246747029683,8,-1,0.808732155491324
189022,139077,000000139077.jpg,REAR,0,13,8669.3,212.9,-1,body7_self,gt_box,gt_box,,,1.0,1.0,0,0.9586728963177674,0.9586728963177674,1.0,11,0,-0.1684621802002506,8,-1,0.7335472843226265
189022,139077,000000139077.jpg,REAR,0,13,8669.3,212.9,-1,body7_self,rtmdet_ins_tiny,rtmdet_ins_tiny,2,0.7978,0.7462,0.7462,0,0.9547740861151905,0.9547740861151905,1.0,11,0,-0.1654246747029683,8,-1,0.8087321835405686
189022,139077,000000139077.jpg,REAR,0,13,8669.3,212.9,-1,aic_coco_self,gt_box,gt_box,,,1.0,1.0,0,0.9581675974267324,0.9581675974267324,1.0,11,0,-0.16157772779308505,8,-1,0.7576280972536873
189022,139077,000000139077.jpg,REAR,0,13,8669.3,212.9,-1,aic_coco_self,rtmdet_ins_tiny,rtmdet_ins_tiny,2,0.7978,0.7462,0.7462,0,0.9523974839016544,0.9523974839016544,1.0,11,0,-0.15630657208784987,8,-1,0.7878000455744126
191020,197870,000000197870.jpg,REAR,0,14,7443.6,185.1,1,body7_official,gt_box,gt_box,,,1.0,1.0,0,0.941105316393229,0.941105316393229,1.0,14,0,-0.37796729764796577,12,1,0.6740637070992413
191020,197870,000000197870.jpg,REAR,0,14,7443.6,185.1,1,body7_official,rtmdet_ins_tiny,rtmdet_ins_tiny,11,0.7054,0.8660,0.8660,0,0.9441439443734476,0.9441439443734476,1.0,14,0,-0.3781989277872643,12,1,0.6577544755795423
191020,197870,000000197870.jpg,REAR,0,14,7443.6,185.1,1,body7_self,gt_box,gt_box,,,1.0,1.0,0,0.941105316393229,0.941105316393229,1.0,14,0,-0.37796729764796577,12,1,0.6740637000869302
191020,197870,000000197870.jpg,REAR,0,14,7443.6,185.1,1,body7_self,rtmdet_ins_tiny,rtmdet_ins_tiny,11,0.7054,0.8660,0.8660,0,0.9441439443734476,0.9441439443734476,1.0,14,0,-0.3781989277872643,12,1,0.657754519406487
191020,197870,000000197870.jpg,REAR,0,14,7443.6,185.1,1,aic_coco_self,gt_box,gt_box,,,1.0,1.0,0,0.9352358939327109,0.9352358939327109,1.0,14,0,-0.37991103581418917,12,1,0.7542416944223291
191020,197870,000000197870.jpg,REAR,0,14,7443.6,185.1,1,aic_coco_self,rtmdet_ins_tiny,rtmdet_ins_tiny,11,0.7054,0.8660,0.8660,0,0.9386254115788029,0.9386254115788029,1.0,14,0,-0.3796778511170279,12,1,0.7301777601242065
191770,531036,000000531036.jpg,OBLIQUE,2,13,7220.9,184.1,1,body7_official,gt_box,gt_box,,,1.0,1.0,0,0.9800298119851804,0.9800298119851804,1.0,13,0,-0.22437147245544314,8,1,0.7865807694547317
191770,531036,000000531036.jpg,OBLIQUE,2,13,7220.9,184.1,1,body7_official,rtmdet_ins_tiny,rtmdet_ins_tiny,9,0.8811,0.8801,0.8801,0,0.9786538987694265,0.9786538987694265,1.0,13,0,-0.2279552695171766,8,1,0.7775208196219277
191770,531036,000000531036.jpg,OBLIQUE,2,13,7220.9,184.1,1,body7_self,gt_box,gt_box,,,1.0,1.0,0,0.9800298119851804,0.9800298119851804,1.0,13,0,-0.22437147245544314,8,1,0.7865808115285986
191770,531036,000000531036.jpg,OBLIQUE,2,13,7220.9,184.1,1,body7_self,rtmdet_ins_tiny,rtmdet_ins_tiny,9,0.8811,0.8801,0.8801,0,0.9786538987694265,0.9786538987694265,1.0,13,0,-0.2279552695171766,8,1,0.7775209195473615
191770,531036,000000531036.jpg,OBLIQUE,2,13,7220.9,184.1,1,aic_coco_self,gt_box,gt_box,,,1.0,1.0,0,0.979183833087347,0.979183833087347,1.0,13,0,-0.22228000418748808,8,1,0.7819594074698055
191770,531036,000000531036.jpg,OBLIQUE,2,13,7220.9,184.1,1,aic_coco_self,rtmdet_ins_tiny,rtmdet_ins_tiny,9,0.8811,0.8801,0.8801,0,0.9798313335628047,0.9798313335628047,1.0,13,0,-0.22808727942685725,8,1,0.7775454012786641
192858,163746,000000163746.jpg,FRONT,3,16,18567.1,319.3,-1,body7_official,gt_box,gt_box,,,1.0,1.0,0,0.9850422974899931,0.9850422974899931,1.0,16,0,-0.4208221192884889,12,-1,0.9047896546476027
192858,163746,000000163746.jpg,FRONT,3,16,18567.1,319.3,-1,body7_official,rtmdet_ins_tiny,rtmdet_ins_tiny,47,0.9140,0.9604,0.9604,0,0.9833756449840176,0.9833756449840176,1.0,16,0,-0.4211508007617107,12,-1,0.9059098152553334
192858,163746,000000163746.jpg,FRONT,3,16,18567.1,319.3,-1,body7_self,gt_box,gt_box,,,1.0,1.0,0,0.9850422974899931,0.9850422974899931,1.0,16,0,-0.4208221192884889,12,-1,0.9047896897091585
192858,163746,000000163746.jpg,FRONT,3,16,18567.1,319.3,-1,body7_self,rtmdet_ins_tiny,rtmdet_ins_tiny,47,0.9140,0.9604,0.9604,0,0.9833756449840176,0.9833756449840176,1.0,16,0,-0.4211508007617107,12,-1,0.9059097766876221
192858,163746,000000163746.jpg,FRONT,3,16,18567.1,319.3,-1,aic_coco_self,gt_box,gt_box,,,1.0,1.0,0,0.9825139230948932,0.9825139230948932,1.0,16,0,-0.4243486622334461,12,-1,0.9166205455275143
192858,163746,000000163746.jpg,FRONT,3,16,18567.1,319.3,-1,aic_coco_self,rtmdet_ins_tiny,rtmdet_ins_tiny,47,0.9140,0.9604,0.9604,0,0.9819331375502478,0.9819331375502478,1.0,16,0,-0.42095561877503057,12,-1,0.9172132506090052
193940,181666,000000181666.jpg,OBLIQUE,2,15,3580.3,103.9,-1,body7_official,gt_box,gt_box,,,1.0,1.0,0,0.8771365199652833,0.8771365199652833,0.8461538461538461,13,0,-0.4019969129357097,10,-1,0.6701937493155984
193940,181666,000000181666.jpg,OBLIQUE,2,15,3580.3,103.9,-1,body7_official,rtmdet_ins_tiny,rtmdet_ins_tiny,63,0.7471,0.8533,0.8533,0,0.8444575702409105,0.8444575702409105,0.8461538461538461,13,0,-0.38968575896139157,10,-1,0.7333385313258451
193940,181666,000000181666.jpg,OBLIQUE,2,15,3580.3,103.9,-1,body7_self,gt_box,gt_box,,,1.0,1.0,0,0.8771365199652833,0.8771365199652833,0.8461538461538461,13,0,-0.4019969129357097,10,-1,0.6701938580064213
193940,181666,000000181666.jpg,OBLIQUE,2,15,3580.3,103.9,-1,body7_self,rtmdet_ins_tiny,rtmdet_ins_tiny,63,0.7471,0.8533,0.8533,0,0.8444575702409105,0.8444575702409105,0.8461538461538461,13,0,-0.38968575896139157,10,-1,0.7333386259920457
193940,181666,000000181666.jpg,OBLIQUE,2,15,3580.3,103.9,-1,aic_coco_self,gt_box,gt_box,,,1.0,1.0,0,0.8879072803935522,0.8879072803935522,1.0,13,0,-0.4044612959133028,10,-1,0.7131773846990922
193940,181666,000000181666.jpg,OBLIQUE,2,15,3580.3,103.9,-1,aic_coco_self,rtmdet_ins_tiny,rtmdet_ins_tiny,63,0.7471,0.8533,0.8533,0,0.9136384799204436,0.9136384799204436,1.0,13,0,-0.4030175099543476,10,-1,0.7602063627804027
195510,80153,000000080153.jpg,OBLIQUE,2,13,16834.1,287.5,1,body7_official,gt_box,gt_box,,,1.0,1.0,0,0.9519897835827383,0.9519897835827383,1.0,12,0,-0.1475181416035958,6,1,0.6796682704897488
195510,80153,000000080153.jpg,OBLIQUE,2,13,16834.1,287.5,1,body7_official,rtmdet_ins_tiny,rtmdet_ins_tiny,15,0.8850,0.9387,0.9387,0,0.9434622607316597,0.9434622607316597,1.0,12,0,-0.151895935218151,6,1,0.6733524220831254
195510,80153,000000080153.jpg,OBLIQUE,2,13,16834.1,287.5,1,body7_self,gt_box,gt_box,,,1.0,1.0,0,0.9519897835827383,0.9519897835827383,1.0,12,0,-0.1475181416035958,6,1,0.6796683371067047
195510,80153,000000080153.jpg,OBLIQUE,2,13,16834.1,287.5,1,body7_self,rtmdet_ins_tiny,rtmdet_ins_tiny,15,0.8850,0.9387,0.9387,0,0.9434622607316597,0.9434622607316597,1.0,12,0,-0.151895935218151,6,1,0.673352383515414
195510,80153,000000080153.jpg,OBLIQUE,2,13,16834.1,287.5,1,aic_coco_self,gt_box,gt_box,,,1.0,1.0,0,0.8894585115501839,0.8894585115501839,1.0,12,0,-0.07957457686482237,6,-1,0.7281018285190358
195510,80153,000000080153.jpg,OBLIQUE,2,13,16834.1,287.5,1,aic_coco_self,rtmdet_ins_tiny,rtmdet_ins_tiny,15,0.8850,0.9387,0.9387,0,0.8937534699221273,0.8937534699221273,1.0,12,0,-0.08609047397390589,6,-1,0.7209773414275226
196520,154004,000000154004.jpg,OBLIQUE,2,15,6173.6,110.8,1,body7_official,gt_box,gt_box,,,1.0,1.0,0,0.8489659437170479,0.8489659437170479,0.9285714285714286,14,0,-0.08716494722150542,10,1,0.6283341909156126
196520,154004,000000154004.jpg,OBLIQUE,2,15,6173.6,110.8,1,body7_official,rtmdet_ins_tiny,rtmdet_ins_tiny,20,0.7131,0.9678,0.9678,0,0.8559028194865496,0.8559028194865496,0.9285714285714286,14,0,-0.0858622359617934,10,1,0.6398933109115151
196520,154004,000000154004.jpg,OBLIQUE,2,15,6173.6,110.8,1,body7_self,gt_box,gt_box,,,1.0,1.0,0,0.8489659437170479,0.8489659437170479,0.9285714285714286,14,0,-0.08716494722150542,10,1,0.6283340936197954
196520,154004,000000154004.jpg,OBLIQUE,2,15,6173.6,110.8,1,body7_self,rtmdet_ins_tiny,rtmdet_ins_tiny,20,0.7131,0.9678,0.9678,0,0.8559028194865496,0.8559028194865496,0.9285714285714286,14,0,-0.0858622359617934,10,1,0.6398934406392714
196520,154004,000000154004.jpg,OBLIQUE,2,15,6173.6,110.8,1,aic_coco_self,gt_box,gt_box,,,1.0,1.0,0,0.9182361481703681,0.9182361481703681,1.0,14,0,-0.13991162189817868,10,0,0.7451973241918227
196520,154004,000000154004.jpg,OBLIQUE,2,15,6173.6,110.8,1,aic_coco_self,rtmdet_ins_tiny,rtmdet_ins_tiny,20,0.7131,0.9678,0.9678,0,0.9274775037627399,0.9274775037627399,1.0,14,0,-0.13854707554402704,10,1,0.7334862316355986
197377,40036,000000040036.jpg,FRONT,3,12,8443.7,194.8,-1,body7_official,gt_box,gt_box,,,1.0,1.0,0,0.9727021537967686,0.9727021537967686,1.0,11,0,-0.30954866121904245,4,-1,0.8437488079071045
197377,40036,000000040036.jpg,FRONT,3,12,8443.7,194.8,-1,body7_official,rtmdet_ins_tiny,rtmdet_ins_tiny,15,0.6955,0.9445,0.9445,0,0.9711583344694101,0.9711583344694101,1.0,11,0,-0.31070187325701604,4,-1,0.8406887720612919
197377,40036,000000040036.jpg,FRONT,3,12,8443.7,194.8,-1,body7_self,gt_box,gt_box,,,1.0,1.0,0,0.9727021537967686,0.9727021537967686,1.0,11,0,-0.30954866121904245,4,-1,0.8437488079071045
197377,40036,000000040036.jpg,FRONT,3,12,8443.7,194.8,-1,body7_self,rtmdet_ins_tiny,rtmdet_ins_tiny,15,0.6955,0.9445,0.9445,0,0.9711583344694101,0.9711583344694101,1.0,11,0,-0.31070187325701604,4,-1,0.840688919319826
197377,40036,000000040036.jpg,FRONT,3,12,8443.7,194.8,-1,aic_coco_self,gt_box,gt_box,,,1.0,1.0,0,0.9669321072643139,0.9669321072643139,1.0,11,0,-0.30868358764781645,4,-1,0.7683370534111472
197377,40036,000000040036.jpg,FRONT,3,12,8443.7,194.8,-1,aic_coco_self,rtmdet_ins_tiny,rtmdet_ins_tiny,15,0.6955,0.9445,0.9445,0,0.966131031663086,0.966131031663086,1.0,11,0,-0.3038620334283382,4,-1,0.7639820680898779
198284,367818,000000367818.jpg,FRONT,3,16,18897.7,327.7,-1,body7_official,gt_box,gt_box,,,1.0,1.0,0,0.9785319944926397,0.9785319944926397,1.0,15,0,-0.29317884425699087,10,-1,0.8776909323299632
198284,367818,000000367818.jpg,FRONT,3,16,18897.7,327.7,-1,body7_official,rtmdet_ins_tiny,rtmdet_ins_tiny,6,0.8356,0.7106,0.7106,0,0.9599990989468604,0.9599990989468604,1.0,15,0,-0.27584942436934745,10,-1,0.8664899994345272
198284,367818,000000367818.jpg,FRONT,3,16,18897.7,327.7,-1,body7_self,gt_box,gt_box,,,1.0,1.0,0,0.9785319944926397,0.9785319944926397,1.0,15,0,-0.29317884425699087,10,-1,0.8776910760823418
198284,367818,000000367818.jpg,FRONT,3,16,18897.7,327.7,-1,body7_self,rtmdet_ins_tiny,rtmdet_ins_tiny,6,0.8356,0.7106,0.7106,0,0.9599990989468604,0.9599990989468604,1.0,15,0,-0.27584942436934745,10,-1,0.8664900555330164
198284,367818,000000367818.jpg,FRONT,3,16,18897.7,327.7,-1,aic_coco_self,gt_box,gt_box,,,1.0,1.0,0,0.9699757729802235,0.9699757729802235,1.0,15,0,-0.28938236562271663,10,-1,0.866119879133561
198284,367818,000000367818.jpg,FRONT,3,16,18897.7,327.7,-1,aic_coco_self,rtmdet_ins_tiny,rtmdet_ins_tiny,6,0.8356,0.7106,0.7106,0,0.9775519732198895,0.9775519732198895,1.0,15,0,-0.29421027826197893,10,-1,0.8536396692780888
199269,115870,000000115870.jpg,FRONT,3,16,5855.4,116.6,-1,body7_official,gt_box,gt_box,,,1.0,1.0,0,0.9704837091763514,0.9704837091763514,1.0,15,0,-0.5261064174394932,10,-1,0.6877216924639309
199269,115870,000000115870.jpg,FRONT,3,16,5855.4,116.6,-1,body7_official,rtmdet_ins_tiny,rtmdet_ins_tiny,21,0.7109,0.6952,0.7717,7,0.9691225903644748,0.9691225903644748,1.0,15,0,-0.5279927142816274,10,-1,0.725934880621293
199269,115870,000000115870.jpg,FRONT,3,16,5855.4,116.6,-1,body7_self,gt_box,gt_box,,,1.0,1.0,0,0.9704837091763514,0.9704837091763514,1.0,15,0,-0.5261064174394932,10,-1,0.6877216346123639
199269,115870,000000115870.jpg,FRONT,3,16,5855.4,116.6,-1,body7_self,rtmdet_ins_tiny,rtmdet_ins_tiny,21,0.7109,0.6952,0.7717,7,0.9691225903644748,0.9691225903644748,1.0,15,0,-0.5279927142816274,10,-1,0.7259348736089819
199269,115870,000000115870.jpg,FRONT,3,16,5855.4,116.6,-1,aic_coco_self,gt_box,gt_box,,,1.0,1.0,0,0.9749009288126189,0.9749009288126189,1.0,15,0,-0.5270423920746822,10,-1,0.7266444178188548
199269,115870,000000115870.jpg,FRONT,3,16,5855.4,116.6,-1,aic_coco_self,rtmdet_ins_tiny,rtmdet_ins_tiny,21,0.7109,0.6952,0.7717,7,0.9706538539719269,0.9706538539719269,1.0,15,0,-0.5275543324552714,10,-1,0.759982333463781
200190,169996,000000169996.jpg,REAR,0,12,4253.1,128.4,1,body7_official,gt_box,gt_box,,,1.0,1.0,0,0.9109044063764942,0.9109044063764942,0.9090909090909091,11,0,-0.2859517883172995,6,1,0.7366274314768174
200190,169996,000000169996.jpg,REAR,0,12,4253.1,128.4,1,body7_official,rtmdet_ins_tiny,rtmdet_ins_tiny,7,0.8228,0.8725,0.8725,0,0.9113751111438753,0.9113751111438753,0.9090909090909091,11,0,-0.28748322991754965,6,1,0.7739149805377511
200190,169996,000000169996.jpg,REAR,0,12,4253.1,128.4,1,body7_self,gt_box,gt_box,,,1.0,1.0,0,0.9109044063764942,0.9109044063764942,0.9090909090909091,11,0,-0.2859517883172995,6,1,0.7366273385636947
200190,169996,000000169996.jpg,REAR,0,12,4253.1,128.4,1,body7_self,rtmdet_ins_tiny,rtmdet_ins_tiny,7,0.8228,0.8725,0.8725,0,0.9113751111438753,0.9113751111438753,0.9090909090909091,11,0,-0.28748322991754965,6,1,0.77391517162323
200190,169996,000000169996.jpg,REAR,0,12,4253.1,128.4,1,aic_coco_self,gt_box,gt_box,,,1.0,1.0,0,0.9451679794548149,0.9451679794548149,1.0,11,0,-0.2881633957784123,6,1,0.7533011296216179
200190,169996,000000169996.jpg,REAR,0,12,4253.1,128.4,1,aic_coco_self,rtmdet_ins_tiny,rtmdet_ins_tiny,7,0.8228,0.8725,0.8725,0,0.9322676811411369,0.9322676811411369,0.9090909090909091,11,0,-0.28731492499080175,6,1,0.783874487175661
200956,413689,000000413689.jpg,OBLIQUE,2,15,5445.6,171.2,1,body7_official,gt_box,gt_box,,,1.0,1.0,0,0.8975317687127714,0.8975317687127714,0.9285714285714286,14,0,-0.31999788680882146,10,1,0.7691144066698411
200956,413689,000000413689.jpg,OBLIQUE,2,15,5445.6,171.2,1,body7_official,rtmdet_ins_tiny,rtmdet_ins_tiny,21,0.8470,0.8749,0.8749,0,0.8926976403751866,0.8926976403751866,0.9285714285714286,14,0,-0.31572726659032463,10,1,0.7908938369330238
200956,413689,000000413689.jpg,OBLIQUE,2,15,5445.6,171.2,1,body7_self,gt_box,gt_box,,,1.0,1.0,0,0.8975317687127714,0.8975317687127714,0.9285714285714286,14,0,-0.31999788680882146,10,1,0.7691143856329077
200956,413689,000000413689.jpg,OBLIQUE,2,15,5445.6,171.2,1,body7_self,rtmdet_ins_tiny,rtmdet_ins_tiny,21,0.8470,0.8749,0.8749,0,0.8926976403751866,0.8926976403751866,0.9285714285714286,14,0,-0.31572726659032463,10,1,0.7908937650568345
200956,413689,000000413689.jpg,OBLIQUE,2,15,5445.6,171.2,1,aic_coco_self,gt_box,gt_box,,,1.0,1.0,0,0.8994023356877692,0.8994023356877692,0.9285714285714286,14,0,-0.32210546097764403,10,1,0.8121523839585921
200956,413689,000000413689.jpg,OBLIQUE,2,15,5445.6,171.2,1,aic_coco_self,rtmdet_ins_tiny,rtmdet_ins_tiny,21,0.8470,0.8749,0.8749,0,0.8986766370856394,0.8986766370856394,0.9285714285714286,14,0,-0.31890914552694527,10,1,0.8094213675050175
201376,289343,000000289343.jpg,OBLIQUE,2,15,5463.7,177.4,-1,body7_official,gt_box,gt_box,,,1.0,1.0,0,0.843530469465137,0.843530469465137,0.8666666666666667,15,0,-0.3117541176584846,12,-1,0.7651078034849728
201376,289343,000000289343.jpg,OBLIQUE,2,15,5463.7,177.4,-1,body7_official,rtmdet_ins_tiny,rtmdet_ins_tiny,9,0.5566,0.8540,0.8540,0,0.8352376518463219,0.8352376518463219,0.8666666666666667,15,0,-0.3062998507919569,12,-1,0.7524629761190975
201376,289343,000000289343.jpg,OBLIQUE,2,15,5463.7,177.4,-1,body7_self,gt_box,gt_box,,,1.0,1.0,0,0.843530469465137,0.843530469465137,0.8666666666666667,15,0,-0.3117541176584846,12,-1,0.7651079191881067
201376,289343,000000289343.jpg,OBLIQUE,2,15,5463.7,177.4,-1,body7_self,rtmdet_ins_tiny,rtmdet_ins_tiny,9,0.5566,0.8540,0.8540,0,0.8352376518463219,0.8352376518463219,0.8666666666666667,15,0,-0.3062998507919569,12,-1,0.7524628551567302
201376,289343,000000289343.jpg,OBLIQUE,2,15,5463.7,177.4,-1,aic_coco_self,gt_box,gt_box,,,1.0,1.0,0,0.9153439322029315,0.9153439322029315,0.9333333333333333,15,0,-0.357166596825247,12,-1,0.7526116301031673
201376,289343,000000289343.jpg,OBLIQUE,2,15,5463.7,177.4,-1,aic_coco_self,rtmdet_ins_tiny,rtmdet_ins_tiny,9,0.5566,0.8540,0.8540,0,0.9656687775983912,0.9656687775983912,1.0,15,0,-0.3579422619396664,12,-1,0.7431034691193524
202348,276024,000000276024.jpg,REAR,0,11,2184.1,115.3,1,body7_official,gt_box,gt_box,,,1.0,1.0,0,0.9616416299996824,0.9616416299996824,1.0,11,0,-0.44593423412733935,6,1,0.7290199083440444
202348,276024,000000276024.jpg,REAR,0,11,2184.1,115.3,1,body7_official,rtmdet_ins_tiny,rtmdet_ins_tiny,9,0.5228,0.3759,0.7593,1,0.7931573881373315,0.7931573881373315,0.8181818181818182,11,0,-0.44351251434132904,6,1,0.5634848528048572
202348,276024,000000276024.jpg,REAR,0,11,2184.1,115.3,1,body7_self,gt_box,gt_box,,,1.0,1.0,0,0.9616416299996824,0.9616416299996824,1.0,11,0,-0.44593423412733935,6,1,0.729019771603977
202348,276024,000000276024.jpg,REAR,0,11,2184.1,115.3,1,body7_self,rtmdet_ins_tiny,rtmdet_ins_tiny,9,0.5228,0.3759,0.7593,1,0.7931573881373315,0.7931573881373315,0.8181818181818182,11,0,-0.44351251434132904,6,1,0.5634848878664129
202348,276024,000000276024.jpg,REAR,0,11,2184.1,115.3,1,aic_coco_self,gt_box,gt_box,,,1.0,1.0,0,0.9484756137152885,0.9484756137152885,1.0,11,0,-0.44568103270962495,6,1,0.754998059833751
202348,276024,000000276024.jpg,REAR,0,11,2184.1,115.3,1,aic_coco_self,rtmdet_ins_tiny,rtmdet_ins_tiny,9,0.5228,0.3759,0.7593,1,0.7946082236870532,0.7946082236870532,0.8181818181818182,11,0,-0.44012175500759343,6,1,0.5863326577579274
203611,97924,000000097924.jpg,OBLIQUE,2,13,12923.1,230.1,1,body7_official,gt_box,gt_box,,,1.0,1.0,0,0.963133756639083,0.963133756639083,1.0,13,0,-0.36802445268373385,8,1,0.8121299918960122
203611,97924,000000097924.jpg,OBLIQUE,2,13,12923.1,230.1,1,body7_official,rtmdet_ins_tiny,rtmdet_ins_tiny,25,0.9059,0.8216,0.8216,0,0.9616241690352358,0.9616241690352358,1.0,13,0,-0.36625628891114126,8,1,0.8071473416160134
203611,97924,000000097924.jpg,OBLIQUE,2,13,12923.1,230.1,1,body7_self,gt_box,gt_box,,,1.0,1.0,0,0.963133756639083,0.963133756639083,1.0,13,0,-0.36802445268373385,8,1,0.8121299322913674
203611,97924,000000097924.jpg,OBLIQUE,2,13,12923.1,230.1,1,body7_self,rtmdet_ins_tiny,rtmdet_ins_tiny,25,0.9059,0.8216,0.8216,0,0.9616241690352358,0.9616241690352358,1.0,13,0,-0.36625628891114126,8,1,0.8071473398629356
203611,97924,000000097924.jpg,OBLIQUE,2,13,12923.1,230.1,1,aic_coco_self,gt_box,gt_box,,,1.0,1.0,0,0.9582005087711055,0.9582005087711055,1.0,13,0,-0.36434604965787515,8,1,0.8368199081981883
203611,97924,000000097924.jpg,OBLIQUE,2,13,12923.1,230.1,1,aic_coco_self,rtmdet_ins_tiny,rtmdet_ins_tiny,25,0.9059,0.8216,0.8216,0,0.9544601141073203,0.9544601141073203,1.0,13,0,-0.3626557741818701,8,1,0.8348266254453098
205158,140203,000000140203.jpg,FRONT,3,16,8131.6,226.1,-1,body7_official,gt_box,gt_box,,,1.0,1.0,0,0.9392977381143817,0.9392977381143817,1.0,16,0,-0.2951382882861633,12,-1,0.8947314269402448
205158,140203,000000140203.jpg,FRONT,3,16,8131.6,226.1,-1,body7_official,rtmdet_ins_tiny,rtmdet_ins_tiny,12,0.8561,0.7396,0.7396,0,0.9392519578740082,0.9392519578740082,1.0,16,0,-0.2956587345458379,12,-1,0.8985102983082042
205158,140203,000000140203.jpg,FRONT,3,16,8131.6,226.1,-1,body7_self,gt_box,gt_box,,,1.0,1.0,0,0.9392977381143817,0.9392977381143817,1.0,16,0,-0.2951382882861633,12,-1,0.894731391878689
205158,140203,000000140203.jpg,FRONT,3,16,8131.6,226.1,-1,body7_self,rtmdet_ins_tiny,rtmdet_ins_tiny,12,0.8561,0.7396,0.7396,0,0.9392519578740082,0.9392519578740082,1.0,16,0,-0.2956587345458379,12,-1,0.8985103684313157
205158,140203,000000140203.jpg,FRONT,3,16,8131.6,226.1,-1,aic_coco_self,gt_box,gt_box,,,1.0,1.0,0,0.9564918000481868,0.9564918000481868,1.0,16,0,-0.2994949608436818,12,-1,0.9004312683554256
205158,140203,000000140203.jpg,FRONT,3,16,8131.6,226.1,-1,aic_coco_self,rtmdet_ins_tiny,rtmdet_ins_tiny,12,0.8561,0.7396,0.7396,0,0.9524645228212393,0.9524645228212393,1.0,16,0,-0.3024618501643072,12,-1,0.9053000457146588
206166,97924,000000097924.jpg,REAR,0,14,7581.7,180.8,1,body7_official,gt_box,gt_box,,,1.0,1.0,0,0.9085579572601566,0.9085579572601566,0.9230769230769231,13,0,-0.5154005451627195,10,1,0.7623011890579673
206166,97924,000000097924.jpg,REAR,0,14,7581.7,180.8,1,body7_official,rtmdet_ins_tiny,rtmdet_ins_tiny,35,0.7542,0.8720,0.8720,0,0.9115587951767169,0.9115587951767169,0.9230769230769231,13,0,-0.5089985191966127,10,1,0.7494454804588767
206166,97924,000000097924.jpg,REAR,0,14,7581.7,180.8,1,body7_self,gt_box,gt_box,,,1.0,1.0,0,0.9085579572601566,0.9085579572601566,0.9230769230769231,13,0,-0.5154005451627195,10,1,0.7623011539964115
206166,97924,000000097924.jpg,REAR,0,14,7581.7,180.8,1,body7_self,rtmdet_ins_tiny,rtmdet_ins_tiny,35,0.7542,0.8720,0.8720,0,0.9115587951767169,0.9115587951767169,0.9230769230769231,13,0,-0.5089985191966127,10,1,0.7494454418911654
206166,97924,000000097924.jpg,REAR,0,14,7581.7,180.8,1,aic_coco_self,gt_box,gt_box,,,1.0,1.0,0,0.9248045320408894,0.9248045320408894,1.0,13,0,-0.5182359608122716,10,1,0.8107611852533677
206166,97924,000000097924.jpg,REAR,0,14,7581.7,180.8,1,aic_coco_self,rtmdet_ins_tiny,rtmdet_ins_tiny,35,0.7542,0.8720,0.8720,0,0.9151385880444972,0.9151385880444972,0.9230769230769231,13,0,-0.5142270880868316,10,1,0.8096393066294053
207593,308394,000000308394.jpg,FRONT,3,15,25581.5,256.0,-1,body7_official,gt_box,gt_box,,,1.0,1.0,0,0.9429751548836053,0.9429751548836053,1.0,15,0,-0.32556118493305164,10,-1,0.7376256672775044
207593,308394,000000308394.jpg,FRONT,3,15,25581.5,256.0,-1,body7_official,rtmdet_ins_tiny,rtmdet_ins_tiny,4,0.8301,0.7878,0.7878,0,0.9269096210376503,0.9269096210376503,1.0,15,0,-0.3223089830182475,10,-1,0.725584023139056
207593,308394,000000308394.jpg,FRONT,3,15,25581.5,256.0,-1,body7_self,gt_box,gt_box,,,1.0,1.0,0,0.9429751548836053,0.9429751548836053,1.0,15,0,-0.32556118493305164,10,-1,0.737625736524077
207593,308394,000000308394.jpg,FRONT,3,15,25581.5,256.0,-1,body7_self,rtmdet_ins_tiny,rtmdet_ins_tiny,4,0.8301,0.7878,0.7878,0,0.9269096210376503,0.9269096210376503,1.0,15,0,-0.3223089830182475,10,-1,0.7255841090398676
207593,308394,000000308394.jpg,FRONT,3,15,25581.5,256.0,-1,aic_coco_self,gt_box,gt_box,,,1.0,1.0,0,0.95074779072052,0.95074779072052,1.0,15,0,-0.33661454103675925,10,-1,0.7360199830111336
207593,308394,000000308394.jpg,FRONT,3,15,25581.5,256.0,-1,aic_coco_self,rtmdet_ins_tiny,rtmdet_ins_tiny,4,0.8301,0.7878,0.7878,0,0.953956003582821,0.953956003582821,1.0,15,0,-0.3360030516402177,10,-1,0.7514062488780302
209074,338624,000000338624.jpg,FRONT,3,16,7435.2,197.1,-1,body7_official,gt_box,gt_box,,,1.0,1.0,0,0.9616085630619998,0.9616085630619998,1.0,16,0,-0.35445227986465727,12,-1,0.9404394872048322
209074,338624,000000338624.jpg,FRONT,3,16,7435.2,197.1,-1,body7_official,rtmdet_ins_tiny,rtmdet_ins_tiny,5,0.9123,0.9567,0.9567,0,0.9625223953316934,0.9625223953316934,1.0,16,0,-0.35411963540452274,12,-1,0.9600029763053445
209074,338624,000000338624.jpg,FRONT,3,16,7435.2,197.1,-1,body7_self,gt_box,gt_box,,,1.0,1.0,0,0.9616085630619998,0.9616085630619998,1.0,16,0,-0.35445227986465727,12,-1,0.9404393855263206
209074,338624,000000338624.jpg,FRONT,3,16,7435.2,197.1,-1,body7_self,rtmdet_ins_tiny,rtmdet_ins_tiny,5,0.9123,0.9567,0.9567,0,0.9625223953316934,0.9625223953316934,1.0,16,0,-0.35411963540452274,12,-1,0.9600029552684111
209074,338624,000000338624.jpg,FRONT,3,16,7435.2,197.1,-1,aic_coco_self,gt_box,gt_box,,,1.0,1.0,0,0.9782514943167604,0.9782514943167604,1.0,16,0,-0.36339762030959255,12,-1,0.9233924185528475
209074,338624,000000338624.jpg,FRONT,3,16,7435.2,197.1,-1,aic_coco_self,rtmdet_ins_tiny,rtmdet_ins_tiny,5,0.9123,0.9567,0.9567,0,0.9732549674801083,0.9732549674801083,1.0,16,0,-0.36030030339088526,12,-1,0.9287710365127114
210217,24243,000000024243.jpg,OBLIQUE,2,15,41238.5,413.4,-1,body7_official,gt_box,gt_box,,,1.0,1.0,0,0.9558889261543518,0.9558889261543518,1.0,15,0,-0.27514139078371025,12,-1,0.8632238822824815
210217,24243,000000024243.jpg,OBLIQUE,2,15,41238.5,413.4,-1,body7_official,rtmdet_ins_tiny,rtmdet_ins_tiny,3,0.9526,0.9543,0.9543,0,0.9500467412704076,0.9500467412704076,1.0,15,0,-0.27159092005890106,12,-1,0.8673867688459509
210217,24243,000000024243.jpg,OBLIQUE,2,15,41238.5,413.4,-1,body7_self,gt_box,gt_box,,,1.0,1.0,0,0.9558889261543518,0.9558889261543518,1.0,15,0,-0.27514139078371025,12,-1,0.8632239103317261
210217,24243,000000024243.jpg,OBLIQUE,2,15,41238.5,413.4,-1,body7_self,rtmdet_ins_tiny,rtmdet_ins_tiny,3,0.9526,0.9543,0.9543,0,0.9500467412704076,0.9500467412704076,1.0,15,0,-0.27159092005890106,12,-1,0.8673868529936847
210217,24243,000000024243.jpg,OBLIQUE,2,15,41238.5,413.4,-1,aic_coco_self,gt_box,gt_box,,,1.0,1.0,0,0.9726084936644096,0.9726084936644096,1.0,15,0,-0.271735179416188,12,-1,0.8505887950167936
210217,24243,000000024243.jpg,OBLIQUE,2,15,41238.5,413.4,-1,aic_coco_self,rtmdet_ins_tiny,rtmdet_ins_tiny,3,0.9526,0.9543,0.9543,0,0.9675900772549295,0.9675900772549295,1.0,15,0,-0.2679545736186894,12,-1,0.8485248895252452
211337,492282,000000492282.jpg,FRONT,3,14,6475.8,191.9,-1,body7_official,gt_box,gt_box,,,1.0,1.0,0,0.9693387549813447,0.9693387549813447,1.0,13,0,-0.23439181909628615,8,-1,0.8072458207607269
211337,492282,000000492282.jpg,FRONT,3,14,6475.8,191.9,-1,body7_official,rtmdet_ins_tiny,rtmdet_ins_tiny,12,0.8135,0.7936,0.7936,0,0.9640682392004501,0.9640682392004501,1.0,13,0,-0.22566959231321115,8,-1,0.8270462716326994
211337,492282,000000492282.jpg,FRONT,3,14,6475.8,191.9,-1,body7_self,gt_box,gt_box,,,1.0,1.0,0,0.9693387549813447,0.9693387549813447,1.0,13,0,-0.23439181909628615,8,-1,0.8072458312791937
211337,492282,000000492282.jpg,FRONT,3,14,6475.8,191.9,-1,body7_self,rtmdet_ins_tiny,rtmdet_ins_tiny,12,0.8135,0.7936,0.7936,0,0.9640682392004501,0.9640682392004501,1.0,13,0,-0.22566959231321115,8,-1,0.8270462611142326
211337,492282,000000492282.jpg,FRONT,3,14,6475.8,191.9,-1,aic_coco_self,gt_box,gt_box,,,1.0,1.0,0,0.968242323385139,0.968242323385139,1.0,13,0,-0.22930542045170255,8,-1,0.8507570449043723
211337,492282,000000492282.jpg,FRONT,3,14,6475.8,191.9,-1,aic_coco_self,rtmdet_ins_tiny,rtmdet_ins_tiny,12,0.8135,0.7936,0.7936,0,0.9722180646465219,0.9722180646465219,1.0,13,0,-0.22673429642025336,8,-1,0.8594499440754161
212964,13659,000000013659.jpg,OBLIQUE,2,15,8584.6,171.3,-1,body7_official,gt_box,gt_box,,,1.0,1.0,0,0.9009090336975555,0.9009090336975555,1.0,15,0,-0.3177790585856989,12,-1,0.672087360830868
212964,13659,000000013659.jpg,OBLIQUE,2,15,8584.6,171.3,-1,body7_official,rtmdet_ins_tiny,rtmdet_ins_tiny,17,0.6480,0.7580,0.7580,0,0.8602241042833202,0.8602241042833202,1.0,15,0,-0.308814715907908,12,-1,0.6645145223421209
212964,13659,000000013659.jpg,OBLIQUE,2,15,8584.6,171.3,-1,body7_self,gt_box,gt_box,,,1.0,1.0,0,0.9009090336975555,0.9009090336975555,1.0,15,0,-0.3177790585856989,12,-1,0.6720873503124013
212964,13659,000000013659.jpg,OBLIQUE,2,15,8584.6,171.3,-1,body7_self,rtmdet_ins_tiny,rtmdet_ins_tiny,17,0.6480,0.7580,0.7580,0,0.8602241042833202,0.8602241042833202,1.0,15,0,-0.308814715907908,12,-1,0.6645144960459541
212964,13659,000000013659.jpg,OBLIQUE,2,15,8584.6,171.3,-1,aic_coco_self,gt_box,gt_box,,,1.0,1.0,0,0.8769554935799575,0.8769554935799575,1.0,15,0,-0.3183078684091514,12,-1,0.7204752739738015
212964,13659,000000013659.jpg,OBLIQUE,2,15,8584.6,171.3,-1,aic_coco_self,rtmdet_ins_tiny,rtmdet_ins_tiny,17,0.6480,0.7580,0.7580,0,0.8863189292784153,0.8863189292784153,1.0,15,0,-0.3256233367520164,12,-1,0.7031378921340493
213949,454067,000000454067.jpg,REAR,0,9,60933.6,369.7,1,body7_official,gt_box,gt_box,,,1.0,1.0,0,0.9112485123514608,0.9112485123514608,1.0,9,0,-0.1794490391153763,8,1,0.5714054738774019
213949,454067,000000454067.jpg,REAR,0,9,60933.6,369.7,1,body7_official,rtmdet_ins_tiny,rtmdet_ins_tiny,4,0.8724,0.9264,0.9264,0,0.8636259564941982,0.8636259564941982,0.8888888888888888,9,0,-0.1798112160399657,8,1,0.5684644711368224
213949,454067,000000454067.jpg,REAR,0,9,60933.6,369.7,1,body7_self,gt_box,gt_box,,,1.0,1.0,0,0.9112485123514608,0.9112485123514608,1.0,9,0,-0.1794490391153763,8,1,0.5714056272717083
213949,454067,000000454067.jpg,REAR,0,9,60933.6,369.7,1,body7_self,rtmdet_ins_tiny,rtmdet_ins_tiny,4,0.8724,0.9264,0.9264,0,0.8636259564941982,0.8636259564941982,0.8888888888888888,9,0,-0.1798112160399657,8,1,0.5684644614948946
213949,454067,000000454067.jpg,REAR,0,9,60933.6,369.7,1,aic_coco_self,gt_box,gt_box,,,1.0,1.0,0,0.9349290606410265,0.9349290606410265,1.0,9,0,-0.15843041354137155,8,1,0.6442610525033053
213949,454067,000000454067.jpg,REAR,0,9,60933.6,369.7,1,aic_coco_self,rtmdet_ins_tiny,rtmdet_ins_tiny,4,0.8724,0.9264,0.9264,0,0.9388013351899045,0.9388013351899045,1.0,9,0,-0.16737036435780772,8,1,0.6477999582010157
214463,266981,000000266981.jpg,OBLIQUE,2,11,2075.5,101.9,1,body7_official,gt_box,gt_box,,,1.0,1.0,0,0.8705680871281474,0.8705680871281474,1.0,11,0,-0.23925541858604113,8,1,0.624277692507295
214463,266981,000000266981.jpg,OBLIQUE,2,11,2075.5,101.9,1,body7_official,rtmdet_ins_tiny,rtmdet_ins_tiny,28,0.7255,0.7354,0.7354,0,0.8954181954795868,0.8954181954795868,1.0,11,0,-0.23605110899441695,8,1,0.6292461910668541
214463,266981,000000266981.jpg,OBLIQUE,2,11,2075.5,101.9,1,body7_self,gt_box,gt_box,,,1.0,1.0,0,0.8705680871281474,0.8705680871281474,1.0,11,0,-0.23925541858604113,8,1,0.6242777240626952
214463,266981,000000266981.jpg,OBLIQUE,2,11,2075.5,101.9,1,body7_self,rtmdet_ins_tiny,rtmdet_ins_tiny,28,0.7255,0.7354,0.7354,0,0.8954181954795868,0.8954181954795868,1.0,11,0,-0.23605110899441695,8,1,0.6292461998322431
214463,266981,000000266981.jpg,OBLIQUE,2,11,2075.5,101.9,1,aic_coco_self,gt_box,gt_box,,,1.0,1.0,0,0.8736352648242931,0.8736352648242931,1.0,11,0,-0.23741400293297366,8,1,0.633360991583151
214463,266981,000000266981.jpg,OBLIQUE,2,11,2075.5,101.9,1,aic_coco_self,rtmdet_ins_tiny,rtmdet_ins_tiny,28,0.7255,0.7354,0.7354,0,0.9112828051474363,0.9112828051474363,1.0,11,0,-0.2474039790886522,8,1,0.6046458035707474
215557,138979,000000138979.jpg,FRONT,3,16,2270.5,106.7,-1,body7_official,gt_box,gt_box,,,1.0,1.0,0,0.9657916512618291,0.9657916512618291,1.0,15,0,-0.3844071587833094,10,-1,0.7882386866737815
215557,138979,000000138979.jpg,FRONT,3,16,2270.5,106.7,-1,body7_official,rtmdet_ins_tiny,rtmdet_ins_tiny,7,0.8936,0.8786,0.8786,0,0.9614115948239291,0.9614115948239291,1.0,15,0,-0.3823549072726248,10,-1,0.8035103608580196
215557,138979,000000138979.jpg,FRONT,3,16,2270.5,106.7,-1,body7_self,gt_box,gt_box,,,1.0,1.0,0,0.9657916512618291,0.9657916512618291,1.0,15,0,-0.3844071587833094,10,-1,0.7882386551183813
215557,138979,000000138979.jpg,FRONT,3,16,2270.5,106.7,-1,body7_self,rtmdet_ins_tiny,rtmdet_ins_tiny,7,0.8936,0.8786,0.8786,0,0.9614115948239291,0.9614115948239291,1.0,15,0,-0.3823549072726248,10,-1,0.8035102661918191
215557,138979,000000138979.jpg,FRONT,3,16,2270.5,106.7,-1,aic_coco_self,gt_box,gt_box,,,1.0,1.0,0,0.966651844335899,0.966651844335899,1.0,15,0,-0.3791793419276989,10,-1,0.7548467376652885
215557,138979,000000138979.jpg,FRONT,3,16,2270.5,106.7,-1,aic_coco_self,rtmdet_ins_tiny,rtmdet_ins_tiny,7,0.8936,0.8786,0.8786,0,0.9663368867552973,0.9663368867552973,1.0,15,0,-0.3788062859977836,10,-1,0.7719997623387505
217097,79229,000000079229.jpg,PROFILE,1,12,4109.6,159.2,-1,body7_official,gt_box,gt_box,,,1.0,1.0,0,0.9603879921948835,0.9603879921948835,1.0,12,0,-0.4058352197528347,8,-1,0.7493990799959969
217097,79229,000000079229.jpg,PROFILE,1,12,4109.6,159.2,-1,body7_official,rtmdet_ins_tiny,rtmdet_ins_tiny,3,0.7467,0.7577,0.7577,0,0.9563113215597444,0.9563113215597444,1.0,12,0,-0.39731890998853336,8,-1,0.7656606891575981
217097,79229,000000079229.jpg,PROFILE,1,12,4109.6,159.2,-1,body7_self,gt_box,gt_box,,,1.0,1.0,0,0.9603879921948835,0.9603879921948835,1.0,12,0,-0.4058352197528347,8,-1,0.7493990975267747
217097,79229,000000079229.jpg,PROFILE,1,12,4109.6,159.2,-1,body7_self,rtmdet_ins_tiny,rtmdet_ins_tiny,3,0.7467,0.7577,0.7577,0,0.9563113215597444,0.9563113215597444,1.0,12,0,-0.39731890998853336,8,-1,0.7656606996760649
217097,79229,000000079229.jpg,PROFILE,1,12,4109.6,159.2,-1,aic_coco_self,gt_box,gt_box,,,1.0,1.0,0,0.954693577400489,0.954693577400489,1.0,12,0,-0.3974806479936798,8,-1,0.7860792629859027
217097,79229,000000079229.jpg,PROFILE,1,12,4109.6,159.2,-1,aic_coco_self,rtmdet_ins_tiny,rtmdet_ins_tiny,3,0.7467,0.7577,0.7577,0,0.9535354498790981,0.9535354498790981,1.0,12,0,-0.39070686446513275,8,-1,0.7979829591863296
217888,280710,000000280710.jpg,REAR,0,10,10295.0,197.1,1,body7_official,gt_box,gt_box,,,1.0,1.0,0,0.8906576245247982,0.8906576245247982,1.0,9,0,-0.13490898465653478,4,1,0.6183305654455634
217888,280710,000000280710.jpg,REAR,0,10,10295.0,197.1,1,body7_official,rtmdet_ins_tiny,rtmdet_ins_tiny,35,0.8472,0.9274,0.9274,0,0.8856288416365099,0.8856288416365099,1.0,9,0,-0.1357691395468494,4,1,0.6232178018373602
217888,280710,000000280710.jpg,REAR,0,10,10295.0,197.1,1,body7_self,gt_box,gt_box,,,1.0,1.0,0,0.8906576245247982,0.8906576245247982,1.0,9,0,-0.13490898465653478,4,1,0.6183304699028239
217888,280710,000000280710.jpg,REAR,0,10,10295.0,197.1,1,body7_self,rtmdet_ins_tiny,rtmdet_ins_tiny,35,0.8472,0.9274,0.9274,0,0.8856288416365099,0.8856288416365099,1.0,9,0,-0.1357691395468494,4,1,0.623217794825049
217888,280710,000000280710.jpg,REAR,0,10,10295.0,197.1,1,aic_coco_self,gt_box,gt_box,,,1.0,1.0,0,0.8928671284433298,0.8928671284433298,1.0,9,0,-0.13316356916135813,4,1,0.6955976240775165
217888,280710,000000280710.jpg,REAR,0,10,10295.0,197.1,1,aic_coco_self,rtmdet_ins_tiny,rtmdet_ins_tiny,35,0.8472,0.9274,0.9274,0,0.8909868044620873,0.8909868044620873,1.0,9,0,-0.1351984891794545,4,1,0.6963399017558378
220687,465549,000000465549.jpg,FRONT,3,12,35732.2,328.0,-1,body7_official,gt_box,gt_box,,,1.0,1.0,0,0.9831736772361341,0.9831736772361341,1.0,12,0,-0.46940687273493303,8,-1,0.7680101780330434
220687,465549,000000465549.jpg,FRONT,3,12,35732.2,328.0,-1,body7_official,rtmdet_ins_tiny,rtmdet_ins_tiny,10,0.8843,0.9555,0.9555,0,0.9861192409974869,0.9861192409974869,1.0,12,0,-0.4715607137266492,8,-1,0.7662127561428967
220687,465549,000000465549.jpg,FRONT,3,12,35732.2,328.0,-1,body7_self,gt_box,gt_box,,,1.0,1.0,0,0.9831736772361341,0.9831736772361341,1.0,12,0,-0.46940687273493303,8,-1,0.7680102025761324
220687,465549,000000465549.jpg,FRONT,3,12,35732.2,328.0,-1,body7_self,rtmdet_ins_tiny,rtmdet_ins_tiny,10,0.8843,0.9555,0.9555,0,0.9861192409974869,0.9861192409974869,1.0,12,0,-0.4715607137266492,8,-1,0.7662128332783195
220687,465549,000000465549.jpg,FRONT,3,12,35732.2,328.0,-1,aic_coco_self,gt_box,gt_box,,,1.0,1.0,0,0.9746718467451151,0.9746718467451151,1.0,12,0,-0.470592291652403,8,-1,0.7632684462210712
220687,465549,000000465549.jpg,FRONT,3,12,35732.2,328.0,-1,aic_coco_self,rtmdet_ins_tiny,rtmdet_ins_tiny,10,0.8843,0.9555,0.9555,0,0.9758711936875013,0.9758711936875013,1.0,12,0,-0.46833662012484845,8,-1,0.7703456168665606
221622,353180,000000353180.jpg,REAR,0,11,7280.7,208.6,1,body7_official,gt_box,gt_box,,,1.0,1.0,0,0.9442490231408984,0.9442490231408984,1.0,10,0,-0.2331277842030291,8,1,0.6029661175082711
221622,353180,000000353180.jpg,REAR,0,11,7280.7,208.6,1,body7_official,rtmdet_ins_tiny,rtmdet_ins_tiny,42,0.5964,0.9036,0.9036,0,0.9652889926877503,0.9652889926877503,1.0,10,0,-0.23745700203956568,8,1,0.6069334727876327
221622,353180,000000353180.jpg,REAR,0,11,7280.7,208.6,1,body7_self,gt_box,gt_box,,,1.0,1.0,0,0.9442490231408984,0.9442490231408984,1.0,10,0,-0.2331277842030291,8,1,0.6029660456320819
221622,353180,000000353180.jpg,REAR,0,11,7280.7,208.6,1,body7_self,rtmdet_ins_tiny,rtmdet_ins_tiny,42,0.5964,0.9036,0.9036,0,0.9652889926877503,0.9652889926877503,1.0,10,0,-0.23745700203956568,8,1,0.6069335955030778
221622,353180,000000353180.jpg,REAR,0,11,7280.7,208.6,1,aic_coco_self,gt_box,gt_box,,,1.0,1.0,0,0.9324855122578184,0.9324855122578184,1.0,10,0,-0.2306146394512038,8,1,0.5700386745088241
221622,353180,000000353180.jpg,REAR,0,11,7280.7,208.6,1,aic_coco_self,rtmdet_ins_tiny,rtmdet_ins_tiny,42,0.5964,0.9036,0.9036,0,0.954726800246878,0.954726800246878,1.0,10,0,-0.23458622539012342,8,1,0.6153995955691618
222423,61418,000000061418.jpg,OBLIQUE,2,15,3664.8,128.5,-1,body7_official,gt_box,gt_box,,,1.0,1.0,0,0.9530120069569139,0.9530120069569139,1.0,15,0,-0.20722422979451668,12,-1,0.7466292346225065
222423,61418,000000061418.jpg,OBLIQUE,2,15,3664.8,128.5,-1,body7_official,rtmdet_ins_tiny,rtmdet_ins_tiny,25,0.7987,0.9627,0.9627,0,0.9471081243722315,0.9471081243722315,1.0,15,0,-0.20757297507511624,12,-1,0.7445289738038007
222423,61418,000000061418.jpg,OBLIQUE,2,15,3664.8,128.5,-1,body7_self,gt_box,gt_box,,,1.0,1.0,0,0.9530120069569139,0.9530120069569139,1.0,15,0,-0.20722422979451668,12,-1,0.7466292731902179
222423,61418,000000061418.jpg,OBLIQUE,2,15,3664.8,128.5,-1,body7_self,rtmdet_ins_tiny,rtmdet_ins_tiny,25,0.7987,0.9627,0.9627,0,0.9471081243722315,0.9471081243722315,1.0,15,0,-0.20757297507511624,12,-1,0.7445288405698889
222423,61418,000000061418.jpg,OBLIQUE,2,15,3664.8,128.5,-1,aic_coco_self,gt_box,gt_box,,,1.0,1.0,0,0.9563291170198129,0.9563291170198129,1.0,15,0,-0.20960432161266723,12,-1,0.7561895847320557
222423,61418,000000061418.jpg,OBLIQUE,2,15,3664.8,128.5,-1,aic_coco_self,rtmdet_ins_tiny,rtmdet_ins_tiny,25,0.7987,0.9627,0.9627,0,0.957519672566628,0.957519672566628,1.0,15,0,-0.20959234325786727,12,-1,0.7573760502478656
223326,70254,000000070254.jpg,REAR,0,11,5494.3,189.0,1,body7_official,gt_box,gt_box,,,1.0,1.0,0,0.9729373164603878,0.9729373164603878,1.0,8,0,-0.28014365079317405,4,1,0.6995457025135264
223326,70254,000000070254.jpg,REAR,0,11,5494.3,189.0,1,body7_official,rtmdet_ins_tiny,rtmdet_ins_tiny,25,0.8679,0.0000,0.8436,1,0.00182348558500338,0.00182348558500338,0.0,8,0,-0.0013509598229795028,4,-1,0.6858647956567652
223326,70254,000000070254.jpg,REAR,0,11,5494.3,189.0,1,body7_self,gt_box,gt_box,,,1.0,1.0,0,0.9729373164603878,0.9729373164603878,1.0,8,0,-0.28014365079317405,4,1,0.699545632390415
223326,70254,000000070254.jpg,REAR,0,11,5494.3,189.0,1,body7_self,rtmdet_ins_tiny,rtmdet_ins_tiny,25,0.8679,0.0000,0.8436,1,0.00182348558500338,0.00182348558500338,0.0,8,0,-0.0013509598229795028,4,-1,0.6858647185213426
223326,70254,000000070254.jpg,REAR,0,11,5494.3,189.0,1,aic_coco_self,gt_box,gt_box,,,1.0,1.0,0,0.9714704085299888,0.9714704085299888,1.0,8,0,-0.2794310797086421,4,1,0.726397924563464
223326,70254,000000070254.jpg,REAR,0,11,5494.3,189.0,1,aic_coco_self,rtmdet_ins_tiny,rtmdet_ins_tiny,25,0.8679,0.0000,0.8436,1,0.002178968491817613,0.002178968491817613,0.0,8,0,-0.0011081580795784252,4,-1,0.7233023783739876
225442,353051,000000353051.jpg,FRONT,3,16,18447.0,282.1,-1,body7_official,gt_box,gt_box,,,1.0,1.0,0,0.9699819331438604,0.9699819331438604,1.0,15,0,-0.38380988036060143,10,-1,0.8337293407496285
225442,353051,000000353051.jpg,FRONT,3,16,18447.0,282.1,-1,body7_official,rtmdet_ins_tiny,rtmdet_ins_tiny,7,0.7665,0.8122,0.8122,0,0.9732632200494588,0.9732632200494588,1.0,15,0,-0.3804650054397507,10,-1,0.8104734350653255
225442,353051,000000353051.jpg,FRONT,3,16,18447.0,282.1,-1,body7_self,gt_box,gt_box,,,1.0,1.0,0,0.9699819331438604,0.9699819331438604,1.0,15,0,-0.38380988036060143,10,-1,0.8337292916634503
225442,353051,000000353051.jpg,FRONT,3,16,18447.0,282.1,-1,body7_self,rtmdet_ins_tiny,rtmdet_ins_tiny,7,0.7665,0.8122,0.8122,0,0.9732632200494588,0.9732632200494588,1.0,15,0,-0.3804650054397507,10,-1,0.8104734140283921
225442,353051,000000353051.jpg,FRONT,3,16,18447.0,282.1,-1,aic_coco_self,gt_box,gt_box,,,1.0,1.0,0,0.9748957991956935,0.9748957991956935,1.0,15,0,-0.3811676576565169,10,-1,0.848727194701924
225442,353051,000000353051.jpg,FRONT,3,16,18447.0,282.1,-1,aic_coco_self,rtmdet_ins_tiny,rtmdet_ins_tiny,7,0.7665,0.8122,0.8122,0,0.9689959356239973,0.9689959356239973,1.0,15,0,-0.37928973793513193,10,-1,0.8258351543370415
227893,2006,000000002006.jpg,OBLIQUE,2,15,2083.9,108.5,-1,body7_official,gt_box,gt_box,,,1.0,1.0,0,0.9311162234341431,0.9311162234341431,1.0,12,0,-0.2448904853929217,6,-1,0.7390357816920561
227893,2006,000000002006.jpg,OBLIQUE,2,15,2083.9,108.5,-1,body7_official,rtmdet_ins_tiny,rtmdet_ins_tiny,11,0.8297,0.9350,0.9350,0,0.9385001469366671,0.9385001469366671,1.0,12,0,-0.24827567495310482,6,-1,0.7478103287079755
227893,2006,000000002006.jpg,OBLIQUE,2,15,2083.9,108.5,-1,body7_self,gt_box,gt_box,,,1.0,1.0,0,0.9311162234341431,0.9311162234341431,1.0,12,0,-0.2448904853929217,6,-1,0.7390358448028564
227893,2006,000000002006.jpg,OBLIQUE,2,15,2083.9,108.5,-1,body7_self,rtmdet_ins_tiny,rtmdet_ins_tiny,11,0.8297,0.9350,0.9350,0,0.9385001469366671,0.9385001469366671,1.0,12,0,-0.24827567495310482,6,-1,0.747810374287998
227893,2006,000000002006.jpg,OBLIQUE,2,15,2083.9,108.5,-1,aic_coco_self,gt_box,gt_box,,,1.0,1.0,0,0.9575352383373207,0.9575352383373207,1.0,12,0,-0.24342989854709846,6,-1,0.743880941587336
227893,2006,000000002006.jpg,OBLIQUE,2,15,2083.9,108.5,-1,aic_coco_self,rtmdet_ins_tiny,rtmdet_ins_tiny,11,0.8297,0.9350,0.9350,0,0.9447736545489204,0.9447736545489204,1.0,12,0,-0.2408243192416505,6,-1,0.7605611822184395
229143,570834,000000570834.jpg,REAR,0,12,7291.6,185.7,1,body7_official,gt_box,gt_box,,,1.0,1.0,0,0.972528309105425,0.972528309105425,1.0,12,0,-0.39089430432480354,10,1,0.7919026262619916
229143,570834,000000570834.jpg,REAR,0,12,7291.6,185.7,1,body7_official,rtmdet_ins_tiny,rtmdet_ins_tiny,1,0.8868,0.9321,0.9321,0,0.9721452016340756,0.9721452016340756,1.0,12,0,-0.3904325089668178,10,1,0.7898713981404024
229143,570834,000000570834.jpg,REAR,0,12,7291.6,185.7,1,body7_self,gt_box,gt_box,,,1.0,1.0,0,0.972528309105425,0.972528309105425,1.0,12,0,-0.39089430432480354,10,1,0.7919026613235474
229143,570834,000000570834.jpg,REAR,0,12,7291.6,185.7,1,body7_self,rtmdet_ins_tiny,rtmdet_ins_tiny,1,0.8868,0.9321,0.9321,0,0.9721452016340756,0.9721452016340756,1.0,12,0,-0.3904325089668178,10,1,0.7898714156711802
229143,570834,000000570834.jpg,REAR,0,12,7291.6,185.7,1,aic_coco_self,gt_box,gt_box,,,1.0,1.0,0,0.9828264408281155,0.9828264408281155,1.0,12,0,-0.39276424913977726,10,1,0.8083378497292014
229143,570834,000000570834.jpg,REAR,0,12,7291.6,185.7,1,aic_coco_self,rtmdet_ins_tiny,rtmdet_ins_tiny,1,0.8868,0.9321,0.9321,0,0.9810150416399027,0.9810150416399027,1.0,12,0,-0.38996522768796893,10,1,0.8074430016910329
231268,461751,000000461751.jpg,OBLIQUE,2,11,49906.3,365.1,1,body7_official,gt_box,gt_box,,,1.0,1.0,0,0.9418848720966829,0.9418848720966829,1.0,11,0,-0.09268933452090308,8,-1,0.6224726368399227
231268,461751,000000461751.jpg,OBLIQUE,2,11,49906.3,365.1,1,body7_official,rtmdet_ins_tiny,rtmdet_ins_tiny,45,0.6001,0.6683,0.6683,0,0.9254122445055146,0.9254122445055146,1.0,11,0,-0.08839325537837837,8,-1,0.5985947207492941
231268,461751,000000461751.jpg,OBLIQUE,2,11,49906.3,365.1,1,body7_self,gt_box,gt_box,,,1.0,1.0,0,0.9418848720966829,0.9418848720966829,1.0,11,0,-0.09268933452090308,8,-1,0.6224726333337671
231268,461751,000000461751.jpg,OBLIQUE,2,11,49906.3,365.1,1,body7_self,rtmdet_ins_tiny,rtmdet_ins_tiny,45,0.6001,0.6683,0.6683,0,0.9254122445055146,0.9254122445055146,1.0,11,0,-0.08839325537837837,8,-1,0.5985948338228113
231268,461751,000000461751.jpg,OBLIQUE,2,11,49906.3,365.1,1,aic_coco_self,gt_box,gt_box,,,1.0,1.0,0,0.9389987363276592,0.9389987363276592,1.0,11,0,-0.09550027114334061,8,-1,0.6265485023750978
231268,461751,000000461751.jpg,OBLIQUE,2,11,49906.3,365.1,1,aic_coco_self,rtmdet_ins_tiny,rtmdet_ins_tiny,45,0.6001,0.6683,0.6683,0,0.9488467645171702,0.9488467645171702,1.0,11,0,-0.09983988094014287,8,-1,0.6611944559742423
233745,163746,000000163746.jpg,FRONT,3,17,5637.0,178.7,-1,body7_official,gt_box,gt_box,,,1.0,1.0,0,0.9644443147142363,0.9644443147142363,1.0,16,0,-0.29498999328367237,10,-1,0.8701918335521922
233745,163746,000000163746.jpg,FRONT,3,17,5637.0,178.7,-1,body7_official,rtmdet_ins_tiny,rtmdet_ins_tiny,31,0.8871,0.8314,0.8314,0,0.9660380586549618,0.9660380586549618,1.0,16,0,-0.29619976875866544,10,-1,0.8894098751685199
233745,163746,000000163746.jpg,FRONT,3,17,5637.0,178.7,-1,body7_self,gt_box,gt_box,,,1.0,1.0,0,0.9644443147142363,0.9644443147142363,1.0,16,0,-0.29498999328367237,10,-1,0.8701918616014368
233745,163746,000000163746.jpg,FRONT,3,17,5637.0,178.7,-1,body7_self,rtmdet_ins_tiny,rtmdet_ins_tiny,31,0.8871,0.8314,0.8314,0,0.9660380586549618,0.9660380586549618,1.0,16,0,-0.29619976875866544,10,-1,0.8894098891931421
233745,163746,000000163746.jpg,FRONT,3,17,5637.0,178.7,-1,aic_coco_self,gt_box,gt_box,,,1.0,1.0,0,0.9738859900229835,0.9738859900229835,1.0,16,0,-0.29899472335725563,10,-1,0.8973595184438369
233745,163746,000000163746.jpg,FRONT,3,17,5637.0,178.7,-1,aic_coco_self,rtmdet_ins_tiny,rtmdet_ins_tiny,31,0.8871,0.8314,0.8314,0,0.9766210980963845,0.9766210980963845,1.0,16,0,-0.30138558352610706,10,-1,0.9059736237806433
234614,147740,000000147740.jpg,REAR,0,8,2301.2,132.0,1,body7_official,gt_box,gt_box,,,1.0,1.0,0,0.8947837204148175,0.8947837204148175,1.0,8,0,-0.015579231568030094,4,1,0.6677167520803564
234614,147740,000000147740.jpg,REAR,0,8,2301.2,132.0,1,body7_official,rtmdet_ins_tiny,rtmdet_ins_tiny,35,0.6809,0.9104,0.9104,0,0.8742099029036283,0.8742099029036283,1.0,8,0,-0.016842082832444802,4,1,0.667378141599543
234614,147740,000000147740.jpg,REAR,0,8,2301.2,132.0,1,body7_self,gt_box,gt_box,,,1.0,1.0,0,0.8947837204148175,0.8947837204148175,1.0,8,0,-0.015579231568030094,4,1,0.6677168397342458
234614,147740,000000147740.jpg,REAR,0,8,2301.2,132.0,1,body7_self,rtmdet_ins_tiny,rtmdet_ins_tiny,35,0.6809,0.9104,0.9104,0,0.8742099029036283,0.8742099029036283,1.0,8,0,-0.016842082832444802,4,1,0.6673781030318316
234614,147740,000000147740.jpg,REAR,0,8,2301.2,132.0,1,aic_coco_self,gt_box,gt_box,,,1.0,1.0,0,0.892261844649011,0.892261844649011,1.0,8,0,-0.026418652365386666,4,1,0.6410861751612495
234614,147740,000000147740.jpg,REAR,0,8,2301.2,132.0,1,aic_coco_self,rtmdet_ins_tiny,rtmdet_ins_tiny,35,0.6809,0.9104,0.9104,0,0.8880130260645849,0.8880130260645849,1.0,8,0,-0.027114233246571876,4,1,0.6410674873520347
236110,377723,000000377723.jpg,OBLIQUE,2,13,2460.7,120.4,-1,body7_official,gt_box,gt_box,,,1.0,1.0,0,0.9543799446681009,0.9543799446681009,1.0,13,0,-0.11387861418746648,8,-1,0.733435637810651
236110,377723,000000377723.jpg,OBLIQUE,2,13,2460.7,120.4,-1,body7_official,rtmdet_ins_tiny,rtmdet_ins_tiny,36,0.8648,0.8920,0.8920,0,0.9522219136419602,0.9522219136419602,1.0,13,0,-0.11375793692124359,8,-1,0.7401031746583826
236110,377723,000000377723.jpg,OBLIQUE,2,13,2460.7,120.4,-1,body7_self,gt_box,gt_box,,,1.0,1.0,0,0.9543799446681009,0.9543799446681009,1.0,13,0,-0.11387861418746648,8,-1,0.7334356237860287
236110,377723,000000377723.jpg,OBLIQUE,2,13,2460.7,120.4,-1,body7_self,rtmdet_ins_tiny,rtmdet_ins_tiny,36,0.8648,0.8920,0.8920,0,0.9522219136419602,0.9522219136419602,1.0,13,0,-0.11375793692124359,8,-1,0.7401032412753386
236110,377723,000000377723.jpg,OBLIQUE,2,13,2460.7,120.4,-1,aic_coco_self,gt_box,gt_box,,,1.0,1.0,0,0.9477935630482257,0.9477935630482257,1.0,13,0,-0.11014168441371708,8,-1,0.7640468688572154
236110,377723,000000377723.jpg,OBLIQUE,2,13,2460.7,120.4,-1,aic_coco_self,rtmdet_ins_tiny,rtmdet_ins_tiny,36,0.8648,0.8920,0.8920,0,0.9488773007384335,0.9488773007384335,1.0,13,0,-0.11149256718547623,8,-1,0.7733491133241093
236826,445834,000000445834.jpg,OBLIQUE,2,14,7988.6,224.4,1,body7_official,gt_box,gt_box,,,1.0,1.0,0,0.9636751685125355,0.9636751685125355,1.0,14,0,-0.14837368150820002,10,1,0.7710384095416349
236826,445834,000000445834.jpg,OBLIQUE,2,14,7988.6,224.4,1,body7_official,rtmdet_ins_tiny,rtmdet_ins_tiny,15,0.8700,0.9375,0.9375,0,0.9599279050697831,0.9599279050697831,1.0,14,0,-0.14961222648981504,10,1,0.7713938355445862
236826,445834,000000445834.jpg,OBLIQUE,2,14,7988.6,224.4,1,body7_self,gt_box,gt_box,,,1.0,1.0,0,0.9636751685125355,0.9636751685125355,1.0,14,0,-0.14837368150820002,10,1,0.7710383078631233
236826,445834,000000445834.jpg,OBLIQUE,2,14,7988.6,224.4,1,body7_self,rtmdet_ins_tiny,rtmdet_ins_tiny,15,0.8700,0.9375,0.9375,0,0.9599279050697831,0.9599279050697831,1.0,14,0,-0.14961222648981504,10,1,0.771393761915319
236826,445834,000000445834.jpg,OBLIQUE,2,14,7988.6,224.4,1,aic_coco_self,gt_box,gt_box,,,1.0,1.0,0,0.9600308927469915,0.9600308927469915,1.0,14,0,-0.15157776447420432,10,1,0.806973769384272
236826,445834,000000445834.jpg,OBLIQUE,2,14,7988.6,224.4,1,aic_coco_self,rtmdet_ins_tiny,rtmdet_ins_tiny,15,0.8700,0.9375,0.9375,0,0.9556456213932474,0.9556456213932474,1.0,14,0,-0.1518393324475497,10,1,0.8216530330040875
237810,280710,000000280710.jpg,REAR,0,10,5993.6,168.8,1,body7_official,gt_box,gt_box,,,1.0,1.0,0,0.9648229065966326,0.9648229065966326,1.0,10,0,-0.321773780611079,10,1,0.7195360309937421
237810,280710,000000280710.jpg,REAR,0,10,5993.6,168.8,1,body7_official,rtmdet_ins_tiny,rtmdet_ins_tiny,19,0.8612,0.9476,0.9476,0,0.9635736065088827,0.9635736065088827,1.0,10,0,-0.32182973875970433,10,1,0.727838372482973
237810,280710,000000280710.jpg,REAR,0,10,5993.6,168.8,1,body7_self,gt_box,gt_box,,,1.0,1.0,0,0.9648229065966326,0.9648229065966326,1.0,10,0,-0.321773780611079,10,1,0.7195360415122088
237810,280710,000000280710.jpg,REAR,0,10,5993.6,168.8,1,body7_self,rtmdet_ins_tiny,rtmdet_ins_tiny,19,0.8612,0.9476,0.9476,0,0.9635736065088827,0.9635736065088827,1.0,10,0,-0.32182973875970433,10,1,0.7278383672237396
237810,280710,000000280710.jpg,REAR,0,10,5993.6,168.8,1,aic_coco_self,gt_box,gt_box,,,1.0,1.0,0,0.9661851572498115,0.9661851572498115,1.0,10,0,-0.32190941240735194,10,1,0.7568387003505931
237810,280710,000000280710.jpg,REAR,0,10,5993.6,168.8,1,aic_coco_self,rtmdet_ins_tiny,rtmdet_ins_tiny,19,0.8612,0.9476,0.9476,0,0.9673363724447089,0.9673363724447089,1.0,10,0,-0.32179280131822124,10,1,0.7702339501941905
253873,66038,000000066038.jpg,FRONT,3,16,3641.9,102.6,-1,body7_official,gt_box,gt_box,,,1.0,1.0,0,0.9279070090435081,0.9279070090435081,1.0,16,0,-0.4479985112762054,12,-1,0.6952569712610805
253873,66038,000000066038.jpg,FRONT,3,16,3641.9,102.6,-1,body7_official,rtmdet_ins_tiny,rtmdet_ins_tiny,36,0.6620,0.8937,0.8937,0,0.928162188964174,0.928162188964174,1.0,16,0,-0.4498861333479779,12,-1,0.6961807012557983
253873,66038,000000066038.jpg,FRONT,3,16,3641.9,102.6,-1,body7_self,gt_box,gt_box,,,1.0,1.0,0,0.9279070090435081,0.9279070090435081,1.0,16,0,-0.4479985112762054,12,-1,0.6952570028164807
253873,66038,000000066038.jpg,FRONT,3,16,3641.9,102.6,-1,body7_self,rtmdet_ins_tiny,rtmdet_ins_tiny,36,0.6620,0.8937,0.8937,0,0.928162188964174,0.928162188964174,1.0,16,0,-0.4498861333479779,12,-1,0.6961807818973765
253873,66038,000000066038.jpg,FRONT,3,16,3641.9,102.6,-1,aic_coco_self,gt_box,gt_box,,,1.0,1.0,0,0.9596657586878912,0.9596657586878912,1.0,16,0,-0.45795864959428717,12,-1,0.7000286859624526
253873,66038,000000066038.jpg,FRONT,3,16,3641.9,102.6,-1,aic_coco_self,rtmdet_ins_tiny,rtmdet_ins_tiny,36,0.6620,0.8937,0.8937,0,0.9545534194416725,0.9545534194416725,1.0,16,0,-0.462113315991626,12,-1,0.7125732758465935
260561,397354,000000397354.jpg,REAR,0,10,9155.3,177.2,1,body7_official,gt_box,gt_box,,,1.0,1.0,0,0.8547733357033204,0.8547733357033204,0.8571428571428571,7,0,-0.25902055617431774,6,1,0.6122430422726799
260561,397354,000000397354.jpg,REAR,0,10,9155.3,177.2,1,body7_official,rtmdet_ins_tiny,rtmdet_ins_tiny,3,0.8243,0.8729,0.8729,0,0.8424890576860908,0.8424890576860908,0.8571428571428571,7,0,-0.2634477412986211,6,1,0.6107742278014913
260561,397354,000000397354.jpg,REAR,0,10,9155.3,177.2,1,body7_self,gt_box,gt_box,,,1.0,1.0,0,0.8547733357033204,0.8547733357033204,0.8571428571428571,7,0,-0.25902055617431774,6,1,0.6122432263458476
260561,397354,000000397354.jpg,REAR,0,10,9155.3,177.2,1,body7_self,rtmdet_ins_tiny,rtmdet_ins_tiny,3,0.8243,0.8729,0.8729,0,0.8424890576860908,0.8424890576860908,0.8571428571428571,7,0,-0.2634477412986211,6,1,0.6107742821469027
260561,397354,000000397354.jpg,REAR,0,10,9155.3,177.2,1,aic_coco_self,gt_box,gt_box,,,1.0,1.0,0,0.8141357386737637,0.8141357386737637,0.8571428571428571,7,0,-0.26795300079564643,6,1,0.6363644477199105
260561,397354,000000397354.jpg,REAR,0,10,9155.3,177.2,1,aic_coco_self,rtmdet_ins_tiny,rtmdet_ins_tiny,3,0.8243,0.8729,0.8729,0,0.8232075753645214,0.8232075753645214,0.8571428571428571,7,0,-0.2615656579694059,6,1,0.6485174298286438
262841,157767,000000157767.jpg,PROFILE,1,11,7355.2,198.6,1,body7_official,gt_box,gt_box,,,1.0,1.0,0,0.9524856953484417,0.9524856953484417,1.0,11,0,-0.21547951040289492,8,1,0.7573460200253654
262841,157767,000000157767.jpg,PROFILE,1,11,7355.2,198.6,1,body7_official,rtmdet_ins_tiny,rtmdet_ins_tiny,38,0.8782,0.8998,0.8998,0,0.9536159356234765,0.9536159356234765,1.0,11,0,-0.2181868978033526,8,1,0.7513699356247397
262841,157767,000000157767.jpg,PROFILE,1,11,7355.2,198.6,1,body7_self,gt_box,gt_box,,,1.0,1.0,0,0.9524856953484417,0.9524856953484417,1.0,11,0,-0.21547951040289492,8,1,0.757346123456955
262841,157767,000000157767.jpg,PROFILE,1,11,7355.2,198.6,1,body7_self,rtmdet_ins_tiny,rtmdet_ins_tiny,38,0.8782,0.8998,0.8998,0,0.9536159356234765,0.9536159356234765,1.0,11,0,-0.2181868978033526,8,1,0.751369925106273
262841,157767,000000157767.jpg,PROFILE,1,11,7355.2,198.6,1,aic_coco_self,gt_box,gt_box,,,1.0,1.0,0,0.9701947457961096,0.9701947457961096,1.0,11,0,-0.22334556711501297,8,1,0.8041170029079213
262841,157767,000000157767.jpg,PROFILE,1,11,7355.2,198.6,1,aic_coco_self,rtmdet_ins_tiny,rtmdet_ins_tiny,38,0.8782,0.8998,0.8998,0,0.9720988196947169,0.9720988196947169,1.0,11,0,-0.2239922196610795,8,1,0.795478459666757
421452,102820,000000102820.jpg,FRONT,3,17,109498.9,519.5,-1,body7_official,gt_box,gt_box,,,1.0,1.0,0,0.9767690283753128,0.9767690283753128,1.0,16,0,-0.5082092800535094,10,-1,0.9154312049641329
421452,102820,000000102820.jpg,FRONT,3,17,109498.9,519.5,-1,body7_official,rtmdet_ins_tiny,rtmdet_ins_tiny,5,0.9244,0.9391,0.9391,0,0.9720423229753139,0.9720423229753139,1.0,16,0,-0.5081995815157042,10,-1,0.9174079649588641
421452,102820,000000102820.jpg,FRONT,3,17,109498.9,519.5,-1,body7_self,gt_box,gt_box,,,1.0,1.0,0,0.9767690283753128,0.9767690283753128,1.0,16,0,-0.5082092800535094,10,-1,0.9154312049641329
421452,102820,000000102820.jpg,FRONT,3,17,109498.9,519.5,-1,body7_self,rtmdet_ins_tiny,rtmdet_ins_tiny,5,0.9244,0.9391,0.9391,0,0.9720423229753139,0.9720423229753139,1.0,16,0,-0.5081995815157042,10,-1,0.9174079263911528
421452,102820,000000102820.jpg,FRONT,3,17,109498.9,519.5,-1,aic_coco_self,gt_box,gt_box,,,1.0,1.0,0,0.9707708493992478,0.9707708493992478,1.0,16,0,-0.5100906492220312,10,-1,0.8866393460946924
421452,102820,000000102820.jpg,FRONT,3,17,109498.9,519.5,-1,aic_coco_self,rtmdet_ins_tiny,rtmdet_ins_tiny,5,0.9244,0.9391,0.9391,0,0.9687466574023118,0.9687466574023118,1.0,16,0,-0.5102391571602428,10,-1,0.8870666447807761
421689,512657,000000512657.jpg,FRONT,3,12,39672.1,367.5,-1,body7_official,gt_box,gt_box,,,1.0,1.0,0,0.9782597717163148,0.9782597717163148,1.0,12,0,-0.6052710639789789,8,-1,0.7343747563221875
421689,512657,000000512657.jpg,FRONT,3,12,39672.1,367.5,-1,body7_official,rtmdet_ins_tiny,rtmdet_ins_tiny,9,0.8775,0.0000,0.9222,1,0.00010901050533754632,0.0018625079544244026,0.0,12,1,0.011767511889236748,8,-1,0.7970616309081807
421689,512657,000000512657.jpg,FRONT,3,12,39672.1,367.5,-1,body7_self,gt_box,gt_box,,,1.0,1.0,0,0.9782597717163148,0.9782597717163148,1.0,12,0,-0.6052710639789789,8,-1,0.7343747265198651
421689,512657,000000512657.jpg,FRONT,3,12,39672.1,367.5,-1,body7_self,rtmdet_ins_tiny,rtmdet_ins_tiny,9,0.8775,0.0000,0.9222,1,0.00010901050533754632,0.0018625079544244026,0.0,12,1,0.011767511889236748,8,-1,0.7970616256489473
421689,512657,000000512657.jpg,FRONT,3,12,39672.1,367.5,-1,aic_coco_self,gt_box,gt_box,,,1.0,1.0,0,0.9823021256898549,0.9823021256898549,1.0,12,0,-0.6031311637041026,8,-1,0.7356906813733718
421689,512657,000000512657.jpg,FRONT,3,12,39672.1,367.5,-1,aic_coco_self,rtmdet_ins_tiny,rtmdet_ins_tiny,9,0.8775,0.0000,0.9222,1,0.00011401519358561088,0.0018791129387258287,0.0,12,1,0.011818738342502355,8,-1,0.7870713717797223
422167,106912,000000106912.jpg,OBLIQUE,2,13,4868.2,167.2,-1,body7_official,gt_box,gt_box,,,1.0,1.0,0,0.9562693509390005,0.9562693509390005,1.0,13,0,-0.08273925723289063,8,-1,0.7642984179889455
422167,106912,000000106912.jpg,OBLIQUE,2,13,4868.2,167.2,-1,body7_official,rtmdet_ins_tiny,rtmdet_ins_tiny,2,0.8316,0.9674,0.9674,0,0.9559420715447122,0.9559420715447122,1.0,13,0,-0.08736503773050658,8,-1,0.7550675378126257
422167,106912,000000106912.jpg,OBLIQUE,2,13,4868.2,167.2,-1,body7_self,gt_box,gt_box,,,1.0,1.0,0,0.9562693509390005,0.9562693509390005,1.0,13,0,-0.08273925723289063,8,-1,0.7642983303350561
422167,106912,000000106912.jpg,OBLIQUE,2,13,4868.2,167.2,-1,body7_self,rtmdet_ins_tiny,rtmdet_ins_tiny,2,0.8316,0.9674,0.9674,0,0.9559420715447122,0.9559420715447122,1.0,13,0,-0.08736503773050658,8,-1,0.7550675868988037
422167,106912,000000106912.jpg,OBLIQUE,2,13,4868.2,167.2,-1,aic_coco_self,gt_box,gt_box,,,1.0,1.0,0,0.9693154268744609,0.9693154268744609,1.0,13,0,-0.08371906412550631,8,-1,0.7356811446302077
422167,106912,000000106912.jpg,OBLIQUE,2,13,4868.2,167.2,-1,aic_coco_self,rtmdet_ins_tiny,rtmdet_ins_tiny,2,0.8316,0.9674,0.9674,0,0.9662712106205856,0.9662712106205856,1.0,13,0,-0.08774401196053681,8,-1,0.7371395686093498
422900,94614,000000094614.jpg,FRONT,3,17,26247.0,292.6,-1,body7_official,gt_box,gt_box,,,1.0,1.0,0,0.9388090851877795,0.9388090851877795,1.0,17,0,-0.3038090021025379,12,-1,0.8269638033474193
422900,94614,000000094614.jpg,FRONT,3,17,26247.0,292.6,-1,body7_official,rtmdet_ins_tiny,rtmdet_ins_tiny,1,0.9004,0.8802,0.8802,0,0.9477768182953921,0.9477768182953921,1.0,17,0,-0.31139438352691573,12,-1,0.8333705593557919
422900,94614,000000094614.jpg,FRONT,3,17,26247.0,292.6,-1,body7_self,gt_box,gt_box,,,1.0,1.0,0,0.9388090851877795,0.9388090851877795,1.0,17,0,-0.3038090021025379,12,-1,0.8269637051750632
422900,94614,000000094614.jpg,FRONT,3,17,26247.0,292.6,-1,body7_self,rtmdet_ins_tiny,rtmdet_ins_tiny,1,0.9004,0.8802,0.8802,0,0.9477768182953921,0.9477768182953921,1.0,17,0,-0.31139438352691573,12,-1,0.8333705979235032
422900,94614,000000094614.jpg,FRONT,3,17,26247.0,292.6,-1,aic_coco_self,gt_box,gt_box,,,1.0,1.0,0,0.9488829537229729,0.9488829537229729,1.0,17,0,-0.30766906419656836,12,-1,0.848081227611093
422900,94614,000000094614.jpg,FRONT,3,17,26247.0,292.6,-1,aic_coco_self,rtmdet_ins_tiny,rtmdet_ins_tiny,1,0.9004,0.8802,0.8802,0,0.9550158435913467,0.9550158435913467,1.0,17,0,-0.31317558966094833,12,-1,0.8484559970743516
423477,406129,000000406129.jpg,FRONT,3,16,30202.6,437.7,-1,body7_official,gt_box,gt_box,,,1.0,1.0,0,0.9416241136298868,0.9416241136298868,1.0,16,0,-0.4903549033477972,12,-1,0.8690959741087521
423477,406129,000000406129.jpg,FRONT,3,16,30202.6,437.7,-1,body7_official,rtmdet_ins_tiny,rtmdet_ins_tiny,7,0.8885,0.9168,0.9168,0,0.9441491867343479,0.9441491867343479,1.0,16,0,-0.4947798641558445,12,-1,0.8795731418273028
423477,406129,000000406129.jpg,FRONT,3,16,30202.6,437.7,-1,body7_self,gt_box,gt_box,,,1.0,1.0,0,0.9416241136298868,0.9416241136298868,1.0,16,0,-0.4903549033477972,12,-1,0.8690960091703078
423477,406129,000000406129.jpg,FRONT,3,16,30202.6,437.7,-1,body7_self,rtmdet_ins_tiny,rtmdet_ins_tiny,7,0.8885,0.9168,0.9168,0,0.9441491867343479,0.9441491867343479,1.0,16,0,-0.4947798641558445,12,-1,0.8795730892349692
423477,406129,000000406129.jpg,FRONT,3,16,30202.6,437.7,-1,aic_coco_self,gt_box,gt_box,,,1.0,1.0,0,0.9635929001689183,0.9635929001689183,1.0,16,0,-0.4951945620939743,12,-1,0.8890420969794778
423477,406129,000000406129.jpg,FRONT,3,16,30202.6,437.7,-1,aic_coco_self,rtmdet_ins_tiny,rtmdet_ins_tiny,7,0.8885,0.9168,0.9168,0,0.9826912470118301,0.9826912470118301,1.0,16,0,-0.4951583414386339,12,-1,0.8922920928281897
424092,266409,000000266409.jpg,FRONT,3,17,22075.5,300.9,-1,body7_official,gt_box,gt_box,,,1.0,1.0,0,0.9909491848757379,0.9909491848757379,1.0,17,0,-0.39742820660511835,12,-1,0.899248273933635
424092,266409,000000266409.jpg,FRONT,3,17,22075.5,300.9,-1,body7_official,rtmdet_ins_tiny,rtmdet_ins_tiny,1,0.9461,0.9307,0.9307,0,0.9895541706816935,0.9895541706816935,1.0,17,0,-0.3937399691504811,12,-1,0.9111322129473967
424092,266409,000000266409.jpg,FRONT,3,17,22075.5,300.9,-1,body7_self,gt_box,gt_box,,,1.0,1.0,0,0.9909491848757379,0.9909491848757379,1.0,17,0,-0.39742820660511835,12,-1,0.8992482914644129
424092,266409,000000266409.jpg,FRONT,3,17,22075.5,300.9,-1,body7_self,rtmdet_ins_tiny,rtmdet_ins_tiny,1,0.9461,0.9307,0.9307,0,0.9895541706816935,0.9895541706816935,1.0,17,0,-0.3937399691504811,12,-1,0.911132300601286
424092,266409,000000266409.jpg,FRONT,3,17,22075.5,300.9,-1,aic_coco_self,gt_box,gt_box,,,1.0,1.0,0,0.9842139558570239,0.9842139558570239,1.0,17,0,-0.3919010418228468,12,-1,0.9193242192268372
424092,266409,000000266409.jpg,FRONT,3,17,22075.5,300.9,-1,aic_coco_self,rtmdet_ins_tiny,rtmdet_ins_tiny,1,0.9461,0.9307,0.9307,0,0.982618501157846,0.982618501157846,1.0,17,0,-0.39066596662597297,12,-1,0.9194271704729866
424746,261036,000000261036.jpg,FRONT,3,17,17958.2,327.3,-1,body7_official,gt_box,gt_box,,,1.0,1.0,0,0.9472201222480701,0.9472201222480701,1.0,17,0,-0.21772791921489287,12,-1,0.8709586963934057
424746,261036,000000261036.jpg,FRONT,3,17,17958.2,327.3,-1,body7_official,rtmdet_ins_tiny,rtmdet_ins_tiny,11,0.8748,0.9583,0.9583,0,0.9520334489070889,0.9520334489070889,1.0,17,0,-0.2202615281836763,12,-1,0.8754949008717257
424746,261036,000000261036.jpg,FRONT,3,17,17958.2,327.3,-1,body7_self,gt_box,gt_box,,,1.0,1.0,0,0.9472201222480701,0.9472201222480701,1.0,17,0,-0.21772791921489287,12,-1,0.8709587314549614
424746,261036,000000261036.jpg,FRONT,3,17,17958.2,327.3,-1,body7_self,rtmdet_ins_tiny,rtmdet_ins_tiny,11,0.8748,0.9583,0.9583,0,0.9520334489070889,0.9520334489070889,1.0,17,0,-0.2202615281836763,12,-1,0.8754948693163255
424746,261036,000000261036.jpg,FRONT,3,17,17958.2,327.3,-1,aic_coco_self,gt_box,gt_box,,,1.0,1.0,0,0.9562423767529132,0.9562423767529132,1.0,17,0,-0.2250604553481822,12,-1,0.8463757774409126
424746,261036,000000261036.jpg,FRONT,3,17,17958.2,327.3,-1,aic_coco_self,rtmdet_ins_tiny,rtmdet_ins_tiny,11,0.8748,0.9583,0.9583,0,0.9530423059315887,0.9530423059315887,1.0,17,0,-0.22167404501016477,12,-1,0.8552404431735768
425124,351823,000000351823.jpg,FRONT,3,16,45329.1,509.7,-1,body7_official,gt_box,gt_box,,,1.0,1.0,0,0.9594486010822139,0.9594486010822139,1.0,16,0,-0.19579879582930979,12,-1,0.8759129958994248
425124,351823,000000351823.jpg,FRONT,3,16,45329.1,509.7,-1,body7_official,rtmdet_ins_tiny,rtmdet_ins_tiny,6,0.9048,0.9517,0.9517,0,0.9627001139508227,0.9627001139508227,1.0,16,0,-0.19354106795133386,12,-1,0.8763442600474638
425124,351823,000000351823.jpg,FRONT,3,16,45329.1,509.7,-1,body7_self,gt_box,gt_box,,,1.0,1.0,0,0.9594486010822139,0.9594486010822139,1.0,16,0,-0.19579879582930979,12,-1,0.8759128696778241
425124,351823,000000351823.jpg,FRONT,3,16,45329.1,509.7,-1,body7_self,rtmdet_ins_tiny,rtmdet_ins_tiny,6,0.9048,0.9517,0.9517,0,0.9627001139508227,0.9627001139508227,1.0,16,0,-0.19354106795133386,12,-1,0.8763443056274863
425124,351823,000000351823.jpg,FRONT,3,16,45329.1,509.7,-1,aic_coco_self,gt_box,gt_box,,,1.0,1.0,0,0.9688639501975918,0.9688639501975918,1.0,16,0,-0.19875701771050452,12,-1,0.8799210155711454
425124,351823,000000351823.jpg,FRONT,3,16,45329.1,509.7,-1,aic_coco_self,rtmdet_ins_tiny,rtmdet_ins_tiny,6,0.9048,0.9517,0.9517,0,0.9700394458946233,0.9700394458946233,1.0,16,0,-0.19369382327606394,12,-1,0.8781148686128504
425370,343937,000000343937.jpg,FRONT,3,14,26660.8,394.3,-1,body7_official,gt_box,gt_box,,,1.0,1.0,0,0.9436945667419652,0.9436945667419652,1.0,14,0,-0.09061581477131117,8,-1,0.8002416877185597
425370,343937,000000343937.jpg,FRONT,3,14,26660.8,394.3,-1,body7_official,rtmdet_ins_tiny,rtmdet_ins_tiny,5,0.8703,0.8864,0.8864,0,0.9412964754690128,0.9412964754690128,1.0,14,0,-0.08949936035275652,8,-1,0.8374726877493017
425370,343937,000000343937.jpg,FRONT,3,14,26660.8,394.3,-1,body7_self,gt_box,gt_box,,,1.0,1.0,0,0.9436945667419652,0.9436945667419652,1.0,14,0,-0.09061581477131117,8,-1,0.8002416701877818
425370,343937,000000343937.jpg,FRONT,3,14,26660.8,394.3,-1,body7_self,rtmdet_ins_tiny,rtmdet_ins_tiny,5,0.8703,0.8864,0.8864,0,0.9412964754690128,0.9412964754690128,1.0,14,0,-0.08949936035275652,8,-1,0.8374726561939015
425370,343937,000000343937.jpg,FRONT,3,14,26660.8,394.3,-1,aic_coco_self,gt_box,gt_box,,,1.0,1.0,0,0.9457874345033611,0.9457874345033611,1.0,14,0,-0.0927459462336554,8,-1,0.8238539099693298
425370,343937,000000343937.jpg,FRONT,3,14,26660.8,394.3,-1,aic_coco_self,rtmdet_ins_tiny,rtmdet_ins_tiny,5,0.8703,0.8864,0.8864,0,0.9422544683178253,0.9422544683178253,1.0,14,0,-0.0933888109726124,8,-1,0.8359557004535899
425818,561958,000000561958.jpg,REAR,0,13,8234.8,200.6,1,body7_official,gt_box,gt_box,,,1.0,1.0,0,0.9668556745542021,0.9668556745542021,1.0,12,0,-0.37648978726265186,12,1,0.745118705665364
425818,561958,000000561958.jpg,REAR,0,13,8234.8,200.6,1,body7_official,rtmdet_ins_tiny,rtmdet_ins_tiny,43,0.8847,0.8395,0.8395,0,0.9669279582905927,0.9669279582905927,1.0,12,0,-0.3725748462499841,12,1,0.7349034197190228
425818,561958,000000561958.jpg,REAR,0,13,8234.8,200.6,1,body7_self,gt_box,gt_box,,,1.0,1.0,0,0.9668556745542021,0.9668556745542021,1.0,12,0,-0.37648978726265186,12,1,0.7451187477392309
425818,561958,000000561958.jpg,REAR,0,13,8234.8,200.6,1,body7_self,rtmdet_ins_tiny,rtmdet_ins_tiny,43,0.8847,0.8395,0.8395,0,0.9669279582905927,0.9669279582905927,1.0,12,0,-0.3725748462499841,12,1,0.7349034547805786
425818,561958,000000561958.jpg,REAR,0,13,8234.8,200.6,1,aic_coco_self,gt_box,gt_box,,,1.0,1.0,0,0.9608626307503635,0.9608626307503635,1.0,12,0,-0.3681323873198935,12,1,0.7947533586445976
425818,561958,000000561958.jpg,REAR,0,13,8234.8,200.6,1,aic_coco_self,rtmdet_ins_tiny,rtmdet_ins_tiny,43,0.8847,0.8395,0.8395,0,0.9651048458196323,0.9651048458196323,1.0,12,0,-0.3707720249534081,12,1,0.8108288750928991
426612,136334,000000136334.jpg,REAR,0,12,4728.9,110.6,1,body7_official,gt_box,gt_box,,,1.0,1.0,0,0.9159429785463863,0.9159429785463863,1.0,12,0,-0.2116749616516157,8,1,0.648514037623125
426612,136334,000000136334.jpg,REAR,0,12,4728.9,110.6,1,body7_official,rtmdet_ins_tiny,rtmdet_ins_tiny,5,0.7480,0.9723,0.9723,0,0.9186261401481509,0.9186261401481509,1.0,12,0,-0.21414389957678456,8,1,0.6492987765985376
426612,136334,000000136334.jpg,REAR,0,12,4728.9,110.6,1,body7_self,gt_box,gt_box,,,1.0,1.0,0,0.9159429785463863,0.9159429785463863,1.0,12,0,-0.2116749616516157,8,1,0.6485140691785252
426612,136334,000000136334.jpg,REAR,0,12,4728.9,110.6,1,body7_self,rtmdet_ins_tiny,rtmdet_ins_tiny,5,0.7480,0.9723,0.9723,0,0.9186261401481509,0.9186261401481509,1.0,12,0,-0.21414389957678456,8,1,0.6492987923762378
426612,136334,000000136334.jpg,REAR,0,12,4728.9,110.6,1,aic_coco_self,gt_box,gt_box,,,1.0,1.0,0,0.9398103699329087,0.9398103699329087,1.0,12,0,-0.2090008662420792,8,1,0.6670331253724939
426612,136334,000000136334.jpg,REAR,0,12,4728.9,110.6,1,aic_coco_self,rtmdet_ins_tiny,rtmdet_ins_tiny,5,0.7480,0.9723,0.9723,0,0.9354242789625763,0.9354242789625763,1.0,12,0,-0.20699798927543125,8,1,0.6653155088424683
427342,365642,000000365642.jpg,FRONT,3,17,63896.1,483.0,-1,body7_official,gt_box,gt_box,,,1.0,1.0,0,0.9678601296229279,0.9678601296229279,1.0,17,0,-0.3386334927581802,12,-1,0.8085182309150696
427342,365642,000000365642.jpg,FRONT,3,17,63896.1,483.0,-1,body7_official,rtmdet_ins_tiny,rtmdet_ins_tiny,19,0.8720,0.9655,0.9655,0,0.9667753743005757,0.9667753743005757,1.0,17,0,-0.3371657435314399,12,-1,0.8111053705215454
427342,365642,000000365642.jpg,FRONT,3,17,63896.1,483.0,-1,body7_self,gt_box,gt_box,,,1.0,1.0,0,0.9678601296229279,0.9678601296229279,1.0,17,0,-0.3386334927581802,12,-1,0.8085182729889365
427342,365642,000000365642.jpg,FRONT,3,17,63896.1,483.0,-1,body7_self,rtmdet_ins_tiny,rtmdet_ins_tiny,19,0.8720,0.9655,0.9655,0,0.9667753743005757,0.9667753743005757,1.0,17,0,-0.3371657435314399,12,-1,0.8111055177800796
427342,365642,000000365642.jpg,FRONT,3,17,63896.1,483.0,-1,aic_coco_self,gt_box,gt_box,,,1.0,1.0,0,0.9656977291570236,0.9656977291570236,1.0,17,0,-0.3342795672468011,12,-1,0.80382041720783
427342,365642,000000365642.jpg,FRONT,3,17,63896.1,483.0,-1,aic_coco_self,rtmdet_ins_tiny,rtmdet_ins_tiny,19,0.8720,0.9655,0.9655,0,0.9657789619648948,0.9657789619648948,1.0,17,0,-0.3332362832870786,12,-1,0.803375689422383
428121,52591,000000052591.jpg,FRONT,3,17,51108.1,536.5,-1,body7_official,gt_box,gt_box,,,1.0,1.0,0,0.9412567798588732,0.9412567798588732,1.0,17,0,-0.3963545881312295,12,-1,0.889727862442241
428121,52591,000000052591.jpg,FRONT,3,17,51108.1,536.5,-1,body7_official,rtmdet_ins_tiny,rtmdet_ins_tiny,10,0.9321,0.9537,0.9537,0,0.9414610541826373,0.9414610541826373,1.0,17,0,-0.39716772203088163,12,-1,0.8970396097968606
428121,52591,000000052591.jpg,FRONT,3,17,51108.1,536.5,-1,body7_self,gt_box,gt_box,,,1.0,1.0,0,0.9412567798588732,0.9412567798588732,1.0,17,0,-0.3963545881312295,12,-1,0.8897279150345746
428121,52591,000000052591.jpg,FRONT,3,17,51108.1,536.5,-1,body7_self,rtmdet_ins_tiny,rtmdet_ins_tiny,10,0.9321,0.9537,0.9537,0,0.9414610541826373,0.9414610541826373,1.0,17,0,-0.39716772203088163,12,-1,0.8970395782414604
428121,52591,000000052591.jpg,FRONT,3,17,51108.1,536.5,-1,aic_coco_self,gt_box,gt_box,,,1.0,1.0,0,0.9420947489656344,0.9420947489656344,1.0,17,0,-0.4011449256485018,12,-1,0.9047133992700016
428121,52591,000000052591.jpg,FRONT,3,17,51108.1,536.5,-1,aic_coco_self,rtmdet_ins_tiny,rtmdet_ins_tiny,10,0.9321,0.9537,0.9537,0,0.9425822068736652,0.9425822068736652,1.0,17,0,-0.40150625240805643,12,-1,0.907443064100602
428508,65736,000000065736.jpg,FRONT,3,16,32718.7,403.0,-1,body7_official,gt_box,gt_box,,,1.0,1.0,0,0.9724382521351596,0.9724382521351596,1.0,16,0,-0.3824638138362025,12,-1,0.9783335328102112
428508,65736,000000065736.jpg,FRONT,3,16,32718.7,403.0,-1,body7_official,rtmdet_ins_tiny,rtmdet_ins_tiny,2,0.8958,0.9690,0.9690,0,0.9751110804675702,0.9751110804675702,1.0,16,0,-0.38275530525708074,12,-1,0.9767063189955318
428508,65736,000000065736.jpg,FRONT,3,16,32718.7,403.0,-1,body7_self,gt_box,gt_box,,,1.0,1.0,0,0.9724382521351596,0.9724382521351596,1.0,16,0,-0.3824638138362025,12,-1,0.9783335713779225
428508,65736,000000065736.jpg,FRONT,3,16,32718.7,403.0,-1,body7_self,rtmdet_ins_tiny,rtmdet_ins_tiny,2,0.8958,0.9690,0.9690,0,0.9751110804675702,0.9751110804675702,1.0,16,0,-0.38275530525708074,12,-1,0.9767061086261973
428508,65736,000000065736.jpg,FRONT,3,16,32718.7,403.0,-1,aic_coco_self,gt_box,gt_box,,,1.0,1.0,0,0.9675604979050156,0.9675604979050156,1.0,16,0,-0.3818127713803856,12,-1,0.9554218895295087
428508,65736,000000065736.jpg,FRONT,3,16,32718.7,403.0,-1,aic_coco_self,rtmdet_ins_tiny,rtmdet_ins_tiny,2,0.8958,0.9690,0.9690,0,0.9655498279523707,0.9655498279523707,1.0,16,0,-0.38137995764090166,12,-1,0.955622161135954
428776,545100,000000545100.jpg,PROFILE,1,8,35660.9,304.8,1,body7_official,gt_box,gt_box,,,1.0,1.0,0,0.9561615674938002,0.9561615674938002,1.0,8,0,-0.3861294489271204,4,1,0.583298047675806
428776,545100,000000545100.jpg,PROFILE,1,8,35660.9,304.8,1,body7_official,rtmdet_ins_tiny,rtmdet_ins_tiny,18,0.8467,0.9422,0.9422,0,0.9612967368066647,0.9612967368066647,1.0,8,0,-0.39134556418795197,4,1,0.5877215047092998
428776,545100,000000545100.jpg,PROFILE,1,8,35660.9,304.8,1,body7_self,gt_box,gt_box,,,1.0,1.0,0,0.9561615674938002,0.9561615674938002,1.0,8,0,-0.3861294489271204,4,1,0.5832980441696504
428776,545100,000000545100.jpg,PROFILE,1,8,35660.9,304.8,1,body7_self,rtmdet_ins_tiny,rtmdet_ins_tiny,18,0.8467,0.9422,0.9422,0,0.9612967368066647,0.9612967368066647,1.0,8,0,-0.39134556418795197,4,1,0.5877214854254442
428776,545100,000000545100.jpg,PROFILE,1,8,35660.9,304.8,1,aic_coco_self,gt_box,gt_box,,,1.0,1.0,0,0.9621236862109362,0.9621236862109362,1.0,8,0,-0.3917207570403369,4,1,0.5848657085615045
428776,545100,000000545100.jpg,PROFILE,1,8,35660.9,304.8,1,aic_coco_self,rtmdet_ins_tiny,rtmdet_ins_tiny,18,0.8467,0.9422,0.9422,0,0.9588611615768194,0.9588611615768194,1.0,8,0,-0.39016609076055075,4,1,0.5973069036708158
429411,362520,000000362520.jpg,REAR,0,11,49766.1,314.2,1,body7_official,gt_box,gt_box,,,1.0,1.0,0,0.7724814997726555,0.7724814997726555,0.8,10,0,-0.22835227217388382,6,1,0.4869500012958751
429411,362520,000000362520.jpg,REAR,0,11,49766.1,314.2,1,body7_official,rtmdet_ins_tiny,rtmdet_ins_tiny,3,0.6979,0.9709,0.9709,0,0.7741245724745516,0.7741245724745516,0.9,10,0,-0.24150940605876534,6,1,0.49613988750121174
429411,362520,000000362520.jpg,REAR,0,11,49766.1,314.2,1,body7_self,gt_box,gt_box,,,1.0,1.0,0,0.7724814997726555,0.7724814997726555,0.8,10,0,-0.22835227217388382,6,1,0.48695013540632587
429411,362520,000000362520.jpg,REAR,0,11,49766.1,314.2,1,body7_self,rtmdet_ins_tiny,rtmdet_ins_tiny,3,0.6979,0.9709,0.9709,0,0.7741245724745516,0.7741245724745516,0.9,10,0,-0.24150940605876534,6,1,0.49613972797113304
429411,362520,000000362520.jpg,REAR,0,11,49766.1,314.2,1,aic_coco_self,gt_box,gt_box,,,1.0,1.0,0,0.7997807787824848,0.7997807787824848,0.8,10,0,-0.23320240749271334,6,1,0.5809433302458595
429411,362520,000000362520.jpg,REAR,0,11,49766.1,314.2,1,aic_coco_self,rtmdet_ins_tiny,rtmdet_ins_tiny,3,0.6979,0.9709,0.9709,0,0.790615034165168,0.790615034165168,0.9,10,0,-0.24570714810257513,6,1,0.599428159349105
429906,85772,000000085772.jpg,FRONT,3,14,43522.8,352.5,-1,body7_official,gt_box,gt_box,,,1.0,1.0,0,0.9796978618166526,0.9796978618166526,1.0,14,0,-0.6088839150926143,10,-1,0.877445680253646
429906,85772,000000085772.jpg,FRONT,3,14,43522.8,352.5,-1,body7_official,rtmdet_ins_tiny,rtmdet_ins_tiny,7,0.8901,0.9493,0.9493,0,0.9770572525349859,0.9770572525349859,1.0,14,0,-0.6051248295514491,10,-1,0.872860708657433
429906,85772,000000085772.jpg,FRONT,3,14,43522.8,352.5,-1,body7_self,gt_box,gt_box,,,1.0,1.0,0,0.9796978618166526,0.9796978618166526,1.0,14,0,-0.6088839150926143,10,-1,0.877445589093601
429906,85772,000000085772.jpg,FRONT,3,14,43522.8,352.5,-1,body7_self,rtmdet_ins_tiny,rtmdet_ins_tiny,7,0.8901,0.9493,0.9493,0,0.9770572525349859,0.9770572525349859,1.0,14,0,-0.6051248295514491,10,-1,0.8728608138421002
429906,85772,000000085772.jpg,FRONT,3,14,43522.8,352.5,-1,aic_coco_self,gt_box,gt_box,,,1.0,1.0,0,0.9835691759951021,0.9835691759951021,1.0,14,0,-0.6084368204329601,10,-1,0.8635723380481496
429906,85772,000000085772.jpg,FRONT,3,14,43522.8,352.5,-1,aic_coco_self,rtmdet_ins_tiny,rtmdet_ins_tiny,7,0.8901,0.9493,0.9493,0,0.9825006997078642,0.9825006997078642,1.0,14,0,-0.6063897196907627,10,-1,0.8660736644969267
430355,343496,000000343496.jpg,OBLIQUE,2,14,4022.4,120.1,1,body7_official,gt_box,gt_box,,,1.0,1.0,0,0.9749123268482969,0.9749123268482969,1.0,14,0,-0.26524315599749465,12,1,0.7276341950192171
430355,343496,000000343496.jpg,OBLIQUE,2,14,4022.4,120.1,1,body7_official,rtmdet_ins_tiny,rtmdet_ins_tiny,13,0.7034,0.8527,0.8527,0,0.977460840368933,0.977460840368933,1.0,14,0,-0.26030457141968455,12,1,0.7322327810175279
430355,343496,000000343496.jpg,OBLIQUE,2,14,4022.4,120.1,1,body7_self,gt_box,gt_box,,,1.0,1.0,0,0.9749123268482969,0.9749123268482969,1.0,14,0,-0.26524315599749465,12,1,0.7276341950192171
430355,343496,000000343496.jpg,OBLIQUE,2,14,4022.4,120.1,1,body7_self,rtmdet_ins_tiny,rtmdet_ins_tiny,13,0.7034,0.8527,0.8527,0,0.977460840368933,0.977460840368933,1.0,14,0,-0.26030457141968455,12,1,0.7322328546467949
430355,343496,000000343496.jpg,OBLIQUE,2,14,4022.4,120.1,1,aic_coco_self,gt_box,gt_box,,,1.0,1.0,0,0.9704059645037268,0.9704059645037268,1.0,14,0,-0.26035417642393255,12,1,0.746911553775563
430355,343496,000000343496.jpg,OBLIQUE,2,14,4022.4,120.1,1,aic_coco_self,rtmdet_ins_tiny,rtmdet_ins_tiny,13,0.7034,0.8527,0.8527,0,0.9741436098780988,0.9741436098780988,1.0,14,0,-0.26444723064767467,12,1,0.7441503896432764
430983,33368,000000033368.jpg,FRONT,3,16,28064.3,392.6,-1,body7_official,gt_box,gt_box,,,1.0,1.0,0,0.9458426183074385,0.9458426183074385,1.0,16,0,-0.37051423075448703,12,-1,0.8959519722882439
430983,33368,000000033368.jpg,FRONT,3,16,28064.3,392.6,-1,body7_official,rtmdet_ins_tiny,rtmdet_ins_tiny,2,0.8655,0.8951,0.8951,0,0.9752904264928031,0.9752904264928031,1.0,16,0,-0.37172486256870196,12,-1,0.8916160920087028
430983,33368,000000033368.jpg,FRONT,3,16,28064.3,392.6,-1,body7_self,gt_box,gt_box,,,1.0,1.0,0,0.9458426183074385,0.9458426183074385,1.0,16,0,-0.37051423075448703,12,-1,0.8959520353990442
430983,33368,000000033368.jpg,FRONT,3,16,28064.3,392.6,-1,body7_self,rtmdet_ins_tiny,rtmdet_ins_tiny,2,0.8655,0.8951,0.8951,0,0.9752904264928031,0.9752904264928031,1.0,16,0,-0.37172486256870196,12,-1,0.8916160674656138
430983,33368,000000033368.jpg,FRONT,3,16,28064.3,392.6,-1,aic_coco_self,gt_box,gt_box,,,1.0,1.0,0,0.9470989687169873,0.9470989687169873,1.0,16,0,-0.37053377450349134,12,-1,0.9082939694909489
430983,33368,000000033368.jpg,FRONT,3,16,28064.3,392.6,-1,aic_coco_self,rtmdet_ins_tiny,rtmdet_ins_tiny,2,0.8655,0.8951,0.8951,0,0.9685149704609416,0.9685149704609416,1.0,16,0,-0.3677924193268455,12,-1,0.908077152336345
431398,476514,000000476514.jpg,FRONT,3,16,61182.4,571.9,-1,body7_official,gt_box,gt_box,,,1.0,1.0,0,0.8850967129188396,0.8850967129188396,0.9375,16,0,-0.16325060308958253,12,-1,0.7764002575593836
431398,476514,000000476514.jpg,FRONT,3,16,61182.4,571.9,-1,body7_official,rtmdet_ins_tiny,rtmdet_ins_tiny,9,0.8532,0.1049,0.9390,1,0.08763482452473759,0.08763482452473759,0.0,16,0,-0.022162487595291935,12,-1,0.8544764203183791
431398,476514,000000476514.jpg,FRONT,3,16,61182.4,571.9,-1,body7_self,gt_box,gt_box,,,1.0,1.0,0,0.8850967129188396,0.8850967129188396,0.9375,16,0,-0.16325060308958253,12,-1,0.7764001593870276
431398,476514,000000476514.jpg,FRONT,3,16,61182.4,571.9,-1,body7_self,rtmdet_ins_tiny,rtmdet_ins_tiny,9,0.8532,0.1049,0.9390,1,0.08763482452473759,0.08763482452473759,0.0,16,0,-0.022162487595291935,12,-1,0.8544764431083903
431398,476514,000000476514.jpg,FRONT,3,16,61182.4,571.9,-1,aic_coco_self,gt_box,gt_box,,,1.0,1.0,0,0.8530384262129667,0.8530384262129667,0.9375,16,0,-0.169568380041893,12,-1,0.7993225420222563
431398,476514,000000476514.jpg,FRONT,3,16,61182.4,571.9,-1,aic_coco_self,rtmdet_ins_tiny,rtmdet_ins_tiny,9,0.8532,0.1049,0.9390,1,0.08360705050586545,0.08360705050586545,0.0,16,0,-0.023164417442211205,12,-1,0.8542921245098114
431640,88848,000000088848.jpg,FRONT,3,12,6226.1,144.8,-1,body7_official,gt_box,gt_box,,,1.0,1.0,0,0.9581164445797714,0.9581164445797714,1.0,11,0,-0.41502508935428306,8,-1,0.7171125341864193
431640,88848,000000088848.jpg,FRONT,3,12,6226.1,144.8,-1,body7_official,rtmdet_ins_tiny,rtmdet_ins_tiny,33,0.8173,0.0506,0.8956,1,0.009528773894645313,0.009528773894645313,0.0,11,0,-0.028865098936413203,8,-1,0.6892940700054169
431640,88848,000000088848.jpg,FRONT,3,12,6226.1,144.8,-1,body7_self,gt_box,gt_box,,,1.0,1.0,0,0.9581164445797714,0.9581164445797714,1.0,11,0,-0.41502508935428306,8,-1,0.7171125411987305
431640,88848,000000088848.jpg,FRONT,3,12,6226.1,144.8,-1,body7_self,rtmdet_ins_tiny,rtmdet_ins_tiny,33,0.8173,0.0506,0.8956,1,0.009528773894645313,0.009528773894645313,0.0,11,0,-0.028865098936413203,8,-1,0.6892940384500167
431640,88848,000000088848.jpg,FRONT,3,12,6226.1,144.8,-1,aic_coco_self,gt_box,gt_box,,,1.0,1.0,0,0.9695071193480487,0.9695071193480487,1.0,11,0,-0.42262490672934305,8,-1,0.7223949835580938
431640,88848,000000088848.jpg,FRONT,3,12,6226.1,144.8,-1,aic_coco_self,rtmdet_ins_tiny,rtmdet_ins_tiny,33,0.8173,0.0506,0.8956,1,0.010332381014398645,0.010332381014398645,0.0,11,0,-0.01970098653714114,8,-1,0.685037143090192
432019,213171,000000213171.jpg,FRONT,3,16,19874.0,298.7,-1,body7_official,gt_box,gt_box,,,1.0,1.0,0,0.9805520784120658,0.9805520784120658,1.0,16,0,-0.367787908853458,12,-1,0.9214146803407108
432019,213171,000000213171.jpg,FRONT,3,16,19874.0,298.7,-1,body7_official,rtmdet_ins_tiny,rtmdet_ins_tiny,14,0.9213,0.8918,0.8918,0,0.9822616047937087,0.9822616047937087,1.0,16,0,-0.36772514238933546,12,-1,0.9191215669407564
432019,213171,000000213171.jpg,FRONT,3,16,19874.0,298.7,-1,body7_self,gt_box,gt_box,,,1.0,1.0,0,0.9805520784120658,0.9805520784120658,1.0,16,0,-0.367787908853458,12,-1,0.9214146382668439
432019,213171,000000213171.jpg,FRONT,3,16,19874.0,298.7,-1,body7_self,rtmdet_ins_tiny,rtmdet_ins_tiny,14,0.9213,0.8918,0.8918,0,0.9822616047937087,0.9822616047937087,1.0,16,0,-0.36772514238933546,12,-1,0.9191215353853562
432019,213171,000000213171.jpg,FRONT,3,16,19874.0,298.7,-1,aic_coco_self,gt_box,gt_box,,,1.0,1.0,0,0.9694548906617285,0.9694548906617285,1.0,16,0,-0.3635232421652435,12,-1,0.9295803273425383
432019,213171,000000213171.jpg,FRONT,3,16,19874.0,298.7,-1,aic_coco_self,rtmdet_ins_tiny,rtmdet_ins_tiny,14,0.9213,0.8918,0.8918,0,0.980467477707009,0.980467477707009,1.0,16,0,-0.36547316905178445,12,-1,0.9279522685443654
433085,55150,000000055150.jpg,FRONT,3,16,6043.3,120.2,-1,body7_official,gt_box,gt_box,,,1.0,1.0,0,0.8610175579770918,0.8610175579770918,0.8,15,0,-0.40189424021534625,8,-1,0.6619996323305017
433085,55150,000000055150.jpg,FRONT,3,16,6043.3,120.2,-1,body7_official,rtmdet_ins_tiny,rtmdet_ins_tiny,9,0.6344,0.7929,0.7929,0,0.9378486416445163,0.9378486416445163,0.9333333333333333,15,0,-0.4127685305877044,8,-1,0.6767910333240733
433085,55150,000000055150.jpg,FRONT,3,16,6043.3,120.2,-1,body7_self,gt_box,gt_box,,,1.0,1.0,0,0.8610175579770918,0.8610175579770918,0.8,15,0,-0.40189424021534625,8,-1,0.6619996621328241
433085,55150,000000055150.jpg,FRONT,3,16,6043.3,120.2,-1,body7_self,rtmdet_ins_tiny,rtmdet_ins_tiny,9,0.6344,0.7929,0.7929,0,0.9378486416445163,0.9378486416445163,0.9333333333333333,15,0,-0.4127685305877044,8,-1,0.6767908992136226
433085,55150,000000055150.jpg,FRONT,3,16,6043.3,120.2,-1,aic_coco_self,gt_box,gt_box,,,1.0,1.0,0,0.8558502558579548,0.8558502558579548,0.8,15,0,-0.4129228040421214,8,-1,0.6851129076060127
433085,55150,000000055150.jpg,FRONT,3,16,6043.3,120.2,-1,aic_coco_self,rtmdet_ins_tiny,rtmdet_ins_tiny,9,0.6344,0.7929,0.7929,0,0.9413302879433917,0.9413302879433917,1.0,15,0,-0.42685031125865697,8,-1,0.7120011913425782
433733,424521,000000424521.jpg,REAR,0,13,8957.5,162.0,1,body7_official,gt_box,gt_box,,,1.0,1.0,0,0.8647048964233335,0.8647048964233335,0.9230769230769231,13,0,-0.674951053438164,12,1,0.6925111658432904
433733,424521,000000424521.jpg,REAR,0,13,8957.5,162.0,1,body7_official,rtmdet_ins_tiny,rtmdet_ins_tiny,2,0.7535,0.9611,0.9611,0,0.8645537489012896,0.8645537489012896,0.9230769230769231,13,0,-0.6745663433187866,12,1,0.7038441878907821
433733,424521,000000424521.jpg,REAR,0,13,8957.5,162.0,1,body7_self,gt_box,gt_box,,,1.0,1.0,0,0.8647048964233335,0.8647048964233335,0.9230769230769231,13,0,-0.674951053438164,12,1,0.692511193892535
433733,424521,000000424521.jpg,REAR,0,13,8957.5,162.0,1,body7_self,rtmdet_ins_tiny,rtmdet_ins_tiny,2,0.7535,0.9611,0.9611,0,0.8645537489012896,0.8645537489012896,0.9230769230769231,13,0,-0.6745663433187866,12,1,0.7038440949776593
433733,424521,000000424521.jpg,REAR,0,13,8957.5,162.0,1,aic_coco_self,gt_box,gt_box,,,1.0,1.0,0,0.85688624278362,0.85688624278362,0.9230769230769231,13,0,-0.6845817058221545,12,1,0.7501404180246241
433733,424521,000000424521.jpg,REAR,0,13,8957.5,162.0,1,aic_coco_self,rtmdet_ins_tiny,rtmdet_ins_tiny,2,0.7535,0.9611,0.9611,0,0.8531434451854429,0.8531434451854429,0.9230769230769231,13,0,-0.6823129374710203,12,1,0.7442034728386823
434308,36494,000000036494.jpg,REAR,0,8,2485.0,122.8,1,body7_official,gt_box,gt_box,,,1.0,1.0,0,0.888595942907644,0.888595942907644,1.0,7,0,-0.21932187281410087,4,1,0.6046933549291947
434308,36494,000000036494.jpg,REAR,0,8,2485.0,122.8,1,body7_official,rtmdet_ins_tiny,rtmdet_ins_tiny,59,0.5895,0.9261,0.9261,0,0.8856270505275711,0.8856270505275711,1.0,7,0,-0.216790473380367,4,1,0.6247173617867863
434308,36494,000000036494.jpg,REAR,0,8,2485.0,122.8,1,body7_self,gt_box,gt_box,,,1.0,1.0,0,0.888595942907644,0.888595942907644,1.0,7,0,-0.21932187281410087,4,1,0.60469329532455
434308,36494,000000036494.jpg,REAR,0,8,2485.0,122.8,1,body7_self,rtmdet_ins_tiny,rtmdet_ins_tiny,59,0.5895,0.9261,0.9261,0,0.8856270505275711,0.8856270505275711,1.0,7,0,-0.216790473380367,4,1,0.624717512551476
434308,36494,000000036494.jpg,REAR,0,8,2485.0,122.8,1,aic_coco_self,gt_box,gt_box,,,1.0,1.0,0,0.8910449345701223,0.8910449345701223,1.0,7,0,-0.2114685536655342,4,1,0.6112348226939931
434308,36494,000000036494.jpg,REAR,0,8,2485.0,122.8,1,aic_coco_self,rtmdet_ins_tiny,rtmdet_ins_tiny,59,0.5895,0.9261,0.9261,0,0.8812147757775369,0.8812147757775369,1.0,7,0,-0.2120638039603599,4,1,0.625443202607772
434786,314709,000000314709.jpg,OBLIQUE,2,15,8123.4,183.4,-1,body7_official,gt_box,gt_box,,,1.0,1.0,0,0.9790881759125732,0.9790881759125732,1.0,15,0,-0.26425663453744763,12,-1,0.8137770750943352
434786,314709,000000314709.jpg,OBLIQUE,2,15,8123.4,183.4,-1,body7_official,rtmdet_ins_tiny,rtmdet_ins_tiny,4,0.9032,0.9513,0.9513,0,0.9804638966970946,0.9804638966970946,1.0,15,0,-0.2627134353770764,12,-1,0.8072668769780327
434786,314709,000000314709.jpg,OBLIQUE,2,15,8123.4,183.4,-1,body7_self,gt_box,gt_box,,,1.0,1.0,0,0.9790881759125732,0.9790881759125732,1.0,15,0,-0.26425663453744763,12,-1,0.8137769909466014
434786,314709,000000314709.jpg,OBLIQUE,2,15,8123.4,183.4,-1,body7_self,rtmdet_ins_tiny,rtmdet_ins_tiny,4,0.9032,0.9513,0.9513,0,0.9804638966970946,0.9804638966970946,1.0,15,0,-0.2627134353770764,12,-1,0.8072668208795435
434786,314709,000000314709.jpg,OBLIQUE,2,15,8123.4,183.4,-1,aic_coco_self,gt_box,gt_box,,,1.0,1.0,0,0.9815754139727529,0.9815754139727529,1.0,15,0,-0.26459773603043857,12,-1,0.842742804218741
434786,314709,000000314709.jpg,OBLIQUE,2,15,8123.4,183.4,-1,aic_coco_self,rtmdet_ins_tiny,rtmdet_ins_tiny,4,0.9032,0.9513,0.9513,0,0.978330476126629,0.978330476126629,1.0,15,0,-0.259354850662701,12,-1,0.8365954406121198
435518,309964,000000309964.jpg,FRONT,3,17,29961.4,321.9,-1,body7_official,gt_box,gt_box,,,1.0,1.0,0,0.9794439605307005,0.9794439605307005,1.0,17,0,-0.38392207484731405,12,-1,0.8228179286508
435518,309964,000000309964.jpg,FRONT,3,17,29961.4,321.9,-1,body7_official,rtmdet_ins_tiny,rtmdet_ins_tiny,8,0.8378,0.9143,0.9143,0,0.9745977595925985,0.9745977595925985,1.0,17,0,-0.37976487890530736,12,-1,0.8350223022348741
435518,309964,000000309964.jpg,FRONT,3,17,29961.4,321.9,-1,body7_self,gt_box,gt_box,,,1.0,1.0,0,0.9794439605307005,0.9794439605307005,1.0,17,0,-0.38392207484731405,12,-1,0.8228179321569555
435518,309964,000000309964.jpg,FRONT,3,17,29961.4,321.9,-1,body7_self,rtmdet_ins_tiny,rtmdet_ins_tiny,8,0.8378,0.9143,0.9143,0,0.9745977595925985,0.9745977595925985,1.0,17,0,-0.37976487890530736,12,-1,0.8350223232718075
435518,309964,000000309964.jpg,FRONT,3,17,29961.4,321.9,-1,aic_coco_self,gt_box,gt_box,,,1.0,1.0,0,0.9719206221804906,0.9719206221804906,1.0,17,0,-0.3780043731892735,12,-1,0.8453285168198978
435518,309964,000000309964.jpg,FRONT,3,17,29961.4,321.9,-1,aic_coco_self,rtmdet_ins_tiny,rtmdet_ins_tiny,8,0.8378,0.9143,0.9143,0,0.9796720237624426,0.9796720237624426,1.0,17,0,-0.38413365131014326,12,-1,0.8523193983470693
436084,364102,000000364102.jpg,FRONT,3,17,11780.3,246.4,-1,body7_official,gt_box,gt_box,,,1.0,1.0,0,0.965311144868869,0.965311144868869,1.0,17,0,-0.25554575400524704,12,-1,0.8882094165858101
436084,364102,000000364102.jpg,FRONT,3,17,11780.3,246.4,-1,body7_official,rtmdet_ins_tiny,rtmdet_ins_tiny,2,0.8437,0.9765,0.9765,0,0.9669877336074282,0.9669877336074282,1.0,17,0,-0.2557753723959842,12,-1,0.8790721016771653
436084,364102,000000364102.jpg,FRONT,3,17,11780.3,246.4,-1,body7_self,gt_box,gt_box,,,1.0,1.0,0,0.965311144868869,0.965311144868869,1.0,17,0,-0.25554575400524704,12,-1,0.8882094235981212
436084,364102,000000364102.jpg,FRONT,3,17,11780.3,246.4,-1,body7_self,rtmdet_ins_tiny,rtmdet_ins_tiny,2,0.8437,0.9765,0.9765,0,0.9669877336074282,0.9669877336074282,1.0,17,0,-0.2557753723959842,12,-1,0.8790721402448767
436084,364102,000000364102.jpg,FRONT,3,17,11780.3,246.4,-1,aic_coco_self,gt_box,gt_box,,,1.0,1.0,0,0.9681596928255746,0.9681596928255746,1.0,17,0,-0.2579095171602048,12,-1,0.9068664803224451
436084,364102,000000364102.jpg,FRONT,3,17,11780.3,246.4,-1,aic_coco_self,rtmdet_ins_tiny,rtmdet_ins_tiny,2,0.8437,0.9765,0.9765,0,0.9711157764747088,0.9711157764747088,1.0,17,0,-0.25716329437133467,12,-1,0.9094991719021517
436723,135410,000000135410.jpg,OBLIQUE,2,14,4991.0,146.8,-1,body7_official,gt_box,gt_box,,,1.0,1.0,0,0.8674983187121311,0.8674983187121311,1.0,12,0,-0.19188232790027246,8,-1,0.701332383296069
436723,135410,000000135410.jpg,OBLIQUE,2,14,4991.0,146.8,-1,body7_official,rtmdet_ins_tiny,rtmdet_ins_tiny,20,0.7613,0.7746,0.7746,0,0.8626112599929727,0.8626112599929727,1.0,12,0,-0.19380872368172297,8,-1,0.7030090847436119
436723,135410,000000135410.jpg,OBLIQUE,2,14,4991.0,146.8,-1,body7_self,gt_box,gt_box,,,1.0,1.0,0,0.8674983187121311,0.8674983187121311,1.0,12,0,-0.19188232790027246,8,-1,0.7013323973206913
436723,135410,000000135410.jpg,OBLIQUE,2,14,4991.0,146.8,-1,body7_self,rtmdet_ins_tiny,rtmdet_ins_tiny,20,0.7613,0.7746,0.7746,0,0.8626112599929727,0.8626112599929727,1.0,12,0,-0.19380872368172297,8,-1,0.7030090128674227
436723,135410,000000135410.jpg,OBLIQUE,2,14,4991.0,146.8,-1,aic_coco_self,gt_box,gt_box,,,1.0,1.0,0,0.9347640084504563,0.9347640084504563,1.0,12,0,-0.18849384476311343,8,-1,0.7144549243590411
436723,135410,000000135410.jpg,OBLIQUE,2,14,4991.0,146.8,-1,aic_coco_self,rtmdet_ins_tiny,rtmdet_ins_tiny,20,0.7613,0.7746,0.7746,0,0.9443422726187283,0.9443422726187283,1.0,12,0,-0.18750377547144279,8,-1,0.7221342833603129
437148,37988,000000037988.jpg,OBLIQUE,2,16,11308.0,309.2,-1,body7_official,gt_box,gt_box,,,1.0,1.0,0,0.9642192983408134,0.9642192983408134,1.0,14,0,-0.2084909273532679,10,-1,0.8597873063648448
437148,37988,000000037988.jpg,OBLIQUE,2,16,11308.0,309.2,-1,body7_official,rtmdet_ins_tiny,rtmdet_ins_tiny,17,0.8602,0.9604,0.9604,0,0.9323684598022571,0.9323684598022571,1.0,14,0,-0.2106310827752409,10,-1,0.8620317648438847
437148,37988,000000037988.jpg,OBLIQUE,2,16,11308.0,309.2,-1,body7_self,gt_box,gt_box,,,1.0,1.0,0,0.9642192983408134,0.9642192983408134,1.0,14,0,-0.2084909273532679,10,-1,0.8597872958463781
437148,37988,000000037988.jpg,OBLIQUE,2,16,11308.0,309.2,-1,body7_self,rtmdet_ins_tiny,rtmdet_ins_tiny,17,0.8602,0.9604,0.9604,0,0.9323684598022571,0.9323684598022571,1.0,14,0,-0.2106310827752409,10,-1,0.8620318139300627
437148,37988,000000037988.jpg,OBLIQUE,2,16,11308.0,309.2,-1,aic_coco_self,gt_box,gt_box,,,1.0,1.0,0,0.9472990699690397,0.9472990699690397,1.0,14,0,-0.20885366185810703,10,-1,0.877745533690733
437148,37988,000000037988.jpg,OBLIQUE,2,16,11308.0,309.2,-1,aic_coco_self,rtmdet_ins_tiny,rtmdet_ins_tiny,17,0.8602,0.9604,0.9604,0,0.9408646298604034,0.9408646298604034,1.0,14,0,-0.2079869459652736,10,-1,0.8780843931085923
437585,364126,000000364126.jpg,OBLIQUE,2,15,10386.6,197.9,-1,body7_official,gt_box,gt_box,,,1.0,1.0,0,0.9814209680160705,0.9814209680160705,1.0,15,0,-0.6159606504158296,12,-1,0.8690774966688717
437585,364126,000000364126.jpg,OBLIQUE,2,15,10386.6,197.9,-1,body7_official,rtmdet_ins_tiny,rtmdet_ins_tiny,1,0.8988,0.9638,0.9638,0,0.981472110936376,0.981472110936376,1.0,15,0,-0.6161578556205514,12,-1,0.8690448438420015
437585,364126,000000364126.jpg,OBLIQUE,2,15,10386.6,197.9,-1,body7_self,gt_box,gt_box,,,1.0,1.0,0,0.9814209680160705,0.9814209680160705,1.0,15,0,-0.6159606504158296,12,-1,0.8690775387427386
437585,364126,000000364126.jpg,OBLIQUE,2,15,10386.6,197.9,-1,body7_self,rtmdet_ins_tiny,rtmdet_ins_tiny,1,0.8988,0.9638,0.9638,0,0.981472110936376,0.981472110936376,1.0,15,0,-0.6161578556205514,12,-1,0.8690448613727794
437585,364126,000000364126.jpg,OBLIQUE,2,15,10386.6,197.9,-1,aic_coco_self,gt_box,gt_box,,,1.0,1.0,0,0.985807466252634,0.985807466252634,1.0,15,0,-0.6226340362276245,12,-1,0.9016872118501102
437585,364126,000000364126.jpg,OBLIQUE,2,15,10386.6,197.9,-1,aic_coco_self,rtmdet_ins_tiny,rtmdet_ins_tiny,1,0.8988,0.9638,0.9638,0,0.9898735350610769,0.9898735350610769,1.0,15,0,-0.6243734238578885,12,-1,0.8991387346211601
437900,438876,000000438876.jpg,FRONT,3,14,32048.2,307.6,-1,body7_official,gt_box,gt_box,,,1.0,1.0,0,0.970407121523984,0.970407121523984,1.0,13,0,-0.2150423321266206,8,-1,0.7762522679917953
437900,438876,000000438876.jpg,FRONT,3,14,32048.2,307.6,-1,body7_official,rtmdet_ins_tiny,rtmdet_ins_tiny,7,0.8331,0.9357,0.9357,0,0.9716726923796455,0.9716726923796455,1.0,13,0,-0.21532720733323038,8,-1,0.772682374014574
437900,438876,000000438876.jpg,FRONT,3,14,32048.2,307.6,-1,body7_self,gt_box,gt_box,,,1.0,1.0,0,0.970407121523984,0.970407121523984,1.0,13,0,-0.2150423321266206,8,-1,0.776252253967173
437900,438876,000000438876.jpg,FRONT,3,14,32048.2,307.6,-1,body7_self,rtmdet_ins_tiny,rtmdet_ins_tiny,7,0.8331,0.9357,0.9357,0,0.9716726923796455,0.9716726923796455,1.0,13,0,-0.21532720733323038,8,-1,0.7726823871626574
437900,438876,000000438876.jpg,FRONT,3,14,32048.2,307.6,-1,aic_coco_self,gt_box,gt_box,,,1.0,1.0,0,0.9840971100393028,0.9840971100393028,1.0,13,0,-0.2280274194713152,8,-1,0.7725540189182057
437900,438876,000000438876.jpg,FRONT,3,14,32048.2,307.6,-1,aic_coco_self,rtmdet_ins_tiny,rtmdet_ins_tiny,7,0.8331,0.9357,0.9357,0,0.9863436047155969,0.9863436047155969,1.0,13,0,-0.22357618202859983,8,-1,0.7644626410568461
438099,222118,000000222118.jpg,FRONT,3,12,38739.3,291.7,-1,body7_official,gt_box,gt_box,,,1.0,1.0,0,0.9638389207909014,0.9638389207909014,1.0,12,0,-0.4384119464803541,8,-1,0.6407331263317781
438099,222118,000000222118.jpg,FRONT,3,12,38739.3,291.7,-1,body7_official,rtmdet_ins_tiny,rtmdet_ins_tiny,6,0.7913,0.9483,0.9483,0,0.9620126760838659,0.9620126760838659,1.0,12,0,-0.4418358437932757,8,-1,0.6571206345277674
438099,222118,000000222118.jpg,FRONT,3,12,38739.3,291.7,-1,body7_self,gt_box,gt_box,,,1.0,1.0,0,0.9638389207909014,0.9638389207909014,1.0,12,0,-0.4384119464803541,8,-1,0.6407331245787004
438099,222118,000000222118.jpg,FRONT,3,12,38739.3,291.7,-1,body7_self,rtmdet_ins_tiny,rtmdet_ins_tiny,6,0.7913,0.9483,0.9483,0,0.9620126760838659,0.9620126760838659,1.0,12,0,-0.4418358437932757,8,-1,0.6571205100592445
438099,222118,000000222118.jpg,FRONT,3,12,38739.3,291.7,-1,aic_coco_self,gt_box,gt_box,,,1.0,1.0,0,0.961139193176536,0.961139193176536,1.0,12,0,-0.44435903909102004,8,-1,0.6540856484104606
438099,222118,000000222118.jpg,FRONT,3,12,38739.3,291.7,-1,aic_coco_self,rtmdet_ins_tiny,rtmdet_ins_tiny,6,0.7913,0.9483,0.9483,0,0.9553129150417555,0.9553129150417555,1.0,12,0,-0.4403067072940464,8,-1,0.6625990481937633
438449,444142,000000444142.jpg,OBLIQUE,2,15,46444.9,553.7,-1,body7_official,gt_box,gt_box,,,1.0,1.0,0,0.9830308266097617,0.9830308266097617,1.0,15,0,-0.4405466766201364,12,-1,0.8941216679180369
438449,444142,000000444142.jpg,OBLIQUE,2,15,46444.9,553.7,-1,body7_official,rtmdet_ins_tiny,rtmdet_ins_tiny,6,0.8881,0.8839,0.8839,0,0.984971928133987,0.984971928133987,1.0,15,0,-0.4401287771920965,12,-1,0.8863207803053015
438449,444142,000000444142.jpg,OBLIQUE,2,15,46444.9,553.7,-1,body7_self,gt_box,gt_box,,,1.0,1.0,0,0.9830308266097617,0.9830308266097617,1.0,15,0,-0.4405466766201364,12,-1,0.8941216538934147
438449,444142,000000444142.jpg,OBLIQUE,2,15,46444.9,553.7,-1,body7_self,rtmdet_ins_tiny,rtmdet_ins_tiny,6,0.8881,0.8839,0.8839,0,0.984971928133987,0.984971928133987,1.0,15,0,-0.4401287771920965,12,-1,0.8863208749715019
438449,444142,000000444142.jpg,OBLIQUE,2,15,46444.9,553.7,-1,aic_coco_self,gt_box,gt_box,,,1.0,1.0,0,0.9560263367103039,0.9560263367103039,1.0,15,0,-0.43911503230674703,12,-1,0.906212238704457
438449,444142,000000444142.jpg,OBLIQUE,2,15,46444.9,553.7,-1,aic_coco_self,rtmdet_ins_tiny,rtmdet_ins_tiny,6,0.8881,0.8839,0.8839,0,0.9604553035274888,0.9604553035274888,1.0,15,0,-0.4380801907336213,12,-1,0.9064587915644926
438675,563349,000000563349.jpg,REAR,0,12,12116.3,166.3,-1,body7_official,gt_box,gt_box,,,1.0,1.0,0,0.9488266146758372,0.9488266146758372,1.0,12,0,-0.16246640135312784,12,-1,0.7412539440042832
438675,563349,000000563349.jpg,REAR,0,12,12116.3,166.3,-1,body7_official,rtmdet_ins_tiny,rtmdet_ins_tiny,7,0.7861,0.9228,0.9228,0,0.95037652262807,0.95037652262807,1.0,12,0,-0.16170546332068145,12,-1,0.7395947154830483
438675,563349,000000563349.jpg,REAR,0,12,12116.3,166.3,-1,body7_self,gt_box,gt_box,,,1.0,1.0,0,0.9488266146758372,0.9488266146758372,1.0,12,0,-0.16246640135312784,12,-1,0.7412539404981277
438675,563349,000000563349.jpg,REAR,0,12,12116.3,166.3,-1,body7_self,rtmdet_ins_tiny,rtmdet_ins_tiny,7,0.7861,0.9228,0.9228,0,0.95037652262807,0.95037652262807,1.0,12,0,-0.16170546332068145,12,-1,0.7395947154830483
438675,563349,000000563349.jpg,REAR,0,12,12116.3,166.3,-1,aic_coco_self,gt_box,gt_box,,,1.0,1.0,0,0.9294691934520706,0.9294691934520706,1.0,12,0,-0.157311265632471,12,-1,0.7958555361803841
438675,563349,000000563349.jpg,REAR,0,12,12116.3,166.3,-1,aic_coco_self,rtmdet_ins_tiny,rtmdet_ins_tiny,7,0.7861,0.9228,0.9228,0,0.9211526178767238,0.9211526178767238,1.0,12,0,-0.15719326333946823,12,-1,0.7962395198204938
439559,327601,000000327601.jpg,FRONT,3,17,35009.5,376.4,-1,body7_official,gt_box,gt_box,,,1.0,1.0,0,0.9772532894354512,0.9772532894354512,1.0,17,0,-0.49882493510389825,12,-1,0.9110826990183662
439559,327601,000000327601.jpg,FRONT,3,17,35009.5,376.4,-1,body7_official,rtmdet_ins_tiny,rtmdet_ins_tiny,6,0.8725,0.9790,0.9790,0,0.9772175848790641,0.9772175848790641,1.0,17,0,-0.4970036565500788,12,-1,0.9073160501087413
439559,327601,000000327601.jpg,FRONT,3,17,35009.5,376.4,-1,body7_self,gt_box,gt_box,,,1.0,1.0,0,0.9772532894354512,0.9772532894354512,1.0,17,0,-0.49882493510389825,12,-1,0.9110828147215002
439559,327601,000000327601.jpg,FRONT,3,17,35009.5,376.4,-1,body7_self,rtmdet_ins_tiny,rtmdet_ins_tiny,6,0.8725,0.9790,0.9790,0,0.9772175848790641,0.9772175848790641,1.0,17,0,-0.4970036565500788,12,-1,0.9073160395902746
439559,327601,000000327601.jpg,FRONT,3,17,35009.5,376.4,-1,aic_coco_self,gt_box,gt_box,,,1.0,1.0,0,0.9805433932658344,0.9805433932658344,1.0,17,0,-0.4937274856056048,12,-1,0.8921278084025663
439559,327601,000000327601.jpg,FRONT,3,17,35009.5,376.4,-1,aic_coco_self,rtmdet_ins_tiny,rtmdet_ins_tiny,6,0.8725,0.9790,0.9790,0,0.9808959054569404,0.9808959054569404,1.0,17,0,-0.4930880578977751,12,-1,0.8886179012410781
439675,186449,000000186449.jpg,FRONT,3,16,53591.3,425.1,-1,body7_official,gt_box,gt_box,,,1.0,1.0,0,0.9620480812207707,0.9620480812207707,1.0,16,0,-0.28669704520232253,12,-1,0.782032219802632
439675,186449,000000186449.jpg,FRONT,3,16,53591.3,425.1,-1,body7_official,rtmdet_ins_tiny,rtmdet_ins_tiny,26,0.8931,0.9696,0.9696,0,0.948874148947943,0.948874148947943,1.0,16,0,-0.2853847865561555,12,-1,0.7772882826188031
439675,186449,000000186449.jpg,FRONT,3,16,53591.3,425.1,-1,body7_self,gt_box,gt_box,,,1.0,1.0,0,0.9620480812207707,0.9620480812207707,1.0,16,0,-0.28669704520232253,12,-1,0.7820322408395655
439675,186449,000000186449.jpg,FRONT,3,16,53591.3,425.1,-1,body7_self,rtmdet_ins_tiny,rtmdet_ins_tiny,26,0.8931,0.9696,0.9696,0,0.948874148947943,0.948874148947943,1.0,16,0,-0.2853847865561555,12,-1,0.7772882405449363
439675,186449,000000186449.jpg,FRONT,3,16,53591.3,425.1,-1,aic_coco_self,gt_box,gt_box,,,1.0,1.0,0,0.9595774223979114,0.9595774223979114,1.0,16,0,-0.28425504957934195,12,-1,0.794931453817031
439675,186449,000000186449.jpg,FRONT,3,16,53591.3,425.1,-1,aic_coco_self,rtmdet_ins_tiny,rtmdet_ins_tiny,26,0.8931,0.9696,0.9696,0,0.958898615453375,0.958898615453375,1.0,16,0,-0.28625240690111264,12,-1,0.7946435213088989
440079,2473,000000002473.jpg,REAR,0,14,6481.1,150.7,1,body7_official,gt_box,gt_box,,,1.0,1.0,0,0.969146300937062,0.969146300937062,1.0,14,0,-0.48913591397754985,12,1,0.7010888948160059
440079,2473,000000002473.jpg,REAR,0,14,6481.1,150.7,1,body7_official,rtmdet_ins_tiny,rtmdet_ins_tiny,28,0.8338,0.9489,0.9489,0,0.971013231934587,0.971013231934587,1.0,14,0,-0.484768522973832,12,1,0.7022257622550515
440079,2473,000000002473.jpg,REAR,0,14,6481.1,150.7,1,body7_self,gt_box,gt_box,,,1.0,1.0,0,0.969146300937062,0.969146300937062,1.0,14,0,-0.48913591397754985,12,1,0.7010890525930068
440079,2473,000000002473.jpg,REAR,0,14,6481.1,150.7,1,body7_self,rtmdet_ins_tiny,rtmdet_ins_tiny,28,0.8338,0.9489,0.9489,0,0.971013231934587,0.971013231934587,1.0,14,0,-0.484768522973832,12,1,0.7022256465519175
440079,2473,000000002473.jpg,REAR,0,14,6481.1,150.7,1,aic_coco_self,gt_box,gt_box,,,1.0,1.0,0,0.9746936808089085,0.9746936808089085,1.0,14,0,-0.5001331135515747,12,1,0.7353669369921965
440079,2473,000000002473.jpg,REAR,0,14,6481.1,150.7,1,aic_coco_self,rtmdet_ins_tiny,rtmdet_ins_tiny,28,0.8338,0.9489,0.9489,0,0.9725710530881502,0.9725710530881502,1.0,14,0,-0.493363390399006,12,1,0.688339980209575
440486,210915,000000210915.jpg,OBLIQUE,2,15,13220.2,181.0,-1,body7_official,gt_box,gt_box,,,1.0,1.0,0,0.7083121118129659,0.7083121118129659,0.8,15,0,-0.8717746656757865,12,-1,0.6586358932887807
440486,210915,000000210915.jpg,OBLIQUE,2,15,13220.2,181.0,-1,body7_official,rtmdet_ins_tiny,rtmdet_ins_tiny,7,0.5302,0.8106,0.8106,0,0.6018233771527957,0.6018233771527957,0.8,15,0,-0.7036404834475661,12,-1,0.6238772422075272
440486,210915,000000210915.jpg,OBLIQUE,2,15,13220.2,181.0,-1,body7_self,gt_box,gt_box,,,1.0,1.0,0,0.7083121118129659,0.7083121118129659,0.8,15,0,-0.8717746656757865,12,-1,0.6586359108195585
440486,210915,000000210915.jpg,OBLIQUE,2,15,13220.2,181.0,-1,body7_self,rtmdet_ins_tiny,rtmdet_ins_tiny,7,0.5302,0.8106,0.8106,0,0.6018233771527957,0.6018233771527957,0.8,15,0,-0.7036404834475661,12,-1,0.6238774429349339
440486,210915,000000210915.jpg,OBLIQUE,2,15,13220.2,181.0,-1,aic_coco_self,gt_box,gt_box,,,1.0,1.0,0,0.608790886706654,0.608790886706654,0.8,15,0,-0.8615722493200986,12,-1,0.6766352022395414
440486,210915,000000210915.jpg,OBLIQUE,2,15,13220.2,181.0,-1,aic_coco_self,rtmdet_ins_tiny,rtmdet_ins_tiny,7,0.5302,0.8106,0.8106,0,0.628278089913394,0.628278089913394,0.8,15,0,-0.8361401967494531,12,-1,0.6771833528490627
440924,40757,000000040757.jpg,FRONT,3,10,59688.2,269.8,1,body7_official,gt_box,gt_box,,,1.0,1.0,0,0.851166554166024,0.851166554166024,0.8888888888888888,9,0,-0.15301885805922769,4,-1,0.5029714826275321
440924,40757,000000040757.jpg,FRONT,3,10,59688.2,269.8,1,body7_official,rtmdet_ins_tiny,rtmdet_ins_tiny,5,0.3690,0.6974,0.6974,0,0.8897764910364088,0.8897764910364088,1.0,9,0,-0.1734795406321466,4,-1,0.5279572895344566
440924,40757,000000040757.jpg,FRONT,3,10,59688.2,269.8,1,body7_self,gt_box,gt_box,,,1.0,1.0,0,0.851166554166024,0.851166554166024,0.8888888888888888,9,0,-0.15301885805922769,4,-1,0.5029715694048825
440924,40757,000000040757.jpg,FRONT,3,10,59688.2,269.8,1,body7_self,rtmdet_ins_tiny,rtmdet_ins_tiny,5,0.3690,0.6974,0.6974,0,0.8897764910364088,0.8897764910364088,1.0,9,0,-0.1734795406321466,4,-1,0.5279573289787068
440924,40757,000000040757.jpg,FRONT,3,10,59688.2,269.8,1,aic_coco_self,gt_box,gt_box,,,1.0,1.0,0,0.8367786392356573,0.8367786392356573,0.7777777777777778,9,0,-0.12980534657056783,4,-1,0.5664762153344995
440924,40757,000000040757.jpg,FRONT,3,10,59688.2,269.8,1,aic_coco_self,rtmdet_ins_tiny,rtmdet_ins_tiny,5,0.3690,0.6974,0.6974,0,0.8780300399361564,0.8780300399361564,0.8888888888888888,9,0,-0.11963041440571284,4,-1,0.5621268985902562
441126,48504,000000048504.jpg,OBLIQUE,2,14,5153.2,136.7,-1,body7_official,gt_box,gt_box,,,1.0,1.0,0,0.32156424708578146,0.32156424708578146,0.4,10,0,-0.02778773264620571,6,-1,0.27971239037373485
441126,48504,000000048504.jpg,OBLIQUE,2,14,5153.2,136.7,-1,body7_official,rtmdet_ins_tiny,rtmdet_ins_tiny,12,0.3496,0.9539,0.9539,0,0.506909280378436,0.506909280378436,0.6,10,0,-0.0034651648736613305,6,1,0.37542374519740834
441126,48504,000000048504.jpg,OBLIQUE,2,14,5153.2,136.7,-1,body7_self,gt_box,gt_box,,,1.0,1.0,0,0.32156424708578146,0.32156424708578146,0.4,10,0,-0.02778773264620571,6,-1,0.2797125078299466
441126,48504,000000048504.jpg,OBLIQUE,2,14,5153.2,136.7,-1,body7_self,rtmdet_ins_tiny,rtmdet_ins_tiny,12,0.3496,0.9539,0.9539,0,0.506909280378436,0.506909280378436,0.6,10,0,-0.0034651648736613305,6,1,0.37542332095258374
441126,48504,000000048504.jpg,OBLIQUE,2,14,5153.2,136.7,-1,aic_coco_self,gt_box,gt_box,,,1.0,1.0,0,0.5711463587956299,0.5711463587956299,0.7,10,0,-0.13286584560776263,6,1,0.49634231889949126
441126,48504,000000048504.jpg,OBLIQUE,2,14,5153.2,136.7,-1,aic_coco_self,rtmdet_ins_tiny,rtmdet_ins_tiny,12,0.3496,0.9539,0.9539,0,0.6081496102131955,0.6081496102131955,0.7,10,0,-0.03781981718730182,6,1,0.39428510473055
441409,514797,000000514797.jpg,PROFILE,1,8,20333.9,315.4,1,body7_official,gt_box,gt_box,,,1.0,1.0,0,0.7945126386918816,0.7945126386918816,0.75,8,0,-0.08393323842334291,4,1,0.45658282672657685
441409,514797,000000514797.jpg,PROFILE,1,8,20333.9,315.4,1,body7_official,rtmdet_ins_tiny,rtmdet_ins_tiny,6,0.6751,0.0000,0.8311,1,1.0766584703021531e-07,1.0766584703021531e-07,0.0,8,0,-0.017136185722835373,4,1,0.6726793962366441
441409,514797,000000514797.jpg,PROFILE,1,8,20333.9,315.4,1,body7_self,gt_box,gt_box,,,1.0,1.0,0,0.7945126386918816,0.7945126386918816,0.75,8,0,-0.08393323842334291,4,1,0.4565827013815151
441409,514797,000000514797.jpg,PROFILE,1,8,20333.9,315.4,1,body7_self,rtmdet_ins_tiny,rtmdet_ins_tiny,6,0.6751,0.0000,0.8311,1,1.0766584703021531e-07,1.0766584703021531e-07,0.0,8,0,-0.017136185722835373,4,1,0.6726794488289777
441409,514797,000000514797.jpg,PROFILE,1,8,20333.9,315.4,1,aic_coco_self,gt_box,gt_box,,,1.0,1.0,0,0.7330977295348482,0.7330977295348482,0.75,8,0,-0.047101691064382056,4,-1,0.49368565661065716
441409,514797,000000514797.jpg,PROFILE,1,8,20333.9,315.4,1,aic_coco_self,rtmdet_ins_tiny,rtmdet_ins_tiny,6,0.6751,0.0000,0.8311,1,1.8804317786931951e-07,1.8804317786931951e-07,0.0,8,0,-0.018774446438591275,4,1,0.6810738277785918
441861,443844,000000443844.jpg,OBLIQUE,2,15,10516.0,242.9,-1,body7_official,gt_box,gt_box,,,1.0,1.0,0,0.9687893484739118,0.9687893484739118,1.0,15,0,-0.4963894463227794,12,-1,0.8399504878941704
441861,443844,000000443844.jpg,OBLIQUE,2,15,10516.0,242.9,-1,body7_official,rtmdet_ins_tiny,rtmdet_ins_tiny,6,0.8599,0.9317,0.9317,0,0.9699973904658975,0.9699973904658975,1.0,15,0,-0.49662359493336816,12,-1,0.8322110421517316
441861,443844,000000443844.jpg,OBLIQUE,2,15,10516.0,242.9,-1,body7_self,gt_box,gt_box,,,1.0,1.0,0,0.9687893484739118,0.9687893484739118,1.0,15,0,-0.4963894463227794,12,-1,0.8399504949064815
441861,443844,000000443844.jpg,OBLIQUE,2,15,10516.0,242.9,-1,body7_self,rtmdet_ins_tiny,rtmdet_ins_tiny,6,0.8599,0.9317,0.9317,0,0.9699973904658975,0.9699973904658975,1.0,15,0,-0.49662359493336816,12,-1,0.832211014102487
441861,443844,000000443844.jpg,OBLIQUE,2,15,10516.0,242.9,-1,aic_coco_self,gt_box,gt_box,,,1.0,1.0,0,0.9864167354394229,0.9864167354394229,1.0,15,0,-0.49992146351863154,12,-1,0.8649835867040297
441861,443844,000000443844.jpg,OBLIQUE,2,15,10516.0,242.9,-1,aic_coco_self,rtmdet_ins_tiny,rtmdet_ins_tiny,6,0.8599,0.9317,0.9317,0,0.9797517743753985,0.9797517743753985,1.0,15,0,-0.5005524642729092,12,-1,0.8562221562161165
442601,173008,000000173008.jpg,FRONT,3,12,68865.0,407.7,-1,body7_official,gt_box,gt_box,,,1.0,1.0,0,0.9604774772569552,0.9604774772569552,1.0,12,0,-0.5548055682987357,8,-1,0.6964480105568381
442601,173008,000000173008.jpg,FRONT,3,12,68865.0,407.7,-1,body7_official,rtmdet_ins_tiny,rtmdet_ins_tiny,1,0.8977,0.9214,0.9214,0,0.9609638121058426,0.9609638121058426,1.0,12,0,-0.5590775497343707,8,-1,0.6919006442322451
442601,173008,000000173008.jpg,FRONT,3,12,68865.0,407.7,-1,body7_self,gt_box,gt_box,,,1.0,1.0,0,0.9604774772569552,0.9604774772569552,1.0,12,0,-0.5548055682987357,8,-1,0.6964479316683376
442601,173008,000000173008.jpg,FRONT,3,12,68865.0,407.7,-1,body7_self,rtmdet_ins_tiny,rtmdet_ins_tiny,1,0.8977,0.9214,0.9214,0,0.9609638121058426,0.9609638121058426,1.0,12,0,-0.5590775497343707,8,-1,0.6919006442322451
442601,173008,000000173008.jpg,FRONT,3,12,68865.0,407.7,-1,aic_coco_self,gt_box,gt_box,,,1.0,1.0,0,0.9667353421160968,0.9667353421160968,1.0,12,0,-0.5507606646256193,8,-1,0.6855714899652144
442601,173008,000000173008.jpg,FRONT,3,12,68865.0,407.7,-1,aic_coco_self,rtmdet_ins_tiny,rtmdet_ins_tiny,1,0.8977,0.9214,0.9214,0,0.9690254098014379,0.9690254098014379,1.0,12,0,-0.5523100160644835,8,-1,0.6965142970576006
442719,346232,000000346232.jpg,REAR,0,12,12941.8,256.1,1,body7_official,gt_box,gt_box,,,1.0,1.0,0,0.9733564113582024,0.9733564113582024,1.0,12,0,-0.3577069422922474,10,1,0.7444980635362513
442719,346232,000000346232.jpg,REAR,0,12,12941.8,256.1,1,body7_official,rtmdet_ins_tiny,rtmdet_ins_tiny,49,0.8736,0.9664,0.9664,0,0.9647010951097496,0.9647010951097496,1.0,12,0,-0.3564162532122336,10,1,0.7497303626116585
442719,346232,000000346232.jpg,REAR,0,12,12941.8,256.1,1,body7_self,gt_box,gt_box,,,1.0,1.0,0,0.9733564113582024,0.9733564113582024,1.0,12,0,-0.3577069422922474,10,1,0.7444979303023395
442719,346232,000000346232.jpg,REAR,0,12,12941.8,256.1,1,body7_self,rtmdet_ins_tiny,rtmdet_ins_tiny,49,0.8736,0.9664,0.9664,0,0.9647010951097496,0.9647010951097496,1.0,12,0,-0.3564162532122336,10,1,0.7497304537717033
442719,346232,000000346232.jpg,REAR,0,12,12941.8,256.1,1,aic_coco_self,gt_box,gt_box,,,1.0,1.0,0,0.9811476029305792,0.9811476029305792,1.0,12,0,-0.3548441183410902,10,1,0.7838786419700173
442719,346232,000000346232.jpg,REAR,0,12,12941.8,256.1,1,aic_coco_self,rtmdet_ins_tiny,rtmdet_ins_tiny,49,0.8736,0.9664,0.9664,0,0.9808990394602732,0.9808990394602732,1.0,12,0,-0.3557853245493198,10,1,0.7822743338697097
443283,132796,000000132796.jpg,OBLIQUE,2,15,10175.0,184.8,-1,body7_official,gt_box,gt_box,,,1.0,1.0,0,0.9498175645326057,0.9498175645326057,1.0,14,0,-0.5903386713807086,10,-1,0.7525898253216463
443283,132796,000000132796.jpg,OBLIQUE,2,15,10175.0,184.8,-1,body7_official,rtmdet_ins_tiny,rtmdet_ins_tiny,15,0.6753,0.9254,0.9254,0,0.9478216164123354,0.9478216164123354,1.0,14,0,-0.6032504563589991,10,-1,0.7284309057628408
443283,132796,000000132796.jpg,OBLIQUE,2,15,10175.0,184.8,-1,body7_self,gt_box,gt_box,,,1.0,1.0,0,0.9498175645326057,0.9498175645326057,1.0,14,0,-0.5903386713807086,10,-1,0.7525898463585797
443283,132796,000000132796.jpg,OBLIQUE,2,15,10175.0,184.8,-1,body7_self,rtmdet_ins_tiny,rtmdet_ins_tiny,15,0.6753,0.9254,0.9254,0,0.9478216164123354,0.9478216164123354,1.0,14,0,-0.6032504563589991,10,-1,0.728430944330552
443283,132796,000000132796.jpg,OBLIQUE,2,15,10175.0,184.8,-1,aic_coco_self,gt_box,gt_box,,,1.0,1.0,0,0.9470358221639683,0.9470358221639683,1.0,14,0,-0.6119408432244879,10,-1,0.7415086854906643
443283,132796,000000132796.jpg,OBLIQUE,2,15,10175.0,184.8,-1,aic_coco_self,rtmdet_ins_tiny,rtmdet_ins_tiny,15,0.6753,0.9254,0.9254,0,0.9636815587863808,0.9636815587863808,1.0,14,0,-0.6146383911290367,10,-1,0.7382256371133468
444102,401446,000000401446.jpg,FRONT,3,17,41409.9,459.5,-1,body7_official,gt_box,gt_box,,,1.0,1.0,0,0.9663290846461023,0.9663290846461023,1.0,17,0,-0.29069996920278274,12,-1,0.91137936185388
444102,401446,000000401446.jpg,FRONT,3,17,41409.9,459.5,-1,body7_official,rtmdet_ins_tiny,rtmdet_ins_tiny,8,0.8802,0.8290,0.8290,0,0.9486285215938802,0.9486285215938802,1.0,17,0,-0.28842174529197717,12,-1,0.8809688792509192
444102,401446,000000401446.jpg,FRONT,3,17,41409.9,459.5,-1,body7_self,gt_box,gt_box,,,1.0,1.0,0,0.9663290846461023,0.9663290846461023,1.0,17,0,-0.29069996920278274,12,-1,0.9113793934092802
444102,401446,000000401446.jpg,FRONT,3,17,41409.9,459.5,-1,body7_self,rtmdet_ins_tiny,rtmdet_ins_tiny,8,0.8802,0.8290,0.8290,0,0.9486285215938802,0.9486285215938802,1.0,17,0,-0.28842174529197717,12,-1,0.880968756535474
444102,401446,000000401446.jpg,FRONT,3,17,41409.9,459.5,-1,aic_coco_self,gt_box,gt_box,,,1.0,1.0,0,0.9697022091283979,0.9697022091283979,1.0,17,0,-0.29810181330413654,12,-1,0.9262970195097082
444102,401446,000000401446.jpg,FRONT,3,17,41409.9,459.5,-1,aic_coco_self,rtmdet_ins_tiny,rtmdet_ins_tiny,8,0.8802,0.8290,0.8290,0,0.9672072576329251,0.9672072576329251,1.0,17,0,-0.29876379476253195,12,-1,0.9070216031635508
444677,488166,000000488166.jpg,FRONT,3,12,35233.7,325.0,-1,body7_official,gt_box,gt_box,,,1.0,1.0,0,0.8289760994223356,0.5897732610301014,0.7777777777777778,9,1,0.01349290212335122,4,1,0.5451150904683506
444677,488166,000000488166.jpg,FRONT,3,12,35233.7,325.0,-1,body7_official,rtmdet_ins_tiny,rtmdet_ins_tiny,4,0.7361,0.8062,0.8062,0,0.8166385430675209,0.6420191673223722,0.8888888888888888,9,1,0.01835689198560686,4,1,0.5905143741299125
444677,488166,000000488166.jpg,FRONT,3,12,35233.7,325.0,-1,body7_self,gt_box,gt_box,,,1.0,1.0,0,0.8289760994223356,0.5897732610301014,0.7777777777777778,9,1,0.01349290212335122,4,1,0.5451151185175952
444677,488166,000000488166.jpg,FRONT,3,12,35233.7,325.0,-1,body7_self,rtmdet_ins_tiny,rtmdet_ins_tiny,4,0.7361,0.8062,0.8062,0,0.8166385430675209,0.6420191673223722,0.8888888888888888,9,1,0.01835689198560686,4,1,0.5905143986730015
444677,488166,000000488166.jpg,FRONT,3,12,35233.7,325.0,-1,aic_coco_self,gt_box,gt_box,,,1.0,1.0,0,0.8787230452524545,0.8787230452524545,0.8888888888888888,9,0,-0.0665607825626634,4,0,0.5532570393646464
444677,488166,000000488166.jpg,FRONT,3,12,35233.7,325.0,-1,aic_coco_self,rtmdet_ins_tiny,rtmdet_ins_tiny,4,0.7361,0.8062,0.8062,0,0.8671629177971154,0.8671629177971154,0.8888888888888888,9,0,-0.053287924227182176,4,1,0.5771566015832564
445068,172877,000000172877.jpg,FRONT,3,15,95912.5,406.6,-1,body7_official,gt_box,gt_box,,,1.0,1.0,0,0.978079110437561,0.978079110437561,1.0,15,0,-0.6026952876441936,10,-1,0.9002708932932686
445068,172877,000000172877.jpg,FRONT,3,15,95912.5,406.6,-1,body7_official,rtmdet_ins_tiny,rtmdet_ins_tiny,4,0.8496,0.9565,0.9565,0,0.9769095376918986,0.9769095376918986,1.0,15,0,-0.6029372797233039,10,-1,0.9040092422681696
445068,172877,000000172877.jpg,FRONT,3,15,95912.5,406.6,-1,body7_self,gt_box,gt_box,,,1.0,1.0,0,0.978079110437561,0.978079110437561,1.0,15,0,-0.6026952876441936,10,-1,0.9002707635655123
445068,172877,000000172877.jpg,FRONT,3,15,95912.5,406.6,-1,body7_self,rtmdet_ins_tiny,rtmdet_ins_tiny,4,0.8496,0.9565,0.9565,0,0.9769095376918986,0.9769095376918986,1.0,15,0,-0.6029372797233039,10,-1,0.9040091581204358
445068,172877,000000172877.jpg,FRONT,3,15,95912.5,406.6,-1,aic_coco_self,gt_box,gt_box,,,1.0,1.0,0,0.9781523971485064,0.9781523971485064,1.0,15,0,-0.6007449247651256,10,-1,0.8368563529323129
445068,172877,000000172877.jpg,FRONT,3,15,95912.5,406.6,-1,aic_coco_self,rtmdet_ins_tiny,rtmdet_ins_tiny,4,0.8496,0.9565,0.9565,0,0.9748623597519687,0.9748623597519687,1.0,15,0,-0.5989079844083063,10,-1,0.8438728854936712
445315,199442,000000199442.jpg,OBLIQUE,2,15,13623.3,163.1,1,body7_official,gt_box,gt_box,,,1.0,1.0,0,0.8290469564107898,0.8290469564107898,0.8666666666666667,15,0,-0.5794330117862042,12,1,0.7700354833813274
445315,199442,000000199442.jpg,OBLIQUE,2,15,13623.3,163.1,1,body7_official,rtmdet_ins_tiny,rtmdet_ins_tiny,2,0.7424,0.9195,0.9195,0,0.8432034386722375,0.8432034386722375,0.8666666666666667,15,0,-0.5754790929872364,12,1,0.7638211346724454
445315,199442,000000199442.jpg,OBLIQUE,2,15,13623.3,163.1,1,body7_self,gt_box,gt_box,,,1.0,1.0,0,0.8290469564107898,0.8290469564107898,0.8666666666666667,15,0,-0.5794330117862042,12,1,0.7700354930232552
445315,199442,000000199442.jpg,OBLIQUE,2,15,13623.3,163.1,1,body7_self,rtmdet_ins_tiny,rtmdet_ins_tiny,2,0.7424,0.9195,0.9195,0,0.8432034386722375,0.8432034386722375,0.8666666666666667,15,0,-0.5754790929872364,12,1,0.7638210487716338
445315,199442,000000199442.jpg,OBLIQUE,2,15,13623.3,163.1,1,aic_coco_self,gt_box,gt_box,,,1.0,1.0,0,0.8709124841095014,0.8709124841095014,0.8666666666666667,15,0,-0.6844518747072943,12,1,0.7780162770958508
445315,199442,000000199442.jpg,OBLIQUE,2,15,13623.3,163.1,1,aic_coco_self,rtmdet_ins_tiny,rtmdet_ins_tiny,2,0.7424,0.9195,0.9195,0,0.9083961484845068,0.9083961484845068,1.0,15,0,-0.6753260007842916,12,1,0.7836738298921024
446017,156292,000000156292.jpg,REAR,0,12,3443.2,131.4,1,body7_official,gt_box,gt_box,,,1.0,1.0,0,0.9819089701578568,0.9819089701578568,1.0,12,0,-0.34427186720810377,10,1,0.7486922618220834
446017,156292,000000156292.jpg,REAR,0,12,3443.2,131.4,1,body7_official,rtmdet_ins_tiny,rtmdet_ins_tiny,10,0.8110,0.9291,0.9291,0,0.9832286893850893,0.9832286893850893,1.0,12,0,-0.3419169646513414,10,1,0.7642766061951133
446017,156292,000000156292.jpg,REAR,0,12,3443.2,131.4,1,body7_self,gt_box,gt_box,,,1.0,1.0,0,0.9819089701578568,0.9819089701578568,1.0,12,0,-0.34427186720810377,10,1,0.7486922916244058
446017,156292,000000156292.jpg,REAR,0,12,3443.2,131.4,1,body7_self,rtmdet_ins_tiny,rtmdet_ins_tiny,10,0.8110,0.9291,0.9291,0,0.9832286893850893,0.9832286893850893,1.0,12,0,-0.3419169646513414,10,1,0.764276550096624
446017,156292,000000156292.jpg,REAR,0,12,3443.2,131.4,1,aic_coco_self,gt_box,gt_box,,,1.0,1.0,0,0.9884262852456122,0.9884262852456122,1.0,12,0,-0.3419421654167075,10,1,0.795716198051677
446017,156292,000000156292.jpg,REAR,0,12,3443.2,131.4,1,aic_coco_self,rtmdet_ins_tiny,rtmdet_ins_tiny,10,0.8110,0.9291,0.9291,0,0.9829288781782677,0.9829288781782677,1.0,12,0,-0.34091010895149687,10,1,0.8247000154326943
447061,361506,000000361506.jpg,REAR,0,12,12723.0,135.9,-1,body7_official,gt_box,gt_box,,,1.0,1.0,0,0.767760365321071,0.767760365321071,0.7272727272727273,11,0,-0.6536528277142618,10,-1,0.6050521608661202
447061,361506,000000361506.jpg,REAR,0,12,12723.0,135.9,-1,body7_official,rtmdet_ins_tiny,rtmdet_ins_tiny,4,0.0945,0.6435,0.6435,0,0.8104363224700619,0.8104363224700619,0.9090909090909091,11,0,-0.7199070000485149,10,-1,0.6545160307603723
447061,361506,000000361506.jpg,REAR,0,12,12723.0,135.9,-1,body7_self,gt_box,gt_box,,,1.0,1.0,0,0.767760365321071,0.767760365321071,0.7272727272727273,11,0,-0.6536528277142618,10,-1,0.6050518277813407
447061,361506,000000361506.jpg,REAR,0,12,12723.0,135.9,-1,body7_self,rtmdet_ins_tiny,rtmdet_ins_tiny,4,0.0945,0.6435,0.6435,0,0.8104363224700619,0.8104363224700619,0.9090909090909091,11,0,-0.7199070000485149,10,-1,0.654515951871872
447061,361506,000000361506.jpg,REAR,0,12,12723.0,135.9,-1,aic_coco_self,gt_box,gt_box,,,1.0,1.0,0,0.9033652850876751,0.9033652850876751,1.0,11,0,-0.7255626465794033,10,-1,0.638737876625622
447061,361506,000000361506.jpg,REAR,0,12,12723.0,135.9,-1,aic_coco_self,rtmdet_ins_tiny,rtmdet_ins_tiny,4,0.0945,0.6435,0.6435,0,0.9051949310989756,0.9051949310989756,1.0,11,0,-0.7288950428082694,10,-1,0.6414894724593443
447752,61747,000000061747.jpg,FRONT,3,15,50069.7,495.3,-1,body7_official,gt_box,gt_box,,,1.0,1.0,0,0.968688853344784,0.968688853344784,1.0,15,0,-0.19951681843473384,12,-1,0.819364887826583
447752,61747,000000061747.jpg,FRONT,3,15,50069.7,495.3,-1,body7_official,rtmdet_ins_tiny,rtmdet_ins_tiny,11,0.8951,0.9744,0.9744,0,0.9668641960270442,0.9668641960270442,1.0,15,0,-0.20050822521592318,12,-1,0.8234129407826591
447752,61747,000000061747.jpg,FRONT,3,15,50069.7,495.3,-1,body7_self,gt_box,gt_box,,,1.0,1.0,0,0.968688853344784,0.968688853344784,1.0,15,0,-0.19951681843473384,12,-1,0.8193648212096271
447752,61747,000000061747.jpg,FRONT,3,15,50069.7,495.3,-1,body7_self,rtmdet_ins_tiny,rtmdet_ins_tiny,11,0.8951,0.9744,0.9744,0,0.9668641960270442,0.9668641960270442,1.0,15,0,-0.20050822521592318,12,-1,0.8234129372765037
447752,61747,000000061747.jpg,FRONT,3,15,50069.7,495.3,-1,aic_coco_self,gt_box,gt_box,,,1.0,1.0,0,0.9735853164732678,0.9735853164732678,1.0,15,0,-0.20658710858859392,12,-1,0.8441209652844597
447752,61747,000000061747.jpg,FRONT,3,15,50069.7,495.3,-1,aic_coco_self,rtmdet_ins_tiny,rtmdet_ins_tiny,11,0.8951,0.9744,0.9744,0,0.9726545593725141,0.9726545593725141,1.0,15,0,-0.20445455035490512,12,-1,0.8445264030905331
448033,398377,000000398377.jpg,FRONT,3,15,33995.4,289.9,-1,body7_official,gt_box,gt_box,,,1.0,1.0,0,0.9595480521289429,0.9595480521289429,1.0,15,0,-0.42331894762751837,10,-1,0.760459650088759
448033,398377,000000398377.jpg,FRONT,3,15,33995.4,289.9,-1,body7_official,rtmdet_ins_tiny,rtmdet_ins_tiny,13,0.7290,0.9304,0.9304,0,0.9526702211641603,0.9526702211641603,1.0,15,0,-0.42080586786105995,10,-1,0.7562510125777301
448033,398377,000000398377.jpg,FRONT,3,15,33995.4,289.9,-1,body7_self,gt_box,gt_box,,,1.0,1.0,0,0.9595480521289429,0.9595480521289429,1.0,15,0,-0.42331894762751837,10,-1,0.7604596413233701
448033,398377,000000398377.jpg,FRONT,3,15,33995.4,289.9,-1,body7_self,rtmdet_ins_tiny,rtmdet_ins_tiny,13,0.7290,0.9304,0.9304,0,0.9526702211641603,0.9526702211641603,1.0,15,0,-0.42080586786105995,10,-1,0.7562509512200075
448033,398377,000000398377.jpg,FRONT,3,15,33995.4,289.9,-1,aic_coco_self,gt_box,gt_box,,,1.0,1.0,0,0.9485128581073227,0.9485128581073227,1.0,15,0,-0.41785738975501596,10,-1,0.7762582284562728
448033,398377,000000398377.jpg,FRONT,3,15,33995.4,289.9,-1,aic_coco_self,rtmdet_ins_tiny,rtmdet_ins_tiny,13,0.7290,0.9304,0.9304,0,0.9477755490228775,0.9477755490228775,1.0,15,0,-0.4214852032855707,10,-1,0.7756185286185321
448505,447187,000000447187.jpg,REAR,0,13,28975.1,251.4,1,body7_official,gt_box,gt_box,,,1.0,1.0,0,0.9660125082745269,0.9660125082745269,1.0,13,0,-0.5830821195335125,10,1,0.6985421285909765
448505,447187,000000447187.jpg,REAR,0,13,28975.1,251.4,1,body7_official,rtmdet_ins_tiny,rtmdet_ins_tiny,29,0.8957,0.9076,0.9076,0,0.9651612159378161,0.9651612159378161,1.0,13,0,-0.5833431053546595,10,1,0.7249326232601615
448505,447187,000000447187.jpg,REAR,0,13,28975.1,251.4,1,body7_self,gt_box,gt_box,,,1.0,1.0,0,0.9660125082745269,0.9660125082745269,1.0,13,0,-0.5830821195335125,10,1,0.6985421093071208
448505,447187,000000447187.jpg,REAR,0,13,28975.1,251.4,1,body7_self,rtmdet_ins_tiny,rtmdet_ins_tiny,29,0.8957,0.9076,0.9076,0,0.9651612159378161,0.9651612159378161,1.0,13,0,-0.5833431053546595,10,1,0.7249325759270612
448505,447187,000000447187.jpg,REAR,0,13,28975.1,251.4,1,aic_coco_self,gt_box,gt_box,,,1.0,1.0,0,0.9725526852001749,0.9725526852001749,1.0,13,0,-0.5863639383838853,10,1,0.724984430214938
448505,447187,000000447187.jpg,REAR,0,13,28975.1,251.4,1,aic_coco_self,rtmdet_ins_tiny,rtmdet_ins_tiny,29,0.8957,0.9076,0.9076,0,0.9686434447757412,0.9686434447757412,1.0,13,0,-0.5873883905954246,10,1,0.7411663654972526
448741,514797,000000514797.jpg,PROFILE,1,11,17139.4,274.2,1,body7_official,gt_box,gt_box,,,1.0,1.0,0,0.9252540416122917,0.9252540416122917,1.0,10,0,-0.7915062029962039,8,1,0.6664339759770561
448741,514797,000000514797.jpg,PROFILE,1,11,17139.4,274.2,1,body7_official,rtmdet_ins_tiny,rtmdet_ins_tiny,13,0.7713,0.7761,0.7761,0,0.9432344568996548,0.9432344568996548,1.0,10,0,-0.7870705570508901,8,1,0.6571851250003365
448741,514797,000000514797.jpg,PROFILE,1,11,17139.4,274.2,1,body7_self,gt_box,gt_box,,,1.0,1.0,0,0.9252540416122917,0.9252540416122917,1.0,10,0,-0.7915062029962039,8,1,0.6664339225081837
448741,514797,000000514797.jpg,PROFILE,1,11,17139.4,274.2,1,body7_self,rtmdet_ins_tiny,rtmdet_ins_tiny,13,0.7713,0.7761,0.7761,0,0.9432344568996548,0.9432344568996548,1.0,10,0,-0.7870705570508901,8,1,0.6571852363207761
448741,514797,000000514797.jpg,PROFILE,1,11,17139.4,274.2,1,aic_coco_self,gt_box,gt_box,,,1.0,1.0,0,0.9401854576584402,0.9401854576584402,1.0,10,0,-0.7936221002653614,8,1,0.6899294905802783
448741,514797,000000514797.jpg,PROFILE,1,11,17139.4,274.2,1,aic_coco_self,rtmdet_ins_tiny,rtmdet_ins_tiny,13,0.7713,0.7761,0.7761,0,0.9546795577666026,0.9546795577666026,1.0,10,0,-0.7904502122619617,8,1,0.676661738578011
449503,39551,000000039551.jpg,OBLIQUE,2,15,20150.4,284.7,1,body7_official,gt_box,gt_box,,,1.0,1.0,0,0.9747418128859209,0.9747418128859209,1.0,15,0,-0.43457548167555327,12,1,0.8132730266627144
449503,39551,000000039551.jpg,OBLIQUE,2,15,20150.4,284.7,1,body7_official,rtmdet_ins_tiny,rtmdet_ins_tiny,1,0.9035,0.9522,0.9522,0,0.9812711620715131,0.9812711620715131,1.0,15,0,-0.44146275939836976,12,1,0.8207491916768691
449503,39551,000000039551.jpg,OBLIQUE,2,15,20150.4,284.7,1,body7_self,gt_box,gt_box,,,1.0,1.0,0,0.9747418128859209,0.9747418128859209,1.0,15,0,-0.43457548167555327,12,1,0.813273137106615
449503,39551,000000039551.jpg,OBLIQUE,2,15,20150.4,284.7,1,body7_self,rtmdet_ins_tiny,rtmdet_ins_tiny,1,0.9035,0.9522,0.9522,0,0.9812711620715131,0.9812711620715131,1.0,15,0,-0.44146275939836976,12,1,0.8207491425906911
449503,39551,000000039551.jpg,OBLIQUE,2,15,20150.4,284.7,1,aic_coco_self,gt_box,gt_box,,,1.0,1.0,0,0.978161695943532,0.978161695943532,1.0,15,0,-0.4409761024317211,12,1,0.8408319073564866
449503,39551,000000039551.jpg,OBLIQUE,2,15,20150.4,284.7,1,aic_coco_self,rtmdet_ins_tiny,rtmdet_ins_tiny,1,0.9035,0.9522,0.9522,0,0.981297658928608,0.981297658928608,1.0,15,0,-0.43970833766625417,12,1,0.855653678669649
450981,90891,000000090891.jpg,FRONT,3,17,17956.9,230.5,-1,body7_official,gt_box,gt_box,,,1.0,1.0,0,0.915826387821188,0.915826387821188,0.9375,16,0,-0.45621054190800764,10,-1,0.8033697096740499
450981,90891,000000090891.jpg,FRONT,3,17,17956.9,230.5,-1,body7_official,rtmdet_ins_tiny,rtmdet_ins_tiny,6,0.8522,0.9126,0.9126,0,0.9172914678693979,0.9172914678693979,0.9375,16,0,-0.4584644204294894,10,-1,0.804944634437561
450981,90891,000000090891.jpg,FRONT,3,17,17956.9,230.5,-1,body7_self,gt_box,gt_box,,,1.0,1.0,0,0.915826387821188,0.915826387821188,0.9375,16,0,-0.45621054190800764,10,-1,0.8033697096740499
450981,90891,000000090891.jpg,FRONT,3,17,17956.9,230.5,-1,body7_self,rtmdet_ins_tiny,rtmdet_ins_tiny,6,0.8522,0.9126,0.9126,0,0.9172914678693979,0.9172914678693979,0.9375,16,0,-0.4584644204294894,10,-1,0.8049445818452274
450981,90891,000000090891.jpg,FRONT,3,17,17956.9,230.5,-1,aic_coco_self,gt_box,gt_box,,,1.0,1.0,0,0.9064837982122376,0.9064837982122376,0.9375,16,0,-0.4561103698003124,10,-1,0.829657652798821
450981,90891,000000090891.jpg,FRONT,3,17,17956.9,230.5,-1,aic_coco_self,rtmdet_ins_tiny,rtmdet_ins_tiny,6,0.8522,0.9126,0.9126,0,0.9124317733688134,0.9124317733688134,0.9375,16,0,-0.4601386642303078,10,-1,0.8399859035716337
451372,109992,000000109992.jpg,OBLIQUE,2,15,3911.7,117.1,-1,body7_official,gt_box,gt_box,,,1.0,1.0,0,0.722353142519282,0.722353142519282,0.7333333333333333,15,0,-0.01778504319889651,12,-1,0.6349700584131128
451372,109992,000000109992.jpg,OBLIQUE,2,15,3911.7,117.1,-1,body7_official,rtmdet_ins_tiny,rtmdet_ins_tiny,20,0.8159,0.9239,0.9239,0,0.71462880247535,0.71462880247535,0.7333333333333333,15,0,-0.0166210035432377,12,-1,0.6359701752662659
451372,109992,000000109992.jpg,OBLIQUE,2,15,3911.7,117.1,-1,body7_self,gt_box,gt_box,,,1.0,1.0,0,0.722353142519282,0.722353142519282,0.7333333333333333,15,0,-0.01778504319889651,12,-1,0.6349701706100913
451372,109992,000000109992.jpg,OBLIQUE,2,15,3911.7,117.1,-1,body7_self,rtmdet_ins_tiny,rtmdet_ins_tiny,20,0.8159,0.9239,0.9239,0,0.71462880247535,0.71462880247535,0.7333333333333333,15,0,-0.0166210035432377,12,-1,0.6359700700815987
451372,109992,000000109992.jpg,OBLIQUE,2,15,3911.7,117.1,-1,aic_coco_self,gt_box,gt_box,,,1.0,1.0,0,0.7433105299230914,0.7433105299230914,0.8,15,0,-0.025196908685174962,12,-1,0.6554723487180822
451372,109992,000000109992.jpg,OBLIQUE,2,15,3911.7,117.1,-1,aic_coco_self,rtmdet_ins_tiny,rtmdet_ins_tiny,20,0.8159,0.9239,0.9239,0,0.7435342004622322,0.7435342004622322,0.8,15,0,-0.03260904713375845,12,-1,0.6530000041512882
451797,125129,000000125129.jpg,REAR,0,10,12926.3,225.9,-1,body7_official,gt_box,gt_box,,,1.0,1.0,0,0.9663527819610822,0.9663527819610822,1.0,8,0,-0.39773061641232754,8,-1,0.7657823001637178
451797,125129,000000125129.jpg,REAR,0,10,12926.3,225.9,-1,body7_official,rtmdet_ins_tiny,rtmdet_ins_tiny,6,0.7246,0.8390,0.8390,0,0.9665233894501338,0.9665233894501338,1.0,8,0,-0.3978878999514882,8,-1,0.7097994544926811
451797,125129,000000125129.jpg,REAR,0,10,12926.3,225.9,-1,body7_self,gt_box,gt_box,,,1.0,1.0,0,0.9663527819610822,0.9663527819610822,1.0,8,0,-0.39773061641232754,8,-1,0.7657821809544283
451797,125129,000000125129.jpg,REAR,0,10,12926.3,225.9,-1,body7_self,rtmdet_ins_tiny,rtmdet_ins_tiny,6,0.7246,0.8390,0.8390,0,0.9665233894501338,0.9665233894501338,1.0,8,0,-0.3978878999514882,8,-1,0.7097995140973259
451797,125129,000000125129.jpg,REAR,0,10,12926.3,225.9,-1,aic_coco_self,gt_box,gt_box,,,1.0,1.0,0,0.9568237179330653,0.9568237179330653,1.0,8,0,-0.3891626768055135,8,-1,0.7619330462287454
451797,125129,000000125129.jpg,REAR,0,10,12926.3,225.9,-1,aic_coco_self,rtmdet_ins_tiny,rtmdet_ins_tiny,6,0.7246,0.8390,0.8390,0,0.9686750320360704,0.9686750320360704,1.0,8,0,-0.3997415280752038,8,-1,0.715020956361995
452565,49759,000000049759.jpg,FRONT,3,15,1830.6,110.3,-1,body7_official,gt_box,gt_box,,,1.0,1.0,0,0.8762811798281329,0.8762811798281329,1.0,15,0,-0.15450226852852325,12,-1,0.813133039895226
452565,49759,000000049759.jpg,FRONT,3,15,1830.6,110.3,-1,body7_official,rtmdet_ins_tiny,rtmdet_ins_tiny,21,0.8969,0.0062,0.9553,1,1.6393117755529357e-05,0.00010879611333390424,0.0,15,1,0.004528739645756952,12,-1,0.7718835858737721
452565,49759,000000049759.jpg,FRONT,3,15,1830.6,110.3,-1,body7_self,gt_box,gt_box,,,1.0,1.0,0,0.8762811798281329,0.8762811798281329,1.0,15,0,-0.15450226852852325,12,-1,0.8131328786120695
452565,49759,000000049759.jpg,FRONT,3,15,1830.6,110.3,-1,body7_self,rtmdet_ins_tiny,rtmdet_ins_tiny,21,0.8969,0.0062,0.9553,1,1.6393117755529357e-05,0.00010879611333390424,0.0,15,1,0.004528739645756952,12,-1,0.7718835613306831
452565,49759,000000049759.jpg,FRONT,3,15,1830.6,110.3,-1,aic_coco_self,gt_box,gt_box,,,1.0,1.0,0,0.8545521705465606,0.8545521705465606,1.0,15,0,-0.14871651822885357,12,-1,0.8507846383487477
452565,49759,000000049759.jpg,FRONT,3,15,1830.6,110.3,-1,aic_coco_self,rtmdet_ins_tiny,rtmdet_ins_tiny,21,0.8969,0.0062,0.9553,1,1.5747439077799574e-05,0.00012147983951175729,0.0,15,1,0.00430318478037528,12,-1,0.8306126559481901
452931,356427,000000356427.jpg,FRONT,3,16,24934.1,356.3,-1,body7_official,gt_box,gt_box,,,1.0,1.0,0,0.9838956531641019,0.9838956531641019,1.0,16,0,-0.3133406846087568,12,-1,0.9565106174525093
452931,356427,000000356427.jpg,FRONT,3,16,24934.1,356.3,-1,body7_official,rtmdet_ins_tiny,rtmdet_ins_tiny,2,0.8969,0.9421,0.9421,0,0.9816599237326742,0.9816599237326742,1.0,16,0,-0.31307516293573606,12,-1,0.9626031342674705
452931,356427,000000356427.jpg,FRONT,3,16,24934.1,356.3,-1,body7_self,gt_box,gt_box,,,1.0,1.0,0,0.9838956531641019,0.9838956531641019,1.0,16,0,-0.3133406846087568,12,-1,0.956510554341709
452931,356427,000000356427.jpg,FRONT,3,16,24934.1,356.3,-1,body7_self,rtmdet_ins_tiny,rtmdet_ins_tiny,2,0.8969,0.9421,0.9421,0,0.9816599237326742,0.9816599237326742,1.0,16,0,-0.31307516293573606,12,-1,0.9626031447859371
452931,356427,000000356427.jpg,FRONT,3,16,24934.1,356.3,-1,aic_coco_self,gt_box,gt_box,,,1.0,1.0,0,0.9835830410250137,0.9835830410250137,1.0,16,0,-0.31123226866775633,12,-1,0.93555187477785
452931,356427,000000356427.jpg,FRONT,3,16,24934.1,356.3,-1,aic_coco_self,rtmdet_ins_tiny,rtmdet_ins_tiny,2,0.8969,0.9421,0.9421,0,0.9842948518056926,0.9842948518056926,1.0,16,0,-0.311372785276851,12,-1,0.9359463698723737
453234,31093,000000031093.jpg,FRONT,3,16,25408.2,251.6,-1,body7_official,gt_box,gt_box,,,1.0,1.0,0,0.9845667474892941,0.9845667474892941,1.0,16,0,-0.4617386705117968,12,-1,0.834062306319966
453234,31093,000000031093.jpg,FRONT,3,16,25408.2,251.6,-1,body7_official,rtmdet_ins_tiny,rtmdet_ins_tiny,4,0.8607,0.9626,0.9626,0,0.9839762121651064,0.9839762121651064,1.0,16,0,-0.4583743601736467,12,-1,0.8316214645610136
453234,31093,000000031093.jpg,FRONT,3,16,25408.2,251.6,-1,body7_self,gt_box,gt_box,,,1.0,1.0,0,0.9845667474892941,0.9845667474892941,1.0,16,0,-0.4617386705117968,12,-1,0.8340622256783878
453234,31093,000000031093.jpg,FRONT,3,16,25408.2,251.6,-1,body7_self,rtmdet_ins_tiny,rtmdet_ins_tiny,4,0.8607,0.9626,0.9626,0,0.9839762121651064,0.9839762121651064,1.0,16,0,-0.4583743601736467,12,-1,0.8316213944379021
453234,31093,000000031093.jpg,FRONT,3,16,25408.2,251.6,-1,aic_coco_self,gt_box,gt_box,,,1.0,1.0,0,0.9890029636951704,0.9890029636951704,1.0,16,0,-0.4732417076524394,12,-1,0.8495318293571472
453234,31093,000000031093.jpg,FRONT,3,16,25408.2,251.6,-1,aic_coco_self,rtmdet_ins_tiny,rtmdet_ins_tiny,4,0.8607,0.9626,0.9626,0,0.9848387009404211,0.9848387009404211,1.0,16,0,-0.4695142370901506,12,-1,0.8463301798876595
454038,239857,000000239857.jpg,OBLIQUE,2,16,4941.4,151.1,-1,body7_official,gt_box,gt_box,,,1.0,1.0,0,0.9716760823203368,0.9716760823203368,1.0,14,0,-0.4432887047510091,10,-1,0.8477400751674876
454038,239857,000000239857.jpg,OBLIQUE,2,16,4941.4,151.1,-1,body7_official,rtmdet_ins_tiny,rtmdet_ins_tiny,5,0.8669,0.8652,0.8652,0,0.9735028675007136,0.9735028675007136,1.0,14,0,-0.4362028667497986,10,-1,0.8568995840409223
454038,239857,000000239857.jpg,OBLIQUE,2,16,4941.4,151.1,-1,body7_self,gt_box,gt_box,,,1.0,1.0,0,0.9716760823203368,0.9716760823203368,1.0,14,0,-0.4432887047510091,10,-1,0.8477400576367098
454038,239857,000000239857.jpg,OBLIQUE,2,16,4941.4,151.1,-1,body7_self,rtmdet_ins_tiny,rtmdet_ins_tiny,5,0.8669,0.8652,0.8652,0,0.9735028675007136,0.9735028675007136,1.0,14,0,-0.4362028667497986,10,-1,0.8568994683377883
454038,239857,000000239857.jpg,OBLIQUE,2,16,4941.4,151.1,-1,aic_coco_self,gt_box,gt_box,,,1.0,1.0,0,0.9752512473423848,0.9752512473423848,1.0,14,0,-0.4394808396712479,10,-1,0.8528721963658052
454038,239857,000000239857.jpg,OBLIQUE,2,16,4941.4,151.1,-1,aic_coco_self,rtmdet_ins_tiny,rtmdet_ins_tiny,5,0.8669,0.8652,0.8652,0,0.9759815026484325,0.9759815026484325,1.0,14,0,-0.4365711238510554,10,-1,0.8535160317140467
454700,468632,000000468632.jpg,REAR,0,13,12985.2,269.6,-1,body7_official,gt_box,gt_box,,,1.0,1.0,0,0.9726008157965909,0.9726008157965909,1.0,13,0,-0.48607335282756287,12,-1,0.8340197836651522
454700,468632,000000468632.jpg,REAR,0,13,12985.2,269.6,-1,body7_official,rtmdet_ins_tiny,rtmdet_ins_tiny,15,0.9188,0.9784,0.9784,0,0.9676433370645209,0.9676433370645209,1.0,13,0,-0.4858609879319025,12,-1,0.8437509116004495
454700,468632,000000468632.jpg,REAR,0,13,12985.2,269.6,-1,body7_self,gt_box,gt_box,,,1.0,1.0,0,0.9726008157965909,0.9726008157965909,1.0,13,0,-0.48607335282756287,12,-1,0.8340198362574858
454700,468632,000000468632.jpg,REAR,0,13,12985.2,269.6,-1,body7_self,rtmdet_ins_tiny,rtmdet_ins_tiny,15,0.9188,0.9784,0.9784,0,0.9676433370645209,0.9676433370645209,1.0,13,0,-0.4858609879319025,12,-1,0.8437508870573605
454700,468632,000000468632.jpg,REAR,0,13,12985.2,269.6,-1,aic_coco_self,gt_box,gt_box,,,1.0,1.0,0,0.9856584213480344,0.9856584213480344,1.0,13,0,-0.48929837113063496,12,-1,0.8709324142512154
454700,468632,000000468632.jpg,REAR,0,13,12985.2,269.6,-1,aic_coco_self,rtmdet_ins_tiny,rtmdet_ins_tiny,15,0.9188,0.9784,0.9784,0,0.9850701819118137,0.9850701819118137,1.0,13,0,-0.4899744531911029,12,-1,0.8748988649424385
455360,170613,000000170613.jpg,REAR,0,12,23225.8,335.7,1,body7_official,gt_box,gt_box,,,1.0,1.0,0,0.9532265612506631,0.9532265612506631,1.0,10,0,-0.39104714973432675,8,1,0.7878440267899457
455360,170613,000000170613.jpg,REAR,0,12,23225.8,335.7,1,body7_official,rtmdet_ins_tiny,rtmdet_ins_tiny,14,0.8644,0.8908,0.8908,0,0.9514868306087054,0.9514868306087054,1.0,10,0,-0.39147631909019814,8,1,0.773195231662077
455360,170613,000000170613.jpg,REAR,0,12,23225.8,335.7,1,body7_self,gt_box,gt_box,,,1.0,1.0,0,0.9532265612506631,0.9532265612506631,1.0,10,0,-0.39104714973432675,8,1,0.7878439514076009
455360,170613,000000170613.jpg,REAR,0,12,23225.8,335.7,1,body7_self,rtmdet_ins_tiny,rtmdet_ins_tiny,14,0.8644,0.8908,0.8908,0,0.9514868306087054,0.9514868306087054,1.0,10,0,-0.39147631909019814,8,1,0.773195264970555
455360,170613,000000170613.jpg,REAR,0,12,23225.8,335.7,1,aic_coco_self,gt_box,gt_box,,,1.0,1.0,0,0.9648873939289899,0.9648873939289899,1.0,10,0,-0.3945937684400499,8,1,0.830348972012015
455360,170613,000000170613.jpg,REAR,0,12,23225.8,335.7,1,aic_coco_self,rtmdet_ins_tiny,rtmdet_ins_tiny,14,0.8644,0.8908,0.8908,0,0.9648546476348627,0.9648546476348627,1.0,10,0,-0.3939890656694193,8,1,0.8202481059467092
455716,380913,000000380913.jpg,FRONT,3,14,21398.5,252.9,-1,body7_official,gt_box,gt_box,,,1.0,1.0,0,0.9863971388394275,0.9863971388394275,1.0,14,0,-0.423462700709629,10,-1,0.7491008306250853
455716,380913,000000380913.jpg,FRONT,3,14,21398.5,252.9,-1,body7_official,rtmdet_ins_tiny,rtmdet_ins_tiny,8,0.8988,0.9179,0.9179,0,0.9849820912846198,0.9849820912846198,1.0,14,0,-0.4248779604458693,10,-1,0.764198865960626
455716,380913,000000380913.jpg,FRONT,3,14,21398.5,252.9,-1,body7_self,gt_box,gt_box,,,1.0,1.0,0,0.9863971388394275,0.9863971388394275,1.0,14,0,-0.423462700709629,10,-1,0.7491008253658519
455716,380913,000000380913.jpg,FRONT,3,14,21398.5,252.9,-1,body7_self,rtmdet_ins_tiny,rtmdet_ins_tiny,8,0.8988,0.9179,0.9179,0,0.9849820912846198,0.9849820912846198,1.0,14,0,-0.4248779604458693,10,-1,0.7641988887506372
455716,380913,000000380913.jpg,FRONT,3,14,21398.5,252.9,-1,aic_coco_self,gt_box,gt_box,,,1.0,1.0,0,0.9850481625838791,0.9850481625838791,1.0,14,0,-0.4267027411052082,10,-1,0.8105321631712072
455716,380913,000000380913.jpg,FRONT,3,14,21398.5,252.9,-1,aic_coco_self,rtmdet_ins_tiny,rtmdet_ins_tiny,8,0.8988,0.9179,0.9179,0,0.9875262125387403,0.9875262125387403,1.0,14,0,-0.4263920092346297,10,-1,0.8140717937665827
456804,520910,000000520910.jpg,FRONT,3,17,16138.6,309.3,-1,body7_official,gt_box,gt_box,,,1.0,1.0,0,0.9753038537987475,0.9753038537987475,1.0,15,0,-0.2866671779910612,10,-1,0.9257845212431515
456804,520910,000000520910.jpg,FRONT,3,17,16138.6,309.3,-1,body7_official,rtmdet_ins_tiny,rtmdet_ins_tiny,2,0.8512,0.9102,0.9102,0,0.9783682631507217,0.9783682631507217,1.0,15,0,-0.2852360973423689,10,-1,0.9286601192810956
456804,520910,000000520910.jpg,FRONT,3,17,16138.6,309.3,-1,body7_self,gt_box,gt_box,,,1.0,1.0,0,0.9753038537987475,0.9753038537987475,1.0,15,0,-0.2866671779910612,10,-1,0.9257845492923961
456804,520910,000000520910.jpg,FRONT,3,17,16138.6,309.3,-1,body7_self,rtmdet_ins_tiny,rtmdet_ins_tiny,2,0.8512,0.9102,0.9102,0,0.9783682631507217,0.9783682631507217,1.0,15,0,-0.2852360973423689,10,-1,0.9286601297995624
456804,520910,000000520910.jpg,FRONT,3,17,16138.6,309.3,-1,aic_coco_self,gt_box,gt_box,,,1.0,1.0,0,0.9781861075875284,0.9781861075875284,1.0,15,0,-0.28687016457590125,10,-1,0.9446878573473763
456804,520910,000000520910.jpg,FRONT,3,17,16138.6,309.3,-1,aic_coco_self,rtmdet_ins_tiny,rtmdet_ins_tiny,2,0.8512,0.9102,0.9102,0,0.9816081132814051,0.9816081132814051,1.0,15,0,-0.28855212488849435,10,-1,0.9537212778540218
457653,6471,000000006471.jpg,OBLIQUE,2,15,13534.7,232.9,-1,body7_official,gt_box,gt_box,,,1.0,1.0,0,0.988609575386633,0.988609575386633,1.0,15,0,-0.3795027017162956,12,-1,0.9005833162980921
457653,6471,000000006471.jpg,OBLIQUE,2,15,13534.7,232.9,-1,body7_official,rtmdet_ins_tiny,rtmdet_ins_tiny,45,0.8644,0.8904,0.8904,0,0.9888451916453824,0.9888451916453824,1.0,15,0,-0.38032303406243406,12,-1,0.9125248859910404
457653,6471,000000006471.jpg,OBLIQUE,2,15,13534.7,232.9,-1,body7_self,gt_box,gt_box,,,1.0,1.0,0,0.988609575386633,0.988609575386633,1.0,15,0,-0.3795027017162956,12,-1,0.9005833548658034
457653,6471,000000006471.jpg,OBLIQUE,2,15,13534.7,232.9,-1,body7_self,rtmdet_ins_tiny,rtmdet_ins_tiny,45,0.8644,0.8904,0.8904,0,0.9888451916453824,0.9888451916453824,1.0,15,0,-0.38032303406243406,12,-1,0.9125248158679289
457653,6471,000000006471.jpg,OBLIQUE,2,15,13534.7,232.9,-1,aic_coco_self,gt_box,gt_box,,,1.0,1.0,0,0.9902640610852286,0.9902640610852286,1.0,15,0,-0.38284747312064515,12,-1,0.8938332585727468
457653,6471,000000006471.jpg,OBLIQUE,2,15,13534.7,232.9,-1,aic_coco_self,rtmdet_ins_tiny,rtmdet_ins_tiny,45,0.8644,0.8904,0.8904,0,0.9890519626507649,0.9890519626507649,1.0,15,0,-0.38217506545432406,12,-1,0.8765319550738615
458489,442746,000000442746.jpg,FRONT,3,14,2465.2,123.9,-1,body7_official,gt_box,gt_box,,,1.0,1.0,0,0.9544953809245137,0.9544953809245137,1.0,11,0,-0.05489986888674212,6,-1,0.793377020779778
458489,442746,000000442746.jpg,FRONT,3,14,2465.2,123.9,-1,body7_official,rtmdet_ins_tiny,rtmdet_ins_tiny,14,0.8598,0.8748,0.8748,0,0.9603822608949778,0.9603822608949778,1.0,11,0,-0.05524732815205004,6,-1,0.7798124201157514
458489,442746,000000442746.jpg,FRONT,3,14,2465.2,123.9,-1,body7_self,gt_box,gt_box,,,1.0,1.0,0,0.9544953809245137,0.9544953809245137,1.0,11,0,-0.05489986888674212,6,-1,0.7933771873221678
458489,442746,000000442746.jpg,FRONT,3,14,2465.2,123.9,-1,body7_self,rtmdet_ins_tiny,rtmdet_ins_tiny,14,0.8598,0.8748,0.8748,0,0.9603822608949778,0.9603822608949778,1.0,11,0,-0.05524732815205004,6,-1,0.7798124499180737
458489,442746,000000442746.jpg,FRONT,3,14,2465.2,123.9,-1,aic_coco_self,gt_box,gt_box,,,1.0,1.0,0,0.9501513462042926,0.9501513462042926,1.0,11,0,-0.05238159881577603,6,-1,0.8089530923787285
458489,442746,000000442746.jpg,FRONT,3,14,2465.2,123.9,-1,aic_coco_self,rtmdet_ins_tiny,rtmdet_ins_tiny,14,0.8598,0.8748,0.8748,0,0.951431634973405,0.951431634973405,1.0,11,0,-0.05235796720891911,6,-1,0.7952680657891666
459221,380913,000000380913.jpg,FRONT,3,14,28712.6,261.6,-1,body7_official,gt_box,gt_box,,,1.0,1.0,0,0.9678491558955356,0.9678491558955356,1.0,13,0,-0.4477661547569106,10,-1,0.8331374981824089
459221,380913,000000380913.jpg,FRONT,3,14,28712.6,261.6,-1,body7_official,rtmdet_ins_tiny,rtmdet_ins_tiny,14,0.8978,0.9350,0.9350,0,0.9668220964325965,0.9668220964325965,1.0,13,0,-0.44181714079530937,10,-1,0.8376868717810687
459221,380913,000000380913.jpg,FRONT,3,14,28712.6,261.6,-1,body7_self,gt_box,gt_box,,,1.0,1.0,0,0.9678491558955356,0.9678491558955356,1.0,13,0,-0.4477661547569106,10,-1,0.8331375087008757
459221,380913,000000380913.jpg,FRONT,3,14,28712.6,261.6,-1,body7_self,rtmdet_ins_tiny,rtmdet_ins_tiny,14,0.8978,0.9350,0.9350,0,0.9668220964325965,0.9668220964325965,1.0,13,0,-0.44181714079530937,10,-1,0.8376868402256685
459221,380913,000000380913.jpg,FRONT,3,14,28712.6,261.6,-1,aic_coco_self,gt_box,gt_box,,,1.0,1.0,0,0.9728844897612496,0.9728844897612496,1.0,13,0,-0.4549123780580456,10,-1,0.7883508626152488
459221,380913,000000380913.jpg,FRONT,3,14,28712.6,261.6,-1,aic_coco_self,rtmdet_ins_tiny,rtmdet_ins_tiny,14,0.8978,0.9350,0.9350,0,0.9728745755124771,0.9728745755124771,1.0,13,0,-0.4510010804679869,10,-1,0.8057707092341255
459890,95155,000000095155.jpg,FRONT,3,15,7727.7,170.7,-1,body7_official,gt_box,gt_box,,,1.0,1.0,0,0.9755081488026689,0.9755081488026689,1.0,15,0,-0.22162319833367616,12,-1,0.7922398623298196
459890,95155,000000095155.jpg,FRONT,3,15,7727.7,170.7,-1,body7_official,rtmdet_ins_tiny,rtmdet_ins_tiny,1,0.8786,0.9378,0.9378,0,0.9719193512508139,0.9719193512508139,1.0,15,0,-0.22664182488854137,12,-1,0.7878424910938039
459890,95155,000000095155.jpg,FRONT,3,15,7727.7,170.7,-1,body7_self,gt_box,gt_box,,,1.0,1.0,0,0.9755081488026689,0.9755081488026689,1.0,15,0,-0.22162319833367616,12,-1,0.7922399254406199
459890,95155,000000095155.jpg,FRONT,3,15,7727.7,170.7,-1,body7_self,rtmdet_ins_tiny,rtmdet_ins_tiny,1,0.8786,0.9378,0.9378,0,0.9719193512508139,0.9719193512508139,1.0,15,0,-0.22664182488854137,12,-1,0.7878423473414253
459890,95155,000000095155.jpg,FRONT,3,15,7727.7,170.7,-1,aic_coco_self,gt_box,gt_box,,,1.0,1.0,0,0.9723748672083675,0.9723748672083675,1.0,15,0,-0.23129599028328587,12,-1,0.827262983602636
459890,95155,000000095155.jpg,FRONT,3,15,7727.7,170.7,-1,aic_coco_self,rtmdet_ins_tiny,rtmdet_ins_tiny,1,0.8786,0.9378,0.9378,0,0.969555413940808,0.969555413940808,1.0,15,0,-0.23074027313972656,12,-1,0.8281622073229622
460512,567740,000000567740.jpg,FRONT,3,16,26354.3,354.9,-1,body7_official,gt_box,gt_box,,,1.0,1.0,0,0.9526138086646876,0.9526138086646876,1.0,16,0,-0.16498307804646972,12,-1,0.8100465360809775
460512,567740,000000567740.jpg,FRONT,3,16,26354.3,354.9,-1,body7_official,rtmdet_ins_tiny,rtmdet_ins_tiny,17,0.8910,0.7743,0.7743,0,0.9428172636954169,0.9428172636954169,1.0,16,0,-0.16845101686880806,12,-1,0.8185265029177946
460512,567740,000000567740.jpg,FRONT,3,16,26354.3,354.9,-1,body7_self,gt_box,gt_box,,,1.0,1.0,0,0.9526138086646876,0.9526138086646876,1.0,16,0,-0.16498307804646972,12,-1,0.8100465886733111
460512,567740,000000567740.jpg,FRONT,3,16,26354.3,354.9,-1,body7_self,rtmdet_ins_tiny,rtmdet_ins_tiny,17,0.8910,0.7743,0.7743,0,0.9428172636954169,0.9428172636954169,1.0,16,0,-0.16845101686880806,12,-1,0.8185264888931724
460512,567740,000000567740.jpg,FRONT,3,16,26354.3,354.9,-1,aic_coco_self,gt_box,gt_box,,,1.0,1.0,0,0.9468822296304125,0.9468822296304125,1.0,16,0,-0.15185661327597197,12,-1,0.8348807587343103
460512,567740,000000567740.jpg,FRONT,3,16,26354.3,354.9,-1,aic_coco_self,rtmdet_ins_tiny,rtmdet_ins_tiny,17,0.8910,0.7743,0.7743,0,0.9507047290877375,0.9507047290877375,1.0,16,0,-0.15506221081522584,12,-1,0.816814405076644
461291,283520,000000283520.jpg,FRONT,3,17,14106.6,254.7,-1,body7_official,gt_box,gt_box,,,1.0,1.0,0,0.9882408695572926,0.9882408695572926,1.0,16,0,-0.457091951317911,10,-1,0.9307047163738924
461291,283520,000000283520.jpg,FRONT,3,17,14106.6,254.7,-1,body7_official,rtmdet_ins_tiny,rtmdet_ins_tiny,17,0.8820,0.9272,0.9272,0,0.9829900175516555,0.9829900175516555,1.0,16,0,-0.4543111907072175,10,-1,0.9251329092418447
461291,283520,000000283520.jpg,FRONT,3,17,14106.6,254.7,-1,body7_self,gt_box,gt_box,,,1.0,1.0,0,0.9882408695572926,0.9882408695572926,1.0,16,0,-0.457091951317911,10,-1,0.93070470234927
461291,283520,000000283520.jpg,FRONT,3,17,14106.6,254.7,-1,body7_self,rtmdet_ins_tiny,rtmdet_ins_tiny,17,0.8820,0.9272,0.9272,0,0.9829900175516555,0.9829900175516555,1.0,16,0,-0.4543111907072175,10,-1,0.9251328671679777
461291,283520,000000283520.jpg,FRONT,3,17,14106.6,254.7,-1,aic_coco_self,gt_box,gt_box,,,1.0,1.0,0,0.988468343712733,0.988468343712733,1.0,16,0,-0.4632718709434593,10,-1,0.934958791031557
461291,283520,000000283520.jpg,FRONT,3,17,14106.6,254.7,-1,aic_coco_self,rtmdet_ins_tiny,rtmdet_ins_tiny,17,0.8820,0.9272,0.9272,0,0.9856215222454418,0.9856215222454418,1.0,16,0,-0.46169278542199077,10,-1,0.9394168994005989
461635,2532,000000002532.jpg,REAR,0,14,5354.2,168.5,1,body7_official,gt_box,gt_box,,,1.0,1.0,0,0.9648937687899953,0.9648937687899953,1.0,14,0,-0.4683962795704022,12,1,0.7683453945552602
461635,2532,000000002532.jpg,REAR,0,14,5354.2,168.5,1,body7_official,rtmdet_ins_tiny,rtmdet_ins_tiny,10,0.8733,0.9120,0.9120,0,0.9655328987806155,0.9655328987806155,1.0,14,0,-0.47046480843927796,12,1,0.8343819835606743
461635,2532,000000002532.jpg,REAR,0,14,5354.2,168.5,1,body7_self,gt_box,gt_box,,,1.0,1.0,0,0.9648937687899953,0.9648937687899953,1.0,14,0,-0.4683962795704022,12,1,0.768345552332261
461635,2532,000000002532.jpg,REAR,0,14,5354.2,168.5,1,body7_self,rtmdet_ins_tiny,rtmdet_ins_tiny,10,0.8733,0.9120,0.9120,0,0.9655328987806155,0.9655328987806155,1.0,14,0,-0.47046480843927796,12,1,0.8343818924006294
461635,2532,000000002532.jpg,REAR,0,14,5354.2,168.5,1,aic_coco_self,gt_box,gt_box,,,1.0,1.0,0,0.9695160432740312,0.9695160432740312,1.0,14,0,-0.4696993901013508,12,1,0.8612089367473826
461635,2532,000000002532.jpg,REAR,0,14,5354.2,168.5,1,aic_coco_self,rtmdet_ins_tiny,rtmdet_ins_tiny,10,0.8733,0.9120,0.9120,0,0.9673391456975489,0.9673391456975489,1.0,14,0,-0.4675389349632068,12,1,0.8856884591719684
462105,414385,000000414385.jpg,FRONT,3,16,2910.2,122.8,-1,body7_official,gt_box,gt_box,,,1.0,1.0,0,0.9302763997229856,0.9302763997229856,1.0,16,0,-0.47255402344652114,12,-1,0.7818538476439083
462105,414385,000000414385.jpg,FRONT,3,16,2910.2,122.8,-1,body7_official,rtmdet_ins_tiny,rtmdet_ins_tiny,7,0.8961,0.9039,0.9039,0,0.9387895173384164,0.9387895173384164,1.0,16,0,-0.4704454449334745,12,-1,0.7943389240433189
462105,414385,000000414385.jpg,FRONT,3,16,2910.2,122.8,-1,body7_self,gt_box,gt_box,,,1.0,1.0,0,0.9302763997229856,0.9302763997229856,1.0,16,0,-0.47255402344652114,12,-1,0.7818538721869973
462105,414385,000000414385.jpg,FRONT,3,16,2910.2,122.8,-1,body7_self,rtmdet_ins_tiny,rtmdet_ins_tiny,7,0.8961,0.9039,0.9039,0,0.9387895173384164,0.9387895173384164,1.0,16,0,-0.4704454449334745,12,-1,0.7943387662663179
462105,414385,000000414385.jpg,FRONT,3,16,2910.2,122.8,-1,aic_coco_self,gt_box,gt_box,,,1.0,1.0,0,0.9525566952973834,0.9525566952973834,1.0,16,0,-0.47951308962405303,12,-1,0.7866633113692788
462105,414385,000000414385.jpg,FRONT,3,16,2910.2,122.8,-1,aic_coco_self,rtmdet_ins_tiny,rtmdet_ins_tiny,7,0.8961,0.9039,0.9039,0,0.9522916202146776,0.9522916202146776,1.0,16,0,-0.4801048183655887,12,-1,0.8032807041617
462820,467511,000000467511.jpg,OBLIQUE,2,15,31407.8,480.0,-1,body7_official,gt_box,gt_box,,,1.0,1.0,0,0.9381651573026024,0.9381651573026024,1.0,15,0,-0.11105342496673012,12,-1,0.7493637134047115
462820,467511,000000467511.jpg,OBLIQUE,2,15,31407.8,480.0,-1,body7_official,rtmdet_ins_tiny,rtmdet_ins_tiny,9,0.8472,0.8886,0.8886,0,0.9349924300932725,0.9349924300932725,1.0,15,0,-0.10956929125713648,12,-1,0.739142053267535
462820,467511,000000467511.jpg,OBLIQUE,2,15,31407.8,480.0,-1,body7_self,gt_box,gt_box,,,1.0,1.0,0,0.9381651573026024,0.9381651573026024,1.0,15,0,-0.11105342496673012,12,-1,0.7493636678246891
462820,467511,000000467511.jpg,OBLIQUE,2,15,31407.8,480.0,-1,body7_self,rtmdet_ins_tiny,rtmdet_ins_tiny,9,0.8472,0.8886,0.8886,0,0.9349924300932725,0.9349924300932725,1.0,15,0,-0.10956929125713648,12,-1,0.7391420252182904
462820,467511,000000467511.jpg,OBLIQUE,2,15,31407.8,480.0,-1,aic_coco_self,gt_box,gt_box,,,1.0,1.0,0,0.9615076553925501,0.9615076553925501,1.0,15,0,-0.10631284334637008,12,-1,0.770619041779462
462820,467511,000000467511.jpg,OBLIQUE,2,15,31407.8,480.0,-1,aic_coco_self,rtmdet_ins_tiny,rtmdet_ins_tiny,9,0.8472,0.8886,0.8886,0,0.9466888926382798,0.9466888926382798,1.0,15,0,-0.10637307999962448,12,-1,0.7742699104196885
463291,11511,000000011511.jpg,OBLIQUE,2,14,3858.7,151.4,-1,body7_official,gt_box,gt_box,,,1.0,1.0,0,0.9128983961357419,0.9128983961357419,1.0,14,0,-0.10000604038531968,10,-1,0.7048385213403141
463291,11511,000000011511.jpg,OBLIQUE,2,14,3858.7,151.4,-1,body7_official,rtmdet_ins_tiny,rtmdet_ins_tiny,33,0.8214,0.8932,0.8932,0,0.9079654399166514,0.9079654399166514,1.0,14,0,-0.0992331450526592,10,-1,0.7127402337158427
463291,11511,000000011511.jpg,OBLIQUE,2,14,3858.7,151.4,-1,body7_self,gt_box,gt_box,,,1.0,1.0,0,0.9128983961357419,0.9128983961357419,1.0,14,0,-0.10000604038531968,10,-1,0.7048384862787583
463291,11511,000000011511.jpg,OBLIQUE,2,14,3858.7,151.4,-1,body7_self,rtmdet_ins_tiny,rtmdet_ins_tiny,33,0.8214,0.8932,0.8932,0,0.9079654399166514,0.9079654399166514,1.0,14,0,-0.0992331450526592,10,-1,0.7127402109258315
463291,11511,000000011511.jpg,OBLIQUE,2,14,3858.7,151.4,-1,aic_coco_self,gt_box,gt_box,,,1.0,1.0,0,0.9160278803281425,0.9160278803281425,1.0,14,0,-0.11221347256897324,10,-1,0.7686347540687112
463291,11511,000000011511.jpg,OBLIQUE,2,14,3858.7,151.4,-1,aic_coco_self,rtmdet_ins_tiny,rtmdet_ins_tiny,33,0.8214,0.8932,0.8932,0,0.9047797307450182,0.9047797307450182,1.0,14,0,-0.11319901611645236,10,-1,0.7597193647833431
463891,271402,000000271402.jpg,FRONT,3,16,46317.2,512.0,-1,body7_official,gt_box,gt_box,,,1.0,1.0,0,0.979189774336043,0.979189774336043,1.0,16,0,-0.3363815578538039,12,-1,0.8888642893118017
463891,271402,000000271402.jpg,FRONT,3,16,46317.2,512.0,-1,body7_official,rtmdet_ins_tiny,rtmdet_ins_tiny,7,0.9119,0.1466,0.8784,1,0.0073294759185455,0.0073294759185455,0.0,16,0,-0.01952591853304053,12,-1,0.8627590817563674
463891,271402,000000271402.jpg,FRONT,3,16,46317.2,512.0,-1,body7_self,gt_box,gt_box,,,1.0,1.0,0,0.979189774336043,0.979189774336043,1.0,16,0,-0.3363815578538039,12,-1,0.8888641403001898
463891,271402,000000271402.jpg,FRONT,3,16,46317.2,512.0,-1,body7_self,rtmdet_ins_tiny,rtmdet_ins_tiny,7,0.9119,0.1466,0.8784,1,0.0073294759185455,0.0073294759185455,0.0,16,0,-0.01952591853304053,12,-1,0.8627591729164124
463891,271402,000000271402.jpg,FRONT,3,16,46317.2,512.0,-1,aic_coco_self,gt_box,gt_box,,,1.0,1.0,0,0.9711716460536515,0.9711716460536515,1.0,16,0,-0.3308064032632333,12,-1,0.9054056020344005
463891,271402,000000271402.jpg,FRONT,3,16,46317.2,512.0,-1,aic_coco_self,rtmdet_ins_tiny,rtmdet_ins_tiny,7,0.9119,0.1466,0.8784,1,0.006500288628930803,0.006500288628930803,0.0,16,0,-0.01731522249873263,12,-1,0.8617162704467773
464828,125129,000000125129.jpg,FRONT,3,16,23839.0,297.8,-1,body7_official,gt_box,gt_box,,,1.0,1.0,0,0.9571007643067746,0.9571007643067746,1.0,16,0,-0.2405001823674825,12,-1,0.8223330203224631
464828,125129,000000125129.jpg,FRONT,3,16,23839.0,297.8,-1,body7_official,rtmdet_ins_tiny,rtmdet_ins_tiny,8,0.6395,0.9438,0.9438,0,0.9621511805240073,0.9621511805240073,1.0,16,0,-0.24233552723510418,12,-1,0.8364786716068492
464828,125129,000000125129.jpg,FRONT,3,16,23839.0,297.8,-1,body7_self,gt_box,gt_box,,,1.0,1.0,0,0.9571007643067746,0.9571007643067746,1.0,16,0,-0.2405001823674825,12,-1,0.8223330483717077
464828,125129,000000125129.jpg,FRONT,3,16,23839.0,297.8,-1,body7_self,rtmdet_ins_tiny,rtmdet_ins_tiny,8,0.6395,0.9438,0.9438,0,0.9621511805240073,0.9621511805240073,1.0,16,0,-0.24233552723510418,12,-1,0.836478706668405
464828,125129,000000125129.jpg,FRONT,3,16,23839.0,297.8,-1,aic_coco_self,gt_box,gt_box,,,1.0,1.0,0,0.9657172156914985,0.9657172156914985,1.0,16,0,-0.24039412658512596,12,-1,0.8253902547499713
464828,125129,000000125129.jpg,FRONT,3,16,23839.0,297.8,-1,aic_coco_self,rtmdet_ins_tiny,rtmdet_ins_tiny,8,0.6395,0.9438,0.9438,0,0.9629051670672435,0.9629051670672435,1.0,16,0,-0.23498086732826165,12,-1,0.8280309088089887
465471,171382,000000171382.jpg,PROFILE,1,14,2578.1,136.6,-1,body7_official,gt_box,gt_box,,,1.0,1.0,0,0.9724858352527279,0.9724858352527279,1.0,14,0,-0.34001482785377896,12,-1,0.7957596848992741
465471,171382,000000171382.jpg,PROFILE,1,14,2578.1,136.6,-1,body7_official,rtmdet_ins_tiny,rtmdet_ins_tiny,24,0.7967,0.0405,0.8460,2,0.0891739910652357,0.13898215171295633,0.07142857142857142,14,1,0.014557168264954679,12,-1,0.779790625852697
465471,171382,000000171382.jpg,PROFILE,1,14,2578.1,136.6,-1,body7_self,gt_box,gt_box,,,1.0,1.0,0,0.9724858352527279,0.9724858352527279,1.0,14,0,-0.34001482785377896,12,-1,0.7957596323069405
465471,171382,000000171382.jpg,PROFILE,1,14,2578.1,136.6,-1,body7_self,rtmdet_ins_tiny,rtmdet_ins_tiny,24,0.7967,0.0405,0.8460,2,0.0891739910652357,0.13898215171295633,0.07142857142857142,14,1,0.014557168264954679,12,-1,0.779790576766519
465471,171382,000000171382.jpg,PROFILE,1,14,2578.1,136.6,-1,aic_coco_self,gt_box,gt_box,,,1.0,1.0,0,0.9623065938740287,0.9623065938740287,1.0,14,0,-0.338552367983413,12,-1,0.8057627572732813
465471,171382,000000171382.jpg,PROFILE,1,14,2578.1,136.6,-1,aic_coco_self,rtmdet_ins_tiny,rtmdet_ins_tiny,24,0.7967,0.0405,0.8460,2,0.08560306908965627,0.1431234064598293,0.07142857142857142,14,1,0.015509936326784879,12,-1,0.7948210765333736
466437,328601,000000328601.jpg,FRONT,3,15,89223.7,615.4,1,body7_official,gt_box,gt_box,,,1.0,1.0,0,0.9618679077213642,0.9618679077213642,1.0,15,0,-0.18560881945110097,10,1,0.7600900706122903
466437,328601,000000328601.jpg,FRONT,3,15,89223.7,615.4,1,body7_official,rtmdet_ins_tiny,rtmdet_ins_tiny,3,0.8820,0.9427,0.9427,0,0.9669238999135854,0.9669238999135854,1.0,15,0,-0.1858129219951399,10,1,0.7588870314990773
466437,328601,000000328601.jpg,FRONT,3,15,89223.7,615.4,1,body7_self,gt_box,gt_box,,,1.0,1.0,0,0.9618679077213642,0.9618679077213642,1.0,15,0,-0.18560881945110097,10,1,0.7600899864645565
466437,328601,000000328601.jpg,FRONT,3,15,89223.7,615.4,1,body7_self,rtmdet_ins_tiny,rtmdet_ins_tiny,3,0.8820,0.9427,0.9427,0,0.9669238999135854,0.9669238999135854,1.0,15,0,-0.1858129219951399,10,1,0.758887042017544
466437,328601,000000328601.jpg,FRONT,3,15,89223.7,615.4,1,aic_coco_self,gt_box,gt_box,,,1.0,1.0,0,0.9715141180755036,0.9715141180755036,1.0,15,0,-0.18364298507961577,10,1,0.7671470151228064
466437,328601,000000328601.jpg,FRONT,3,15,89223.7,615.4,1,aic_coco_self,rtmdet_ins_tiny,rtmdet_ins_tiny,3,0.8820,0.9427,0.9427,0,0.9758532888265006,0.9758532888265006,1.0,15,0,-0.18890960408091584,10,1,0.7857862149967867
466796,252701,000000252701.jpg,FRONT,3,16,9465.4,227.0,-1,body7_official,gt_box,gt_box,,,1.0,1.0,0,0.9768840405088429,0.9768840405088429,1.0,16,0,-0.3603474430808889,12,-1,0.8665195107460022
466796,252701,000000252701.jpg,FRONT,3,16,9465.4,227.0,-1,body7_official,rtmdet_ins_tiny,rtmdet_ins_tiny,11,0.9136,0.9559,0.9559,0,0.9719348795250309,0.9719348795250309,1.0,16,0,-0.36166804002785874,12,-1,0.8653640256208532
466796,252701,000000252701.jpg,FRONT,3,16,9465.4,227.0,-1,body7_self,gt_box,gt_box,,,1.0,1.0,0,0.9768840405088429,0.9768840405088429,1.0,16,0,-0.3603474430808889,12,-1,0.866519479190602
466796,252701,000000252701.jpg,FRONT,3,16,9465.4,227.0,-1,body7_self,rtmdet_ins_tiny,rtmdet_ins_tiny,11,0.9136,0.9559,0.9559,0,0.9719348795250309,0.9719348795250309,1.0,16,0,-0.36166804002785874,12,-1,0.8653640115962309
466796,252701,000000252701.jpg,FRONT,3,16,9465.4,227.0,-1,aic_coco_self,gt_box,gt_box,,,1.0,1.0,0,0.9768210729909244,0.9768210729909244,1.0,16,0,-0.3584646894350806,12,-1,0.8975944624227636
466796,252701,000000252701.jpg,FRONT,3,16,9465.4,227.0,-1,aic_coco_self,rtmdet_ins_tiny,rtmdet_ins_tiny,11,0.9136,0.9559,0.9559,0,0.9733637445378707,0.9733637445378707,1.0,16,0,-0.35713236388790476,12,-1,0.8952823982519262
467271,9891,000000009891.jpg,FRONT,3,16,8984.1,181.5,-1,body7_official,gt_box,gt_box,,,1.0,1.0,0,0.9343027180590311,0.9343027180590311,1.0,13,0,-0.24452863117914703,8,-1,0.8074720712269053
467271,9891,000000009891.jpg,FRONT,3,16,8984.1,181.5,-1,body7_official,rtmdet_ins_tiny,rtmdet_ins_tiny,14,0.7820,0.8986,0.8986,0,0.948743892829361,0.948743892829361,1.0,13,0,-0.2469594465764162,8,-1,0.8318425416946411
467271,9891,000000009891.jpg,FRONT,3,16,8984.1,181.5,-1,body7_self,gt_box,gt_box,,,1.0,1.0,0,0.9343027180590311,0.9343027180590311,1.0,13,0,-0.24452863117914703,8,-1,0.8074719695483937
467271,9891,000000009891.jpg,FRONT,3,16,8984.1,181.5,-1,body7_self,rtmdet_ins_tiny,rtmdet_ins_tiny,14,0.7820,0.8986,0.8986,0,0.948743892829361,0.948743892829361,1.0,13,0,-0.2469594465764162,8,-1,0.8318425066330853
467271,9891,000000009891.jpg,FRONT,3,16,8984.1,181.5,-1,aic_coco_self,gt_box,gt_box,,,1.0,1.0,0,0.9480818438997741,0.9480818438997741,1.0,13,0,-0.2474389288303281,8,-1,0.8195459141450769
467271,9891,000000009891.jpg,FRONT,3,16,8984.1,181.5,-1,aic_coco_self,rtmdet_ins_tiny,rtmdet_ins_tiny,14,0.7820,0.8986,0.8986,0,0.9494988583058853,0.9494988583058853,1.0,13,0,-0.24531135204663826,8,-1,0.8205266629948336
467566,51610,000000051610.jpg,OBLIQUE,2,15,42490.1,302.8,-1,body7_official,gt_box,gt_box,,,1.0,1.0,0,0.9474940376072962,0.9474940376072962,1.0,15,0,-0.2712921626653236,12,-1,0.7644074068349951
467566,51610,000000051610.jpg,OBLIQUE,2,15,42490.1,302.8,-1,body7_official,rtmdet_ins_tiny,rtmdet_ins_tiny,10,0.6869,0.9678,0.9678,0,0.9430285216285067,0.9430285216285067,1.0,15,0,-0.2742143479507381,12,-1,0.7615642196991864
467566,51610,000000051610.jpg,OBLIQUE,2,15,42490.1,302.8,-1,body7_self,gt_box,gt_box,,,1.0,1.0,0,0.9474940376072962,0.9474940376072962,1.0,15,0,-0.2712921626653236,12,-1,0.7644073787857505
467566,51610,000000051610.jpg,OBLIQUE,2,15,42490.1,302.8,-1,body7_self,rtmdet_ins_tiny,rtmdet_ins_tiny,10,0.6869,0.9678,0.9678,0,0.9430285216285067,0.9430285216285067,1.0,15,0,-0.2742143479507381,12,-1,0.761564174119164
467566,51610,000000051610.jpg,OBLIQUE,2,15,42490.1,302.8,-1,aic_coco_self,gt_box,gt_box,,,1.0,1.0,0,0.953235378233249,0.953235378233249,1.0,15,0,-0.2775893971769752,12,-1,0.7694548508700203
467566,51610,000000051610.jpg,OBLIQUE,2,15,42490.1,302.8,-1,aic_coco_self,rtmdet_ins_tiny,rtmdet_ins_tiny,10,0.6869,0.9678,0.9678,0,0.9528748651453133,0.9528748651453133,1.0,15,0,-0.27772319062037,12,-1,0.7681707424276015
468556,401244,000000401244.jpg,FRONT,3,16,55217.6,499.1,-1,body7_official,gt_box,gt_box,,,1.0,1.0,0,0.9580539617149355,0.9580539617149355,1.0,16,0,-0.40450335217402195,12,-1,0.917028174680822
468556,401244,000000401244.jpg,FRONT,3,16,55217.6,499.1,-1,body7_official,rtmdet_ins_tiny,rtmdet_ins_tiny,6,0.8997,0.9706,0.9706,0,0.959688975865325,0.959688975865325,1.0,16,0,-0.4047192652405058,12,-1,0.916986388318679
468556,401244,000000401244.jpg,FRONT,3,16,55217.6,499.1,-1,body7_self,gt_box,gt_box,,,1.0,1.0,0,0.9580539617149355,0.9580539617149355,1.0,16,0,-0.40450335217402195,12,-1,0.9170281466315774
468556,401244,000000401244.jpg,FRONT,3,16,55217.6,499.1,-1,body7_self,rtmdet_ins_tiny,rtmdet_ins_tiny,6,0.8997,0.9706,0.9706,0,0.959688975865325,0.959688975865325,1.0,16,0,-0.4047192652405058,12,-1,0.9169863287140342
468556,401244,000000401244.jpg,FRONT,3,16,55217.6,499.1,-1,aic_coco_self,gt_box,gt_box,,,1.0,1.0,0,0.9599523034608404,0.9599523034608404,1.0,16,0,-0.40611097050747563,12,-1,0.8930085196214563
468556,401244,000000401244.jpg,FRONT,3,16,55217.6,499.1,-1,aic_coco_self,rtmdet_ins_tiny,rtmdet_ins_tiny,6,0.8997,0.9706,0.9706,0,0.9534793177765164,0.9534793177765164,1.0,16,0,-0.4056064163611157,12,-1,0.892870636547313
469105,209829,000000209829.jpg,OBLIQUE,2,15,4729.5,154.5,-1,body7_official,gt_box,gt_box,,,1.0,1.0,0,0.9357042268489472,0.9357042268489472,1.0,15,0,-0.21541944268371876,12,-1,0.7840196209795335
469105,209829,000000209829.jpg,OBLIQUE,2,15,4729.5,154.5,-1,body7_official,rtmdet_ins_tiny,rtmdet_ins_tiny,10,0.8823,0.9107,0.9107,0,0.9368213441248862,0.9368213441248862,1.0,15,0,-0.2152680756738991,12,-1,0.7778576121610754
469105,209829,000000209829.jpg,OBLIQUE,2,15,4729.5,154.5,-1,body7_self,gt_box,gt_box,,,1.0,1.0,0,0.9357042268489472,0.9357042268489472,1.0,15,0,-0.21541944268371876,12,-1,0.7840196279918447
469105,209829,000000209829.jpg,OBLIQUE,2,15,4729.5,154.5,-1,body7_self,rtmdet_ins_tiny,rtmdet_ins_tiny,10,0.8823,0.9107,0.9107,0,0.9368213441248862,0.9368213441248862,1.0,15,0,-0.2152680756738991,12,-1,0.7778575630748973
469105,209829,000000209829.jpg,OBLIQUE,2,15,4729.5,154.5,-1,aic_coco_self,gt_box,gt_box,,,1.0,1.0,0,0.9430728486752334,0.9430728486752334,1.0,15,0,-0.2204647105719595,12,-1,0.7919599974856657
469105,209829,000000209829.jpg,OBLIQUE,2,15,4729.5,154.5,-1,aic_coco_self,rtmdet_ins_tiny,rtmdet_ins_tiny,10,0.8823,0.9107,0.9107,0,0.9478508055028319,0.9478508055028319,1.0,15,0,-0.21685032264631404,12,-1,0.777389645576477
469280,170099,000000170099.jpg,FRONT,3,13,89708.6,435.0,-1,body7_official,gt_box,gt_box,,,1.0,1.0,0,0.9814512569317118,0.9814512569317118,1.0,13,0,-0.6672599811755998,8,-1,0.7505557208376772
469280,170099,000000170099.jpg,FRONT,3,13,89708.6,435.0,-1,body7_official,rtmdet_ins_tiny,rtmdet_ins_tiny,5,0.8777,0.9601,0.9601,0,0.9869004667547693,0.9869004667547693,1.0,13,0,-0.6724461216518786,8,-1,0.7627376734333879
469280,170099,000000170099.jpg,FRONT,3,13,89708.6,435.0,-1,body7_self,gt_box,gt_box,,,1.0,1.0,0,0.9814512569317118,0.9814512569317118,1.0,13,0,-0.6672599811755998,8,-1,0.750555598122232
469280,170099,000000170099.jpg,FRONT,3,13,89708.6,435.0,-1,body7_self,rtmdet_ins_tiny,rtmdet_ins_tiny,5,0.8777,0.9601,0.9601,0,0.9869004667547693,0.9869004667547693,1.0,13,0,-0.6724461216518786,8,-1,0.7627376725568491
469280,170099,000000170099.jpg,FRONT,3,13,89708.6,435.0,-1,aic_coco_self,gt_box,gt_box,,,1.0,1.0,0,0.9850404221304341,0.9850404221304341,1.0,13,0,-0.6679741216694723,8,-1,0.7029195633881232
469280,170099,000000170099.jpg,FRONT,3,13,89708.6,435.0,-1,aic_coco_self,rtmdet_ins_tiny,rtmdet_ins_tiny,5,0.8777,0.9601,0.9601,0,0.9851285832241803,0.9851285832241803,1.0,13,0,-0.6693805903909291,8,-1,0.6954566244693363
469614,262487,000000262487.jpg,REAR,0,13,14744.6,260.9,-1,body7_official,gt_box,gt_box,,,1.0,1.0,0,0.964063821871963,0.964063821871963,1.0,13,0,-0.3725034437972881,12,-1,0.7315040335935705
469614,262487,000000262487.jpg,REAR,0,13,14744.6,260.9,-1,body7_official,rtmdet_ins_tiny,rtmdet_ins_tiny,22,0.8171,0.9338,0.9338,0,0.9684462800142082,0.9684462800142082,1.0,13,0,-0.3737103658623879,12,-1,0.726239842527053
469614,262487,000000262487.jpg,REAR,0,13,14744.6,260.9,-1,body7_self,gt_box,gt_box,,,1.0,1.0,0,0.964063821871963,0.964063821871963,1.0,13,0,-0.3725034437972881,12,-1,0.7315039704827702
469614,262487,000000262487.jpg,REAR,0,13,14744.6,260.9,-1,body7_self,rtmdet_ins_tiny,rtmdet_ins_tiny,22,0.8171,0.9338,0.9338,0,0.9684462800142082,0.9684462800142082,1.0,13,0,-0.3737103658623879,12,-1,0.726239891613231
469614,262487,000000262487.jpg,REAR,0,13,14744.6,260.9,-1,aic_coco_self,gt_box,gt_box,,,1.0,1.0,0,0.9520794232904939,0.9520794232904939,1.0,13,0,-0.36746067190213016,12,-1,0.7713335577179404
469614,262487,000000262487.jpg,REAR,0,13,14744.6,260.9,-1,aic_coco_self,rtmdet_ins_tiny,rtmdet_ins_tiny,22,0.8171,0.9338,0.9338,0,0.9504313009877836,0.9504313009877836,1.0,13,0,-0.36684151617605415,12,-1,0.7605457305908203
470457,171382,000000171382.jpg,OBLIQUE,2,15,2509.5,129.5,-1,body7_official,gt_box,gt_box,,,1.0,1.0,0,0.9787545982871788,0.9787545982871788,1.0,15,0,-0.23919408295515224,12,-1,0.7939454106723561
470457,171382,000000171382.jpg,OBLIQUE,2,15,2509.5,129.5,-1,body7_official,rtmdet_ins_tiny,rtmdet_ins_tiny,29,0.8593,0.0000,0.8560,1,7.362332556666423e-05,7.362332556666423e-05,0.0,15,0,-0.0017623923857501556,12,1,0.8167049884796143
470457,171382,000000171382.jpg,OBLIQUE,2,15,2509.5,129.5,-1,body7_self,gt_box,gt_box,,,1.0,1.0,0,0.9787545982871788,0.9787545982871788,1.0,15,0,-0.23919408295515224,12,-1,0.793945428203134
470457,171382,000000171382.jpg,OBLIQUE,2,15,2509.5,129.5,-1,body7_self,rtmdet_ins_tiny,rtmdet_ins_tiny,29,0.8593,0.0000,0.8560,1,7.362332556666423e-05,7.362332556666423e-05,0.0,15,0,-0.0017623923857501556,12,1,0.8167050445781034
470457,171382,000000171382.jpg,OBLIQUE,2,15,2509.5,129.5,-1,aic_coco_self,gt_box,gt_box,,,1.0,1.0,0,0.9743151339847207,0.9743151339847207,1.0,15,0,-0.23083529414403342,12,-1,0.8070858611780054
470457,171382,000000171382.jpg,OBLIQUE,2,15,2509.5,129.5,-1,aic_coco_self,rtmdet_ins_tiny,rtmdet_ins_tiny,29,0.8593,0.0000,0.8560,1,6.724386268501538e-05,6.724386268501538e-05,0.0,15,0,-0.0025394911999376824,12,1,0.8500222774112925
471705,210789,000000210789.jpg,FRONT,3,17,8545.9,206.8,-1,body7_official,gt_box,gt_box,,,1.0,1.0,0,0.9857172906128921,0.9857172906128921,1.0,16,0,-0.3048998090576577,10,-1,0.8953307621619281
471705,210789,000000210789.jpg,FRONT,3,17,8545.9,206.8,-1,body7_official,rtmdet_ins_tiny,rtmdet_ins_tiny,24,0.8197,0.8944,0.8944,0,0.9827083366229031,0.9827083366229031,1.0,16,0,-0.3026131151569654,10,-1,0.9072249005822575
471705,210789,000000210789.jpg,FRONT,3,17,8545.9,206.8,-1,body7_self,gt_box,gt_box,,,1.0,1.0,0,0.9857172906128921,0.9857172906128921,1.0,16,0,-0.3048998090576577,10,-1,0.8953307621619281
471705,210789,000000210789.jpg,FRONT,3,17,8545.9,206.8,-1,body7_self,rtmdet_ins_tiny,rtmdet_ins_tiny,24,0.8197,0.8944,0.8944,0,0.9827083366229031,0.9827083366229031,1.0,16,0,-0.3026131151569654,10,-1,0.9072249181130353
471705,210789,000000210789.jpg,FRONT,3,17,8545.9,206.8,-1,aic_coco_self,gt_box,gt_box,,,1.0,1.0,0,0.9815373792347927,0.9815373792347927,1.0,16,0,-0.3047465028703955,10,-1,0.8606429310405955
471705,210789,000000210789.jpg,FRONT,3,17,8545.9,206.8,-1,aic_coco_self,rtmdet_ins_tiny,rtmdet_ins_tiny,24,0.8197,0.8944,0.8944,0,0.9866470613060047,0.9866470613060047,1.0,16,0,-0.30578936458622774,10,-1,0.8836989507955664
472020,32817,000000032817.jpg,REAR,0,12,43197.1,467.8,1,body7_official,gt_box,gt_box,,,1.0,1.0,0,0.9144784590740755,0.9144784590740755,1.0,8,0,-0.09480037293259456,4,1,0.646528538535623
472020,32817,000000032817.jpg,REAR,0,12,43197.1,467.8,1,body7_official,rtmdet_ins_tiny,rtmdet_ins_tiny,15,0.7581,0.8604,0.8604,0,0.8949334181760167,0.8949334181760167,1.0,8,0,-0.09018664224017575,4,1,0.6395011579289156
472020,32817,000000032817.jpg,REAR,0,12,43197.1,467.8,1,body7_self,gt_box,gt_box,,,1.0,1.0,0,0.9144784590740755,0.9144784590740755,1.0,8,0,-0.09480037293259456,4,1,0.6465285174986896
472020,32817,000000032817.jpg,REAR,0,12,43197.1,467.8,1,body7_self,rtmdet_ins_tiny,rtmdet_ins_tiny,15,0.7581,0.8604,0.8604,0,0.8949334181760167,0.8949334181760167,1.0,8,0,-0.09018664224017575,4,1,0.6395012315581826
472020,32817,000000032817.jpg,REAR,0,12,43197.1,467.8,1,aic_coco_self,gt_box,gt_box,,,1.0,1.0,0,0.9104754506085901,0.9104754506085901,1.0,8,0,-0.09036933277429636,4,1,0.6120836576994728
472020,32817,000000032817.jpg,REAR,0,12,43197.1,467.8,1,aic_coco_self,rtmdet_ins_tiny,rtmdet_ins_tiny,15,0.7581,0.8604,0.8604,0,0.8736220149787562,0.8736220149787562,1.0,8,0,-0.08077244931705159,4,1,0.5719637975973242
472373,343803,000000343803.jpg,OBLIQUE,2,14,58736.3,474.1,1,body7_official,gt_box,gt_box,,,1.0,1.0,0,0.9819419691552473,0.9819419691552473,1.0,14,0,-0.5195366891941413,10,1,0.8624813451486475
472373,343803,000000343803.jpg,OBLIQUE,2,14,58736.3,474.1,1,body7_official,rtmdet_ins_tiny,rtmdet_ins_tiny,13,0.9354,0.9621,0.9621,0,0.9824715432359968,0.9824715432359968,1.0,14,0,-0.520026444508318,10,1,0.8640781851375804
472373,343803,000000343803.jpg,OBLIQUE,2,14,58736.3,474.1,1,body7_self,gt_box,gt_box,,,1.0,1.0,0,0.9819419691552473,0.9819419691552473,1.0,14,0,-0.5195366891941413,10,1,0.862481555517982
472373,343803,000000343803.jpg,OBLIQUE,2,14,58736.3,474.1,1,body7_self,rtmdet_ins_tiny,rtmdet_ins_tiny,13,0.9354,0.9621,0.9621,0,0.9824715432359968,0.9824715432359968,1.0,14,0,-0.520026444508318,10,1,0.8640781851375804
472373,343803,000000343803.jpg,OBLIQUE,2,14,58736.3,474.1,1,aic_coco_self,gt_box,gt_box,,,1.0,1.0,0,0.9849580516205388,0.9849580516205388,1.0,14,0,-0.5164089485308487,10,1,0.809976710992701
472373,343803,000000343803.jpg,OBLIQUE,2,14,58736.3,474.1,1,aic_coco_self,rtmdet_ins_tiny,rtmdet_ins_tiny,13,0.9354,0.9621,0.9621,0,0.9866921661001952,0.9866921661001952,1.0,14,0,-0.5166801684530626,10,1,0.8244975980590371
473186,438907,000000438907.jpg,FRONT,3,14,14833.6,327.2,-1,body7_official,gt_box,gt_box,,,1.0,1.0,0,0.9800625596575491,0.9800625596575491,1.0,14,0,-0.07140011631401101,8,-1,0.8414751256213469
473186,438907,000000438907.jpg,FRONT,3,14,14833.6,327.2,-1,body7_official,rtmdet_ins_tiny,rtmdet_ins_tiny,12,0.8081,0.0000,0.8476,1,3.339759890240823e-05,0.00011078028544653421,0.0,14,1,0.010434495096597107,8,-1,0.7792556426104378
473186,438907,000000438907.jpg,FRONT,3,14,14833.6,327.2,-1,body7_self,gt_box,gt_box,,,1.0,1.0,0,0.9800625596575491,0.9800625596575491,1.0,14,0,-0.07140011631401101,8,-1,0.8414751186090357
473186,438907,000000438907.jpg,FRONT,3,14,14833.6,327.2,-1,body7_self,rtmdet_ins_tiny,rtmdet_ins_tiny,12,0.8081,0.0000,0.8476,1,3.339759890240823e-05,0.00011078028544653421,0.0,14,1,0.010434495096597107,8,-1,0.7792555567096261
473186,438907,000000438907.jpg,FRONT,3,14,14833.6,327.2,-1,aic_coco_self,gt_box,gt_box,,,1.0,1.0,0,0.9851933572527274,0.9851933572527274,1.0,14,0,-0.07002567137962967,8,-1,0.8355574432541343
473186,438907,000000438907.jpg,FRONT,3,14,14833.6,327.2,-1,aic_coco_self,rtmdet_ins_tiny,rtmdet_ins_tiny,12,0.8081,0.0000,0.8476,1,3.88518723654789e-05,0.00012807072615540017,0.0,14,1,0.010538423964944643,8,-1,0.8022040549446555
473391,121591,000000121591.jpg,REAR,0,14,10113.5,163.1,1,body7_official,gt_box,gt_box,,,1.0,1.0,0,0.8176333513902091,0.8176333513902091,0.8571428571428571,14,0,-0.5472310563962703,12,1,0.5725600982413572
473391,121591,000000121591.jpg,REAR,0,14,10113.5,163.1,1,body7_official,rtmdet_ins_tiny,rtmdet_ins_tiny,17,0.5402,0.9014,0.9014,0,0.8217180845066293,0.8217180845066293,0.8571428571428571,14,0,-0.5455851654581518,12,1,0.5965916707235224
473391,121591,000000121591.jpg,REAR,0,14,10113.5,163.1,1,body7_self,gt_box,gt_box,,,1.0,1.0,0,0.8176333513902091,0.8176333513902091,0.8571428571428571,14,0,-0.5472310563962703,12,1,0.5725600298713235
473391,121591,000000121591.jpg,REAR,0,14,10113.5,163.1,1,body7_self,rtmdet_ins_tiny,rtmdet_ins_tiny,17,0.5402,0.9014,0.9014,0,0.8217180845066293,0.8217180845066293,0.8571428571428571,14,0,-0.5455851654581518,12,1,0.5965915953411776
473391,121591,000000121591.jpg,REAR,0,14,10113.5,163.1,1,aic_coco_self,gt_box,gt_box,,,1.0,1.0,0,0.8462612933988972,0.8462612933988972,0.8571428571428571,14,0,-0.4702482729078681,12,1,0.6114858459023869
473391,121591,000000121591.jpg,REAR,0,14,10113.5,163.1,1,aic_coco_self,rtmdet_ins_tiny,rtmdet_ins_tiny,17,0.5402,0.9014,0.9014,0,0.8485461411591605,0.8485461411591605,0.9285714285714286,14,0,-0.47742639686346355,12,1,0.6316123385639751
473855,465129,000000465129.jpg,FRONT,3,14,44699.9,378.8,-1,body7_official,gt_box,gt_box,,,1.0,1.0,0,0.909478796463172,0.909478796463172,1.0,14,0,-0.3332776562912605,10,-1,0.6562683038851794
473855,465129,000000465129.jpg,FRONT,3,14,44699.9,378.8,-1,body7_official,rtmdet_ins_tiny,rtmdet_ins_tiny,1,0.8076,0.9609,0.9609,0,0.9360590788718959,0.9360590788718959,1.0,14,0,-0.34110285038797655,10,-1,0.6659619667950798
473855,465129,000000465129.jpg,FRONT,3,14,44699.9,378.8,-1,body7_self,gt_box,gt_box,,,1.0,1.0,0,0.909478796463172,0.909478796463172,1.0,14,0,-0.3332776562912605,10,-1,0.6562683354405796
473855,465129,000000465129.jpg,FRONT,3,14,44699.9,378.8,-1,body7_self,rtmdet_ins_tiny,rtmdet_ins_tiny,1,0.8076,0.9609,0.9609,0,0.9360590788718959,0.9360590788718959,1.0,14,0,-0.34110285038797655,10,-1,0.6659619387458352
473855,465129,000000465129.jpg,FRONT,3,14,44699.9,378.8,-1,aic_coco_self,gt_box,gt_box,,,1.0,1.0,0,0.9452438519500347,0.9452438519500347,1.0,14,0,-0.34085705842193953,10,-1,0.6652335068758797
473855,465129,000000465129.jpg,FRONT,3,14,44699.9,378.8,-1,aic_coco_self,rtmdet_ins_tiny,rtmdet_ins_tiny,1,0.8076,0.9609,0.9609,0,0.9167595292157724,0.9167595292157724,1.0,14,0,-0.34876372846951725,10,-1,0.6726778535281911
474087,325483,000000325483.jpg,FRONT,3,14,34308.7,347.5,-1,body7_official,gt_box,gt_box,,,1.0,1.0,0,0.9869237781140467,0.9869237781140467,1.0,14,0,-0.23546463762713976,10,-1,0.7732639873729032
474087,325483,000000325483.jpg,FRONT,3,14,34308.7,347.5,-1,body7_official,rtmdet_ins_tiny,rtmdet_ins_tiny,4,0.9186,0.9685,0.9685,0,0.9873871396447018,0.9873871396447018,1.0,14,0,-0.23827518959418031,10,-1,0.7825556818176719
474087,325483,000000325483.jpg,FRONT,3,14,34308.7,347.5,-1,body7_self,gt_box,gt_box,,,1.0,1.0,0,0.9869237781140467,0.9869237781140467,1.0,14,0,-0.23546463762713976,10,-1,0.7732639137436362
474087,325483,000000325483.jpg,FRONT,3,14,34308.7,347.5,-1,body7_self,rtmdet_ins_tiny,rtmdet_ins_tiny,4,0.9186,0.9685,0.9685,0,0.9873871396447018,0.9873871396447018,1.0,14,0,-0.23827518959418031,10,-1,0.7825556748053607
474087,325483,000000325483.jpg,FRONT,3,14,34308.7,347.5,-1,aic_coco_self,gt_box,gt_box,,,1.0,1.0,0,0.9882922388806928,0.9882922388806928,1.0,14,0,-0.24137091183993672,10,-1,0.798342392725103
474087,325483,000000325483.jpg,FRONT,3,14,34308.7,347.5,-1,aic_coco_self,rtmdet_ins_tiny,rtmdet_ins_tiny,4,0.9186,0.9685,0.9685,0,0.9881191384546888,0.9881191384546888,1.0,14,0,-0.24300864544590384,10,-1,0.7956317312577191
474561,150649,000000150649.jpg,OBLIQUE,2,15,3552.2,121.3,-1,body7_official,gt_box,gt_box,,,1.0,1.0,0,0.9611354836239326,0.9611354836239326,1.0,15,0,-0.4424934864456918,12,-1,0.786088508718154
474561,150649,000000150649.jpg,OBLIQUE,2,15,3552.2,121.3,-1,body7_official,rtmdet_ins_tiny,rtmdet_ins_tiny,14,0.8656,0.9263,0.9263,0,0.9532310911407539,0.9532310911407539,1.0,15,0,-0.4406690608622833,12,-1,0.776290707728442
474561,150649,000000150649.jpg,OBLIQUE,2,15,3552.2,121.3,-1,body7_self,gt_box,gt_box,,,1.0,1.0,0,0.9611354836239326,0.9611354836239326,1.0,15,0,-0.4424934864456918,12,-1,0.7860885332612431
474561,150649,000000150649.jpg,OBLIQUE,2,15,3552.2,121.3,-1,body7_self,rtmdet_ins_tiny,rtmdet_ins_tiny,14,0.8656,0.9263,0.9263,0,0.9532310911407539,0.9532310911407539,1.0,15,0,-0.4406690608622833,12,-1,0.7762906761730418
474561,150649,000000150649.jpg,OBLIQUE,2,15,3552.2,121.3,-1,aic_coco_self,gt_box,gt_box,,,1.0,1.0,0,0.964648142149642,0.964648142149642,1.0,15,0,-0.4424627782386765,12,-1,0.8216879543136147
474561,150649,000000150649.jpg,OBLIQUE,2,15,3552.2,121.3,-1,aic_coco_self,rtmdet_ins_tiny,rtmdet_ins_tiny,14,0.8656,0.9263,0.9263,0,0.9632599273360771,0.9632599273360771,1.0,15,0,-0.4414242785204712,12,-1,0.8187535405158997
474981,457559,000000457559.jpg,FRONT,3,17,24169.0,332.0,-1,body7_official,gt_box,gt_box,,,1.0,1.0,0,0.9759577308003929,0.9759577308003929,1.0,17,0,-0.6245036409319762,12,-1,0.8977905687163857
474981,457559,000000457559.jpg,FRONT,3,17,24169.0,332.0,-1,body7_official,rtmdet_ins_tiny,rtmdet_ins_tiny,36,0.8823,0.9427,0.9427,0,0.973339737851401,0.973339737851401,1.0,17,0,-0.6277682359885841,12,-1,0.8970309583579793
474981,457559,000000457559.jpg,FRONT,3,17,24169.0,332.0,-1,body7_self,gt_box,gt_box,,,1.0,1.0,0,0.9759577308003929,0.9759577308003929,1.0,17,0,-0.6245036409319762,12,-1,0.8977906563702751
474981,457559,000000457559.jpg,FRONT,3,17,24169.0,332.0,-1,body7_self,rtmdet_ins_tiny,rtmdet_ins_tiny,36,0.8823,0.9427,0.9427,0,0.973339737851401,0.973339737851401,1.0,17,0,-0.6277682359885841,12,-1,0.8970310582834131
474981,457559,000000457559.jpg,FRONT,3,17,24169.0,332.0,-1,aic_coco_self,gt_box,gt_box,,,1.0,1.0,0,0.9780844499576802,0.9780844499576802,1.0,17,0,-0.6309501716414178,12,-1,0.9036081854034873
474981,457559,000000457559.jpg,FRONT,3,17,24169.0,332.0,-1,aic_coco_self,rtmdet_ins_tiny,rtmdet_ins_tiny,36,0.8823,0.9427,0.9427,0,0.9691286435647439,0.9691286435647439,1.0,17,0,-0.6305050802433385,12,-1,0.9029816634514752
476066,334767,000000334767.jpg,FRONT,3,17,6184.1,171.0,-1,body7_official,gt_box,gt_box,,,1.0,1.0,0,0.9809646848292566,0.9809646848292566,1.0,17,0,-0.5427100685686198,12,-1,0.857417502823998
476066,334767,000000334767.jpg,FRONT,3,17,6184.1,171.0,-1,body7_official,rtmdet_ins_tiny,rtmdet_ins_tiny,8,0.8790,0.9490,0.9490,0,0.9781939650366662,0.9781939650366662,1.0,17,0,-0.540305471261704,12,-1,0.8613165406619802
476066,334767,000000334767.jpg,FRONT,3,17,6184.1,171.0,-1,body7_self,gt_box,gt_box,,,1.0,1.0,0,0.9809646848292566,0.9809646848292566,1.0,17,0,-0.5427100685686198,12,-1,0.8574174256885753
476066,334767,000000334767.jpg,FRONT,3,17,6184.1,171.0,-1,body7_self,rtmdet_ins_tiny,rtmdet_ins_tiny,8,0.8790,0.9490,0.9490,0,0.9781939650366662,0.9781939650366662,1.0,17,0,-0.540305471261704,12,-1,0.8613164950819576
476066,334767,000000334767.jpg,FRONT,3,17,6184.1,171.0,-1,aic_coco_self,gt_box,gt_box,,,1.0,1.0,0,0.982117415119982,0.982117415119982,1.0,17,0,-0.5404318657873715,12,-1,0.8927249768201042
476066,334767,000000334767.jpg,FRONT,3,17,6184.1,171.0,-1,aic_coco_self,rtmdet_ins_tiny,rtmdet_ins_tiny,8,0.8790,0.9490,0.9490,0,0.9801409970025001,0.9801409970025001,1.0,17,0,-0.5366310000315933,12,-1,0.892843551495496
476709,39951,000000039951.jpg,FRONT,3,14,9974.0,198.0,-1,body7_official,gt_box,gt_box,,,1.0,1.0,0,0.9470192923975356,0.9470192923975356,1.0,14,0,-0.3849314419942931,8,-1,0.7405318232143626
476709,39951,000000039951.jpg,FRONT,3,14,9974.0,198.0,-1,body7_official,rtmdet_ins_tiny,rtmdet_ins_tiny,3,0.8684,0.9359,0.9359,0,0.947286716644028,0.947286716644028,1.0,14,0,-0.386616339523053,8,-1,0.7419971736038432
476709,39951,000000039951.jpg,FRONT,3,14,9974.0,198.0,-1,body7_self,gt_box,gt_box,,,1.0,1.0,0,0.9470192923975356,0.9470192923975356,1.0,14,0,-0.3849314419942931,8,-1,0.740531819708207
476709,39951,000000039951.jpg,FRONT,3,14,9974.0,198.0,-1,body7_self,rtmdet_ins_tiny,rtmdet_ins_tiny,3,0.8684,0.9359,0.9359,0,0.947286716644028,0.947286716644028,1.0,14,0,-0.386616339523053,8,-1,0.7419971648384543
476709,39951,000000039951.jpg,FRONT,3,14,9974.0,198.0,-1,aic_coco_self,gt_box,gt_box,,,1.0,1.0,0,0.9594843264783176,0.9594843264783176,1.0,14,0,-0.3824557807725754,8,-1,0.7888502005268546
476709,39951,000000039951.jpg,FRONT,3,14,9974.0,198.0,-1,aic_coco_self,rtmdet_ins_tiny,rtmdet_ins_tiny,3,0.8684,0.9359,0.9359,0,0.9594864386311052,0.9594864386311052,1.0,14,0,-0.37938528039989916,8,-1,0.7906754612922668
477234,3156,000000003156.jpg,OBLIQUE,2,15,126586.4,619.8,-1,body7_official,gt_box,gt_box,,,1.0,1.0,0,0.9160957211393634,0.9160957211393634,0.9333333333333333,15,0,-0.11820567975130952,12,-1,0.7907397484078127
477234,3156,000000003156.jpg,OBLIQUE,2,15,126586.4,619.8,-1,body7_official,rtmdet_ins_tiny,rtmdet_ins_tiny,9,0.8406,0.8604,0.8604,0,0.9204125071164267,0.9204125071164267,0.9333333333333333,15,0,-0.11845913351570145,12,-1,0.7739930082769955
477234,3156,000000003156.jpg,OBLIQUE,2,15,126586.4,619.8,-1,body7_self,gt_box,gt_box,,,1.0,1.0,0,0.9160957211393634,0.9160957211393634,0.9333333333333333,15,0,-0.11820567975130952,12,-1,0.7907398027532241
477234,3156,000000003156.jpg,OBLIQUE,2,15,126586.4,619.8,-1,body7_self,rtmdet_ins_tiny,rtmdet_ins_tiny,9,0.8406,0.8604,0.8604,0,0.9204125071164267,0.9204125071164267,0.9333333333333333,15,0,-0.11845913351570145,12,-1,0.7739929837339065
477234,3156,000000003156.jpg,OBLIQUE,2,15,126586.4,619.8,-1,aic_coco_self,gt_box,gt_box,,,1.0,1.0,0,0.8968021379743375,0.8968021379743375,0.9333333333333333,15,0,-0.12156687314297236,12,-1,0.7643624947351568
477234,3156,000000003156.jpg,OBLIQUE,2,15,126586.4,619.8,-1,aic_coco_self,rtmdet_ins_tiny,rtmdet_ins_tiny,9,0.8406,0.8604,0.8604,0,0.9013921068186882,0.9013921068186882,0.9333333333333333,15,0,-0.12025710621714411,12,-1,0.7659460060736712
478100,282037,000000282037.jpg,REAR,0,8,36093.6,254.4,1,body7_official,gt_box,gt_box,,,1.0,1.0,0,0.9406264353403415,0.9406264353403415,1.0,8,0,-0.38631123909499393,4,1,0.6077731505912893
478100,282037,000000282037.jpg,REAR,0,8,36093.6,254.4,1,body7_official,rtmdet_ins_tiny,rtmdet_ins_tiny,25,0.8783,0.9581,0.9581,0,0.9411681420151905,0.9411681420151905,1.0,8,0,-0.3866386579722256,4,1,0.6190887444159564
478100,282037,000000282037.jpg,REAR,0,8,36093.6,254.4,1,body7_self,gt_box,gt_box,,,1.0,1.0,0,0.9406264353403415,0.9406264353403415,1.0,8,0,-0.38631123909499393,4,1,0.6077730392708498
478100,282037,000000282037.jpg,REAR,0,8,36093.6,254.4,1,body7_self,rtmdet_ins_tiny,rtmdet_ins_tiny,25,0.8783,0.9581,0.9581,0,0.9411681420151905,0.9411681420151905,1.0,8,0,-0.3866386579722256,4,1,0.619088706724784
478100,282037,000000282037.jpg,REAR,0,8,36093.6,254.4,1,aic_coco_self,gt_box,gt_box,,,1.0,1.0,0,0.9472593960857192,0.9472593960857192,1.0,8,0,-0.3962503672267651,4,1,0.601987807189717
478100,282037,000000282037.jpg,REAR,0,8,36093.6,254.4,1,aic_coco_self,rtmdet_ins_tiny,rtmdet_ins_tiny,25,0.8783,0.9581,0.9581,0,0.9449014731663287,0.9449014731663287,1.0,8,0,-0.3952627023317397,4,1,0.6215678804060992
479061,13546,000000013546.jpg,FRONT,3,16,8977.7,254.1,-1,body7_official,gt_box,gt_box,,,1.0,1.0,0,0.9539976728550659,0.9539976728550659,1.0,14,0,-0.41943417528089455,8,-1,0.8419677965781268
479061,13546,000000013546.jpg,FRONT,3,16,8977.7,254.1,-1,body7_official,rtmdet_ins_tiny,rtmdet_ins_tiny,17,0.8123,0.7030,0.7030,0,0.9672160546461557,0.9672160546461557,1.0,14,0,-0.4281669004572364,8,-1,0.8173850038472343
479061,13546,000000013546.jpg,FRONT,3,16,8977.7,254.1,-1,body7_self,gt_box,gt_box,,,1.0,1.0,0,0.9539976728550659,0.9539976728550659,1.0,14,0,-0.41943417528089455,8,-1,0.8419678351458382
479061,13546,000000013546.jpg,FRONT,3,16,8977.7,254.1,-1,body7_self,rtmdet_ins_tiny,rtmdet_ins_tiny,17,0.8123,0.7030,0.7030,0,0.9672160546461557,0.9672160546461557,1.0,14,0,-0.4281669004572364,8,-1,0.8173849547610563
479061,13546,000000013546.jpg,FRONT,3,16,8977.7,254.1,-1,aic_coco_self,gt_box,gt_box,,,1.0,1.0,0,0.9622152919489666,0.9622152919489666,1.0,14,0,-0.4297934073075062,8,-1,0.8791460990905762
479061,13546,000000013546.jpg,FRONT,3,16,8977.7,254.1,-1,aic_coco_self,rtmdet_ins_tiny,rtmdet_ins_tiny,17,0.8123,0.7030,0.7030,0,0.9558473332452716,0.9558473332452716,1.0,14,0,-0.4244361251831264,8,-1,0.839195142774021
479362,263679,000000263679.jpg,REAR,0,13,3482.7,112.0,1,body7_official,gt_box,gt_box,,,1.0,1.0,0,0.9520010654761074,0.9520010654761074,1.0,13,0,-0.44310939480632366,12,1,0.7258998891886543
479362,263679,000000263679.jpg,REAR,0,13,3482.7,112.0,1,body7_official,rtmdet_ins_tiny,rtmdet_ins_tiny,21,0.8252,0.9143,0.9143,0,0.9564203936853939,0.9564203936853939,1.0,13,0,-0.44524580199185987,12,1,0.7298962614115547
479362,263679,000000263679.jpg,REAR,0,13,3482.7,112.0,1,body7_self,gt_box,gt_box,,,1.0,1.0,0,0.9520010654761074,0.9520010654761074,1.0,13,0,-0.44310939480632366,12,1,0.7258998821763432
479362,263679,000000263679.jpg,REAR,0,13,3482.7,112.0,1,body7_self,rtmdet_ins_tiny,rtmdet_ins_tiny,21,0.8252,0.9143,0.9143,0,0.9564203936853939,0.9564203936853939,1.0,13,0,-0.44524580199185987,12,1,0.7298963788677665
479362,263679,000000263679.jpg,REAR,0,13,3482.7,112.0,1,aic_coco_self,gt_box,gt_box,,,1.0,1.0,0,0.9573667110880953,0.9573667110880953,1.0,13,0,-0.43673972014213114,12,1,0.7741420689751121
479362,263679,000000263679.jpg,REAR,0,13,3482.7,112.0,1,aic_coco_self,rtmdet_ins_tiny,rtmdet_ins_tiny,21,0.8252,0.9143,0.9143,0,0.9645113043680419,0.9645113043680419,1.0,13,0,-0.4389356996983237,12,1,0.8006274349549237
480011,142790,000000142790.jpg,FRONT,3,16,8461.2,124.2,-1,body7_official,gt_box,gt_box,,,1.0,1.0,0,0.7806692762304068,0.7806692762304068,1.0,16,0,-0.4004719061359159,12,-1,0.6961760205381057
480011,142790,000000142790.jpg,FRONT,3,16,8461.2,124.2,-1,body7_official,rtmdet_ins_tiny,rtmdet_ins_tiny,17,0.5894,0.8440,0.8440,0,0.8091559491553066,0.8091559491553066,1.0,16,0,-0.4044835399621476,12,-1,0.7087362093083999
480011,142790,000000142790.jpg,FRONT,3,16,8461.2,124.2,-1,body7_self,gt_box,gt_box,,,1.0,1.0,0,0.7806692762304068,0.7806692762304068,1.0,16,0,-0.4004719061359159,12,-1,0.6961760801427505
480011,142790,000000142790.jpg,FRONT,3,16,8461.2,124.2,-1,body7_self,rtmdet_ins_tiny,rtmdet_ins_tiny,17,0.5894,0.8440,0.8440,0,0.8091559491553066,0.8091559491553066,1.0,16,0,-0.4044835399621476,12,-1,0.7087362198268666
480011,142790,000000142790.jpg,FRONT,3,16,8461.2,124.2,-1,aic_coco_self,gt_box,gt_box,,,1.0,1.0,0,0.822902167663795,0.822902167663795,1.0,16,0,-0.40436187147354824,12,-1,0.7604657236267539
480011,142790,000000142790.jpg,FRONT,3,16,8461.2,124.2,-1,aic_coco_self,rtmdet_ins_tiny,rtmdet_ins_tiny,17,0.5894,0.8440,0.8440,0,0.803557052719211,0.803557052719211,1.0,16,0,-0.40137136638491033,12,-1,0.7643516870105967
480403,373382,000000373382.jpg,FRONT,3,15,5252.8,121.5,-1,body7_official,gt_box,gt_box,,,1.0,1.0,0,0.9690152547722781,0.9690152547722781,1.0,13,0,-0.4453221028148546,8,-1,0.727577979073805
480403,373382,000000373382.jpg,FRONT,3,15,5252.8,121.5,-1,body7_official,rtmdet_ins_tiny,rtmdet_ins_tiny,56,0.8469,0.9158,0.9158,0,0.9793800518195724,0.9793800518195724,1.0,13,0,-0.45619093281749573,8,-1,0.751277555437649
480403,373382,000000373382.jpg,FRONT,3,15,5252.8,121.5,-1,body7_self,gt_box,gt_box,,,1.0,1.0,0,0.9690152547722781,0.9690152547722781,1.0,13,0,-0.4453221028148546,8,-1,0.7275780421846053
480403,373382,000000373382.jpg,FRONT,3,15,5252.8,121.5,-1,body7_self,rtmdet_ins_tiny,rtmdet_ins_tiny,56,0.8469,0.9158,0.9158,0,0.9793800518195724,0.9793800518195724,1.0,13,0,-0.45619093281749573,8,-1,0.7512775396599489
480403,373382,000000373382.jpg,FRONT,3,15,5252.8,121.5,-1,aic_coco_self,gt_box,gt_box,,,1.0,1.0,0,0.9738002162018417,0.9738002162018417,1.0,13,0,-0.4547973482398507,8,-1,0.7562927463475395
480403,373382,000000373382.jpg,FRONT,3,15,5252.8,121.5,-1,aic_coco_self,rtmdet_ins_tiny,rtmdet_ins_tiny,56,0.8469,0.9158,0.9158,0,0.9707184417537084,0.9707184417537084,1.0,13,0,-0.4501437971625303,8,-1,0.7610582910916385
481678,33221,000000033221.jpg,FRONT,3,12,17130.0,231.5,-1,body7_official,gt_box,gt_box,,,1.0,1.0,0,0.9746147630880028,0.9746147630880028,1.0,11,0,-0.4712284277493876,6,-1,0.7186935035621419
481678,33221,000000033221.jpg,FRONT,3,12,17130.0,231.5,-1,body7_official,rtmdet_ins_tiny,rtmdet_ins_tiny,12,0.8999,0.9574,0.9574,0,0.972718708730822,0.972718708730822,1.0,11,0,-0.47177142320970933,6,-1,0.7091877372825847
481678,33221,000000033221.jpg,FRONT,3,12,17130.0,231.5,-1,body7_self,gt_box,gt_box,,,1.0,1.0,0,0.9746147630880028,0.9746147630880028,1.0,11,0,-0.4712284277493876,6,-1,0.7186934088959414
481678,33221,000000033221.jpg,FRONT,3,12,17130.0,231.5,-1,body7_self,rtmdet_ins_tiny,rtmdet_ins_tiny,12,0.8999,0.9574,0.9574,0,0.972718708730822,0.972718708730822,1.0,11,0,-0.47177142320970933,6,-1,0.7091877127394957
481678,33221,000000033221.jpg,FRONT,3,12,17130.0,231.5,-1,aic_coco_self,gt_box,gt_box,,,1.0,1.0,0,0.9804049340128068,0.9804049340128068,1.0,11,0,-0.4762136067412531,6,-1,0.7275350304210887
481678,33221,000000033221.jpg,FRONT,3,12,17130.0,231.5,-1,aic_coco_self,rtmdet_ins_tiny,rtmdet_ins_tiny,12,0.8999,0.9574,0.9574,0,0.9777344210863951,0.9777344210863951,1.0,11,0,-0.47238164094978063,6,-1,0.7141119662453147
482458,187585,000000187585.jpg,OBLIQUE,2,15,77975.0,342.9,1,body7_official,gt_box,gt_box,,,1.0,1.0,0,0.8338513224628972,0.8338513224628972,0.8666666666666667,15,0,-0.15358426654352142,12,1,0.7068353242733899
482458,187585,000000187585.jpg,OBLIQUE,2,15,77975.0,342.9,1,body7_official,rtmdet_ins_tiny,rtmdet_ins_tiny,18,0.7249,0.9239,0.9239,0,0.8081835541884643,0.8081835541884643,0.8666666666666667,15,0,-0.15025249691518916,12,1,0.6831613989437327
482458,187585,000000187585.jpg,OBLIQUE,2,15,77975.0,342.9,1,body7_self,gt_box,gt_box,,,1.0,1.0,0,0.8338513224628972,0.8338513224628972,0.8666666666666667,15,0,-0.15358426654352142,12,1,0.7068353540757123
482458,187585,000000187585.jpg,OBLIQUE,2,15,77975.0,342.9,1,body7_self,rtmdet_ins_tiny,rtmdet_ins_tiny,18,0.7249,0.9239,0.9239,0,0.8081835541884643,0.8081835541884643,0.8666666666666667,15,0,-0.15025249691518916,12,1,0.6831614287460551
482458,187585,000000187585.jpg,OBLIQUE,2,15,77975.0,342.9,1,aic_coco_self,gt_box,gt_box,,,1.0,1.0,0,0.8114351099901037,0.8114351099901037,0.8666666666666667,15,0,-0.1933624813903339,12,1,0.7134867187808541
482458,187585,000000187585.jpg,OBLIQUE,2,15,77975.0,342.9,1,aic_coco_self,rtmdet_ins_tiny,rtmdet_ins_tiny,18,0.7249,0.9239,0.9239,0,0.8178647895406178,0.8178647895406178,0.8666666666666667,15,0,-0.18623418192257324,12,1,0.7169765093747307
483564,468577,000000468577.jpg,FRONT,3,16,22462.5,186.1,1,body7_official,gt_box,gt_box,,,1.0,1.0,0,0.9226477150407782,0.9226477150407782,1.0,15,0,-0.208693469359287,10,1,0.6515320083674263
483564,468577,000000468577.jpg,FRONT,3,16,22462.5,186.1,1,body7_official,rtmdet_ins_tiny,rtmdet_ins_tiny,6,0.7525,0.8802,0.8802,0,0.8615720298726149,0.8615720298726149,1.0,15,0,-0.2069839843953334,10,1,0.6378732481423546
483564,468577,000000468577.jpg,FRONT,3,16,22462.5,186.1,1,body7_self,gt_box,gt_box,,,1.0,1.0,0,0.9226477150407782,0.9226477150407782,1.0,15,0,-0.208693469359287,10,1,0.6515321416013381
483564,468577,000000468577.jpg,FRONT,3,16,22462.5,186.1,1,body7_self,rtmdet_ins_tiny,rtmdet_ins_tiny,6,0.7525,0.8802,0.8802,0,0.8615720298726149,0.8615720298726149,1.0,15,0,-0.2069839843953334,10,1,0.6378731517230763
483564,468577,000000468577.jpg,FRONT,3,16,22462.5,186.1,1,aic_coco_self,gt_box,gt_box,,,1.0,1.0,0,0.8449707183135116,0.8449707183135116,1.0,15,0,-0.24070916172546847,10,1,0.6905906778924605
483564,468577,000000468577.jpg,FRONT,3,16,22462.5,186.1,1,aic_coco_self,rtmdet_ins_tiny,rtmdet_ins_tiny,6,0.7525,0.8802,0.8802,0,0.8610395697724704,0.8610395697724704,1.0,15,0,-0.22684084735616356,10,1,0.6899510218816645
483966,215723,000000215723.jpg,OBLIQUE,2,11,9426.5,125.6,1,body7_official,gt_box,gt_box,,,1.0,1.0,0,0.7685350606459539,0.7685350606459539,0.9090909090909091,11,0,-0.08508542134420799,8,1,0.5450785975245869
483966,215723,000000215723.jpg,OBLIQUE,2,11,9426.5,125.6,1,body7_official,rtmdet_ins_tiny,rtmdet_ins_tiny,5,0.6382,0.8968,0.8968,0,0.764901576590728,0.764901576590728,0.8181818181818182,11,0,-0.08418740450718878,8,1,0.5327342590864967
483966,215723,000000215723.jpg,OBLIQUE,2,11,9426.5,125.6,1,body7_self,gt_box,gt_box,,,1.0,1.0,0,0.7685350606459539,0.7685350606459539,0.9090909090909091,11,0,-0.08508542134420799,8,1,0.5450786737834706
483966,215723,000000215723.jpg,OBLIQUE,2,11,9426.5,125.6,1,body7_self,rtmdet_ins_tiny,rtmdet_ins_tiny,5,0.6382,0.8968,0.8968,0,0.764901576590728,0.764901576590728,0.8181818181818182,11,0,-0.08418740450718878,8,1,0.5327341889633852
483966,215723,000000215723.jpg,OBLIQUE,2,11,9426.5,125.6,1,aic_coco_self,gt_box,gt_box,,,1.0,1.0,0,0.7925880826826177,0.7925880826826177,0.9090909090909091,11,0,-0.0976642313887631,8,1,0.5827079406555962
483966,215723,000000215723.jpg,OBLIQUE,2,11,9426.5,125.6,1,aic_coco_self,rtmdet_ins_tiny,rtmdet_ins_tiny,5,0.6382,0.8968,0.8968,0,0.8021665576839265,0.8021665576839265,0.9090909090909091,11,0,-0.10536466119397231,8,1,0.553728519117131
484218,456662,000000456662.jpg,FRONT,3,17,41379.5,490.3,-1,body7_official,gt_box,gt_box,,,1.0,1.0,0,0.9886734136495687,0.9886734136495687,1.0,17,0,-0.3494976444929935,12,-1,0.9466023199698504
484218,456662,000000456662.jpg,FRONT,3,17,41379.5,490.3,-1,body7_official,rtmdet_ins_tiny,rtmdet_ins_tiny,11,0.7972,0.9637,0.9637,0,0.9891547972530942,0.9891547972530942,1.0,17,0,-0.35060120362280894,12,-1,0.9461052067139569
484218,456662,000000456662.jpg,FRONT,3,17,41379.5,490.3,-1,body7_self,gt_box,gt_box,,,1.0,1.0,0,0.9886734136495687,0.9886734136495687,1.0,17,0,-0.3494976444929935,12,-1,0.9466023375006283
484218,456662,000000456662.jpg,FRONT,3,17,41379.5,490.3,-1,body7_self,rtmdet_ins_tiny,rtmdet_ins_tiny,11,0.7972,0.9637,0.9637,0,0.9891547972530942,0.9891547972530942,1.0,17,0,-0.35060120362280894,12,-1,0.9461052067139569
484218,456662,000000456662.jpg,FRONT,3,17,41379.5,490.3,-1,aic_coco_self,gt_box,gt_box,,,1.0,1.0,0,0.9912064078074503,0.9912064078074503,1.0,17,0,-0.34847881194841523,12,-1,0.9369888831587398
484218,456662,000000456662.jpg,FRONT,3,17,41379.5,490.3,-1,aic_coco_self,rtmdet_ins_tiny,rtmdet_ins_tiny,11,0.7972,0.9637,0.9637,0,0.9921319118372722,0.9921319118372722,1.0,17,0,-0.3493662439585363,12,-1,0.9306748299037709
484854,504589,000000504589.jpg,FRONT,3,15,9094.3,236.5,-1,body7_official,gt_box,gt_box,,,1.0,1.0,0,0.9814047819622604,0.9814047819622604,1.0,14,0,-0.4457334135318344,8,-1,0.9119763900251949
484854,504589,000000504589.jpg,FRONT,3,15,9094.3,236.5,-1,body7_official,rtmdet_ins_tiny,rtmdet_ins_tiny,2,0.8519,0.9622,0.9622,0,0.9827693206956623,0.9827693206956623,1.0,14,0,-0.4485749839558962,8,-1,0.9156356559080236
484854,504589,000000504589.jpg,FRONT,3,15,9094.3,236.5,-1,body7_self,gt_box,gt_box,,,1.0,1.0,0,0.9814047819622604,0.9814047819622604,1.0,14,0,-0.4457334135318344,8,-1,0.9119764040498173
484854,504589,000000504589.jpg,FRONT,3,15,9094.3,236.5,-1,body7_self,rtmdet_ins_tiny,rtmdet_ins_tiny,2,0.8519,0.9622,0.9622,0,0.9827693206956623,0.9827693206956623,1.0,14,0,-0.4485749839558962,8,-1,0.9156355787726009
484854,504589,000000504589.jpg,FRONT,3,15,9094.3,236.5,-1,aic_coco_self,gt_box,gt_box,,,1.0,1.0,0,0.9804914484389249,0.9804914484389249,1.0,14,0,-0.45343167817737484,8,-1,0.8764171565280241
484854,504589,000000504589.jpg,FRONT,3,15,9094.3,236.5,-1,aic_coco_self,rtmdet_ins_tiny,rtmdet_ins_tiny,2,0.8519,0.9622,0.9622,0,0.9808680044565257,0.9808680044565257,1.0,14,0,-0.4503187896458461,8,-1,0.8739320618264815
485858,459195,000000459195.jpg,FRONT,3,17,10518.8,254.7,-1,body7_official,gt_box,gt_box,,,1.0,1.0,0,0.9683493327691496,0.9683493327691496,1.0,17,0,-0.35450368898015283,12,-1,0.8576202041962567
485858,459195,000000459195.jpg,FRONT,3,17,10518.8,254.7,-1,body7_official,rtmdet_ins_tiny,rtmdet_ins_tiny,8,0.9014,0.0000,0.8907,2,9.483236875920858e-05,9.483236875920858e-05,0.0,17,0,-0.0012255371008144111,12,-1,0.8906239236102385
485858,459195,000000459195.jpg,FRONT,3,17,10518.8,254.7,-1,body7_self,gt_box,gt_box,,,1.0,1.0,0,0.9683493327691496,0.9683493327691496,1.0,17,0,-0.35450368898015283,12,-1,0.8576202550355125
485858,459195,000000459195.jpg,FRONT,3,17,10518.8,254.7,-1,body7_self,rtmdet_ins_tiny,rtmdet_ins_tiny,8,0.9014,0.0000,0.8907,2,9.483236875920858e-05,9.483236875920858e-05,0.0,17,0,-0.0012255371008144111,12,-1,0.8906238955609939
485858,459195,000000459195.jpg,FRONT,3,17,10518.8,254.7,-1,aic_coco_self,gt_box,gt_box,,,1.0,1.0,0,0.97411975878488,0.97411975878488,1.0,17,0,-0.3575587550579503,12,-1,0.8568091532763313
485858,459195,000000459195.jpg,FRONT,3,17,10518.8,254.7,-1,aic_coco_self,rtmdet_ins_tiny,rtmdet_ins_tiny,8,0.9014,0.0000,0.8907,2,8.87731358085198e-05,8.87731358085198e-05,0.0,17,0,-0.0008642139330093945,12,-1,0.8919510280384737
487194,457884,000000457884.jpg,FRONT,3,16,6949.2,181.2,-1,body7_official,gt_box,gt_box,,,1.0,1.0,0,0.9412336944408113,0.9412336944408113,1.0,16,0,-0.4206187486302058,12,-1,0.8085257025325999
487194,457884,000000457884.jpg,FRONT,3,16,6949.2,181.2,-1,body7_official,rtmdet_ins_tiny,rtmdet_ins_tiny,16,0.9046,0.9804,0.9804,0,0.9579522360583068,0.9579522360583068,1.0,16,0,-0.426392146108723,12,-1,0.8140366883838878
487194,457884,000000457884.jpg,FRONT,3,16,6949.2,181.2,-1,body7_self,gt_box,gt_box,,,1.0,1.0,0,0.9412336944408113,0.9412336944408113,1.0,16,0,-0.4206187486302058,12,-1,0.8085256394217996
487194,457884,000000457884.jpg,FRONT,3,16,6949.2,181.2,-1,body7_self,rtmdet_ins_tiny,rtmdet_ins_tiny,16,0.9046,0.9804,0.9804,0,0.9579522360583068,0.9579522360583068,1.0,16,0,-0.426392146108723,12,-1,0.8140366743592655
487194,457884,000000457884.jpg,FRONT,3,16,6949.2,181.2,-1,aic_coco_self,gt_box,gt_box,,,1.0,1.0,0,0.9562790602849573,0.9562790602849573,1.0,16,0,-0.42421749908341533,12,-1,0.885835538892185
487194,457884,000000457884.jpg,FRONT,3,16,6949.2,181.2,-1,aic_coco_self,rtmdet_ins_tiny,rtmdet_ins_tiny,16,0.9046,0.9804,0.9804,0,0.9698599672124126,0.9698599672124126,1.0,16,0,-0.4268383142094182,12,-1,0.8739858444999246
487402,108495,000000108495.jpg,FRONT,3,12,62214.1,491.1,-1,body7_official,gt_box,gt_box,,,1.0,1.0,0,0.991435169107835,0.991435169107835,1.0,12,0,-0.3622236916882449,8,-1,0.7989051026456496
487402,108495,000000108495.jpg,FRONT,3,12,62214.1,491.1,-1,body7_official,rtmdet_ins_tiny,rtmdet_ins_tiny,4,0.8880,0.9606,0.9606,0,0.9900345657489084,0.9900345657489084,1.0,12,0,-0.36433145336915446,8,-1,0.7694313666399788
487402,108495,000000108495.jpg,FRONT,3,12,62214.1,491.1,-1,body7_self,gt_box,gt_box,,,1.0,1.0,0,0.991435169107835,0.991435169107835,1.0,12,0,-0.3622236916882449,8,-1,0.7989050465471604
487402,108495,000000108495.jpg,FRONT,3,12,62214.1,491.1,-1,body7_self,rtmdet_ins_tiny,rtmdet_ins_tiny,4,0.8880,0.9606,0.9606,0,0.9900345657489084,0.9900345657489084,1.0,12,0,-0.36433145336915446,8,-1,0.7694314753308016
487402,108495,000000108495.jpg,FRONT,3,12,62214.1,491.1,-1,aic_coco_self,gt_box,gt_box,,,1.0,1.0,0,0.9921458041203007,0.9921458041203007,1.0,12,0,-0.3629321512461287,8,-1,0.7964140860473409
487402,108495,000000108495.jpg,FRONT,3,12,62214.1,491.1,-1,aic_coco_self,rtmdet_ins_tiny,rtmdet_ins_tiny,4,0.8880,0.9606,0.9606,0,0.9877165790546192,0.9877165790546192,1.0,12,0,-0.3581938178965714,8,-1,0.8079551212927875
488308,196141,000000196141.jpg,PROFILE,1,15,2789.0,113.0,-1,body7_official,gt_box,gt_box,,,1.0,1.0,0,0.9332561422691366,0.9332561422691366,1.0,11,0,-0.2960041566646327,8,-1,0.77499959749334
488308,196141,000000196141.jpg,PROFILE,1,15,2789.0,113.0,-1,body7_official,rtmdet_ins_tiny,rtmdet_ins_tiny,43,0.7915,0.7931,0.7931,0,0.936363090761034,0.936363090761034,1.0,11,0,-0.2934216122573942,8,-1,0.7954297977335313
488308,196141,000000196141.jpg,PROFILE,1,15,2789.0,113.0,-1,body7_self,gt_box,gt_box,,,1.0,1.0,0,0.9332561422691366,0.9332561422691366,1.0,11,0,-0.2960041566646327,8,-1,0.7749995589256287
488308,196141,000000196141.jpg,PROFILE,1,15,2789.0,113.0,-1,body7_self,rtmdet_ins_tiny,rtmdet_ins_tiny,43,0.7915,0.7931,0.7931,0,0.936363090761034,0.936363090761034,1.0,11,0,-0.2934216122573942,8,-1,0.7954297065734863
488308,196141,000000196141.jpg,PROFILE,1,15,2789.0,113.0,-1,aic_coco_self,gt_box,gt_box,,,1.0,1.0,0,0.9653306855242275,0.9653306855242275,1.0,11,0,-0.30266566916655563,8,-1,0.8088019665549783
488308,196141,000000196141.jpg,PROFILE,1,15,2789.0,113.0,-1,aic_coco_self,rtmdet_ins_tiny,rtmdet_ins_tiny,43,0.7915,0.7931,0.7931,0,0.9487329251559623,0.9487329251559623,1.0,11,0,-0.29917132705688165,8,-1,0.8404352840255288
488712,404922,000000404922.jpg,REAR,0,14,30539.2,439.3,1,body7_official,gt_box,gt_box,,,1.0,1.0,0,0.9801218646418959,0.9801218646418959,1.0,11,0,-0.30641651249361906,8,1,0.8216214109869564
488712,404922,000000404922.jpg,REAR,0,14,30539.2,439.3,1,body7_official,rtmdet_ins_tiny,rtmdet_ins_tiny,17,0.9117,0.9362,0.9362,0,0.972317291070263,0.972317291070263,1.0,11,0,-0.2993234392094678,8,1,0.8279396050116595
488712,404922,000000404922.jpg,REAR,0,14,30539.2,439.3,1,body7_self,gt_box,gt_box,,,1.0,1.0,0,0.9801218646418959,0.9801218646418959,1.0,11,0,-0.30641651249361906,8,1,0.8216213759254006
488712,404922,000000404922.jpg,REAR,0,14,30539.2,439.3,1,body7_self,rtmdet_ins_tiny,rtmdet_ins_tiny,17,0.9117,0.9362,0.9362,0,0.972317291070263,0.972317291070263,1.0,11,0,-0.2993234392094678,8,1,0.8279396400732153
488712,404922,000000404922.jpg,REAR,0,14,30539.2,439.3,1,aic_coco_self,gt_box,gt_box,,,1.0,1.0,0,0.9829489745042398,0.9829489745042398,1.0,11,0,-0.30306300053229535,8,1,0.8500621844740475
488712,404922,000000404922.jpg,REAR,0,14,30539.2,439.3,1,aic_coco_self,rtmdet_ins_tiny,rtmdet_ins_tiny,17,0.9117,0.9362,0.9362,0,0.9782253213821339,0.9782253213821339,1.0,11,0,-0.3004127178954884,8,1,0.8640973848455092
490428,384670,000000384670.jpg,OBLIQUE,2,15,6850.0,113.2,-1,body7_official,gt_box,gt_box,,,1.0,1.0,0,0.9715647854340475,0.9715647854340475,1.0,14,0,-0.1350504422781075,10,-1,0.7705036506933325
490428,384670,000000384670.jpg,OBLIQUE,2,15,6850.0,113.2,-1,body7_official,rtmdet_ins_tiny,rtmdet_ins_tiny,11,0.5579,0.9610,0.9610,0,0.96953773306864,0.96953773306864,1.0,14,0,-0.13655682471089617,10,-1,0.7736611681825974
490428,384670,000000384670.jpg,OBLIQUE,2,15,6850.0,113.2,-1,body7_self,gt_box,gt_box,,,1.0,1.0,0,0.9715647854340475,0.9715647854340475,1.0,14,0,-0.1350504422781075,10,-1,0.7705036173848545
490428,384670,000000384670.jpg,OBLIQUE,2,15,6850.0,113.2,-1,body7_self,rtmdet_ins_tiny,rtmdet_ins_tiny,11,0.5579,0.9610,0.9610,0,0.96953773306864,0.96953773306864,1.0,14,0,-0.13655682471089617,10,-1,0.7736611787010642
490428,384670,000000384670.jpg,OBLIQUE,2,15,6850.0,113.2,-1,aic_coco_self,gt_box,gt_box,,,1.0,1.0,0,0.9648708490222325,0.9648708490222325,1.0,14,0,-0.1297060943504471,10,-1,0.7855463518815882
490428,384670,000000384670.jpg,OBLIQUE,2,15,6850.0,113.2,-1,aic_coco_self,rtmdet_ins_tiny,rtmdet_ins_tiny,11,0.5579,0.9610,0.9610,0,0.9658641120100473,0.9658641120100473,1.0,14,0,-0.13120278810480274,10,-1,0.7893691623912138
490947,391140,000000391140.jpg,FRONT,3,12,75139.3,386.2,-1,body7_official,gt_box,gt_box,,,1.0,1.0,0,0.9815144693014094,0.9815144693014094,1.0,12,0,-0.752255738120107,8,-1,0.7258468296597985
490947,391140,000000391140.jpg,FRONT,3,12,75139.3,386.2,-1,body7_official,rtmdet_ins_tiny,rtmdet_ins_tiny,7,0.9001,0.9083,0.9083,0,0.9819924906324355,0.9819924906324355,1.0,12,0,-0.7521998647272792,8,-1,0.7292541896595675
490947,391140,000000391140.jpg,FRONT,3,12,75139.3,386.2,-1,body7_self,gt_box,gt_box,,,1.0,1.0,0,0.9815144693014094,0.9815144693014094,1.0,12,0,-0.752255738120107,8,-1,0.7258468235240263
490947,391140,000000391140.jpg,FRONT,3,12,75139.3,386.2,-1,body7_self,rtmdet_ins_tiny,rtmdet_ins_tiny,7,0.9001,0.9083,0.9083,0,0.9819924906324355,0.9819924906324355,1.0,12,0,-0.7521998647272792,8,-1,0.7292540686972001
490947,391140,000000391140.jpg,FRONT,3,12,75139.3,386.2,-1,aic_coco_self,gt_box,gt_box,,,1.0,1.0,0,0.983011345775909,0.983011345775909,1.0,12,0,-0.7562033389733118,8,-1,0.7070565775913351
490947,391140,000000391140.jpg,FRONT,3,12,75139.3,386.2,-1,aic_coco_self,rtmdet_ins_tiny,rtmdet_ins_tiny,7,0.9001,0.9083,0.9083,0,0.9822007613717073,0.9822007613717073,1.0,12,0,-0.7554014981794911,8,-1,0.70804164602476
491422,158227,000000158227.jpg,FRONT,3,12,50266.7,342.5,-1,body7_official,gt_box,gt_box,,,1.0,1.0,0,0.9650442218438148,0.9650442218438148,1.0,12,0,-0.27825395043569723,8,-1,0.6410474496729234
491422,158227,000000158227.jpg,FRONT,3,12,50266.7,342.5,-1,body7_official,rtmdet_ins_tiny,rtmdet_ins_tiny,5,0.8730,0.9582,0.9582,0,0.9667109829552119,0.9667109829552119,1.0,12,0,-0.27707912715250804,8,-1,0.6502267525476568
491422,158227,000000158227.jpg,FRONT,3,12,50266.7,342.5,-1,body7_self,gt_box,gt_box,,,1.0,1.0,0,0.9650442218438148,0.9650442218438148,1.0,12,0,-0.27825395043569723,8,-1,0.6410474812283236
491422,158227,000000158227.jpg,FRONT,3,12,50266.7,342.5,-1,body7_self,rtmdet_ins_tiny,rtmdet_ins_tiny,5,0.8730,0.9582,0.9582,0,0.9667109829552119,0.9667109829552119,1.0,12,0,-0.27707912715250804,8,-1,0.6502267166095621
491422,158227,000000158227.jpg,FRONT,3,12,50266.7,342.5,-1,aic_coco_self,gt_box,gt_box,,,1.0,1.0,0,0.9785366612545192,0.9785366612545192,1.0,12,0,-0.2714646698905647,8,-1,0.636827818611089
491422,158227,000000158227.jpg,FRONT,3,12,50266.7,342.5,-1,aic_coco_self,rtmdet_ins_tiny,rtmdet_ins_tiny,5,0.8730,0.9582,0.9582,0,0.9743802517179357,0.9743802517179357,1.0,12,0,-0.27351094834592693,8,-1,0.6385666316046434
492474,36539,000000036539.jpg,REAR,0,12,2503.3,100.1,1,body7_official,gt_box,gt_box,,,1.0,1.0,0,0.910112410106134,0.910112410106134,1.0,9,0,-0.1894576972805414,8,1,0.704627967932645
492474,36539,000000036539.jpg,REAR,0,12,2503.3,100.1,1,body7_official,rtmdet_ins_tiny,rtmdet_ins_tiny,22,0.8296,0.7515,0.7515,0,0.9281374988367705,0.9281374988367705,1.0,9,0,-0.19153102024610835,8,1,0.7269761106547188
492474,36539,000000036539.jpg,REAR,0,12,2503.3,100.1,1,body7_self,gt_box,gt_box,,,1.0,1.0,0,0.910112410106134,0.910112410106134,1.0,9,0,-0.1894576972805414,8,1,0.7046279802041895
492474,36539,000000036539.jpg,REAR,0,12,2503.3,100.1,1,body7_self,rtmdet_ins_tiny,rtmdet_ins_tiny,22,0.8296,0.7515,0.7515,0,0.9281374988367705,0.9281374988367705,1.0,9,0,-0.19153102024610835,8,1,0.7269761106547188
492474,36539,000000036539.jpg,REAR,0,12,2503.3,100.1,1,aic_coco_self,gt_box,gt_box,,,1.0,1.0,0,0.9279510750127368,0.9279510750127368,1.0,9,0,-0.19671876575443661,8,1,0.7532644447158364
492474,36539,000000036539.jpg,REAR,0,12,2503.3,100.1,1,aic_coco_self,rtmdet_ins_tiny,rtmdet_ins_tiny,22,0.8296,0.7515,0.7515,0,0.9207174472217403,0.9207174472217403,1.0,9,0,-0.19456358107585126,8,1,0.7735192460172317
492789,379332,000000379332.jpg,OBLIQUE,2,9,9267.6,180.9,1,body7_official,gt_box,gt_box,,,1.0,1.0,0,0.9723108558690076,0.9723108558690076,1.0,8,0,-0.2377730063279829,4,1,0.5895473781753989
492789,379332,000000379332.jpg,OBLIQUE,2,9,9267.6,180.9,1,body7_official,rtmdet_ins_tiny,rtmdet_ins_tiny,20,0.6700,0.9106,0.9106,0,0.9598095811966137,0.9598095811966137,1.0,8,0,-0.23928271968993348,4,1,0.6105603821137372
492789,379332,000000379332.jpg,OBLIQUE,2,9,9267.6,180.9,1,body7_self,gt_box,gt_box,,,1.0,1.0,0,0.9723108558690076,0.9723108558690076,1.0,8,0,-0.2377730063279829,4,1,0.5895473659038544
492789,379332,000000379332.jpg,OBLIQUE,2,9,9267.6,180.9,1,body7_self,rtmdet_ins_tiny,rtmdet_ins_tiny,20,0.6700,0.9106,0.9106,0,0.9598095811966137,0.9598095811966137,1.0,8,0,-0.23928271968993348,4,1,0.6105603978914373
492789,379332,000000379332.jpg,OBLIQUE,2,9,9267.6,180.9,1,aic_coco_self,gt_box,gt_box,,,1.0,1.0,0,0.9647148113690216,0.9647148113690216,1.0,8,0,-0.2357006838381714,4,1,0.6007553076042849
492789,379332,000000379332.jpg,OBLIQUE,2,9,9267.6,180.9,1,aic_coco_self,rtmdet_ins_tiny,rtmdet_ins_tiny,20,0.6700,0.9106,0.9106,0,0.9673107292355958,0.9673107292355958,1.0,8,0,-0.23870559878082137,4,1,0.6014764151152443
493371,402118,000000402118.jpg,OBLIQUE,2,14,33626.5,245.7,-1,body7_official,gt_box,gt_box,,,1.0,1.0,0,0.954697002711116,0.954697002711116,1.0,14,0,-0.6150835389883652,12,-1,0.8047000099630917
493371,402118,000000402118.jpg,OBLIQUE,2,14,33626.5,245.7,-1,body7_official,rtmdet_ins_tiny,rtmdet_ins_tiny,3,0.8683,0.9597,0.9597,0,0.9346562719569588,0.9346562719569588,1.0,14,0,-0.6142181330632142,12,-1,0.7980341350331026
493371,402118,000000402118.jpg,OBLIQUE,2,14,33626.5,245.7,-1,body7_self,gt_box,gt_box,,,1.0,1.0,0,0.954697002711116,0.954697002711116,1.0,14,0,-0.6150835389883652,12,-1,0.8046999188030467
493371,402118,000000402118.jpg,OBLIQUE,2,14,33626.5,245.7,-1,body7_self,rtmdet_ins_tiny,rtmdet_ins_tiny,3,0.8683,0.9597,0.9597,0,0.9346562719569588,0.9346562719569588,1.0,14,0,-0.6142181330632142,12,-1,0.798034296316259
493371,402118,000000402118.jpg,OBLIQUE,2,14,33626.5,245.7,-1,aic_coco_self,gt_box,gt_box,,,1.0,1.0,0,0.9381563302117825,0.9381563302117825,1.0,14,0,-0.615579995906096,12,-1,0.8253060754607705
493371,402118,000000402118.jpg,OBLIQUE,2,14,33626.5,245.7,-1,aic_coco_self,rtmdet_ins_tiny,rtmdet_ins_tiny,3,0.8683,0.9597,0.9597,0,0.9454473432649586,0.9454473432649586,1.0,14,0,-0.617667345386534,12,-1,0.8260765636668486
494036,54164,000000054164.jpg,FRONT,3,16,12867.3,238.8,-1,body7_official,gt_box,gt_box,,,1.0,1.0,0,0.9796322802958157,0.9796322802958157,1.0,16,0,-0.47457856592521586,12,-1,0.8670917889651131
494036,54164,000000054164.jpg,FRONT,3,16,12867.3,238.8,-1,body7_official,rtmdet_ins_tiny,rtmdet_ins_tiny,2,0.9130,0.9364,0.9364,0,0.9761462146392432,0.9761462146392432,1.0,16,0,-0.4722203276949586,12,-1,0.8681145801263697
494036,54164,000000054164.jpg,FRONT,3,16,12867.3,238.8,-1,body7_self,gt_box,gt_box,,,1.0,1.0,0,0.9796322802958157,0.9796322802958157,1.0,16,0,-0.47457856592521586,12,-1,0.8670917889651131
494036,54164,000000054164.jpg,FRONT,3,16,12867.3,238.8,-1,body7_self,rtmdet_ins_tiny,rtmdet_ins_tiny,2,0.9130,0.9364,0.9364,0,0.9761462146392432,0.9761462146392432,1.0,16,0,-0.4722203276949586,12,-1,0.8681145661017474
494036,54164,000000054164.jpg,FRONT,3,16,12867.3,238.8,-1,aic_coco_self,gt_box,gt_box,,,1.0,1.0,0,0.9820161830939218,0.9820161830939218,1.0,16,0,-0.47991634453356286,12,-1,0.9044811690554899
494036,54164,000000054164.jpg,FRONT,3,16,12867.3,238.8,-1,aic_coco_self,rtmdet_ins_tiny,rtmdet_ins_tiny,2,0.9130,0.9364,0.9364,0,0.9832124063649771,0.9832124063649771,1.0,16,0,-0.48196694103821114,12,-1,0.9060696293325985
494456,458325,000000458325.jpg,REAR,0,14,7185.5,199.5,1,body7_official,gt_box,gt_box,,,1.0,1.0,0,0.9820499079680987,0.9820499079680987,1.0,13,0,-0.3084448284262801,12,1,0.7774393698748421
494456,458325,000000458325.jpg,REAR,0,14,7185.5,199.5,1,body7_official,rtmdet_ins_tiny,rtmdet_ins_tiny,31,0.9113,0.8539,0.8539,0,0.9769183939064698,0.9769183939064698,1.0,13,0,-0.31060157488783485,12,1,0.759247667649213
494456,458325,000000458325.jpg,REAR,0,14,7185.5,199.5,1,body7_self,gt_box,gt_box,,,1.0,1.0,0,0.9820499079680987,0.9820499079680987,1.0,13,0,-0.3084448284262801,12,1,0.7774393050109639
494456,458325,000000458325.jpg,REAR,0,14,7185.5,199.5,1,body7_self,rtmdet_ins_tiny,rtmdet_ins_tiny,31,0.9113,0.8539,0.8539,0,0.9769183939064698,0.9769183939064698,1.0,13,0,-0.31060157488783485,12,1,0.7592476746615242
494456,458325,000000458325.jpg,REAR,0,14,7185.5,199.5,1,aic_coco_self,gt_box,gt_box,,,1.0,1.0,0,0.9755960670721338,0.9755960670721338,1.0,13,0,-0.3078951577493273,12,1,0.8131096959114075
494456,458325,000000458325.jpg,REAR,0,14,7185.5,199.5,1,aic_coco_self,rtmdet_ins_tiny,rtmdet_ins_tiny,31,0.9113,0.8539,0.8539,0,0.9692758294226114,0.9692758294226114,1.0,13,0,-0.3072593802626426,12,1,0.8090844224481022
495154,71877,000000071877.jpg,OBLIQUE,2,15,23804.1,274.1,-1,body7_official,gt_box,gt_box,,,1.0,1.0,0,0.9635710593797007,0.9635710593797007,1.0,15,0,-0.4889378791518297,12,-1,0.8457953859778011
495154,71877,000000071877.jpg,OBLIQUE,2,15,23804.1,274.1,-1,body7_official,rtmdet_ins_tiny,rtmdet_ins_tiny,59,0.8952,0.9405,0.9405,0,0.9614123032483662,0.9614123032483662,1.0,15,0,-0.49009759684349674,12,-1,0.855965116444756
495154,71877,000000071877.jpg,OBLIQUE,2,15,23804.1,274.1,-1,body7_self,gt_box,gt_box,,,1.0,1.0,0,0.9635710593797007,0.9635710593797007,1.0,15,0,-0.4889378791518297,12,-1,0.8457953298793119
495154,71877,000000071877.jpg,OBLIQUE,2,15,23804.1,274.1,-1,body7_self,rtmdet_ins_tiny,rtmdet_ins_tiny,59,0.8952,0.9405,0.9405,0,0.9614123032483662,0.9614123032483662,1.0,15,0,-0.49009759684349674,12,-1,0.8559650007416221
495154,71877,000000071877.jpg,OBLIQUE,2,15,23804.1,274.1,-1,aic_coco_self,gt_box,gt_box,,,1.0,1.0,0,0.9642884124463844,0.9642884124463844,1.0,15,0,-0.48628104204922773,12,-1,0.8351506976520314
495154,71877,000000071877.jpg,OBLIQUE,2,15,23804.1,274.1,-1,aic_coco_self,rtmdet_ins_tiny,rtmdet_ins_tiny,59,0.8952,0.9405,0.9405,0,0.9609464347499362,0.9609464347499362,1.0,15,0,-0.48690155918078853,12,-1,0.841690694584566
495624,252219,000000252219.jpg,PROFILE,1,15,11337.3,215.8,-1,body7_official,gt_box,gt_box,,,1.0,1.0,0,0.9545718973898004,0.9545718973898004,1.0,14,0,-0.22980642227791775,12,-1,0.7853347694172579
495624,252219,000000252219.jpg,PROFILE,1,15,11337.3,215.8,-1,body7_official,rtmdet_ins_tiny,rtmdet_ins_tiny,15,0.9169,0.9478,0.9478,0,0.9569961643285623,0.9569961643285623,1.0,14,0,-0.23546744938969325,12,-1,0.7952362281434676
495624,252219,000000252219.jpg,PROFILE,1,15,11337.3,215.8,-1,body7_self,gt_box,gt_box,,,1.0,1.0,0,0.9545718973898004,0.9545718973898004,1.0,14,0,-0.22980642227791775,12,-1,0.7853349026511697
495624,252219,000000252219.jpg,PROFILE,1,15,11337.3,215.8,-1,body7_self,rtmdet_ins_tiny,rtmdet_ins_tiny,15,0.9169,0.9478,0.9478,0,0.9569961643285623,0.9569961643285623,1.0,14,0,-0.23546744938969325,12,-1,0.795236208859612
495624,252219,000000252219.jpg,PROFILE,1,15,11337.3,215.8,-1,aic_coco_self,gt_box,gt_box,,,1.0,1.0,0,0.9051445086131764,0.9051445086131764,0.9285714285714286,14,0,-0.2320527253379765,12,-1,0.7764479044605704
495624,252219,000000252219.jpg,PROFILE,1,15,11337.3,215.8,-1,aic_coco_self,rtmdet_ins_tiny,rtmdet_ins_tiny,15,0.9169,0.9478,0.9478,0,0.9025290763845248,0.9025290763845248,0.9285714285714286,14,0,-0.2313110082165233,12,-1,0.7686313495916479
496537,561958,000000561958.jpg,REAR,0,10,3044.4,122.2,1,body7_official,gt_box,gt_box,,,1.0,1.0,0,0.984296084145825,0.984296084145825,1.0,10,0,-0.12050062880396564,8,1,0.6509630715145784
496537,561958,000000561958.jpg,REAR,0,10,3044.4,122.2,1,body7_official,rtmdet_ins_tiny,rtmdet_ins_tiny,63,0.7612,0.9127,0.9127,0,0.9806973167180109,0.9806973167180109,1.0,10,0,-0.11487038905922503,8,1,0.6456201567369348
496537,561958,000000561958.jpg,REAR,0,10,3044.4,122.2,1,body7_self,gt_box,gt_box,,,1.0,1.0,0,0.984296084145825,0.984296084145825,1.0,10,0,-0.12050062880396564,8,1,0.6509630487245672
496537,561958,000000561958.jpg,REAR,0,10,3044.4,122.2,1,body7_self,rtmdet_ins_tiny,rtmdet_ins_tiny,63,0.7612,0.9127,0.9127,0,0.9806973167180109,0.9806973167180109,1.0,10,0,-0.11487038905922503,8,1,0.6456201321938458
496537,561958,000000561958.jpg,REAR,0,10,3044.4,122.2,1,aic_coco_self,gt_box,gt_box,,,1.0,1.0,0,0.9759290592572712,0.9759290592572712,1.0,10,0,-0.11274997690647731,8,1,0.6620886378428515
496537,561958,000000561958.jpg,REAR,0,10,3044.4,122.2,1,aic_coco_self,rtmdet_ins_tiny,rtmdet_ins_tiny,63,0.7612,0.9127,0.9127,0,0.9787112365433253,0.9787112365433253,1.0,10,0,-0.11266680227919293,8,1,0.655067759401658
497741,442306,000000442306.jpg,FRONT,3,16,44533.7,456.6,-1,body7_official,gt_box,gt_box,,,1.0,1.0,0,0.9888748716778499,0.9888748716778499,1.0,16,0,-0.37352712635167945,12,-1,0.8466919520322014
497741,442306,000000442306.jpg,FRONT,3,16,44533.7,456.6,-1,body7_official,rtmdet_ins_tiny,rtmdet_ins_tiny,6,0.8899,0.9270,0.9270,0,0.9810785140164868,0.9810785140164868,1.0,16,0,-0.3722362181468722,12,-1,0.8442980892517987
497741,442306,000000442306.jpg,FRONT,3,16,44533.7,456.6,-1,body7_self,gt_box,gt_box,,,1.0,1.0,0,0.9888748716778499,0.9888748716778499,1.0,16,0,-0.37352712635167945,12,-1,0.8466918959337122
497741,442306,000000442306.jpg,FRONT,3,16,44533.7,456.6,-1,body7_self,rtmdet_ins_tiny,rtmdet_ins_tiny,6,0.8899,0.9270,0.9270,0,0.9810785140164868,0.9810785140164868,1.0,16,0,-0.3722362181468722,12,-1,0.8442980401656207
497741,442306,000000442306.jpg,FRONT,3,16,44533.7,456.6,-1,aic_coco_self,gt_box,gt_box,,,1.0,1.0,0,0.982966983958071,0.982966983958071,1.0,16,0,-0.36744742625237836,12,-1,0.8670991834472207
497741,442306,000000442306.jpg,FRONT,3,16,44533.7,456.6,-1,aic_coco_self,rtmdet_ins_tiny,rtmdet_ins_tiny,6,0.8899,0.9270,0.9270,0,0.981295522104488,0.981295522104488,1.0,16,0,-0.36711478300231903,12,-1,0.8729050334762124
498540,562207,000000562207.jpg,FRONT,3,17,9717.2,231.9,-1,body7_official,gt_box,gt_box,,,1.0,1.0,0,0.9867222818885515,0.9867222818885515,1.0,16,0,-0.22007802690001846,10,-1,0.8892516143181745
498540,562207,000000562207.jpg,FRONT,3,17,9717.2,231.9,-1,body7_official,rtmdet_ins_tiny,rtmdet_ins_tiny,6,0.8886,0.8664,0.8664,0,0.9810368240216917,0.9810368240216917,1.0,16,0,-0.21999923461338222,10,-1,0.8967560003785526
498540,562207,000000562207.jpg,FRONT,3,17,9717.2,231.9,-1,body7_self,gt_box,gt_box,,,1.0,1.0,0,0.9867222818885515,0.9867222818885515,1.0,16,0,-0.22007802690001846,10,-1,0.8892516634043526
498540,562207,000000562207.jpg,FRONT,3,17,9717.2,231.9,-1,body7_self,rtmdet_ins_tiny,rtmdet_ins_tiny,6,0.8886,0.8664,0.8664,0,0.9810368240216917,0.9810368240216917,1.0,16,0,-0.21999923461338222,10,-1,0.8967560599831974
498540,562207,000000562207.jpg,FRONT,3,17,9717.2,231.9,-1,aic_coco_self,gt_box,gt_box,,,1.0,1.0,0,0.9899875669101089,0.9899875669101089,1.0,16,0,-0.22097561327962995,10,-1,0.9055058500346016
498540,562207,000000562207.jpg,FRONT,3,17,9717.2,231.9,-1,aic_coco_self,rtmdet_ins_tiny,rtmdet_ins_tiny,6,0.8886,0.8664,0.8664,0,0.9871827986549129,0.9871827986549129,1.0,16,0,-0.2148957435131807,10,-1,0.9161292279467863
500170,97278,000000097278.jpg,FRONT,3,16,68918.2,499.1,-1,body7_official,gt_box,gt_box,,,1.0,1.0,0,0.9867569529695426,0.9867569529695426,1.0,16,0,-0.4950722932059915,12,-1,0.8979796101065243
500170,97278,000000097278.jpg,FRONT,3,16,68918.2,499.1,-1,body7_official,rtmdet_ins_tiny,rtmdet_ins_tiny,4,0.9282,0.9732,0.9732,0,0.9874844625798488,0.9874844625798488,1.0,16,0,-0.49681708282240855,12,-1,0.8936980822507072
500170,97278,000000097278.jpg,FRONT,3,16,68918.2,499.1,-1,body7_self,gt_box,gt_box,,,1.0,1.0,0,0.9867569529695426,0.9867569529695426,1.0,16,0,-0.4950722932059915,12,-1,0.8979796486742356
500170,97278,000000097278.jpg,FRONT,3,16,68918.2,499.1,-1,body7_self,rtmdet_ins_tiny,rtmdet_ins_tiny,4,0.9282,0.9732,0.9732,0,0.9874844625798488,0.9874844625798488,1.0,16,0,-0.49681708282240855,12,-1,0.893697952522951
500170,97278,000000097278.jpg,FRONT,3,16,68918.2,499.1,-1,aic_coco_self,gt_box,gt_box,,,1.0,1.0,0,0.9875995495982175,0.9875995495982175,1.0,16,0,-0.4937038320596484,12,-1,0.9069648385047913
500170,97278,000000097278.jpg,FRONT,3,16,68918.2,499.1,-1,aic_coco_self,rtmdet_ins_tiny,rtmdet_ins_tiny,4,0.9282,0.9732,0.9732,0,0.9872509653739074,0.9872509653739074,1.0,16,0,-0.49454557639760643,12,-1,0.9077930134885451
501035,382009,000000382009.jpg,FRONT,3,15,49331.1,409.1,-1,body7_official,gt_box,gt_box,,,1.0,1.0,0,0.9809500089606827,0.9809500089606827,1.0,15,0,-0.2953127203197441,10,-1,0.7950213262263466
501035,382009,000000382009.jpg,FRONT,3,15,49331.1,409.1,-1,body7_official,rtmdet_ins_tiny,rtmdet_ins_tiny,11,0.8482,0.9390,0.9390,0,0.9799956091788011,0.9799956091788011,1.0,15,0,-0.29144501411967283,10,-1,0.7911487887887394
501035,382009,000000382009.jpg,FRONT,3,15,49331.1,409.1,-1,body7_self,gt_box,gt_box,,,1.0,1.0,0,0.9809500089606827,0.9809500089606827,1.0,15,0,-0.2953127203197441,10,-1,0.7950213577817468
501035,382009,000000382009.jpg,FRONT,3,15,49331.1,409.1,-1,body7_self,rtmdet_ins_tiny,rtmdet_ins_tiny,11,0.8482,0.9390,0.9390,0,0.9799956091788011,0.9799956091788011,1.0,15,0,-0.29144501411967283,10,-1,0.7911487300606335
501035,382009,000000382009.jpg,FRONT,3,15,49331.1,409.1,-1,aic_coco_self,gt_box,gt_box,,,1.0,1.0,0,0.9817373196191951,0.9817373196191951,1.0,15,0,-0.29411334810640244,10,-1,0.8176561664132511
501035,382009,000000382009.jpg,FRONT,3,15,49331.1,409.1,-1,aic_coco_self,rtmdet_ins_tiny,rtmdet_ins_tiny,11,0.8482,0.9390,0.9390,0,0.9799231567916898,0.9799231567916898,1.0,15,0,-0.29087809905188855,10,-1,0.8068049935733571
501335,88848,000000088848.jpg,FRONT,3,13,13785.7,260.3,-1,body7_official,gt_box,gt_box,,,1.0,1.0,0,0.8414206812839234,0.8414206812839234,0.75,12,0,-0.026079211922437145,6,-1,0.7819666021010455
501335,88848,000000088848.jpg,FRONT,3,13,13785.7,260.3,-1,body7_official,rtmdet_ins_tiny,rtmdet_ins_tiny,9,0.8472,0.8471,0.8471,0,0.8335910269520492,0.8335910269520492,0.75,12,0,-0.026573746214551747,6,-1,0.7628112330156214
501335,88848,000000088848.jpg,FRONT,3,13,13785.7,260.3,-1,body7_self,gt_box,gt_box,,,1.0,1.0,0,0.8414206812839234,0.8414206812839234,0.75,12,0,-0.026079211922437145,6,-1,0.781966556521023
501335,88848,000000088848.jpg,FRONT,3,13,13785.7,260.3,-1,body7_self,rtmdet_ins_tiny,rtmdet_ins_tiny,9,0.8472,0.8471,0.8471,0,0.8335910269520492,0.8335910269520492,0.75,12,0,-0.026573746214551747,6,-1,0.7628112540525549
501335,88848,000000088848.jpg,FRONT,3,13,13785.7,260.3,-1,aic_coco_self,gt_box,gt_box,,,1.0,1.0,0,0.8418499844894787,0.8418499844894787,0.75,12,0,-0.025607624396249196,6,-1,0.7622703313827515
501335,88848,000000088848.jpg,FRONT,3,13,13785.7,260.3,-1,aic_coco_self,rtmdet_ins_tiny,rtmdet_ins_tiny,9,0.8472,0.8471,0.8471,0,0.8365504598362884,0.8365504598362884,0.75,12,0,-0.027692813632160307,6,-1,0.7654649299733779
502094,504415,000000504415.jpg,OBLIQUE,2,13,7239.0,156.4,1,body7_official,gt_box,gt_box,,,1.0,1.0,0,0.9579147942779411,0.9579147942779411,1.0,13,0,-0.2646470283450989,8,1,0.7435489524813259
502094,504415,000000504415.jpg,OBLIQUE,2,13,7239.0,156.4,1,body7_official,rtmdet_ins_tiny,rtmdet_ins_tiny,17,0.8883,0.8644,0.8644,0,0.9710560532207683,0.9710560532207683,1.0,13,0,-0.26519277591624274,8,1,0.7466984741828021
502094,504415,000000504415.jpg,OBLIQUE,2,13,7239.0,156.4,1,body7_self,gt_box,gt_box,,,1.0,1.0,0,0.9579147942779411,0.9579147942779411,1.0,13,0,-0.2646470283450989,8,1,0.7435489069013035
502094,504415,000000504415.jpg,OBLIQUE,2,13,7239.0,156.4,1,body7_self,rtmdet_ins_tiny,rtmdet_ins_tiny,17,0.8883,0.8644,0.8644,0,0.9710560532207683,0.9710560532207683,1.0,13,0,-0.26519277591624274,8,1,0.7466984128250795
502094,504415,000000504415.jpg,OBLIQUE,2,13,7239.0,156.4,1,aic_coco_self,gt_box,gt_box,,,1.0,1.0,0,0.9731904016435735,0.9731904016435735,1.0,13,0,-0.26842203619822147,8,1,0.8202738411286298
502094,504415,000000504415.jpg,OBLIQUE,2,13,7239.0,156.4,1,aic_coco_self,rtmdet_ins_tiny,rtmdet_ins_tiny,17,0.8883,0.8644,0.8644,0,0.9849758898786456,0.9849758898786456,1.0,13,0,-0.26091272788180625,8,1,0.8146550444995656
502588,273493,000000273493.jpg,REAR,0,12,2871.0,125.0,1,body7_official,gt_box,gt_box,,,1.0,1.0,0,0.9576593990699936,0.9576593990699936,1.0,11,0,-0.2501340770699054,6,1,0.7378704355043524
502588,273493,000000273493.jpg,REAR,0,12,2871.0,125.0,1,body7_official,rtmdet_ins_tiny,rtmdet_ins_tiny,5,0.9077,0.9693,0.9693,0,0.956143657157774,0.956143657157774,1.0,11,0,-0.25195576968189315,6,1,0.7265657905270072
502588,273493,000000273493.jpg,REAR,0,12,2871.0,125.0,1,body7_self,gt_box,gt_box,,,1.0,1.0,0,0.9576593990699936,0.9576593990699936,1.0,11,0,-0.2501340770699054,6,1,0.7378704021958744
502588,273493,000000273493.jpg,REAR,0,12,2871.0,125.0,1,body7_self,rtmdet_ins_tiny,rtmdet_ins_tiny,5,0.9077,0.9693,0.9693,0,0.956143657157774,0.956143657157774,1.0,11,0,-0.25195576968189315,6,1,0.7265657642308403
502588,273493,000000273493.jpg,REAR,0,12,2871.0,125.0,1,aic_coco_self,gt_box,gt_box,,,1.0,1.0,0,0.9524991767252691,0.9524991767252691,1.0,11,0,-0.2536295712205931,6,1,0.7480499867130729
502588,273493,000000273493.jpg,REAR,0,12,2871.0,125.0,1,aic_coco_self,rtmdet_ins_tiny,rtmdet_ins_tiny,5,0.9077,0.9693,0.9693,0,0.9487575342999581,0.9487575342999581,1.0,11,0,-0.24930680224057183,6,1,0.7341018284068388
502907,319369,000000319369.jpg,REAR,0,12,4320.3,161.2,1,body7_official,gt_box,gt_box,,,1.0,1.0,0,0.9114290914401416,0.9114290914401416,1.0,9,0,-0.2907765231808336,6,1,0.6422773582093856
502907,319369,000000319369.jpg,REAR,0,12,4320.3,161.2,1,body7_official,rtmdet_ins_tiny,rtmdet_ins_tiny,30,0.8079,0.0024,0.7954,1,0.0021976405063993763,0.0021976405063993763,0.0,9,0,-0.006844746881148556,6,1,0.7275283196393181
502907,319369,000000319369.jpg,REAR,0,12,4320.3,161.2,1,body7_self,gt_box,gt_box,,,1.0,1.0,0,0.9114290914401416,0.9114290914401416,1.0,9,0,-0.2907765231808336,6,1,0.6422772407531738
502907,319369,000000319369.jpg,REAR,0,12,4320.3,161.2,1,body7_self,rtmdet_ins_tiny,rtmdet_ins_tiny,30,0.8079,0.0024,0.7954,1,0.0021976405063993763,0.0021976405063993763,0.0,9,0,-0.006844746881148556,6,1,0.7275283389231738
502907,319369,000000319369.jpg,REAR,0,12,4320.3,161.2,1,aic_coco_self,gt_box,gt_box,,,1.0,1.0,0,0.9056185187967886,0.9056185187967886,1.0,9,0,-0.2832760698474383,6,1,0.6783071335624246
502907,319369,000000319369.jpg,REAR,0,12,4320.3,161.2,1,aic_coco_self,rtmdet_ins_tiny,rtmdet_ins_tiny,30,0.8079,0.0024,0.7954,1,0.002684676930031887,0.002684676930031887,0.0,9,0,-0.007250967191401947,6,1,0.7593581921914044
504669,448263,000000448263.jpg,OBLIQUE,2,15,7290.5,212.0,-1,body7_official,gt_box,gt_box,,,1.0,1.0,0,0.9718503723211638,0.9718503723211638,1.0,15,0,-0.11109774167174583,12,-1,0.8339845012216007
504669,448263,000000448263.jpg,OBLIQUE,2,15,7290.5,212.0,-1,body7_official,rtmdet_ins_tiny,rtmdet_ins_tiny,86,0.6804,0.9314,0.9314,0,0.975572708825115,0.975572708825115,1.0,15,0,-0.11016289225301992,12,-1,0.8247540102285498
504669,448263,000000448263.jpg,OBLIQUE,2,15,7290.5,212.0,-1,body7_self,gt_box,gt_box,,,1.0,1.0,0,0.9718503723211638,0.9718503723211638,1.0,15,0,-0.11109774167174583,12,-1,0.8339844521354226
504669,448263,000000448263.jpg,OBLIQUE,2,15,7290.5,212.0,-1,body7_self,rtmdet_ins_tiny,rtmdet_ins_tiny,86,0.6804,0.9314,0.9314,0,0.975572708825115,0.975572708825115,1.0,15,0,-0.11016289225301992,12,-1,0.8247539681546828
504669,448263,000000448263.jpg,OBLIQUE,2,15,7290.5,212.0,-1,aic_coco_self,gt_box,gt_box,,,1.0,1.0,0,0.9666746357673754,0.9666746357673754,1.0,15,0,-0.0996632346131301,12,-1,0.8356084858669954
504669,448263,000000448263.jpg,OBLIQUE,2,15,7290.5,212.0,-1,aic_coco_self,rtmdet_ins_tiny,rtmdet_ins_tiny,86,0.6804,0.9314,0.9314,0,0.9730088769567711,0.9730088769567711,1.0,15,0,-0.09977007153795134,12,-1,0.8280467040398541
505456,521717,000000521717.jpg,FRONT,3,16,5144.8,184.8,-1,body7_official,gt_box,gt_box,,,1.0,1.0,0,0.9371155208018098,0.9371155208018098,1.0,16,0,-0.45721857089291257,12,-1,0.7847092467195848
505456,521717,000000521717.jpg,FRONT,3,16,5144.8,184.8,-1,body7_official,rtmdet_ins_tiny,rtmdet_ins_tiny,33,0.7829,0.9757,0.9757,0,0.958395579717598,0.958395579717598,1.0,16,0,-0.46060484015706477,12,-1,0.7849297979298759
505456,521717,000000521717.jpg,FRONT,3,16,5144.8,184.8,-1,body7_self,gt_box,gt_box,,,1.0,1.0,0,0.9371155208018098,0.9371155208018098,1.0,16,0,-0.45721857089291257,12,-1,0.7847093168426963
505456,521717,000000521717.jpg,FRONT,3,16,5144.8,184.8,-1,body7_self,rtmdet_ins_tiny,rtmdet_ins_tiny,33,0.7829,0.9757,0.9757,0,0.958395579717598,0.958395579717598,1.0,16,0,-0.46060484015706477,12,-1,0.7849296787205864
505456,521717,000000521717.jpg,FRONT,3,16,5144.8,184.8,-1,aic_coco_self,gt_box,gt_box,,,1.0,1.0,0,0.9514666711377184,0.9514666711377184,1.0,16,0,-0.46339701739758926,12,-1,0.8352662570336286
505456,521717,000000521717.jpg,FRONT,3,16,5144.8,184.8,-1,aic_coco_self,rtmdet_ins_tiny,rtmdet_ins_tiny,33,0.7829,0.9757,0.9757,0,0.9528168528064237,0.9528168528064237,1.0,16,0,-0.4629945769946611,12,-1,0.8366035223007202
506315,21604,000000021604.jpg,FRONT,3,12,151641.4,581.0,-1,body7_official,gt_box,gt_box,,,1.0,1.0,0,0.9894424070689959,0.9894424070689959,1.0,12,0,-0.6109240905163206,8,-1,0.7180969057714238
506315,21604,000000021604.jpg,FRONT,3,12,151641.4,581.0,-1,body7_official,rtmdet_ins_tiny,rtmdet_ins_tiny,1,0.9178,0.9332,0.9332,0,0.9859636375107143,0.9859636375107143,1.0,12,0,-0.6035125015454422,8,-1,0.7282383599702049
506315,21604,000000021604.jpg,FRONT,3,12,151641.4,581.0,-1,body7_self,gt_box,gt_box,,,1.0,1.0,0,0.9894424070689959,0.9894424070689959,1.0,12,0,-0.6109240905163206,8,-1,0.7180970539064968
506315,21604,000000021604.jpg,FRONT,3,12,151641.4,581.0,-1,body7_self,rtmdet_ins_tiny,rtmdet_ins_tiny,1,0.9178,0.9332,0.9332,0,0.9859636375107143,0.9859636375107143,1.0,12,0,-0.6035125015454422,8,-1,0.7282383634763605
506315,21604,000000021604.jpg,FRONT,3,12,151641.4,581.0,-1,aic_coco_self,gt_box,gt_box,,,1.0,1.0,0,0.9881532137968492,0.9881532137968492,1.0,12,0,-0.6070515278304249,8,-1,0.690889612716787
506315,21604,000000021604.jpg,FRONT,3,12,151641.4,581.0,-1,aic_coco_self,rtmdet_ins_tiny,rtmdet_ins_tiny,1,0.9178,0.9332,0.9332,0,0.9892594491265335,0.9892594491265335,1.0,12,0,-0.6054212177188161,8,-1,0.6886705274091047
507402,12639,000000012639.jpg,REAR,0,13,22642.3,245.9,1,body7_official,gt_box,gt_box,,,1.0,1.0,0,0.9330023586080483,0.9330023586080483,1.0,13,0,-0.34887781017700725,12,1,0.7090211423004374
507402,12639,000000012639.jpg,REAR,0,13,22642.3,245.9,1,body7_official,rtmdet_ins_tiny,rtmdet_ins_tiny,15,0.8533,0.9798,0.9798,0,0.9334970910562554,0.9334970910562554,1.0,13,0,-0.3503086076355377,12,1,0.7147482020013473
507402,12639,000000012639.jpg,REAR,0,13,22642.3,245.9,1,body7_self,gt_box,gt_box,,,1.0,1.0,0,0.9330023586080483,0.9330023586080483,1.0,13,0,-0.34887781017700725,12,1,0.7090211826212266
507402,12639,000000012639.jpg,REAR,0,13,22642.3,245.9,1,body7_self,rtmdet_ins_tiny,rtmdet_ins_tiny,15,0.8533,0.9798,0.9798,0,0.9334970910562554,0.9334970910562554,1.0,13,0,-0.3503086076355377,12,1,0.7147482177790474
507402,12639,000000012639.jpg,REAR,0,13,22642.3,245.9,1,aic_coco_self,gt_box,gt_box,,,1.0,1.0,0,0.9171993371941004,0.9171993371941004,1.0,13,0,-0.34470910665183596,12,1,0.7418172622428221
507402,12639,000000012639.jpg,REAR,0,13,22642.3,245.9,1,aic_coco_self,rtmdet_ins_tiny,rtmdet_ins_tiny,15,0.8533,0.9798,0.9798,0,0.9136217551088873,0.9136217551088873,1.0,13,0,-0.342947875061723,12,1,0.7372769765994128
507558,183648,000000183648.jpg,OBLIQUE,2,11,18195.0,211.6,1,body7_official,gt_box,gt_box,,,1.0,1.0,0,0.9280402136435218,0.9280402136435218,1.0,11,0,-0.3886577844541357,8,1,0.5817600672735888
507558,183648,000000183648.jpg,OBLIQUE,2,11,18195.0,211.6,1,body7_official,rtmdet_ins_tiny,rtmdet_ins_tiny,25,0.7625,0.2823,0.9200,1,0.17788582124496216,0.17788582124496216,0.2727272727272727,11,0,-0.06507059584717767,8,1,0.32515286391272263
507558,183648,000000183648.jpg,OBLIQUE,2,11,18195.0,211.6,1,body7_self,gt_box,gt_box,,,1.0,1.0,0,0.9280402136435218,0.9280402136435218,1.0,11,0,-0.3886577844541357,8,1,0.5817601137301501
507558,183648,000000183648.jpg,OBLIQUE,2,11,18195.0,211.6,1,body7_self,rtmdet_ins_tiny,rtmdet_ins_tiny,25,0.7625,0.2823,0.9200,1,0.17788582124496216,0.17788582124496216,0.2727272727272727,11,0,-0.06507059584717767,8,1,0.32515283060424466
507558,183648,000000183648.jpg,OBLIQUE,2,11,18195.0,211.6,1,aic_coco_self,gt_box,gt_box,,,1.0,1.0,0,0.9402924402883652,0.9402924402883652,1.0,11,0,-0.38947352776895255,8,1,0.626890678616131
507558,183648,000000183648.jpg,OBLIQUE,2,11,18195.0,211.6,1,aic_coco_self,rtmdet_ins_tiny,rtmdet_ins_tiny,25,0.7625,0.2823,0.9200,1,0.11548290442061336,0.11548290442061336,0.18181818181818182,11,0,-0.07335339588078482,8,1,0.3758533073260504
508729,86956,000000086956.jpg,FRONT,3,12,51137.7,374.6,-1,body7_official,gt_box,gt_box,,,1.0,1.0,0,0.9775780723627533,0.9775780723627533,1.0,12,0,-0.42083031521550607,8,-1,0.6755338486503152
508729,86956,000000086956.jpg,FRONT,3,12,51137.7,374.6,-1,body7_official,rtmdet_ins_tiny,rtmdet_ins_tiny,27,0.8318,0.8754,0.8754,0,0.9739715533542195,0.9739715533542195,1.0,12,0,-0.416244452512983,8,-1,0.7168782668955186
508729,86956,000000086956.jpg,FRONT,3,12,51137.7,374.6,-1,body7_self,gt_box,gt_box,,,1.0,1.0,0,0.9775780723627533,0.9775780723627533,1.0,12,0,-0.42083031521550607,8,-1,0.675533891600721
508729,86956,000000086956.jpg,FRONT,3,12,51137.7,374.6,-1,body7_self,rtmdet_ins_tiny,rtmdet_ins_tiny,27,0.8318,0.8754,0.8754,0,0.9739715533542195,0.9739715533542195,1.0,12,0,-0.416244452512983,8,-1,0.7168782668955186
508729,86956,000000086956.jpg,FRONT,3,12,51137.7,374.6,-1,aic_coco_self,gt_box,gt_box,,,1.0,1.0,0,0.9699076192881297,0.9699076192881297,1.0,12,0,-0.4142143828751501,8,-1,0.6784715442096486
508729,86956,000000086956.jpg,FRONT,3,12,51137.7,374.6,-1,aic_coco_self,rtmdet_ins_tiny,rtmdet_ins_tiny,27,0.8318,0.8754,0.8754,0,0.9585164394098474,0.9585164394098474,1.0,12,0,-0.40534268207647023,8,-1,0.7467832065680448
509752,11699,000000011699.jpg,FRONT,3,14,53233.1,533.3,-1,body7_official,gt_box,gt_box,,,1.0,1.0,0,0.9689946520317649,0.9689946520317649,1.0,12,0,-0.5351599634392598,8,-1,0.8296766105820151
509752,11699,000000011699.jpg,FRONT,3,14,53233.1,533.3,-1,body7_official,rtmdet_ins_tiny,rtmdet_ins_tiny,21,0.8001,0.8600,0.8600,0,0.9786787542101445,0.9786787542101445,1.0,12,0,-0.5318010205371565,8,-1,0.8437339979059556
509752,11699,000000011699.jpg,FRONT,3,14,53233.1,533.3,-1,body7_self,gt_box,gt_box,,,1.0,1.0,0,0.9689946520317649,0.9689946520317649,1.0,12,0,-0.5351599634392598,8,-1,0.829676536952748
509752,11699,000000011699.jpg,FRONT,3,14,53233.1,533.3,-1,body7_self,rtmdet_ins_tiny,rtmdet_ins_tiny,21,0.8001,0.8600,0.8600,0,0.9786787542101445,0.9786787542101445,1.0,12,0,-0.5318010205371565,8,-1,0.8437339172643774
509752,11699,000000011699.jpg,FRONT,3,14,53233.1,533.3,-1,aic_coco_self,gt_box,gt_box,,,1.0,1.0,0,0.9843395782001464,0.9843395782001464,1.0,12,0,-0.531148380443982,8,-1,0.8486348881441004
509752,11699,000000011699.jpg,FRONT,3,14,53233.1,533.3,-1,aic_coco_self,rtmdet_ins_tiny,rtmdet_ins_tiny,21,0.8001,0.8600,0.8600,0,0.9882322362497673,0.9882322362497673,1.0,12,0,-0.5297427996060962,8,-1,0.8598486675935633
510634,383289,000000383289.jpg,FRONT,3,16,33076.2,307.3,-1,body7_official,gt_box,gt_box,,,1.0,1.0,0,0.9865455801903209,0.9865455801903209,1.0,16,0,-0.22291304764519235,12,-1,0.8143442658817067
510634,383289,000000383289.jpg,FRONT,3,16,33076.2,307.3,-1,body7_official,rtmdet_ins_tiny,rtmdet_ins_tiny,7,0.8622,0.9397,0.9397,0,0.985711295860068,0.985711295860068,1.0,16,0,-0.22322056676120366,12,-1,0.8142376857645371
510634,383289,000000383289.jpg,FRONT,3,16,33076.2,307.3,-1,body7_self,gt_box,gt_box,,,1.0,1.0,0,0.9865455801903209,0.9865455801903209,1.0,16,0,-0.22291304764519235,12,-1,0.8143443114617291
510634,383289,000000383289.jpg,FRONT,3,16,33076.2,307.3,-1,body7_self,rtmdet_ins_tiny,rtmdet_ins_tiny,7,0.8622,0.9397,0.9397,0,0.985711295860068,0.985711295860068,1.0,16,0,-0.22322056676120366,12,-1,0.8142376086291145
510634,383289,000000383289.jpg,FRONT,3,16,33076.2,307.3,-1,aic_coco_self,gt_box,gt_box,,,1.0,1.0,0,0.9833017490297751,0.9833017490297751,1.0,16,0,-0.22169544190220886,12,-1,0.8114243956173167
510634,383289,000000383289.jpg,FRONT,3,16,33076.2,307.3,-1,aic_coco_self,rtmdet_ins_tiny,rtmdet_ins_tiny,7,0.8622,0.9397,0.9397,0,0.9821487568731117,0.9821487568731117,1.0,16,0,-0.2207142093255358,12,-1,0.8246848933836993
512187,481413,000000481413.jpg,REAR,0,14,13118.7,233.0,1,body7_official,gt_box,gt_box,,,1.0,1.0,0,0.9627572704885818,0.9627572704885818,1.0,14,0,-0.39784566355398915,12,1,0.8502354621887207
512187,481413,000000481413.jpg,REAR,0,14,13118.7,233.0,1,body7_official,rtmdet_ins_tiny,rtmdet_ins_tiny,5,0.9405,0.9630,0.9630,0,0.9651963352994659,0.9651963352994659,1.0,14,0,-0.3997054414066586,12,1,0.8471589474117055
512187,481413,000000481413.jpg,REAR,0,14,13118.7,233.0,1,body7_self,gt_box,gt_box,,,1.0,1.0,0,0.9627572704885818,0.9627572704885818,1.0,14,0,-0.39784566355398915,12,1,0.8502354867318097
512187,481413,000000481413.jpg,REAR,0,14,13118.7,233.0,1,body7_self,rtmdet_ins_tiny,rtmdet_ins_tiny,5,0.9405,0.9630,0.9630,0,0.9651963352994659,0.9651963352994659,1.0,14,0,-0.3997054414066586,12,1,0.8471588983255274
512187,481413,000000481413.jpg,REAR,0,14,13118.7,233.0,1,aic_coco_self,gt_box,gt_box,,,1.0,1.0,0,0.9818714680124473,0.9818714680124473,1.0,14,0,-0.40639911782166416,12,1,0.8501821300562691
512187,481413,000000481413.jpg,REAR,0,14,13118.7,233.0,1,aic_coco_self,rtmdet_ins_tiny,rtmdet_ins_tiny,5,0.9405,0.9630,0.9630,0,0.9779608238832443,0.9779608238832443,1.0,14,0,-0.40483229466749837,12,1,0.8493464764426736
513289,459195,000000459195.jpg,FRONT,3,17,12522.4,233.7,-1,body7_official,gt_box,gt_box,,,1.0,1.0,0,0.9870822577393578,0.9870822577393578,1.0,17,0,-0.34971157949867077,12,-1,0.8709421894129585
513289,459195,000000459195.jpg,FRONT,3,17,12522.4,233.7,-1,body7_official,rtmdet_ins_tiny,rtmdet_ins_tiny,13,0.9210,0.9851,0.9851,0,0.9880553372151842,0.9880553372151842,1.0,17,0,-0.34876842370539823,12,-1,0.8668162857784945
513289,459195,000000459195.jpg,FRONT,3,17,12522.4,233.7,-1,body7_self,gt_box,gt_box,,,1.0,1.0,0,0.9870822577393578,0.9870822577393578,1.0,17,0,-0.34971157949867077,12,-1,0.8709422420052921
513289,459195,000000459195.jpg,FRONT,3,17,12522.4,233.7,-1,body7_self,rtmdet_ins_tiny,rtmdet_ins_tiny,13,0.9210,0.9851,0.9851,0,0.9880553372151842,0.9880553372151842,1.0,17,0,-0.34876842370539823,12,-1,0.8668162296800053
513289,459195,000000459195.jpg,FRONT,3,17,12522.4,233.7,-1,aic_coco_self,gt_box,gt_box,,,1.0,1.0,0,0.9902758151829526,0.9902758151829526,1.0,17,0,-0.34946321878151143,12,-1,0.8864611387252808
513289,459195,000000459195.jpg,FRONT,3,17,12522.4,233.7,-1,aic_coco_self,rtmdet_ins_tiny,rtmdet_ins_tiny,13,0.9210,0.9851,0.9851,0,0.9884376177406764,0.9884376177406764,1.0,17,0,-0.3487666862604345,12,-1,0.8833726644515991
514225,427160,000000427160.jpg,OBLIQUE,2,15,30063.4,298.5,-1,body7_official,gt_box,gt_box,,,1.0,1.0,0,0.7117010039011241,0.7117010039011241,0.7333333333333333,15,0,-0.026009350713243673,12,-1,0.8420208447119769
514225,427160,000000427160.jpg,OBLIQUE,2,15,30063.4,298.5,-1,body7_official,rtmdet_ins_tiny,rtmdet_ins_tiny,8,0.9244,0.8947,0.8947,0,0.7075830158121555,0.7075830158121555,0.7333333333333333,15,0,-0.024204079410098778,12,-1,0.8663721610518063
514225,427160,000000427160.jpg,OBLIQUE,2,15,30063.4,298.5,-1,body7_self,gt_box,gt_box,,,1.0,1.0,0,0.7117010039011241,0.7117010039011241,0.7333333333333333,15,0,-0.026009350713243673,12,-1,0.8420208201688879
514225,427160,000000427160.jpg,OBLIQUE,2,15,30063.4,298.5,-1,body7_self,rtmdet_ins_tiny,rtmdet_ins_tiny,8,0.9244,0.8947,0.8947,0,0.7075830158121555,0.7075830158121555,0.7333333333333333,15,0,-0.024204079410098778,12,-1,0.8663721330025617
514225,427160,000000427160.jpg,OBLIQUE,2,15,30063.4,298.5,-1,aic_coco_self,gt_box,gt_box,,,1.0,1.0,0,0.7076684585061114,0.7076684585061114,0.7333333333333333,15,0,-0.02457651987182674,12,-1,0.8876684483359841
514225,427160,000000427160.jpg,OBLIQUE,2,15,30063.4,298.5,-1,aic_coco_self,rtmdet_ins_tiny,rtmdet_ins_tiny,8,0.9244,0.8947,0.8947,0,0.705051984901798,0.705051984901798,0.7333333333333333,15,0,-0.025676571857525143,12,-1,0.8956232631907743
514707,465179,000000465179.jpg,FRONT,3,13,76487.2,397.3,-1,body7_official,gt_box,gt_box,,,1.0,1.0,0,0.9868950697082841,0.9868950697082841,1.0,12,0,-0.833887549949454,8,-1,0.7707397385555155
514707,465179,000000465179.jpg,FRONT,3,13,76487.2,397.3,-1,body7_official,rtmdet_ins_tiny,rtmdet_ins_tiny,2,0.9227,0.9673,0.9673,0,0.988379567394602,0.988379567394602,1.0,12,0,-0.8337188978695872,8,-1,0.7641877168241669
514707,465179,000000465179.jpg,FRONT,3,13,76487.2,397.3,-1,body7_self,gt_box,gt_box,,,1.0,1.0,0,0.9868950697082841,0.9868950697082841,1.0,12,0,-0.833887549949454,8,-1,0.7707397368024377
514707,465179,000000465179.jpg,FRONT,3,13,76487.2,397.3,-1,body7_self,rtmdet_ins_tiny,rtmdet_ins_tiny,2,0.9227,0.9673,0.9673,0,0.988379567394602,0.988379567394602,1.0,12,0,-0.8337188978695872,8,-1,0.7641877137562808
514707,465179,000000465179.jpg,FRONT,3,13,76487.2,397.3,-1,aic_coco_self,gt_box,gt_box,,,1.0,1.0,0,0.9888932712649039,0.9888932712649039,1.0,12,0,-0.8315036427549294,8,-1,0.7564090087133295
514707,465179,000000465179.jpg,FRONT,3,13,76487.2,397.3,-1,aic_coco_self,rtmdet_ins_tiny,rtmdet_ins_tiny,2,0.9227,0.9673,0.9673,0,0.9880212590759984,0.9880212590759984,1.0,12,0,-0.8327054053671713,8,-1,0.755919453852317
515728,54593,000000054593.jpg,FRONT,3,16,10019.6,189.2,-1,body7_official,gt_box,gt_box,,,1.0,1.0,0,0.9550976326711245,0.9550976326711245,1.0,14,0,-0.458218407953215,8,-1,0.8007804576088401
515728,54593,000000054593.jpg,FRONT,3,16,10019.6,189.2,-1,body7_official,rtmdet_ins_tiny,rtmdet_ins_tiny,47,0.8181,0.1468,0.8959,1,0.001008826766056792,0.001008826766056792,0.0,14,0,-0.032880255261983016,8,-1,0.7232974206700045
515728,54593,000000054593.jpg,FRONT,3,16,10019.6,189.2,-1,body7_self,gt_box,gt_box,,,1.0,1.0,0,0.9550976326711245,0.9550976326711245,1.0,14,0,-0.458218407953215,8,-1,0.8007803980041953
515728,54593,000000054593.jpg,FRONT,3,16,10019.6,189.2,-1,body7_self,rtmdet_ins_tiny,rtmdet_ins_tiny,47,0.8181,0.1468,0.8959,1,0.001008826766056792,0.001008826766056792,0.0,14,0,-0.032880255261983016,8,-1,0.7232974276823156
515728,54593,000000054593.jpg,FRONT,3,16,10019.6,189.2,-1,aic_coco_self,gt_box,gt_box,,,1.0,1.0,0,0.9654625296632611,0.9654625296632611,1.0,14,0,-0.4639729623151357,8,-1,0.8432048173511729
515728,54593,000000054593.jpg,FRONT,3,16,10019.6,189.2,-1,aic_coco_self,rtmdet_ins_tiny,rtmdet_ins_tiny,47,0.8181,0.1468,0.8959,1,0.001024101760472955,0.001024101760472955,0.0,14,0,-0.0313410988786782,8,-1,0.7534565154243918
517908,491008,000000491008.jpg,FRONT,3,12,22294.7,279.9,-1,body7_official,gt_box,gt_box,,,1.0,1.0,0,0.9682838545593871,0.9682838545593871,1.0,11,0,-0.4325402277307324,6,-1,0.7560816757819232
517908,491008,000000491008.jpg,FRONT,3,12,22294.7,279.9,-1,body7_official,rtmdet_ins_tiny,rtmdet_ins_tiny,6,0.8551,0.9429,0.9429,0,0.9749383873446409,0.9749383873446409,1.0,11,0,-0.43537385142405,6,-1,0.7529566463302163
517908,491008,000000491008.jpg,FRONT,3,12,22294.7,279.9,-1,body7_self,gt_box,gt_box,,,1.0,1.0,0,0.9682838545593871,0.9682838545593871,1.0,11,0,-0.4325402277307324,6,-1,0.756081619683434
517908,491008,000000491008.jpg,FRONT,3,12,22294.7,279.9,-1,body7_self,rtmdet_ins_tiny,rtmdet_ins_tiny,6,0.8551,0.9429,0.9429,0,0.9749383873446409,0.9749383873446409,1.0,11,0,-0.43537385142405,6,-1,0.7529566936633166
517908,491008,000000491008.jpg,FRONT,3,12,22294.7,279.9,-1,aic_coco_self,gt_box,gt_box,,,1.0,1.0,0,0.9710220898139059,0.9710220898139059,1.0,11,0,-0.4310913446052934,6,-1,0.7342945898280424
517908,491008,000000491008.jpg,FRONT,3,12,22294.7,279.9,-1,aic_coco_self,rtmdet_ins_tiny,rtmdet_ins_tiny,6,0.8551,0.9429,0.9429,0,0.9666793726770628,0.9666793726770628,1.0,11,0,-0.43010847795007034,6,-1,0.7293852848165175
519236,374369,000000374369.jpg,OBLIQUE,2,14,29701.3,332.4,1,body7_official,gt_box,gt_box,,,1.0,1.0,0,0.9765485347187022,0.9765485347187022,1.0,14,0,-0.2606541527557708,10,1,0.7911998243892894
519236,374369,000000374369.jpg,OBLIQUE,2,14,29701.3,332.4,1,body7_official,rtmdet_ins_tiny,rtmdet_ins_tiny,1,0.8895,0.8575,0.8575,0,0.9725741699175445,0.9725741699175445,1.0,14,0,-0.26133955492645666,10,1,0.7965917937895831
519236,374369,000000374369.jpg,OBLIQUE,2,14,29701.3,332.4,1,body7_self,gt_box,gt_box,,,1.0,1.0,0,0.9765485347187022,0.9765485347187022,1.0,14,0,-0.2606541527557708,10,1,0.7911997998462004
519236,374369,000000374369.jpg,OBLIQUE,2,14,29701.3,332.4,1,body7_self,rtmdet_ins_tiny,rtmdet_ins_tiny,1,0.8895,0.8575,0.8575,0,0.9725741699175445,0.9725741699175445,1.0,14,0,-0.26133955492645666,10,1,0.796591579914093
519236,374369,000000374369.jpg,OBLIQUE,2,14,29701.3,332.4,1,aic_coco_self,gt_box,gt_box,,,1.0,1.0,0,0.9816962392412085,0.9816962392412085,1.0,14,0,-0.2612375750787758,10,1,0.8241086532087887
519236,374369,000000374369.jpg,OBLIQUE,2,14,29701.3,332.4,1,aic_coco_self,rtmdet_ins_tiny,rtmdet_ins_tiny,1,0.8895,0.8575,0.8575,0,0.9879319729139515,0.9879319729139515,1.0,14,0,-0.2621298536957727,10,1,0.824730420813841
521020,296657,000000296657.jpg,FRONT,3,17,11758.5,228.2,-1,body7_official,gt_box,gt_box,,,1.0,1.0,0,0.9845618529103446,0.9845618529103446,1.0,16,0,-0.6464322886620609,12,-1,0.931818359038409
521020,296657,000000296657.jpg,FRONT,3,17,11758.5,228.2,-1,body7_official,rtmdet_ins_tiny,rtmdet_ins_tiny,22,0.9188,0.9253,0.9253,0,0.987233611348222,0.987233611348222,1.0,16,0,-0.6486511034482955,12,-1,0.9305379986763
521020,296657,000000296657.jpg,FRONT,3,17,11758.5,228.2,-1,body7_self,gt_box,gt_box,,,1.0,1.0,0,0.9845618529103446,0.9845618529103446,1.0,16,0,-0.6464322886620609,12,-1,0.9318183380014756
521020,296657,000000296657.jpg,FRONT,3,17,11758.5,228.2,-1,body7_self,rtmdet_ins_tiny,rtmdet_ins_tiny,22,0.9188,0.9253,0.9253,0,0.987233611348222,0.987233611348222,1.0,16,0,-0.6486511034482955,12,-1,0.9305380828240338
521020,296657,000000296657.jpg,FRONT,3,17,11758.5,228.2,-1,aic_coco_self,gt_box,gt_box,,,1.0,1.0,0,0.9874550227745487,0.9874550227745487,1.0,16,0,-0.6511268972727944,12,-1,0.9216541963465074
521020,296657,000000296657.jpg,FRONT,3,17,11758.5,228.2,-1,aic_coco_self,rtmdet_ins_tiny,rtmdet_ins_tiny,22,0.9188,0.9253,0.9253,0,0.9898098542328904,0.9898098542328904,1.0,16,0,-0.6487499251000415,12,-1,0.9272967822411481
521884,232692,000000232692.jpg,FRONT,3,16,7502.7,169.8,-1,body7_official,gt_box,gt_box,,,1.0,1.0,0,0.9667393804547374,0.9667393804547374,1.0,14,0,-0.6542510516718618,10,-1,0.8902679857085732
521884,232692,000000232692.jpg,FRONT,3,16,7502.7,169.8,-1,body7_official,rtmdet_ins_tiny,rtmdet_ins_tiny,10,0.8218,0.8605,0.8605,0,0.9668832416812546,0.9668832416812546,1.0,14,0,-0.6521064303119614,10,-1,0.8584188012515798
521884,232692,000000232692.jpg,FRONT,3,16,7502.7,169.8,-1,body7_self,gt_box,gt_box,,,1.0,1.0,0,0.9667393804547374,0.9667393804547374,1.0,14,0,-0.6542510516718618,10,-1,0.8902680172639734
521884,232692,000000232692.jpg,FRONT,3,16,7502.7,169.8,-1,body7_self,rtmdet_ins_tiny,rtmdet_ins_tiny,10,0.8218,0.8605,0.8605,0,0.9668832416812546,0.9668832416812546,1.0,14,0,-0.6521064303119614,10,-1,0.8584187135976904
521884,232692,000000232692.jpg,FRONT,3,16,7502.7,169.8,-1,aic_coco_self,gt_box,gt_box,,,1.0,1.0,0,0.9845107241615914,0.9845107241615914,1.0,14,0,-0.6577719261129024,10,-1,0.8673608443316292
521884,232692,000000232692.jpg,FRONT,3,16,7502.7,169.8,-1,aic_coco_self,rtmdet_ins_tiny,rtmdet_ins_tiny,10,0.8218,0.8605,0.8605,0,0.9740753247988699,0.9740753247988699,1.0,14,0,-0.6484024956399792,10,-1,0.8777551160139196
524073,463918,000000463918.jpg,OBLIQUE,2,13,17929.6,282.4,-1,body7_official,gt_box,gt_box,,,1.0,1.0,0,0.9596725596117799,0.9596725596117799,1.0,13,0,-0.1955291712917062,10,-1,0.7733841591021594
524073,463918,000000463918.jpg,OBLIQUE,2,13,17929.6,282.4,-1,body7_official,rtmdet_ins_tiny,rtmdet_ins_tiny,15,0.9126,0.9111,0.9111,0,0.9453358187254761,0.9453358187254761,1.0,13,0,-0.19325094003210586,10,-1,0.7773879450910232
524073,463918,000000463918.jpg,OBLIQUE,2,13,17929.6,282.4,-1,body7_self,gt_box,gt_box,,,1.0,1.0,0,0.9596725596117799,0.9596725596117799,1.0,13,0,-0.1955291712917062,10,-1,0.7733841748798594
524073,463918,000000463918.jpg,OBLIQUE,2,13,17929.6,282.4,-1,body7_self,rtmdet_ins_tiny,rtmdet_ins_tiny,15,0.9126,0.9111,0.9111,0,0.9453358187254761,0.9453358187254761,1.0,13,0,-0.19325094003210586,10,-1,0.7773878258817336
524073,463918,000000463918.jpg,OBLIQUE,2,13,17929.6,282.4,-1,aic_coco_self,gt_box,gt_box,,,1.0,1.0,0,0.9423338956581342,0.9423338956581342,1.0,13,0,-0.1962812724284094,10,-1,0.7886483914711896
524073,463918,000000463918.jpg,OBLIQUE,2,13,17929.6,282.4,-1,aic_coco_self,rtmdet_ins_tiny,rtmdet_ins_tiny,15,0.9126,0.9111,0.9111,0,0.952951945454957,0.952951945454957,1.0,13,0,-0.19945895638335615,10,-1,0.7950018889763776
525513,176901,000000176901.jpg,REAR,0,10,8121.7,116.0,1,body7_official,gt_box,gt_box,,,1.0,1.0,0,0.6724864982108678,0.6724864982108678,0.7,10,0,-0.2527454632668747,8,1,0.4794083921348347
525513,176901,000000176901.jpg,REAR,0,10,8121.7,116.0,1,body7_official,rtmdet_ins_tiny,rtmdet_ins_tiny,12,0.6058,0.8565,0.8565,0,0.7703223694485304,0.7703223694485304,0.8,10,0,-0.2592056005889335,8,1,0.4713462284382652
525513,176901,000000176901.jpg,REAR,0,10,8121.7,116.0,1,body7_self,gt_box,gt_box,,,1.0,1.0,0,0.6724864982108678,0.6724864982108678,0.7,10,0,-0.2527454632668747,8,1,0.4794084701467963
525513,176901,000000176901.jpg,REAR,0,10,8121.7,116.0,1,body7_self,rtmdet_ins_tiny,rtmdet_ins_tiny,12,0.6058,0.8565,0.8565,0,0.7703223694485304,0.7703223694485304,0.8,10,0,-0.2592056005889335,8,1,0.4713461530559203
525513,176901,000000176901.jpg,REAR,0,10,8121.7,116.0,1,aic_coco_self,gt_box,gt_box,,,1.0,1.0,0,0.7633423141136894,0.7633423141136894,0.8,10,0,-0.2641381775789064,8,1,0.4990655832430896
525513,176901,000000176901.jpg,REAR,0,10,8121.7,116.0,1,aic_coco_self,rtmdet_ins_tiny,rtmdet_ins_tiny,12,0.6058,0.8565,0.8565,0,0.8814422727054485,0.8814422727054485,0.9,10,0,-0.3117353576100911,8,1,0.5069224860738305
528703,507223,000000507223.jpg,FRONT,3,11,42886.6,438.2,1,body7_official,gt_box,gt_box,,,1.0,1.0,0,0.9086034772968019,0.9086034772968019,1.0,11,0,-0.16621532474507184,4,1,0.6488121537601247
528703,507223,000000507223.jpg,FRONT,3,11,42886.6,438.2,1,body7_official,rtmdet_ins_tiny,rtmdet_ins_tiny,28,0.8714,0.0744,0.9395,1,3.858886831158387e-06,2.892833241537004e-06,0.0,11,1,0.025731633633689688,4,-1,0.7939333389787113
528703,507223,000000507223.jpg,FRONT,3,11,42886.6,438.2,1,body7_self,gt_box,gt_box,,,1.0,1.0,0,0.9086034772968019,0.9086034772968019,1.0,11,0,-0.16621532474507184,4,1,0.6488121379824245
528703,507223,000000507223.jpg,FRONT,3,11,42886.6,438.2,1,body7_self,rtmdet_ins_tiny,rtmdet_ins_tiny,28,0.8714,0.0744,0.9395,1,3.858886831158387e-06,2.892833241537004e-06,0.0,11,1,0.025731633633689688,4,-1,0.7939333284602446
528703,507223,000000507223.jpg,FRONT,3,11,42886.6,438.2,1,aic_coco_self,gt_box,gt_box,,,1.0,1.0,0,0.9505217306681207,0.9505217306681207,1.0,11,0,-0.15654288012351458,4,1,0.6258725813206505
528703,507223,000000507223.jpg,FRONT,3,11,42886.6,438.2,1,aic_coco_self,rtmdet_ins_tiny,rtmdet_ins_tiny,28,0.8714,0.0744,0.9395,1,4.778333007552366e-06,3.7309487384946208e-06,0.0,11,1,0.02603487812598182,4,-1,0.848743151215946
529278,150649,000000150649.jpg,PROFILE,1,14,2360.1,100.7,-1,body7_official,gt_box,gt_box,,,1.0,1.0,0,0.9711243720125745,0.9711243720125745,1.0,14,0,-0.5182121384295257,12,-1,0.7978847447563621
529278,150649,000000150649.jpg,PROFILE,1,14,2360.1,100.7,-1,body7_official,rtmdet_ins_tiny,rtmdet_ins_tiny,23,0.9228,0.9564,0.9564,0,0.9729861644034977,0.9729861644034977,1.0,14,0,-0.517253292168312,12,-1,0.7956588303341585
529278,150649,000000150649.jpg,PROFILE,1,14,2360.1,100.7,-1,body7_self,gt_box,gt_box,,,1.0,1.0,0,0.9711243720125745,0.9711243720125745,1.0,14,0,-0.5182121384295257,12,-1,0.7978848078671623
529278,150649,000000150649.jpg,PROFILE,1,14,2360.1,100.7,-1,body7_self,rtmdet_ins_tiny,rtmdet_ins_tiny,23,0.9228,0.9564,0.9564,0,0.9729861644034977,0.9729861644034977,1.0,14,0,-0.517253292168312,12,-1,0.7956588478649363
529278,150649,000000150649.jpg,PROFILE,1,14,2360.1,100.7,-1,aic_coco_self,gt_box,gt_box,,,1.0,1.0,0,0.977512544243126,0.977512544243126,1.0,14,0,-0.5161354754531368,12,-1,0.8160296573358423
529278,150649,000000150649.jpg,PROFILE,1,14,2360.1,100.7,-1,aic_coco_self,rtmdet_ins_tiny,rtmdet_ins_tiny,23,0.9228,0.9564,0.9564,0,0.9748714208326869,0.9748714208326869,1.0,14,0,-0.5158993447714028,12,-1,0.8334603730370017
530761,474078,000000474078.jpg,REAR,0,13,11387.6,183.7,1,body7_official,gt_box,gt_box,,,1.0,1.0,0,0.9584216041208886,0.9584216041208886,1.0,13,0,-0.6340615788019511,12,1,0.7929991869365468
530761,474078,000000474078.jpg,REAR,0,13,11387.6,183.7,1,body7_official,rtmdet_ins_tiny,rtmdet_ins_tiny,28,0.8609,0.9517,0.9517,0,0.9564538991559025,0.9564538991559025,1.0,13,0,-0.6352851446762785,12,1,0.7914731888210073
530761,474078,000000474078.jpg,REAR,0,13,11387.6,183.7,1,body7_self,gt_box,gt_box,,,1.0,1.0,0,0.9584216041208886,0.9584216041208886,1.0,13,0,-0.6340615788019511,12,1,0.7929992149857914
530761,474078,000000474078.jpg,REAR,0,13,11387.6,183.7,1,body7_self,rtmdet_ins_tiny,rtmdet_ins_tiny,28,0.8609,0.9517,0.9517,0,0.9564538991559025,0.9564538991559025,1.0,13,0,-0.6352851446762785,12,1,0.7914732203764074
530761,474078,000000474078.jpg,REAR,0,13,11387.6,183.7,1,aic_coco_self,gt_box,gt_box,,,1.0,1.0,0,0.9648480437274297,0.9648480437274297,1.0,13,0,-0.6409425270946093,12,1,0.8310694203657263
530761,474078,000000474078.jpg,REAR,0,13,11387.6,183.7,1,aic_coco_self,rtmdet_ins_tiny,rtmdet_ins_tiny,28,0.8609,0.9517,0.9517,0,0.964749431694629,0.964749431694629,1.0,13,0,-0.6407435602229162,12,1,0.8231722221655005
532898,397303,000000397303.jpg,OBLIQUE,2,14,3667.1,148.4,1,body7_official,gt_box,gt_box,,,1.0,1.0,0,0.9373756030979639,0.9373756030979639,1.0,11,0,-0.13509831353756263,4,1,0.6530165163909688
532898,397303,000000397303.jpg,OBLIQUE,2,14,3667.1,148.4,1,body7_official,rtmdet_ins_tiny,rtmdet_ins_tiny,20,0.6008,0.8281,0.8281,0,0.9138555174996501,0.9138555174996501,1.0,11,0,-0.13680393878668748,4,1,0.6538556183085722
532898,397303,000000397303.jpg,OBLIQUE,2,14,3667.1,148.4,1,body7_self,gt_box,gt_box,,,1.0,1.0,0,0.9373756030979639,0.9373756030979639,1.0,11,0,-0.13509831353756263,4,1,0.6530164585394018
532898,397303,000000397303.jpg,OBLIQUE,2,14,3667.1,148.4,1,body7_self,rtmdet_ins_tiny,rtmdet_ins_tiny,20,0.6008,0.8281,0.8281,0,0.9138555174996501,0.9138555174996501,1.0,11,0,-0.13680393878668748,4,1,0.6538557375178617
532898,397303,000000397303.jpg,OBLIQUE,2,14,3667.1,148.4,1,aic_coco_self,gt_box,gt_box,,,1.0,1.0,0,0.9426678749172512,0.9426678749172512,1.0,11,0,-0.1302664809855082,4,1,0.7134596705436707
532898,397303,000000397303.jpg,OBLIQUE,2,14,3667.1,148.4,1,aic_coco_self,rtmdet_ins_tiny,rtmdet_ins_tiny,20,0.6008,0.8281,0.8281,0,0.9394286453199172,0.9394286453199172,1.0,11,0,-0.12563848209759726,4,1,0.7259738392689649
534010,439773,000000439773.jpg,FRONT,3,17,64755.9,291.5,-1,body7_official,gt_box,gt_box,,,1.0,1.0,0,0.8677162073520236,0.8677162073520236,0.8823529411764706,17,0,-0.29156945846785176,12,-1,0.8151922927183264
534010,439773,000000439773.jpg,FRONT,3,17,64755.9,291.5,-1,body7_official,rtmdet_ins_tiny,rtmdet_ins_tiny,9,0.8555,0.9163,0.9163,0,0.8929939665438226,0.8929939665438226,0.9411764705882353,17,0,-0.27998090373366336,12,-1,0.807427209966323
534010,439773,000000439773.jpg,FRONT,3,17,64755.9,291.5,-1,body7_self,gt_box,gt_box,,,1.0,1.0,0,0.8677162073520236,0.8677162073520236,0.8823529411764706,17,0,-0.29156945846785176,12,-1,0.8151922015582814
534010,439773,000000439773.jpg,FRONT,3,17,64755.9,291.5,-1,body7_self,rtmdet_ins_tiny,rtmdet_ins_tiny,9,0.8555,0.9163,0.9163,0,0.8929939665438226,0.8929939665438226,0.9411764705882353,17,0,-0.27998090373366336,12,-1,0.8074274063110352
534010,439773,000000439773.jpg,FRONT,3,17,64755.9,291.5,-1,aic_coco_self,gt_box,gt_box,,,1.0,1.0,0,0.9505196749782021,0.9505196749782021,1.0,17,0,-0.32734855719133743,12,-1,0.8799297669354607
534010,439773,000000439773.jpg,FRONT,3,17,64755.9,291.5,-1,aic_coco_self,rtmdet_ins_tiny,rtmdet_ins_tiny,9,0.8555,0.9163,0.9163,0,0.9504379490990388,0.9504379490990388,1.0,17,0,-0.3277400036989173,12,-1,0.8646613324389738
535534,247917,000000247917.jpg,FRONT,3,17,19281.5,342.9,-1,body7_official,gt_box,gt_box,,,1.0,1.0,0,0.9818405619109019,0.9818405619109019,1.0,13,0,-0.2721828392455633,8,-1,0.8013245778925279
535534,247917,000000247917.jpg,FRONT,3,17,19281.5,342.9,-1,body7_official,rtmdet_ins_tiny,rtmdet_ins_tiny,58,0.8949,0.1198,0.8491,1,0.0022328936241573882,0.0022328936241573882,0.0,13,0,-0.0033987171015104067,8,-1,0.9080805392826304
535534,247917,000000247917.jpg,FRONT,3,17,19281.5,342.9,-1,body7_self,gt_box,gt_box,,,1.0,1.0,0,0.9818405619109019,0.9818405619109019,1.0,13,0,-0.2721828392455633,8,-1,0.8013245130286497
535534,247917,000000247917.jpg,FRONT,3,17,19281.5,342.9,-1,body7_self,rtmdet_ins_tiny,rtmdet_ins_tiny,58,0.8949,0.1198,0.8491,1,0.0022328936241573882,0.0022328936241573882,0.0,13,0,-0.0033987171015104067,8,-1,0.9080806058995864
535534,247917,000000247917.jpg,FRONT,3,17,19281.5,342.9,-1,aic_coco_self,gt_box,gt_box,,,1.0,1.0,0,0.9865825177666909,0.9865825177666909,1.0,13,0,-0.27224970700197293,8,-1,0.8112260138287264
535534,247917,000000247917.jpg,FRONT,3,17,19281.5,342.9,-1,aic_coco_self,rtmdet_ins_tiny,rtmdet_ins_tiny,58,0.8949,0.1198,0.8491,1,0.0021231320154912244,0.0021231320154912244,0.0,13,0,-0.004342857416419488,8,-1,0.9472256723572227
537310,80340,000000080340.jpg,REAR,0,12,12051.1,189.0,1,body7_official,gt_box,gt_box,,,1.0,1.0,0,0.5802765140088382,0.5802765140088382,0.5833333333333334,12,0,-0.1800049141110143,12,1,0.48567825029878053
537310,80340,000000080340.jpg,REAR,0,12,12051.1,189.0,1,body7_official,rtmdet_ins_tiny,rtmdet_ins_tiny,35,0.7728,0.8670,0.8670,0,0.6431108246187073,0.6431108246187073,0.6666666666666666,12,0,-0.19184639019741456,12,1,0.48461397079860463
537310,80340,000000080340.jpg,REAR,0,12,12051.1,189.0,1,body7_self,gt_box,gt_box,,,1.0,1.0,0,0.5802765140088382,0.5802765140088382,0.5833333333333334,12,0,-0.1800049141110143,12,1,0.4856782923726475
537310,80340,000000080340.jpg,REAR,0,12,12051.1,189.0,1,body7_self,rtmdet_ins_tiny,rtmdet_ins_tiny,35,0.7728,0.8670,0.8670,0,0.6431108246187073,0.6431108246187073,0.6666666666666666,12,0,-0.19184639019741456,12,1,0.48461391557665434
537310,80340,000000080340.jpg,REAR,0,12,12051.1,189.0,1,aic_coco_self,gt_box,gt_box,,,1.0,1.0,0,0.6182614814857937,0.6182614814857937,0.6666666666666666,12,0,-0.19822395543335747,12,1,0.5522672700531343
537310,80340,000000080340.jpg,REAR,0,12,12051.1,189.0,1,aic_coco_self,rtmdet_ins_tiny,rtmdet_ins_tiny,35,0.7728,0.8670,0.8670,0,0.6122176231939079,0.6122176231939079,0.6666666666666666,12,0,-0.19276856598290262,12,1,0.5464750195250792
540122,81988,000000081988.jpg,OBLIQUE,2,15,6620.0,108.6,-1,body7_official,gt_box,gt_box,,,1.0,1.0,0,0.9745551691099463,0.9745551691099463,1.0,15,0,-0.6753995033464408,12,-1,0.8710808298167061
540122,81988,000000081988.jpg,OBLIQUE,2,15,6620.0,108.6,-1,body7_official,rtmdet_ins_tiny,rtmdet_ins_tiny,6,0.7087,0.9291,0.9291,0,0.9664501197312172,0.9664501197312172,1.0,15,0,-0.6706251640487978,12,-1,0.8765136213863597
540122,81988,000000081988.jpg,OBLIQUE,2,15,6620.0,108.6,-1,body7_self,gt_box,gt_box,,,1.0,1.0,0,0.9745551691099463,0.9745551691099463,1.0,15,0,-0.6753995033464408,12,-1,0.8710808648782618
540122,81988,000000081988.jpg,OBLIQUE,2,15,6620.0,108.6,-1,body7_self,rtmdet_ins_tiny,rtmdet_ins_tiny,6,0.7087,0.9291,0.9291,0,0.9664501197312172,0.9664501197312172,1.0,15,0,-0.6706251640487978,12,-1,0.8765136003494263
540122,81988,000000081988.jpg,OBLIQUE,2,15,6620.0,108.6,-1,aic_coco_self,gt_box,gt_box,,,1.0,1.0,0,0.9724316113876976,0.9724316113876976,1.0,15,0,-0.6687341609288591,12,-1,0.8468721684287576
540122,81988,000000081988.jpg,OBLIQUE,2,15,6620.0,108.6,-1,aic_coco_self,rtmdet_ins_tiny,rtmdet_ins_tiny,6,0.7087,0.9291,0.9291,0,0.9670822350124322,0.9670822350124322,1.0,15,0,-0.6649222690956494,12,-1,0.8590841012842515
541488,308328,000000308328.jpg,FRONT,3,14,7324.5,143.7,-1,body7_official,gt_box,gt_box,,,1.0,1.0,0,0.9685654687928321,0.9685654687928321,1.0,12,0,-0.5104332536014506,8,-1,0.727653782157337
541488,308328,000000308328.jpg,FRONT,3,14,7324.5,143.7,-1,body7_official,rtmdet_ins_tiny,rtmdet_ins_tiny,10,0.8710,0.9158,0.9158,0,0.967701202305725,0.967701202305725,1.0,12,0,-0.5131883063371514,8,-1,0.7311747915604535
541488,308328,000000308328.jpg,FRONT,3,14,7324.5,143.7,-1,body7_self,gt_box,gt_box,,,1.0,1.0,0,0.9685654687928321,0.9685654687928321,1.0,12,0,-0.5104332536014506,8,-1,0.7276537102811477
541488,308328,000000308328.jpg,FRONT,3,14,7324.5,143.7,-1,body7_self,rtmdet_ins_tiny,rtmdet_ins_tiny,10,0.8710,0.9158,0.9158,0,0.967701202305725,0.967701202305725,1.0,12,0,-0.5131883063371514,8,-1,0.7311747985727647
541488,308328,000000308328.jpg,FRONT,3,14,7324.5,143.7,-1,aic_coco_self,gt_box,gt_box,,,1.0,1.0,0,0.9701974403460825,0.9701974403460825,1.0,12,0,-0.5115806371137219,8,-1,0.7507803019355325
541488,308328,000000308328.jpg,FRONT,3,14,7324.5,143.7,-1,aic_coco_self,rtmdet_ins_tiny,rtmdet_ins_tiny,10,0.8710,0.9158,0.9158,0,0.9676043777138087,0.9676043777138087,1.0,12,0,-0.5144685526270228,8,-1,0.7535978170002208
543117,197388,000000197388.jpg,FRONT,3,13,8260.8,220.1,-1,body7_official,gt_box,gt_box,,,1.0,1.0,0,0.9430740698293391,0.9430740698293391,1.0,13,0,-0.35680574480270855,6,-1,0.7981385763953713
543117,197388,000000197388.jpg,FRONT,3,13,8260.8,220.1,-1,body7_official,rtmdet_ins_tiny,rtmdet_ins_tiny,6,0.8807,0.9620,0.9620,0,0.930828697820244,0.930828697820244,1.0,13,0,-0.3587115641803759,6,-1,0.8029965022030998
543117,197388,000000197388.jpg,FRONT,3,13,8260.8,220.1,-1,body7_self,gt_box,gt_box,,,1.0,1.0,0,0.9430740698293391,0.9430740698293391,1.0,13,0,-0.35680574480270855,6,-1,0.7981385483461267
543117,197388,000000197388.jpg,FRONT,3,13,8260.8,220.1,-1,body7_self,rtmdet_ins_tiny,rtmdet_ins_tiny,6,0.8807,0.9620,0.9620,0,0.930828697820244,0.930828697820244,1.0,13,0,-0.3587115641803759,6,-1,0.8029965162277222
543117,197388,000000197388.jpg,FRONT,3,13,8260.8,220.1,-1,aic_coco_self,gt_box,gt_box,,,1.0,1.0,0,0.9735484640204347,0.9735484640204347,1.0,13,0,-0.3705145935451967,6,-1,0.8269408590653363
543117,197388,000000197388.jpg,FRONT,3,13,8260.8,220.1,-1,aic_coco_self,rtmdet_ins_tiny,rtmdet_ins_tiny,6,0.8807,0.9620,0.9620,0,0.9726776557018264,0.9726776557018264,1.0,13,0,-0.37378243371216135,6,-1,0.8225650541922626
544122,501005,000000501005.jpg,PROFILE,1,15,12407.5,253.0,-1,body7_official,gt_box,gt_box,,,1.0,1.0,0,0.8675879170054843,0.8675879170054843,1.0,14,0,-0.2535794071560482,12,-1,0.7187474264818079
544122,501005,000000501005.jpg,PROFILE,1,15,12407.5,253.0,-1,body7_official,rtmdet_ins_tiny,rtmdet_ins_tiny,7,0.9330,0.9746,0.9746,0,0.8647669700674839,0.8647669700674839,1.0,14,0,-0.24935631883714957,12,-1,0.7143416685216567
544122,501005,000000501005.jpg,PROFILE,1,15,12407.5,253.0,-1,body7_self,gt_box,gt_box,,,1.0,1.0,0,0.8675879170054843,0.8675879170054843,1.0,14,0,-0.2535794071560482,12,-1,0.7187474264818079
544122,501005,000000501005.jpg,PROFILE,1,15,12407.5,253.0,-1,body7_self,rtmdet_ins_tiny,rtmdet_ins_tiny,7,0.9330,0.9746,0.9746,0,0.8647669700674839,0.8647669700674839,1.0,14,0,-0.24935631883714957,12,-1,0.7143416159293231
544122,501005,000000501005.jpg,PROFILE,1,15,12407.5,253.0,-1,aic_coco_self,gt_box,gt_box,,,1.0,1.0,0,0.9247297171990324,0.9247297171990324,1.0,14,0,-0.25832672463724266,12,-1,0.7508826220736784
544122,501005,000000501005.jpg,PROFILE,1,15,12407.5,253.0,-1,aic_coco_self,rtmdet_ins_tiny,rtmdet_ins_tiny,7,0.9330,0.9746,0.9746,0,0.930655136425015,0.930655136425015,1.0,14,0,-0.25717603496057384,12,-1,0.7697769613826976
544985,213830,000000213830.jpg,REAR,0,12,11631.1,229.3,1,body7_official,gt_box,gt_box,,,1.0,1.0,0,0.9695495241243044,0.9695495241243044,1.0,10,0,-0.2742531692347544,6,1,0.7251763904795927
544985,213830,000000213830.jpg,REAR,0,12,11631.1,229.3,1,body7_official,rtmdet_ins_tiny,rtmdet_ins_tiny,16,0.9002,0.9208,0.9208,0,0.9750442286743034,0.9750442286743034,1.0,10,0,-0.27821435993293886,6,1,0.7304392281700584
544985,213830,000000213830.jpg,REAR,0,12,11631.1,229.3,1,body7_self,gt_box,gt_box,,,1.0,1.0,0,0.9695495241243044,0.9695495241243044,1.0,10,0,-0.2742531692347544,6,1,0.7251764080103706
544985,213830,000000213830.jpg,REAR,0,12,11631.1,229.3,1,body7_self,rtmdet_ins_tiny,rtmdet_ins_tiny,16,0.9002,0.9208,0.9208,0,0.9750442286743034,0.9750442286743034,1.0,10,0,-0.27821435993293886,6,1,0.7304391738246468
544985,213830,000000213830.jpg,REAR,0,12,11631.1,229.3,1,aic_coco_self,gt_box,gt_box,,,1.0,1.0,0,0.9716761809665405,0.9716761809665405,1.0,10,0,-0.2747981192995184,6,1,0.8164641857147217
544985,213830,000000213830.jpg,REAR,0,12,11631.1,229.3,1,aic_coco_self,rtmdet_ins_tiny,rtmdet_ins_tiny,16,0.9002,0.9208,0.9208,0,0.9699456029836409,0.9699456029836409,1.0,10,0,-0.2746361240219483,6,1,0.8243761132745182
547088,452515,000000452515.jpg,REAR,0,14,4948.2,163.4,1,body7_official,gt_box,gt_box,,,1.0,1.0,0,0.9180994257971837,0.9180994257971837,1.0,14,0,-0.5892630716922069,12,1,0.7185151875019073
547088,452515,000000452515.jpg,REAR,0,14,4948.2,163.4,1,body7_official,rtmdet_ins_tiny,rtmdet_ins_tiny,6,0.7655,0.9502,0.9502,0,0.9221925803480493,0.9221925803480493,1.0,14,0,-0.5877895479639635,12,1,0.7258862853050232
547088,452515,000000452515.jpg,REAR,0,14,4948.2,163.4,1,body7_self,gt_box,gt_box,,,1.0,1.0,0,0.9180994257971837,0.9180994257971837,1.0,14,0,-0.5892630716922069,12,1,0.7185152453534743
547088,452515,000000452515.jpg,REAR,0,14,4948.2,163.4,1,body7_self,rtmdet_ins_tiny,rtmdet_ins_tiny,6,0.7655,0.9502,0.9502,0,0.9221925803480493,0.9221925803480493,1.0,14,0,-0.5877895479639635,12,1,0.7258863343912012
547088,452515,000000452515.jpg,REAR,0,14,4948.2,163.4,1,aic_coco_self,gt_box,gt_box,,,1.0,1.0,0,0.9195176578013416,0.9195176578013416,1.0,14,0,-0.5904316162145274,12,1,0.8235405438086566
547088,452515,000000452515.jpg,REAR,0,14,4948.2,163.4,1,aic_coco_self,rtmdet_ins_tiny,rtmdet_ins_tiny,6,0.7655,0.9502,0.9502,0,0.9152679925595338,0.9152679925595338,1.0,14,0,-0.587219888801603,12,1,0.8120830304482404
549374,412894,000000412894.jpg,OBLIQUE,2,14,2368.9,131.2,-1,body7_official,gt_box,gt_box,,,1.0,1.0,0,0.9208131760358412,0.9208131760358412,1.0,12,0,-0.2189984658446243,6,-1,0.6831381601445815
549374,412894,000000412894.jpg,OBLIQUE,2,14,2368.9,131.2,-1,body7_official,rtmdet_ins_tiny,rtmdet_ins_tiny,53,0.8116,0.2605,0.8801,1,0.06645616352333453,0.06645616352333453,0.08333333333333333,12,0,-0.0027795495237854517,6,-1,0.6810311569887049
549374,412894,000000412894.jpg,OBLIQUE,2,14,2368.9,131.2,-1,body7_self,gt_box,gt_box,,,1.0,1.0,0,0.9208131760358412,0.9208131760358412,1.0,12,0,-0.2189984658446243,6,-1,0.6831380795030033
549374,412894,000000412894.jpg,OBLIQUE,2,14,2368.9,131.2,-1,body7_self,rtmdet_ins_tiny,rtmdet_ins_tiny,53,0.8116,0.2605,0.8801,1,0.06645616352333453,0.06645616352333453,0.08333333333333333,12,0,-0.0027795495237854517,6,-1,0.6810311867910273
549374,412894,000000412894.jpg,OBLIQUE,2,14,2368.9,131.2,-1,aic_coco_self,gt_box,gt_box,,,1.0,1.0,0,0.9636584114359147,0.9636584114359147,1.0,12,0,-0.22383629848066974,6,-1,0.7340284919037539
549374,412894,000000412894.jpg,OBLIQUE,2,14,2368.9,131.2,-1,aic_coco_self,rtmdet_ins_tiny,rtmdet_ins_tiny,53,0.8116,0.2605,0.8801,1,0.05370759262876057,0.05370759262876057,0.08333333333333333,12,0,-0.00076738448154412,6,-1,0.700974248787936
552694,62355,000000062355.jpg,OBLIQUE,2,16,7157.8,179.5,-1,body7_official,gt_box,gt_box,,,1.0,1.0,0,0.9781263644777586,0.9781263644777586,1.0,15,0,-0.4473112936726521,12,-1,0.883835939800038
552694,62355,000000062355.jpg,OBLIQUE,2,16,7157.8,179.5,-1,body7_official,rtmdet_ins_tiny,rtmdet_ins_tiny,11,0.8816,0.9398,0.9398,0,0.9822601291612885,0.9822601291612885,1.0,15,0,-0.4451813691528038,12,-1,0.9066293940824621
552694,62355,000000062355.jpg,OBLIQUE,2,16,7157.8,179.5,-1,body7_self,gt_box,gt_box,,,1.0,1.0,0,0.9781263644777586,0.9781263644777586,1.0,15,0,-0.4473112936726521,12,-1,0.8838359994046828
552694,62355,000000062355.jpg,OBLIQUE,2,16,7157.8,179.5,-1,body7_self,rtmdet_ins_tiny,rtmdet_ins_tiny,11,0.8816,0.9398,0.9398,0,0.9822601291612885,0.9822601291612885,1.0,15,0,-0.4451813691528038,12,-1,0.9066292853916392
552694,62355,000000062355.jpg,OBLIQUE,2,16,7157.8,179.5,-1,aic_coco_self,gt_box,gt_box,,,1.0,1.0,0,0.9853932524904911,0.9853932524904911,1.0,15,0,-0.4451615723316921,12,-1,0.9064006945666145
552694,62355,000000062355.jpg,OBLIQUE,2,16,7157.8,179.5,-1,aic_coco_self,rtmdet_ins_tiny,rtmdet_ins_tiny,11,0.8816,0.9398,0.9398,0,0.9853724043247195,0.9853724043247195,1.0,15,0,-0.44603096322599334,12,-1,0.9170076847076416
558318,163640,000000163640.jpg,REAR,0,8,35949.8,324.6,1,body7_official,gt_box,gt_box,,,1.0,1.0,0,0.9966154926272006,0.9966154926272006,1.0,8,0,-0.5106328320474469,6,1,0.615034364602145
558318,163640,000000163640.jpg,REAR,0,8,35949.8,324.6,1,body7_official,rtmdet_ins_tiny,rtmdet_ins_tiny,11,0.9045,0.9368,0.9368,0,0.9968354761008706,0.9968354761008706,1.0,8,0,-0.5112734850303544,6,1,0.6244285702705383
558318,163640,000000163640.jpg,REAR,0,8,35949.8,324.6,1,body7_self,gt_box,gt_box,,,1.0,1.0,0,0.9966154926272006,0.9966154926272006,1.0,8,0,-0.5106328320474469,6,1,0.6150343803798451
558318,163640,000000163640.jpg,REAR,0,8,35949.8,324.6,1,body7_self,rtmdet_ins_tiny,rtmdet_ins_tiny,11,0.9045,0.9368,0.9368,0,0.9968354761008706,0.9968354761008706,1.0,8,0,-0.5112734850303544,6,1,0.6244285588755327
558318,163640,000000163640.jpg,REAR,0,8,35949.8,324.6,1,aic_coco_self,gt_box,gt_box,,,1.0,1.0,0,0.9954500455692277,0.9954500455692277,1.0,8,0,-0.5106376308539585,6,1,0.6695810565177132
558318,163640,000000163640.jpg,REAR,0,8,35949.8,324.6,1,aic_coco_self,rtmdet_ins_tiny,rtmdet_ins_tiny,11,0.9045,0.9368,0.9368,0,0.9952658206689038,0.9952658206689038,1.0,8,0,-0.5107803463047754,6,1,0.6654086007791407
560106,89648,000000089648.jpg,REAR,0,10,11028.7,165.3,1,body7_official,gt_box,gt_box,,,1.0,1.0,0,0.8036513671640034,0.8036513671640034,0.8888888888888888,9,0,-0.2730272641271669,4,1,0.6281460365828346
560106,89648,000000089648.jpg,REAR,0,10,11028.7,165.3,1,body7_official,rtmdet_ins_tiny,rtmdet_ins_tiny,19,0.8006,0.8908,0.8908,0,0.8408524932522463,0.8408524932522463,0.8888888888888888,9,0,-0.27256178788920626,4,1,0.6569355165257174
560106,89648,000000089648.jpg,REAR,0,10,11028.7,165.3,1,body7_self,gt_box,gt_box,,,1.0,1.0,0,0.8036513671640034,0.8036513671640034,0.8888888888888888,9,0,-0.2730272641271669,4,1,0.6281460523605347
560106,89648,000000089648.jpg,REAR,0,10,11028.7,165.3,1,body7_self,rtmdet_ins_tiny,rtmdet_ins_tiny,19,0.8006,0.8908,0.8908,0,0.8408524932522463,0.8408524932522463,0.8888888888888888,9,0,-0.27256178788920626,4,1,0.6569354972418617
560106,89648,000000089648.jpg,REAR,0,10,11028.7,165.3,1,aic_coco_self,gt_box,gt_box,,,1.0,1.0,0,0.8238280176948541,0.8238280176948541,0.8888888888888888,9,0,-0.2486474812339969,4,1,0.6564376371748307
560106,89648,000000089648.jpg,REAR,0,10,11028.7,165.3,1,aic_coco_self,rtmdet_ins_tiny,rtmdet_ins_tiny,19,0.8006,0.8908,0.8908,0,0.8303197343969603,0.8303197343969603,0.8888888888888888,9,0,-0.24508038573080212,4,1,0.6389294775093303
561584,279774,000000279774.jpg,REAR,0,10,25377.9,338.2,1,body7_official,gt_box,gt_box,,,1.0,1.0,0,0.9556194537051873,0.9556194537051873,1.0,10,0,-0.5278580523928311,8,1,0.6686282508513507
561584,279774,000000279774.jpg,REAR,0,10,25377.9,338.2,1,body7_official,rtmdet_ins_tiny,rtmdet_ins_tiny,36,0.8998,0.9535,0.9535,0,0.9637359136205117,0.9637359136205117,1.0,10,0,-0.5285519686353176,8,1,0.6704592845019173
561584,279774,000000279774.jpg,REAR,0,10,25377.9,338.2,1,body7_self,gt_box,gt_box,,,1.0,1.0,0,0.9556194537051873,0.9556194537051873,1.0,10,0,-0.5278580523928311,8,1,0.6686281859874725
561584,279774,000000279774.jpg,REAR,0,10,25377.9,338.2,1,body7_self,rtmdet_ins_tiny,rtmdet_ins_tiny,36,0.8998,0.9535,0.9535,0,0.9637359136205117,0.9637359136205117,1.0,10,0,-0.5285519686353176,8,1,0.6704592739834505
561584,279774,000000279774.jpg,REAR,0,10,25377.9,338.2,1,aic_coco_self,gt_box,gt_box,,,1.0,1.0,0,0.9560467530795769,0.9560467530795769,1.0,10,0,-0.5264277536274501,8,1,0.6950733696713167
561584,279774,000000279774.jpg,REAR,0,10,25377.9,338.2,1,aic_coco_self,rtmdet_ins_tiny,rtmdet_ins_tiny,36,0.8998,0.9535,0.9535,0,0.9597623552219536,0.9597623552219536,1.0,10,0,-0.527075680726543,8,1,0.7152311924625846
563591,56350,000000056350.jpg,FRONT,3,15,24244.4,144.6,1,body7_official,gt_box,gt_box,,,1.0,1.0,0,0.8788352421068499,0.8788352421068499,1.0,15,0,-0.354765325406948,8,1,0.6414753058377434
563591,56350,000000056350.jpg,FRONT,3,15,24244.4,144.6,1,body7_official,rtmdet_ins_tiny,rtmdet_ins_tiny,67,0.4652,0.0000,0.6429,5,0.04594422565739998,0.04840522495882769,0.0,15,1,0.0003049693003908116,8,1,0.17398965797003577
563591,56350,000000056350.jpg,FRONT,3,15,24244.4,144.6,1,body7_self,gt_box,gt_box,,,1.0,1.0,0,0.8788352421068499,0.8788352421068499,1.0,15,0,-0.354765325406948,8,1,0.6414753619362327
563591,56350,000000056350.jpg,FRONT,3,15,24244.4,144.6,1,body7_self,rtmdet_ins_tiny,rtmdet_ins_tiny,67,0.4652,0.0000,0.6429,5,0.04594422565739998,0.04840522495882769,0.0,15,1,0.0003049693003908116,8,1,0.17398952385958502
563591,56350,000000056350.jpg,FRONT,3,15,24244.4,144.6,1,aic_coco_self,gt_box,gt_box,,,1.0,1.0,0,0.797547056712775,0.797547056712775,1.0,15,0,-0.3535799914576681,8,1,0.5955313023398904
563591,56350,000000056350.jpg,FRONT,3,15,24244.4,144.6,1,aic_coco_self,rtmdet_ins_tiny,rtmdet_ins_tiny,67,0.4652,0.0000,0.6429,5,0.031886234607299474,0.031886234607299474,0.0,15,0,-0.00025119301381615333,8,1,0.23911847261821523
568827,512657,000000512657.jpg,OBLIQUE,2,12,13697.0,233.8,-1,body7_official,gt_box,gt_box,,,1.0,1.0,0,0.9577741545096033,0.9577741545096033,1.0,12,0,-0.4170348149836085,8,-1,0.8051921865519356
568827,512657,000000512657.jpg,OBLIQUE,2,12,13697.0,233.8,-1,body7_official,rtmdet_ins_tiny,rtmdet_ins_tiny,11,0.9062,0.9479,0.9479,0,0.9583480952017408,0.9583480952017408,1.0,12,0,-0.41611299799886764,8,-1,0.8008351676604327
568827,512657,000000512657.jpg,OBLIQUE,2,12,13697.0,233.8,-1,body7_self,gt_box,gt_box,,,1.0,1.0,0,0.9577741545096033,0.9577741545096033,1.0,12,0,-0.4170348149836085,8,-1,0.8051921339596019
568827,512657,000000512657.jpg,OBLIQUE,2,12,13697.0,233.8,-1,body7_self,rtmdet_ins_tiny,rtmdet_ins_tiny,11,0.9062,0.9479,0.9479,0,0.9583480952017408,0.9583480952017408,1.0,12,0,-0.41611299799886764,8,-1,0.8008351553888882
568827,512657,000000512657.jpg,OBLIQUE,2,12,13697.0,233.8,-1,aic_coco_self,gt_box,gt_box,,,1.0,1.0,0,0.9718274129174072,0.9718274129174072,1.0,12,0,-0.4168968965277484,8,-1,0.7850882428533891
568827,512657,000000512657.jpg,OBLIQUE,2,12,13697.0,233.8,-1,aic_coco_self,rtmdet_ins_tiny,rtmdet_ins_tiny,11,0.9062,0.9479,0.9479,0,0.9689905313725998,0.9689905313725998,1.0,12,0,-0.4183902713003732,8,-1,0.7861827822292552
1202508,521819,000000521819.jpg,REAR,0,12,4145.6,137.4,1,body7_official,gt_box,gt_box,,,1.0,1.0,0,0.9841362582695823,0.9841362582695823,1.0,11,0,-0.26792047507280703,6,1,0.7558626953293296
1202508,521819,000000521819.jpg,REAR,0,12,4145.6,137.4,1,body7_official,rtmdet_ins_tiny,rtmdet_ins_tiny,61,0.8894,0.9172,0.9172,0,0.9770516212982373,0.9770516212982373,1.0,11,0,-0.26630446088112997,6,1,0.7680421296287986
1202508,521819,000000521819.jpg,REAR,0,12,4145.6,137.4,1,body7_self,gt_box,gt_box,,,1.0,1.0,0,0.9841362582695823,0.9841362582695823,1.0,11,0,-0.26792047507280703,6,1,0.7558625165153953
1202508,521819,000000521819.jpg,REAR,0,12,4145.6,137.4,1,body7_self,rtmdet_ins_tiny,rtmdet_ins_tiny,61,0.8894,0.9172,0.9172,0,0.9770516212982373,0.9770516212982373,1.0,11,0,-0.26630446088112997,6,1,0.7680421401472652
1202508,521819,000000521819.jpg,REAR,0,12,4145.6,137.4,1,aic_coco_self,gt_box,gt_box,,,1.0,1.0,0,0.9861280103674587,0.9861280103674587,1.0,11,0,-0.2652961659781481,6,1,0.7890103564542883
1202508,521819,000000521819.jpg,REAR,0,12,4145.6,137.4,1,aic_coco_self,rtmdet_ins_tiny,rtmdet_ins_tiny,61,0.8894,0.9172,0.9172,0,0.9846639948179459,0.9846639948179459,1.0,11,0,-0.2671612122433266,6,1,0.8167814086465275
1204085,429761,000000429761.jpg,FRONT,3,16,14251.9,297.2,-1,body7_official,gt_box,gt_box,,,1.0,1.0,0,0.9387754370651737,0.9387754370651737,1.0,14,0,-0.1472052317259538,8,-1,0.8399198511067558
1204085,429761,000000429761.jpg,FRONT,3,16,14251.9,297.2,-1,body7_official,rtmdet_ins_tiny,rtmdet_ins_tiny,5,0.8880,0.0265,0.8727,1,0.013825912425530789,0.0020646861689305744,0.0,14,1,0.008835074339361482,8,1,0.8131190363098594
1204085,429761,000000429761.jpg,FRONT,3,16,14251.9,297.2,-1,body7_self,gt_box,gt_box,,,1.0,1.0,0,0.9387754370651737,0.9387754370651737,1.0,14,0,-0.1472052317259538,8,-1,0.8399197739713332
1204085,429761,000000429761.jpg,FRONT,3,16,14251.9,297.2,-1,body7_self,rtmdet_ins_tiny,rtmdet_ins_tiny,5,0.8880,0.0265,0.8727,1,0.013825912425530789,0.0020646861689305744,0.0,14,1,0.008835074339361482,8,1,0.8131189591744367
1204085,429761,000000429761.jpg,FRONT,3,16,14251.9,297.2,-1,aic_coco_self,gt_box,gt_box,,,1.0,1.0,0,0.9157817358507004,0.9157817358507004,1.0,14,0,-0.1340742230350276,8,-1,0.8772662001497605
1204085,429761,000000429761.jpg,FRONT,3,16,14251.9,297.2,-1,aic_coco_self,rtmdet_ins_tiny,rtmdet_ins_tiny,5,0.8880,0.0265,0.8727,1,0.014459060065554702,0.0021429798449176603,0.0,14,1,0.008375246328350738,8,1,0.8463974840500775
1206793,437331,000000437331.jpg,FRONT,3,15,4250.4,116.8,-1,body7_official,gt_box,gt_box,,,1.0,1.0,0,0.8821870864215563,0.8821870864215563,0.9333333333333333,15,0,-0.8999448626144592,10,-1,0.6816896585857167
1206793,437331,000000437331.jpg,FRONT,3,15,4250.4,116.8,-1,body7_official,rtmdet_ins_tiny,rtmdet_ins_tiny,9,0.7030,0.8309,0.8309,0,0.8758316090020127,0.8758316090020127,0.9333333333333333,15,0,-0.9013201146384964,10,-1,0.6934866046204287
1206793,437331,000000437331.jpg,FRONT,3,15,4250.4,116.8,-1,body7_self,gt_box,gt_box,,,1.0,1.0,0,0.8821870864215563,0.8821870864215563,0.9333333333333333,15,0,-0.8999448626144592,10,-1,0.6816896340426277
1206793,437331,000000437331.jpg,FRONT,3,15,4250.4,116.8,-1,body7_self,rtmdet_ins_tiny,rtmdet_ins_tiny,9,0.7030,0.8309,0.8309,0,0.8758316090020127,0.8758316090020127,0.9333333333333333,15,0,-0.9013201146384964,10,-1,0.6934866239042843
1206793,437331,000000437331.jpg,FRONT,3,15,4250.4,116.8,-1,aic_coco_self,gt_box,gt_box,,,1.0,1.0,0,0.9224173368356351,0.9224173368356351,1.0,15,0,-0.9066927471831738,10,-1,0.7830523392733406
1206793,437331,000000437331.jpg,FRONT,3,15,4250.4,116.8,-1,aic_coco_self,rtmdet_ins_tiny,rtmdet_ins_tiny,9,0.7030,0.8309,0.8309,0,0.9207726519471076,0.9207726519471076,0.9333333333333333,15,0,-0.8862392057261111,10,-1,0.8033760645810295
1207678,289229,000000289229.jpg,FRONT,3,13,93829.2,483.1,-1,body7_official,gt_box,gt_box,,,1.0,1.0,0,0.9617723656781666,0.9617723656781666,1.0,13,0,-0.546592412677183,8,-1,0.7469746330205131
1207678,289229,000000289229.jpg,FRONT,3,13,93829.2,483.1,-1,body7_official,rtmdet_ins_tiny,rtmdet_ins_tiny,3,0.9301,0.9137,0.9137,0,0.9669873057234109,0.9669873057234109,1.0,13,0,-0.5537427366162471,8,-1,0.7463707064881044
1207678,289229,000000289229.jpg,FRONT,3,13,93829.2,483.1,-1,body7_self,gt_box,gt_box,,,1.0,1.0,0,0.9617723656781666,0.9617723656781666,1.0,13,0,-0.546592412677183,8,-1,0.7469746330205131
1207678,289229,000000289229.jpg,FRONT,3,13,93829.2,483.1,-1,body7_self,rtmdet_ins_tiny,rtmdet_ins_tiny,3,0.9301,0.9137,0.9137,0,0.9669873057234109,0.9669873057234109,1.0,13,0,-0.5537427366162471,8,-1,0.7463707126238767
1207678,289229,000000289229.jpg,FRONT,3,13,93829.2,483.1,-1,aic_coco_self,gt_box,gt_box,,,1.0,1.0,0,0.956683888879511,0.956683888879511,1.0,13,0,-0.5463909797654206,8,-1,0.6997029939118553
1207678,289229,000000289229.jpg,FRONT,3,13,93829.2,483.1,-1,aic_coco_self,rtmdet_ins_tiny,rtmdet_ins_tiny,3,0.9301,0.9137,0.9137,0,0.95843790451192,0.95843790451192,1.0,13,0,-0.5481845815956251,8,-1,0.6998183898189488
1209544,566282,000000566282.jpg,OBLIQUE,2,16,25741.2,343.7,-1,body7_official,gt_box,gt_box,,,1.0,1.0,0,0.9787805793368419,0.9787805793368419,1.0,14,0,-0.32494777555001453,12,-1,0.9080013913266799
1209544,566282,000000566282.jpg,OBLIQUE,2,16,25741.2,343.7,-1,body7_official,rtmdet_ins_tiny,rtmdet_ins_tiny,58,0.8835,0.9439,0.9439,0,0.9840845416746326,0.9840845416746326,1.0,14,0,-0.3270929649982834,12,-1,0.9128413971732644
1209544,566282,000000566282.jpg,OBLIQUE,2,16,25741.2,343.7,-1,body7_self,gt_box,gt_box,,,1.0,1.0,0,0.9787805793368419,0.9787805793368419,1.0,14,0,-0.32494777555001453,12,-1,0.9080014334005468
1209544,566282,000000566282.jpg,OBLIQUE,2,16,25741.2,343.7,-1,body7_self,rtmdet_ins_tiny,rtmdet_ins_tiny,58,0.8835,0.9439,0.9439,0,0.9840845416746326,0.9840845416746326,1.0,14,0,-0.3270929649982834,12,-1,0.9128413586055532
1209544,566282,000000566282.jpg,OBLIQUE,2,16,25741.2,343.7,-1,aic_coco_self,gt_box,gt_box,,,1.0,1.0,0,0.9784268031942306,0.9784268031942306,1.0,14,0,-0.3255995392666626,12,-1,0.916089720585767
1209544,566282,000000566282.jpg,OBLIQUE,2,16,25741.2,343.7,-1,aic_coco_self,rtmdet_ins_tiny,rtmdet_ins_tiny,58,0.8835,0.9439,0.9439,0,0.9821094504600713,0.9821094504600713,1.0,14,0,-0.3244303820560094,12,-1,0.9259407450171078
1211900,51938,000000051938.jpg,FRONT,3,17,3965.0,119.7,-1,body7_official,gt_box,gt_box,,,1.0,1.0,0,0.9542368339810778,0.9542368339810778,1.0,17,0,-0.39988399352159554,12,-1,0.7813851763220394
1211900,51938,000000051938.jpg,FRONT,3,17,3965.0,119.7,-1,body7_official,rtmdet_ins_tiny,rtmdet_ins_tiny,43,0.7698,0.0000,0.9006,1,5.37618256226101e-07,2.124931381272956e-06,0.0,17,1,0.0006078653862124916,12,-1,0.6696847221430611
1211900,51938,000000051938.jpg,FRONT,3,17,3965.0,119.7,-1,body7_self,gt_box,gt_box,,,1.0,1.0,0,0.9542368339810778,0.9542368339810778,1.0,17,0,-0.39988399352159554,12,-1,0.7813852499513065
1211900,51938,000000051938.jpg,FRONT,3,17,3965.0,119.7,-1,body7_self,rtmdet_ins_tiny,rtmdet_ins_tiny,43,0.7698,0.0000,0.9006,1,5.37618256226101e-07,2.124931381272956e-06,0.0,17,1,0.0006078653862124916,12,-1,0.6696847957723281
1211900,51938,000000051938.jpg,FRONT,3,17,3965.0,119.7,-1,aic_coco_self,gt_box,gt_box,,,1.0,1.0,0,0.9600362058735779,0.9600362058735779,1.0,17,0,-0.4016889461103821,12,-1,0.784780898514916
1211900,51938,000000051938.jpg,FRONT,3,17,3965.0,119.7,-1,aic_coco_self,rtmdet_ins_tiny,rtmdet_ins_tiny,43,0.7698,0.0000,0.9006,1,5.361220626402368e-07,1.9665357227489083e-06,0.0,17,1,0.0005207819009336312,12,-1,0.7063737336327048
1214457,263068,000000263068.jpg,OBLIQUE,2,15,7129.9,169.7,-1,body7_official,gt_box,gt_box,,,1.0,1.0,0,0.9447761249202762,0.9447761249202762,1.0,15,0,-0.45779033451410844,12,-1,0.763500946409562
1214457,263068,000000263068.jpg,OBLIQUE,2,15,7129.9,169.7,-1,body7_official,rtmdet_ins_tiny,rtmdet_ins_tiny,13,0.8556,0.9516,0.9516,0,0.9406924277834888,0.9406924277834888,1.0,15,0,-0.46613016673119917,12,-1,0.7661414742469788
1214457,263068,000000263068.jpg,OBLIQUE,2,15,7129.9,169.7,-1,body7_self,gt_box,gt_box,,,1.0,1.0,0,0.9447761249202762,0.9447761249202762,1.0,15,0,-0.45779033451410844,12,-1,0.7635010410757626
1214457,263068,000000263068.jpg,OBLIQUE,2,15,7129.9,169.7,-1,body7_self,rtmdet_ins_tiny,rtmdet_ins_tiny,13,0.8556,0.9516,0.9516,0,0.9406924277834888,0.9406924277834888,1.0,15,0,-0.46613016673119917,12,-1,0.7661414497038898
1214457,263068,000000263068.jpg,OBLIQUE,2,15,7129.9,169.7,-1,aic_coco_self,gt_box,gt_box,,,1.0,1.0,0,0.9402684205728465,0.9402684205728465,1.0,15,0,-0.45754146207746804,12,-1,0.8090241376091453
1214457,263068,000000263068.jpg,OBLIQUE,2,15,7129.9,169.7,-1,aic_coco_self,rtmdet_ins_tiny,rtmdet_ins_tiny,13,0.8556,0.9516,0.9516,0,0.9354666224136292,0.9354666224136292,1.0,15,0,-0.4496331809039729,12,-1,0.8014028247664956
1216441,227399,000000227399.jpg,OBLIQUE,2,14,2478.8,127.3,-1,body7_official,gt_box,gt_box,,,1.0,1.0,0,0.9477507669549693,0.9477507669549693,1.0,13,0,-0.08342898143888801,8,-1,0.6921905629775104
1216441,227399,000000227399.jpg,OBLIQUE,2,14,2478.8,127.3,-1,body7_official,rtmdet_ins_tiny,rtmdet_ins_tiny,37,0.8336,0.0428,0.7826,1,0.007377075867608811,0.007377075867608811,0.0,13,0,-0.0012720772613350473,8,-1,0.6921703657683205
1216441,227399,000000227399.jpg,OBLIQUE,2,14,2478.8,127.3,-1,body7_self,gt_box,gt_box,,,1.0,1.0,0,0.9477507669549693,0.9477507669549693,1.0,13,0,-0.08342898143888801,8,-1,0.692190640112933
1216441,227399,000000227399.jpg,OBLIQUE,2,14,2478.8,127.3,-1,body7_self,rtmdet_ins_tiny,rtmdet_ins_tiny,37,0.8336,0.0428,0.7826,1,0.007377075867608811,0.007377075867608811,0.0,13,0,-0.0012720772613350473,8,-1,0.6921704201137319
1216441,227399,000000227399.jpg,OBLIQUE,2,14,2478.8,127.3,-1,aic_coco_self,gt_box,gt_box,,,1.0,1.0,0,0.9549620874903795,0.9549620874903795,1.0,13,0,-0.09276340595293324,8,-1,0.7194264601258671
1216441,227399,000000227399.jpg,OBLIQUE,2,14,2478.8,127.3,-1,aic_coco_self,rtmdet_ins_tiny,rtmdet_ins_tiny,37,0.8336,0.0428,0.7826,1,0.0062939057483754925,0.0062939057483754925,0.0,13,0,-0.0015930739279431672,8,-1,0.7347159262965707
1218554,138639,000000138639.jpg,REAR,0,12,6233.3,152.5,1,body7_official,gt_box,gt_box,,,1.0,1.0,0,0.9480376096112931,0.9480376096112931,1.0,12,0,-0.40807153087375164,10,1,0.6993204600670758
1218554,138639,000000138639.jpg,REAR,0,12,6233.3,152.5,1,body7_official,rtmdet_ins_tiny,rtmdet_ins_tiny,48,0.9161,0.9631,0.9631,0,0.9409533406325082,0.9409533406325082,1.0,12,0,-0.4035143447287442,10,1,0.7052656850394081
1218554,138639,000000138639.jpg,REAR,0,12,6233.3,152.5,1,body7_self,gt_box,gt_box,,,1.0,1.0,0,0.9480376096112931,0.9480376096112931,1.0,12,0,-0.40807153087375164,10,1,0.69932042500552
1218554,138639,000000138639.jpg,REAR,0,12,6233.3,152.5,1,body7_self,rtmdet_ins_tiny,rtmdet_ins_tiny,48,0.9161,0.9631,0.9631,0,0.9409533406325082,0.9409533406325082,1.0,12,0,-0.4035143447287442,10,1,0.7052656131632188
1218554,138639,000000138639.jpg,REAR,0,12,6233.3,152.5,1,aic_coco_self,gt_box,gt_box,,,1.0,1.0,0,0.9491733628139066,0.9491733628139066,1.0,12,0,-0.40924609519452737,10,1,0.7867147852392757
1218554,138639,000000138639.jpg,REAR,0,12,6233.3,152.5,1,aic_coco_self,rtmdet_ins_tiny,rtmdet_ins_tiny,48,0.9161,0.9631,0.9631,0,0.9495467606878779,0.9495467606878779,1.0,12,0,-0.4082731598428368,10,1,0.7845993006930632
1219726,2299,000000002299.jpg,FRONT,3,17,4357.5,112.0,-1,body7_official,gt_box,gt_box,,,1.0,1.0,0,0.9735033627425091,0.9735033627425091,1.0,17,0,-0.4642341203421506,12,-1,0.8286602672408608
1219726,2299,000000002299.jpg,FRONT,3,17,4357.5,112.0,-1,body7_official,rtmdet_ins_tiny,rtmdet_ins_tiny,45,0.8083,0.9436,0.9436,0,0.9772525032079199,0.9772525032079199,1.0,17,0,-0.46550500719152965,12,-1,0.8199277274748858
1219726,2299,000000002299.jpg,FRONT,3,17,4357.5,112.0,-1,body7_self,gt_box,gt_box,,,1.0,1.0,0,0.9735033627425091,0.9735033627425091,1.0,17,0,-0.4642341203421506,12,-1,0.8286602707470164
1219726,2299,000000002299.jpg,FRONT,3,17,4357.5,112.0,-1,body7_self,rtmdet_ins_tiny,rtmdet_ins_tiny,45,0.8083,0.9436,0.9436,0,0.9772525032079199,0.9772525032079199,1.0,17,0,-0.46550500719152965,12,-1,0.819927734487197
1219726,2299,000000002299.jpg,FRONT,3,17,4357.5,112.0,-1,aic_coco_self,gt_box,gt_box,,,1.0,1.0,0,0.9826659417526606,0.9826659417526606,1.0,17,0,-0.4683168346403402,12,-1,0.7941063887932721
1219726,2299,000000002299.jpg,FRONT,3,17,4357.5,112.0,-1,aic_coco_self,rtmdet_ins_tiny,rtmdet_ins_tiny,45,0.8083,0.9436,0.9436,0,0.9835469756470138,0.9835469756470138,1.0,17,0,-0.4709807978332955,12,-1,0.8092984522090239
1221298,368212,000000368212.jpg,FRONT,3,17,97446.7,565.2,-1,body7_official,gt_box,gt_box,,,1.0,1.0,0,0.936038117055204,0.936038117055204,1.0,17,0,-0.41828346325051424,12,-1,0.9543609864571515
1221298,368212,000000368212.jpg,FRONT,3,17,97446.7,565.2,-1,body7_official,rtmdet_ins_tiny,rtmdet_ins_tiny,2,0.8492,0.9447,0.9447,0,0.9324085701274581,0.9324085701274581,1.0,17,0,-0.41472890477338276,12,-1,0.954680555007037
1221298,368212,000000368212.jpg,FRONT,3,17,97446.7,565.2,-1,body7_self,gt_box,gt_box,,,1.0,1.0,0,0.936038117055204,0.936038117055204,1.0,17,0,-0.41828346325051424,12,-1,0.9543610425556407
1221298,368212,000000368212.jpg,FRONT,3,17,97446.7,565.2,-1,body7_self,rtmdet_ins_tiny,rtmdet_ins_tiny,2,0.8492,0.9447,0.9447,0,0.9324085701274581,0.9324085701274581,1.0,17,0,-0.41472890477338276,12,-1,0.9546805479947258
1221298,368212,000000368212.jpg,FRONT,3,17,97446.7,565.2,-1,aic_coco_self,gt_box,gt_box,,,1.0,1.0,0,0.9435186905010923,0.9435186905010923,1.0,17,0,-0.42434350170034013,12,-1,0.9082483018145842
1221298,368212,000000368212.jpg,FRONT,3,17,97446.7,565.2,-1,aic_coco_self,rtmdet_ins_tiny,rtmdet_ins_tiny,2,0.8492,0.9447,0.9447,0,0.9495843652377854,0.9495843652377854,1.0,17,0,-0.4273316529406691,12,-1,0.9166221793960122
1223385,409211,000000409211.jpg,FRONT,3,15,4512.8,163.0,-1,body7_official,gt_box,gt_box,,,1.0,1.0,0,0.9726357335253634,0.9726357335253634,1.0,15,0,-0.3479198779290859,10,-1,0.8166502433664659
1223385,409211,000000409211.jpg,FRONT,3,15,4512.8,163.0,-1,body7_official,rtmdet_ins_tiny,rtmdet_ins_tiny,4,0.8235,0.9864,0.9864,0,0.9746531969712323,0.9746531969712323,1.0,15,0,-0.3483669269157587,10,-1,0.8281554544673246
1223385,409211,000000409211.jpg,FRONT,3,15,4512.8,163.0,-1,body7_self,gt_box,gt_box,,,1.0,1.0,0,0.9726357335253634,0.9726357335253634,1.0,15,0,-0.3479198779290859,10,-1,0.8166502153172213
1223385,409211,000000409211.jpg,FRONT,3,15,4512.8,163.0,-1,body7_self,rtmdet_ins_tiny,rtmdet_ins_tiny,4,0.8235,0.9864,0.9864,0,0.9746531969712323,0.9746531969712323,1.0,15,0,-0.3483669269157587,10,-1,0.8281555456273696
1223385,409211,000000409211.jpg,FRONT,3,15,4512.8,163.0,-1,aic_coco_self,gt_box,gt_box,,,1.0,1.0,0,0.9752000739631258,0.9752000739631258,1.0,15,0,-0.3513645296129155,10,-1,0.8925430283826941
1223385,409211,000000409211.jpg,FRONT,3,15,4512.8,163.0,-1,aic_coco_self,rtmdet_ins_tiny,rtmdet_ins_tiny,4,0.8235,0.9864,0.9864,0,0.9771180903474046,0.9771180903474046,1.0,15,0,-0.3503563840067677,10,-1,0.8952198905103347
1224575,151657,000000151657.jpg,FRONT,3,15,91223.8,616.9,-1,body7_official,gt_box,gt_box,,,1.0,1.0,0,0.975885405891764,0.975885405891764,1.0,14,0,-0.23415888707574053,8,-1,0.8210043381242191
1224575,151657,000000151657.jpg,FRONT,3,15,91223.8,616.9,-1,body7_official,rtmdet_ins_tiny,rtmdet_ins_tiny,9,0.8607,0.9454,0.9454,0,0.9693304562675404,0.9693304562675404,1.0,14,0,-0.2310827491145806,8,-1,0.8242078668930951
1224575,151657,000000151657.jpg,FRONT,3,15,91223.8,616.9,-1,body7_self,gt_box,gt_box,,,1.0,1.0,0,0.975885405891764,0.975885405891764,1.0,14,0,-0.23415888707574053,8,-1,0.8210042767664966
1224575,151657,000000151657.jpg,FRONT,3,15,91223.8,616.9,-1,body7_self,rtmdet_ins_tiny,rtmdet_ins_tiny,9,0.8607,0.9454,0.9454,0,0.9693304562675404,0.9693304562675404,1.0,14,0,-0.2310827491145806,8,-1,0.8242079545469845
1224575,151657,000000151657.jpg,FRONT,3,15,91223.8,616.9,-1,aic_coco_self,gt_box,gt_box,,,1.0,1.0,0,0.9784030932153126,0.9784030932153126,1.0,14,0,-0.24133256733378927,8,-1,0.8591246569857878
1224575,151657,000000151657.jpg,FRONT,3,15,91223.8,616.9,-1,aic_coco_self,rtmdet_ins_tiny,rtmdet_ins_tiny,9,0.8607,0.9454,0.9454,0,0.9764520240588679,0.9764520240588679,1.0,14,0,-0.24036386337026872,8,-1,0.8618167673840242
1225570,376625,000000376625.jpg,REAR,0,13,2578.3,111.7,1,body7_official,gt_box,gt_box,,,1.0,1.0,0,0.9730790522443821,0.9730790522443821,1.0,13,0,-0.3193783364143752,10,1,0.6822784017114079
1225570,376625,000000376625.jpg,REAR,0,13,2578.3,111.7,1,body7_official,rtmdet_ins_tiny,rtmdet_ins_tiny,14,0.7895,0.9206,0.9206,0,0.9734356077977634,0.9734356077977634,1.0,13,0,-0.3120277934678226,10,1,0.6587089194970972
1225570,376625,000000376625.jpg,REAR,0,13,2578.3,111.7,1,body7_self,gt_box,gt_box,,,1.0,1.0,0,0.9730790522443821,0.9730790522443821,1.0,13,0,-0.3193783364143752,10,1,0.6822782825021183
1225570,376625,000000376625.jpg,REAR,0,13,2578.3,111.7,1,body7_self,rtmdet_ins_tiny,rtmdet_ins_tiny,14,0.7895,0.9206,0.9206,0,0.9734356077977634,0.9734356077977634,1.0,13,0,-0.3120277934678226,10,1,0.6587090229286867
1225570,376625,000000376625.jpg,REAR,0,13,2578.3,111.7,1,aic_coco_self,gt_box,gt_box,,,1.0,1.0,0,0.9598764174963674,0.9598764174963674,1.0,13,0,-0.31107837717440395,10,1,0.7507737278938293
1225570,376625,000000376625.jpg,REAR,0,13,2578.3,111.7,1,aic_coco_self,rtmdet_ins_tiny,rtmdet_ins_tiny,14,0.7895,0.9206,0.9206,0,0.9602985852265348,0.9602985852265348,1.0,13,0,-0.3106680717147799,10,1,0.7486133943585789
1226416,288584,000000288584.jpg,OBLIQUE,2,13,9445.2,249.4,1,body7_official,gt_box,gt_box,,,1.0,1.0,0,0.9542300577902227,0.9542300577902227,1.0,11,0,-0.14805275461467943,4,1,0.7891586668351117
1226416,288584,000000288584.jpg,OBLIQUE,2,13,9445.2,249.4,1,body7_official,rtmdet_ins_tiny,rtmdet_ins_tiny,14,0.8729,0.9706,0.9706,0,0.9512569061665982,0.9512569061665982,1.0,11,0,-0.14131836228775196,4,1,0.7846391043242287
1226416,288584,000000288584.jpg,OBLIQUE,2,13,9445.2,249.4,1,body7_self,gt_box,gt_box,,,1.0,1.0,0,0.9542300577902227,0.9542300577902227,1.0,11,0,-0.14805275461467943,4,1,0.7891587369582233
1226416,288584,000000288584.jpg,OBLIQUE,2,13,9445.2,249.4,1,body7_self,rtmdet_ins_tiny,rtmdet_ins_tiny,14,0.8729,0.9706,0.9706,0,0.9512569061665982,0.9512569061665982,1.0,11,0,-0.14131836228775196,4,1,0.7846392375581405
1226416,288584,000000288584.jpg,OBLIQUE,2,13,9445.2,249.4,1,aic_coco_self,gt_box,gt_box,,,1.0,1.0,0,0.951130912448295,0.951130912448295,1.0,11,0,-0.15380337119408655,4,1,0.7903214202207678
1226416,288584,000000288584.jpg,OBLIQUE,2,13,9445.2,249.4,1,aic_coco_self,rtmdet_ins_tiny,rtmdet_ins_tiny,14,0.8729,0.9706,0.9706,0,0.9552801241574348,0.9552801241574348,1.0,11,0,-0.15318859235784885,4,1,0.7907611762776094
1227606,236426,000000236426.jpg,FRONT,3,17,5003.8,133.0,-1,body7_official,gt_box,gt_box,,,1.0,1.0,0,0.9571714490928886,0.9571714490928886,1.0,16,0,-0.6291685618823665,12,-1,0.8867381600772634
1227606,236426,000000236426.jpg,FRONT,3,17,5003.8,133.0,-1,body7_official,rtmdet_ins_tiny,rtmdet_ins_tiny,5,0.8637,0.9369,0.9369,0,0.9471450850930857,0.9471450850930857,1.0,16,0,-0.6287718690560233,12,-1,0.8975427255910986
1227606,236426,000000236426.jpg,FRONT,3,17,5003.8,133.0,-1,body7_self,gt_box,gt_box,,,1.0,1.0,0,0.9571714490928886,0.9571714490928886,1.0,16,0,-0.6291685618823665,12,-1,0.8867382266942192
1227606,236426,000000236426.jpg,FRONT,3,17,5003.8,133.0,-1,body7_self,rtmdet_ins_tiny,rtmdet_ins_tiny,5,0.8637,0.9369,0.9369,0,0.9471450850930857,0.9471450850930857,1.0,16,0,-0.6287718690560233,12,-1,0.8975428097388324
1227606,236426,000000236426.jpg,FRONT,3,17,5003.8,133.0,-1,aic_coco_self,gt_box,gt_box,,,1.0,1.0,0,0.9617666149050069,0.9617666149050069,1.0,16,0,-0.627281378444831,12,-1,0.9236233409713296
1227606,236426,000000236426.jpg,FRONT,3,17,5003.8,133.0,-1,aic_coco_self,rtmdet_ins_tiny,rtmdet_ins_tiny,5,0.8637,0.9369,0.9369,0,0.9417429301218855,0.9417429301218855,1.0,16,0,-0.6239105038170512,12,-1,0.9252360778696397
1230224,2299,000000002299.jpg,FRONT,3,17,4038.5,101.1,-1,body7_official,gt_box,gt_box,,,1.0,1.0,0,0.9345343326605434,0.9345343326605434,1.0,16,0,-0.3407425173411742,10,-1,0.690298483652227
1230224,2299,000000002299.jpg,FRONT,3,17,4038.5,101.1,-1,body7_official,rtmdet_ins_tiny,rtmdet_ins_tiny,57,0.6288,0.9338,0.9338,0,0.9440730898105065,0.9440730898105065,1.0,16,0,-0.3331327256298131,10,-1,0.6467110111432917
1230224,2299,000000002299.jpg,FRONT,3,17,4038.5,101.1,-1,body7_self,gt_box,gt_box,,,1.0,1.0,0,0.9345343326605434,0.9345343326605434,1.0,16,0,-0.3407425173411742,10,-1,0.6902984240475822
1230224,2299,000000002299.jpg,FRONT,3,17,4038.5,101.1,-1,body7_self,rtmdet_ins_tiny,rtmdet_ins_tiny,57,0.6288,0.9338,0.9338,0,0.9440730898105065,0.9440730898105065,1.0,16,0,-0.3331327256298131,10,-1,0.646711049711003
1230224,2299,000000002299.jpg,FRONT,3,17,4038.5,101.1,-1,aic_coco_self,gt_box,gt_box,,,1.0,1.0,0,0.9259690800151139,0.9259690800151139,0.9375,16,0,-0.33249897575311627,10,-1,0.7301148456685683
1230224,2299,000000002299.jpg,FRONT,3,17,4038.5,101.1,-1,aic_coco_self,rtmdet_ins_tiny,rtmdet_ins_tiny,57,0.6288,0.9338,0.9338,0,0.9335484217079412,0.9335484217079412,0.9375,16,0,-0.3362817449802017,10,-1,0.727824924623265
1232453,259690,000000259690.jpg,FRONT,3,16,22302.7,301.3,-1,body7_official,gt_box,gt_box,,,1.0,1.0,0,0.9803919400315304,0.9803919400315304,1.0,16,0,-0.3765904510318306,12,-1,0.8502787036054275
1232453,259690,000000259690.jpg,FRONT,3,16,22302.7,301.3,-1,body7_official,rtmdet_ins_tiny,rtmdet_ins_tiny,46,0.8873,0.9534,0.9534,0,0.9778137699095041,0.9778137699095041,1.0,16,0,-0.37748523363121556,12,-1,0.8533502676907707
1232453,259690,000000259690.jpg,FRONT,3,16,22302.7,301.3,-1,body7_self,gt_box,gt_box,,,1.0,1.0,0,0.9803919400315304,0.9803919400315304,1.0,16,0,-0.3765904510318306,12,-1,0.8502787351608276
1232453,259690,000000259690.jpg,FRONT,3,16,22302.7,301.3,-1,body7_self,rtmdet_ins_tiny,rtmdet_ins_tiny,46,0.8873,0.9534,0.9534,0,0.9778137699095041,0.9778137699095041,1.0,16,0,-0.37748523363121556,12,-1,0.8533503062584821
1232453,259690,000000259690.jpg,FRONT,3,16,22302.7,301.3,-1,aic_coco_self,gt_box,gt_box,,,1.0,1.0,0,0.9832770639128738,0.9832770639128738,1.0,16,0,-0.37696188982770235,12,-1,0.8816500095760121
1232453,259690,000000259690.jpg,FRONT,3,16,22302.7,301.3,-1,aic_coco_self,rtmdet_ins_tiny,rtmdet_ins_tiny,46,0.8873,0.9534,0.9534,0,0.9839696079195157,0.9839696079195157,1.0,16,0,-0.37991564794790017,12,-1,0.8852535065482644
1235332,390555,000000390555.jpg,FRONT,3,15,6583.7,153.5,-1,body7_official,gt_box,gt_box,,,1.0,1.0,0,0.9620097422328748,0.9620097422328748,1.0,13,0,-0.45501965311285303,6,-1,0.7265448833213133
1235332,390555,000000390555.jpg,FRONT,3,15,6583.7,153.5,-1,body7_official,rtmdet_ins_tiny,rtmdet_ins_tiny,64,0.8172,0.9424,0.9424,0,0.9633461543899077,0.9633461543899077,1.0,13,0,-0.4550074945568427,6,-1,0.7541529992047478
1235332,390555,000000390555.jpg,FRONT,3,15,6583.7,153.5,-1,body7_self,gt_box,gt_box,,,1.0,1.0,0,0.9620097422328748,0.9620097422328748,1.0,13,0,-0.45501965311285303,6,-1,0.7265448237166685
