ann_id,image_id,file_name,orientation,face_visible,num_keypoints,area,bbox_h,gt_shoulder_sign,pose_model,box_source,detector,n_person_det,top1_score,top1_iou,best_iou,best_rank,pose_oks_raw,pose_oks_corrected,pose_pck02_corrected,pose_n_scored,pose_chirality_swapped,pose_chirality_margin,pose_n_chir,pose_pred_shoulder_sign,pose_conf_mean
183352,565853,000000565853.jpg,REAR,0,14,11687.6,232.6,1,body7_official,gt_box,gt_box,,,1.0,1.0,0,0.9501148529179155,0.9501148529179155,1.0,12,0,-0.4180570476553921,10,1,0.6818635919514824
183352,565853,000000565853.jpg,REAR,0,14,11687.6,232.6,1,body7_official,rtmdet_ins_tiny,rtmdet_ins_tiny,22,0.6837,0.9161,0.9161,0,0.9540424736819357,0.9540424736819357,1.0,12,0,-0.42394726379244707,10,1,0.6949488240129807
183352,565853,000000565853.jpg,REAR,0,14,11687.6,232.6,1,body7_self,gt_box,gt_box,,,1.0,1.0,0,0.9501148529179155,0.9501148529179155,1.0,12,0,-0.4180570476553921,10,1,0.6818636585684383
183352,565853,000000565853.jpg,REAR,0,14,11687.6,232.6,1,body7_self,rtmdet_ins_tiny,rtmdet_ins_tiny,22,0.6837,0.9161,0.9161,0,0.9540424736819357,0.9540424736819357,1.0,12,0,-0.42394726379244707,10,1,0.694948813494514
183352,565853,000000565853.jpg,REAR,0,14,11687.6,232.6,1,aic_coco_self,gt_box,gt_box,,,1.0,1.0,0,0.9566746407354095,0.9566746407354095,1.0,12,0,-0.42260345853349107,10,1,0.707557432791766
183352,565853,000000565853.jpg,REAR,0,14,11687.6,232.6,1,aic_coco_self,rtmdet_ins_tiny,rtmdet_ins_tiny,22,0.6837,0.9161,0.9161,0,0.967630256547441,0.967630256547441,1.0,12,0,-0.4252267055169022,10,1,0.736519175417283
183695,353180,000000353180.jpg,REAR,0,10,8473.4,209.4,1,body7_official,gt_box,gt_box,,,1.0,1.0,0,0.8735398525123979,0.8735398525123979,1.0,10,0,-0.23400074824845846,8,1,0.49950285606524525
183695,353180,000000353180.jpg,REAR,0,10,8473.4,209.4,1,body7_official,rtmdet_ins_tiny,rtmdet_ins_tiny,58,0.6865,0.0398,0.9674,3,0.015606960437978597,0.1503462097823783,0.1,10,1,0.0017952165183318103,8,1,0.6227717943051282
183695,353180,000000353180.jpg,REAR,0,10,8473.4,209.4,1,body7_self,gt_box,gt_box,,,1.0,1.0,0,0.8735398525123979,0.8735398525123979,1.0,10,0,-0.23400074824845846,8,1,0.49950285869486194
183695,353180,000000353180.jpg,REAR,0,10,8473.4,209.4,1,body7_self,rtmdet_ins_tiny,rtmdet_ins_tiny,58,0.6865,0.0398,0.9674,3,0.015606960437978597,0.1503462097823783,0.1,10,1,0.0017952165183318103,8,1,0.6227717101573944
183695,353180,000000353180.jpg,REAR,0,10,8473.4,209.4,1,aic_coco_self,gt_box,gt_box,,,1.0,1.0,0,0.8519338728973619,0.8519338728973619,0.9,10,0,-0.18439004217480018,8,1,0.47179390402401195
183695,353180,000000353180.jpg,REAR,0,10,8473.4,209.4,1,aic_coco_self,rtmdet_ins_tiny,rtmdet_ins_tiny,58,0.6865,0.0398,0.9674,3,0.016424796430262085,0.1635763859945026,0.1,10,1,0.0039074194747316104,8,1,0.6074783819563249
184031,250127,000000250127.jpg,FRONT,3,17,37455.4,422.8,-1,body7_official,gt_box,gt_box,,,1.0,1.0,0,0.9644643553441488,0.9644643553441488,1.0,17,0,-0.31508006925155074,12,-1,0.9049606112872853
184031,250127,000000250127.jpg,FRONT,3,17,37455.4,422.8,-1,body7_official,rtmdet_ins_tiny,rtmdet_ins_tiny,4,0.8528,0.9607,0.9607,0,0.9736254029306324,0.9736254029306324,1.0,17,0,-0.3152653531717231,12,-1,0.9099077652482426
184031,250127,000000250127.jpg,FRONT,3,17,37455.4,422.8,-1,body7_self,gt_box,gt_box,,,1.0,1.0,0,0.9644643553441488,0.9644643553441488,1.0,17,0,-0.31508006925155074,12,-1,0.9049605797318852
184031,250127,000000250127.jpg,FRONT,3,17,37455.4,422.8,-1,body7_self,rtmdet_ins_tiny,rtmdet_ins_tiny,4,0.8528,0.9607,0.9607,0,0.9736254029306324,0.9736254029306324,1.0,17,0,-0.3152653531717231,12,-1,0.9099078038159538
184031,250127,000000250127.jpg,FRONT,3,17,37455.4,422.8,-1,aic_coco_self,gt_box,gt_box,,,1.0,1.0,0,0.9734939675423976,0.9734939675423976,1.0,17,0,-0.30813243220349784,12,-1,0.899988731917213
184031,250127,000000250127.jpg,FRONT,3,17,37455.4,422.8,-1,aic_coco_self,rtmdet_ins_tiny,rtmdet_ins_tiny,4,0.8528,0.9607,0.9607,0,0.9742459799681944,0.9742459799681944,1.0,17,0,-0.3094556094516784,12,-1,0.9072184808113996
184397,177489,000000177489.jpg,FRONT,3,14,44992.7,354.5,-1,body7_official,gt_box,gt_box,,,1.0,1.0,0,0.9156715693749993,0.9156715693749993,0.9285714285714286,14,0,-0.21475941985009775,8,1,0.771677132915048
184397,177489,000000177489.jpg,FRONT,3,14,44992.7,354.5,-1,body7_official,rtmdet_ins_tiny,rtmdet_ins_tiny,4,0.6997,0.9319,0.9319,0,0.9243945508534823,0.9243945508534823,0.9285714285714286,14,0,-0.21386507994770337,8,1,0.754000681288102
184397,177489,000000177489.jpg,FRONT,3,14,44992.7,354.5,-1,body7_self,gt_box,gt_box,,,1.0,1.0,0,0.9156715693749993,0.9156715693749993,0.9285714285714286,14,0,-0.21475941985009775,8,1,0.7716771259027368
184397,177489,000000177489.jpg,FRONT,3,14,44992.7,354.5,-1,body7_self,rtmdet_ins_tiny,rtmdet_ins_tiny,4,0.6997,0.9319,0.9319,0,0.9243945508534823,0.9243945508534823,0.9285714285714286,14,0,-0.21386507994770337,8,1,0.7540008075097028
184397,177489,000000177489.jpg,FRONT,3,14,44992.7,354.5,-1,aic_coco_self,gt_box,gt_box,,,1.0,1.0,0,0.9276354708640248,0.9276354708640248,1.0,14,0,-0.21218279369375107,8,1,0.7697034828803119
184397,177489,000000177489.jpg,FRONT,3,14,44992.7,354.5,-1,aic_coco_self,rtmdet_ins_tiny,rtmdet_ins_tiny,4,0.6997,0.9319,0.9319,0,0.922971334577588,0.922971334577588,0.9285714285714286,14,0,-0.20726828243962714,8,1,0.7625631549779106
186004,229948,000000229948.jpg,FRONT,3,17,4936.8,135.0,-1,body7_official,gt_box,gt_box,,,1.0,1.0,0,0.9753941753677037,0.9753941753677037,1.0,14,0,-0.3504308374164388,8,-1,0.8098675959250506
186004,229948,000000229948.jpg,FRONT,3,17,4936.8,135.0,-1,body7_official,rtmdet_ins_tiny,rtmdet_ins_tiny,24,0.8056,0.9248,0.9248,0,0.9715210426121347,0.9715210426121347,1.0,14,0,-0.3557238743602441,8,-1,0.812222512329326
186004,229948,000000229948.jpg,FRONT,3,17,4936.8,135.0,-1,body7_self,gt_box,gt_box,,,1.0,1.0,0,0.9753941753677037,0.9753941753677037,1.0,14,0,-0.3504308374164388,8,-1,0.8098676274804508
186004,229948,000000229948.jpg,FRONT,3,17,4936.8,135.0,-1,body7_self,rtmdet_ins_tiny,rtmdet_ins_tiny,24,0.8056,0.9248,0.9248,0,0.9715210426121347,0.9715210426121347,1.0,14,0,-0.3557238743602441,8,-1,0.8122224281815922
186004,229948,000000229948.jpg,FRONT,3,17,4936.8,135.0,-1,aic_coco_self,gt_box,gt_box,,,1.0,1.0,0,0.9758168115154576,0.9758168115154576,1.0,14,0,-0.35645503799415923,8,-1,0.8058467787854812
186004,229948,000000229948.jpg,FRONT,3,17,4936.8,135.0,-1,aic_coco_self,rtmdet_ins_tiny,rtmdet_ins_tiny,24,0.8056,0.9248,0.9248,0,0.969517162340119,0.969517162340119,1.0,14,0,-0.35636694623780285,8,-1,0.8090819190530216
186489,317433,000000317433.jpg,FRONT,3,17,12937.5,242.8,-1,body7_official,gt_box,gt_box,,,1.0,1.0,0,0.9878003707707845,0.9878003707707845,1.0,17,0,-0.3842839924279505,12,-1,0.9387323786230648
186489,317433,000000317433.jpg,FRONT,3,17,12937.5,242.8,-1,body7_official,rtmdet_ins_tiny,rtmdet_ins_tiny,7,0.9047,0.9443,0.9443,0,0.9862638569005002,0.9862638569005002,1.0,17,0,-0.38399128340221933,12,-1,0.9389737353605383
186489,317433,000000317433.jpg,FRONT,3,17,12937.5,242.8,-1,body7_self,gt_box,gt_box,,,1.0,1.0,0,0.9878003707707845,0.9878003707707845,1.0,17,0,-0.3842839924279505,12,-1,0.9387324382277096
186489,317433,000000317433.jpg,FRONT,3,17,12937.5,242.8,-1,body7_self,rtmdet_ins_tiny,rtmdet_ins_tiny,7,0.9047,0.9443,0.9443,0,0.9862638569005002,0.9862638569005002,1.0,17,0,-0.38399128340221933,12,-1,0.9389737038051381
186489,317433,000000317433.jpg,FRONT,3,17,12937.5,242.8,-1,aic_coco_self,gt_box,gt_box,,,1.0,1.0,0,0.987281866354699,0.987281866354699,1.0,17,0,-0.3879816495933695,12,-1,0.9207884423873004
186489,317433,000000317433.jpg,FRONT,3,17,12937.5,242.8,-1,aic_coco_self,rtmdet_ins_tiny,rtmdet_ins_tiny,7,0.9047,0.9443,0.9443,0,0.9866385325219871,0.9866385325219871,1.0,17,0,-0.3894533090970014,12,-1,0.9166554668370415
186932,214753,000000214753.jpg,REAR,0,9,2420.3,121.9,1,body7_official,gt_box,gt_box,,,1.0,1.0,0,0.9609033182039709,0.9609033182039709,1.0,9,0,-0.46309031810848605,6,1,0.7018613938023063
186932,214753,000000214753.jpg,REAR,0,9,2420.3,121.9,1,body7_official,rtmdet_ins_tiny,rtmdet_ins_tiny,4,0.8030,0.9315,0.9315,0,0.9673771950173177,0.9673771950173177,1.0,9,0,-0.4679151542224346,6,1,0.7070165118750404
186932,214753,000000214753.jpg,REAR,0,9,2420.3,121.9,1,body7_self,gt_box,gt_box,,,1.0,1.0,0,0.9609033182039709,0.9609033182039709,1.0,9,0,-0.46309031810848605,6,1,0.7018613797776839
186932,214753,000000214753.jpg,REAR,0,9,2420.3,121.9,1,body7_self,rtmdet_ins_tiny,rtmdet_ins_tiny,4,0.8030,0.9315,0.9315,0,0.9673771950173177,0.9673771950173177,1.0,9,0,-0.4679151542224346,6,1,0.707016597775852
186932,214753,000000214753.jpg,REAR,0,9,2420.3,121.9,1,aic_coco_self,gt_box,gt_box,,,1.0,1.0,0,0.9522636210783195,0.9522636210783195,1.0,9,0,-0.46280860457481154,6,1,0.7437986836713903
186932,214753,000000214753.jpg,REAR,0,9,2420.3,121.9,1,aic_coco_self,rtmdet_ins_tiny,rtmdet_ins_tiny,4,0.8030,0.9315,0.9315,0,0.9581831399955028,0.9581831399955028,1.0,9,0,-0.4642466642077844,6,1,0.7585283237345078
187509,198489,000000198489.jpg,FRONT,3,17,36162.8,339.9,-1,body7_official,gt_box,gt_box,,,1.0,1.0,0,0.973392740193465,0.973392740193465,1.0,15,0,-0.3889217529842567,10,-1,0.8140748879488777
187509,198489,000000198489.jpg,FRONT,3,17,36162.8,339.9,-1,body7_official,rtmdet_ins_tiny,rtmdet_ins_tiny,24,0.8982,0.9385,0.9385,0,0.9547233093999226,0.9547233093999226,1.0,15,0,-0.3893424784969841,10,-1,0.8116681155036477
187509,198489,000000198489.jpg,FRONT,3,17,36162.8,339.9,-1,body7_self,gt_box,gt_box,,,1.0,1.0,0,0.973392740193465,0.973392740193465,1.0,15,0,-0.3889217529842567,10,-1,0.8140748739242554
187509,198489,000000198489.jpg,FRONT,3,17,36162.8,339.9,-1,body7_self,rtmdet_ins_tiny,rtmdet_ins_tiny,24,0.8982,0.9385,0.9385,0,0.9547233093999226,0.9547233093999226,1.0,15,0,-0.3893424784969841,10,-1,0.8116680979728699
187509,198489,000000198489.jpg,FRONT,3,17,36162.8,339.9,-1,aic_coco_self,gt_box,gt_box,,,1.0,1.0,0,0.9760827357024059,0.9760827357024059,1.0,15,0,-0.38339403694532165,10,-1,0.8251599494148704
187509,198489,000000198489.jpg,FRONT,3,17,36162.8,339.9,-1,aic_coco_self,rtmdet_ins_tiny,rtmdet_ins_tiny,24,0.8982,0.9385,0.9385,0,0.9722729308328509,0.9722729308328509,1.0,15,0,-0.3834542001808246,10,-1,0.8294161032227909
188447,471756,000000471756.jpg,FRONT,3,15,23683.6,177.2,-1,body7_official,gt_box,gt_box,,,1.0,1.0,0,0.9099471191148069,0.9099471191148069,1.0,15,0,-0.6981104171274377,8,-1,0.7216322632396922
188447,471756,000000471756.jpg,FRONT,3,15,23683.6,177.2,-1,body7_official,rtmdet_ins_tiny,rtmdet_ins_tiny,31,0.8200,0.8543,0.8543,0,0.8473648448374683,0.8473648448374683,0.8666666666666667,15,0,-0.690086158878982,8,-1,0.7040911562302533
188447,471756,000000471756.jpg,FRONT,3,15,23683.6,177.2,-1,body7_self,gt_box,gt_box,,,1.0,1.0,0,0.9099471191148069,0.9099471191148069,1.0,15,0,-0.6981104171274377,8,-1,0.7216321019565358
188447,471756,000000471756.jpg,FRONT,3,15,23683.6,177.2,-1,body7_self,rtmdet_ins_tiny,rtmdet_ins_tiny,31,0.8200,0.8543,0.8543,0,0.8473648448374683,0.8473648448374683,0.8666666666666667,15,0,-0.690086158878982,8,-1,0.7040911211686975
188447,471756,000000471756.jpg,FRONT,3,15,23683.6,177.2,-1,aic_coco_self,gt_box,gt_box,,,1.0,1.0,0,0.9461235879878724,0.9461235879878724,1.0,15,0,-0.7193120300399681,8,-1,0.7984536009676316
188447,471756,000000471756.jpg,FRONT,3,15,23683.6,177.2,-1,aic_coco_self,rtmdet_ins_tiny,rtmdet_ins_tiny,31,0.8200,0.8543,0.8543,0,0.9526946653826829,0.9526946653826829,1.0,15,0,-0.7184882993252669,8,-1,0.7596996461643892
189976,537991,000000537991.jpg,FRONT,3,13,89209.0,469.7,-1,body7_official,gt_box,gt_box,,,1.0,1.0,0,0.9807386621240499,0.9807386621240499,1.0,13,0,-0.5322852899708318,8,-1,0.7780830246560714
189976,537991,000000537991.jpg,FRONT,3,13,89209.0,469.7,-1,body7_official,rtmdet_ins_tiny,rtmdet_ins_tiny,1,0.9226,0.9405,0.9405,0,0.9857781909747286,0.9857781909747286,1.0,13,0,-0.5305161936039531,8,-1,0.7862462138428408
189976,537991,000000537991.jpg,FRONT,3,13,89209.0,469.7,-1,body7_self,gt_box,gt_box,,,1.0,1.0,0,0.9807386621240499,0.9807386621240499,1.0,13,0,-0.5322852899708318,8,-1,0.7780829878414378
189976,537991,000000537991.jpg,FRONT,3,13,89209.0,469.7,-1,body7_self,rtmdet_ins_tiny,rtmdet_ins_tiny,1,0.9226,0.9405,0.9405,0,0.9857781909747286,0.9857781909747286,1.0,13,0,-0.5305161936039531,8,-1,0.7862462015712962
189976,537991,000000537991.jpg,FRONT,3,13,89209.0,469.7,-1,aic_coco_self,gt_box,gt_box,,,1.0,1.0,0,0.9821185071176578,0.9821185071176578,1.0,13,0,-0.5262496827418243,8,-1,0.7577790819546756
189976,537991,000000537991.jpg,FRONT,3,13,89209.0,469.7,-1,aic_coco_self,rtmdet_ins_tiny,rtmdet_ins_tiny,1,0.9226,0.9405,0.9405,0,0.9785905379489879,0.9785905379489879,1.0,13,0,-0.5291023255790136,8,-1,0.7582715784802156
191374,182611,000000182611.jpg,OBLIQUE,2,11,58215.4,434.3,-1,body7_official,gt_box,gt_box,,,1.0,1.0,0,0.9269244424762085,0.9269244424762085,1.0,11,0,-0.1339574921199312,8,-1,0.6537258747745963
191374,182611,000000182611.jpg,OBLIQUE,2,11,58215.4,434.3,-1,body7_official,rtmdet_ins_tiny,rtmdet_ins_tiny,20,0.8251,0.9252,0.9252,0,0.9226966011239308,0.9226966011239308,1.0,11,0,-0.14330715077422182,8,-1,0.6818266721332774
191374,182611,000000182611.jpg,OBLIQUE,2,11,58215.4,434.3,-1,body7_self,gt_box,gt_box,,,1.0,1.0,0,0.9269244424762085,0.9269244424762085,1.0,11,0,-0.1339574921199312,8,-1,0.6537257923799402
191374,182611,000000182611.jpg,OBLIQUE,2,11,58215.4,434.3,-1,body7_self,rtmdet_ins_tiny,rtmdet_ins_tiny,20,0.8251,0.9252,0.9252,0,0.9226966011239308,0.9226966011239308,1.0,11,0,-0.14330715077422182,8,-1,0.6818268246510449
191374,182611,000000182611.jpg,OBLIQUE,2,11,58215.4,434.3,-1,aic_coco_self,gt_box,gt_box,,,1.0,1.0,0,0.9521500224952248,0.9521500224952248,1.0,11,0,-0.15508222187260437,8,-1,0.6448701918125153
191374,182611,000000182611.jpg,OBLIQUE,2,11,58215.4,434.3,-1,aic_coco_self,rtmdet_ins_tiny,rtmdet_ins_tiny,20,0.8251,0.9252,0.9252,0,0.9427224448388533,0.9427224448388533,1.0,11,0,-0.14941670088576822,8,-1,0.6564132290727952
191818,381639,000000381639.jpg,FRONT,3,17,23357.7,358.0,-1,body7_official,gt_box,gt_box,,,1.0,1.0,0,0.9603774967933889,0.9603774967933889,1.0,17,0,-0.22027171390863648,12,-1,0.8873110343428219
191818,381639,000000381639.jpg,FRONT,3,17,23357.7,358.0,-1,body7_official,rtmdet_ins_tiny,rtmdet_ins_tiny,3,0.8871,0.9192,0.9192,0,0.9588968888237356,0.9588968888237356,1.0,17,0,-0.21838739472567786,12,-1,0.8988832691136528
191818,381639,000000381639.jpg,FRONT,3,17,23357.7,358.0,-1,body7_self,gt_box,gt_box,,,1.0,1.0,0,0.9603774967933889,0.9603774967933889,1.0,17,0,-0.22027171390863648,12,-1,0.8873110588859109
191818,381639,000000381639.jpg,FRONT,3,17,23357.7,358.0,-1,body7_self,rtmdet_ins_tiny,rtmdet_ins_tiny,3,0.8871,0.9192,0.9192,0,0.9588968888237356,0.9588968888237356,1.0,17,0,-0.21838739472567786,12,-1,0.898883177953608
191818,381639,000000381639.jpg,FRONT,3,17,23357.7,358.0,-1,aic_coco_self,gt_box,gt_box,,,1.0,1.0,0,0.9719254171051304,0.9719254171051304,1.0,17,0,-0.22287325855068701,12,-1,0.8958742934114793
191818,381639,000000381639.jpg,FRONT,3,17,23357.7,358.0,-1,aic_coco_self,rtmdet_ins_tiny,rtmdet_ins_tiny,3,0.8871,0.9192,0.9192,0,0.968733153361467,0.968733153361467,1.0,17,0,-0.2227449577048182,12,-1,0.8997550221050487
193774,214192,000000214192.jpg,REAR,0,11,11646.8,204.8,1,body7_official,gt_box,gt_box,,,1.0,1.0,0,0.9809865533530017,0.9809865533530017,1.0,10,0,-0.43978982691724705,6,1,0.6688279509544373
193774,214192,000000214192.jpg,REAR,0,11,11646.8,204.8,1,body7_official,rtmdet_ins_tiny,rtmdet_ins_tiny,3,0.7945,0.6302,0.6302,0,0.973208312711607,0.973208312711607,1.0,10,0,-0.43993231830445334,6,1,0.6108013707048753
193774,214192,000000214192.jpg,REAR,0,11,11646.8,204.8,1,body7_self,gt_box,gt_box,,,1.0,1.0,0,0.9809865533530017,0.9809865533530017,1.0,10,0,-0.43978982691724705,6,1,0.6688279492013595
193774,214192,000000214192.jpg,REAR,0,11,11646.8,204.8,1,body7_self,rtmdet_ins_tiny,rtmdet_ins_tiny,3,0.7945,0.6302,0.6302,0,0.973208312711607,0.973208312711607,1.0,10,0,-0.43993231830445334,6,1,0.6108012725325191
193774,214192,000000214192.jpg,REAR,0,11,11646.8,204.8,1,aic_coco_self,gt_box,gt_box,,,1.0,1.0,0,0.984852527180534,0.984852527180534,1.0,10,0,-0.4451063735487823,6,1,0.707664033945869
193774,214192,000000214192.jpg,REAR,0,11,11646.8,204.8,1,aic_coco_self,rtmdet_ins_tiny,rtmdet_ins_tiny,3,0.7945,0.6302,0.6302,0,0.972488855908038,0.972488855908038,1.0,10,0,-0.4357791649612287,6,1,0.628446919076583
194096,380706,000000380706.jpg,FRONT,3,16,8515.7,209.3,1,body7_official,gt_box,gt_box,,,1.0,1.0,0,0.9366608587379045,0.9366608587379045,1.0,15,0,-0.506582727677606,10,1,0.7763381915933946
194096,380706,000000380706.jpg,FRONT,3,16,8515.7,209.3,1,body7_official,rtmdet_ins_tiny,rtmdet_ins_tiny,29,0.7693,0.9654,0.9654,0,0.9326865064517899,0.9326865064517899,1.0,15,0,-0.4982361859335721,10,1,0.7763420851791606
194096,380706,000000380706.jpg,FRONT,3,16,8515.7,209.3,1,body7_self,gt_box,gt_box,,,1.0,1.0,0,0.9366608587379045,0.9366608587379045,1.0,15,0,-0.506582727677606,10,1,0.7763381740626167
194096,380706,000000380706.jpg,FRONT,3,16,8515.7,209.3,1,body7_self,rtmdet_ins_tiny,rtmdet_ins_tiny,29,0.7693,0.9654,0.9654,0,0.9326865064517899,0.9326865064517899,1.0,15,0,-0.4982361859335721,10,1,0.7763420290806714
194096,380706,000000380706.jpg,FRONT,3,16,8515.7,209.3,1,aic_coco_self,gt_box,gt_box,,,1.0,1.0,0,0.9256669340706315,0.9256669340706315,1.0,15,0,-0.515197646443236,10,1,0.8161053517285515
194096,380706,000000380706.jpg,FRONT,3,16,8515.7,209.3,1,aic_coco_self,rtmdet_ins_tiny,rtmdet_ins_tiny,29,0.7693,0.9654,0.9654,0,0.9200802696341778,0.9200802696341778,1.0,15,0,-0.516124423433037,10,1,0.8130911904222825
196121,515579,000000515579.jpg,FRONT,3,17,23944.5,304.1,-1,body7_official,gt_box,gt_box,,,1.0,1.0,0,0.9520166795146005,0.9520166795146005,1.0,16,0,-0.7204777847335353,12,-1,0.8316828117651098
196121,515579,000000515579.jpg,FRONT,3,17,23944.5,304.1,-1,body7_official,rtmdet_ins_tiny,rtmdet_ins_tiny,29,0.9394,0.9347,0.9347,0,0.9583307070849156,0.9583307070849156,1.0,16,0,-0.7191751697121531,12,-1,0.8373112187666052
196121,515579,000000515579.jpg,FRONT,3,17,23944.5,304.1,-1,body7_self,gt_box,gt_box,,,1.0,1.0,0,0.9520166795146005,0.9520166795146005,1.0,16,0,-0.7204777847335353,12,-1,0.8316829730482662
196121,515579,000000515579.jpg,FRONT,3,17,23944.5,304.1,-1,body7_self,rtmdet_ins_tiny,rtmdet_ins_tiny,29,0.9394,0.9347,0.9347,0,0.9583307070849156,0.9583307070849156,1.0,16,0,-0.7191751697121531,12,-1,0.8373112994081834
196121,515579,000000515579.jpg,FRONT,3,17,23944.5,304.1,-1,aic_coco_self,gt_box,gt_box,,,1.0,1.0,0,0.9768607023975961,0.9768607023975961,1.0,16,0,-0.7164302159850776,12,-1,0.8270988359170801
196121,515579,000000515579.jpg,FRONT,3,17,23944.5,304.1,-1,aic_coco_self,rtmdet_ins_tiny,rtmdet_ins_tiny,29,0.9394,0.9347,0.9347,0,0.9576701976776515,0.9576701976776515,1.0,16,0,-0.7178517898693133,12,-1,0.8116846330025617
197055,91406,000000091406.jpg,FRONT,3,13,14382.9,252.1,-1,body7_official,gt_box,gt_box,,,1.0,1.0,0,0.9757170049189473,0.9757170049189473,1.0,11,0,-0.4178263273419657,4,-1,0.7420613695593441
197055,91406,000000091406.jpg,FRONT,3,13,14382.9,252.1,-1,body7_official,rtmdet_ins_tiny,rtmdet_ins_tiny,8,0.8287,0.9546,0.9546,0,0.9711905386560903,0.9711905386560903,1.0,11,0,-0.4115339184175615,4,-1,0.756626637542949
197055,91406,000000091406.jpg,FRONT,3,13,14382.9,252.1,-1,body7_self,gt_box,gt_box,,,1.0,1.0,0,0.9757170049189473,0.9757170049189473,1.0,11,0,-0.4178263273419657,4,-1,0.7420612678808325
197055,91406,000000091406.jpg,FRONT,3,13,14382.9,252.1,-1,body7_self,rtmdet_ins_tiny,rtmdet_ins_tiny,8,0.8287,0.9546,0.9546,0,0.9711905386560903,0.9711905386560903,1.0,11,0,-0.4115339184175615,4,-1,0.7566265831975376
197055,91406,000000091406.jpg,FRONT,3,13,14382.9,252.1,-1,aic_coco_self,gt_box,gt_box,,,1.0,1.0,0,0.9723508600460519,0.9723508600460519,1.0,11,0,-0.408750249125097,4,-1,0.7790138598750619
197055,91406,000000091406.jpg,FRONT,3,13,14382.9,252.1,-1,aic_coco_self,rtmdet_ins_tiny,rtmdet_ins_tiny,8,0.8287,0.9546,0.9546,0,0.9628775009109742,0.9628775009109742,1.0,11,0,-0.39694867151195795,4,-1,0.7940913298550774
197529,380706,000000380706.jpg,REAR,0,9,3144.4,115.2,1,body7_official,gt_box,gt_box,,,1.0,1.0,0,0.9528222912193295,0.9528222912193295,1.0,9,0,-0.2037404003099006,8,1,0.6517524438745835
197529,380706,000000380706.jpg,REAR,0,9,3144.4,115.2,1,body7_official,rtmdet_ins_tiny,rtmdet_ins_tiny,22,0.7743,0.8551,0.8551,0,0.9527566093792177,0.9527566093792177,1.0,9,0,-0.20580986301977489,8,1,0.652131413712221
197529,380706,000000380706.jpg,REAR,0,9,3144.4,115.2,1,body7_self,gt_box,gt_box,,,1.0,1.0,0,0.9528222912193295,0.9528222912193295,1.0,9,0,-0.2037404003099006,8,1,0.6517525175038505
197529,380706,000000380706.jpg,REAR,0,9,3144.4,115.2,1,body7_self,rtmdet_ins_tiny,rtmdet_ins_tiny,22,0.7743,0.8551,0.8551,0,0.9527566093792177,0.9527566093792177,1.0,9,0,-0.20580986301977489,8,1,0.6521314365022323
197529,380706,000000380706.jpg,REAR,0,9,3144.4,115.2,1,aic_coco_self,gt_box,gt_box,,,1.0,1.0,0,0.9658076209356733,0.9658076209356733,1.0,9,0,-0.20515023844690494,8,1,0.6438847604919883
197529,380706,000000380706.jpg,REAR,0,9,3144.4,115.2,1,aic_coco_self,rtmdet_ins_tiny,rtmdet_ins_tiny,22,0.7743,0.8551,0.8551,0,0.9599777851828128,0.9599777851828128,1.0,9,0,-0.2038002615299666,8,1,0.6515602539567387
198826,45070,000000045070.jpg,OBLIQUE,2,15,74685.4,446.3,-1,body7_official,gt_box,gt_box,,,1.0,1.0,0,0.9532178379511973,0.9532178379511973,1.0,15,0,-0.008535233126874146,12,-1,0.7072452745016884
198826,45070,000000045070.jpg,OBLIQUE,2,15,74685.4,446.3,-1,body7_official,rtmdet_ins_tiny,rtmdet_ins_tiny,7,0.7635,0.9146,0.9146,0,0.9527574221020525,0.9527574221020525,1.0,15,0,-0.010146274831569636,12,-1,0.6983578678439645
198826,45070,000000045070.jpg,OBLIQUE,2,15,74685.4,446.3,-1,body7_self,gt_box,gt_box,,,1.0,1.0,0,0.9532178379511973,0.9532178379511973,1.0,15,0,-0.008535233126874146,12,-1,0.7072452832670773
198826,45070,000000045070.jpg,OBLIQUE,2,15,74685.4,446.3,-1,body7_self,rtmdet_ins_tiny,rtmdet_ins_tiny,7,0.7635,0.9146,0.9146,0,0.9527574221020525,0.9527574221020525,1.0,15,0,-0.010146274831569636,12,-1,0.6983578520662644
198826,45070,000000045070.jpg,OBLIQUE,2,15,74685.4,446.3,-1,aic_coco_self,gt_box,gt_box,,,1.0,1.0,0,0.9463985707543229,0.9463985707543229,1.0,15,0,-0.009904352638701083,12,-1,0.702375715269762
198826,45070,000000045070.jpg,OBLIQUE,2,15,74685.4,446.3,-1,aic_coco_self,rtmdet_ins_tiny,rtmdet_ins_tiny,7,0.7635,0.9146,0.9146,0,0.9487432534410221,0.9487432534410221,1.0,15,0,-0.0031169038208802916,12,-1,0.716237839530496
199770,464476,000000464476.jpg,REAR,0,14,7618.9,189.3,1,body7_official,gt_box,gt_box,,,1.0,1.0,0,0.931921159644415,0.931921159644415,1.0,14,0,-0.3148278031855323,12,1,0.6974456310272217
199770,464476,000000464476.jpg,REAR,0,14,7618.9,189.3,1,body7_official,rtmdet_ins_tiny,rtmdet_ins_tiny,6,0.7474,0.9736,0.9736,0,0.9254408999817672,0.9254408999817672,1.0,14,0,-0.31532108944451603,12,1,0.7153084733906914
199770,464476,000000464476.jpg,REAR,0,14,7618.9,189.3,1,body7_self,gt_box,gt_box,,,1.0,1.0,0,0.931921159644415,0.931921159644415,1.0,14,0,-0.3148278031855323,12,1,0.6974458974950454
199770,464476,000000464476.jpg,REAR,0,14,7618.9,189.3,1,body7_self,rtmdet_ins_tiny,rtmdet_ins_tiny,6,0.7474,0.9736,0.9736,0,0.9254408999817672,0.9254408999817672,1.0,14,0,-0.31532108944451603,12,1,0.7153082735398236
199770,464476,000000464476.jpg,REAR,0,14,7618.9,189.3,1,aic_coco_self,gt_box,gt_box,,,1.0,1.0,0,0.9489489746966299,0.9489489746966299,1.0,14,0,-0.3174980385435242,12,1,0.7338416085523718
199770,464476,000000464476.jpg,REAR,0,14,7618.9,189.3,1,aic_coco_self,rtmdet_ins_tiny,rtmdet_ins_tiny,6,0.7474,0.9736,0.9736,0,0.9431308218618443,0.9431308218618443,1.0,14,0,-0.3111067512161231,12,1,0.7422867627704844
200685,473118,000000473118.jpg,OBLIQUE,2,15,22608.2,335.9,1,body7_official,gt_box,gt_box,,,1.0,1.0,0,0.9383371784926777,0.9383371784926777,1.0,15,0,-0.5146928955961185,12,1,0.7512499164132511
200685,473118,000000473118.jpg,OBLIQUE,2,15,22608.2,335.9,1,body7_official,rtmdet_ins_tiny,rtmdet_ins_tiny,7,0.7541,0.8735,0.8735,0,0.9443563973030216,0.9443563973030216,1.0,15,0,-0.507011647960539,12,1,0.7614553009762484
200685,473118,000000473118.jpg,OBLIQUE,2,15,22608.2,335.9,1,body7_self,gt_box,gt_box,,,1.0,1.0,0,0.9383371784926777,0.9383371784926777,1.0,15,0,-0.5146928955961185,12,1,0.7512498322655173
200685,473118,000000473118.jpg,OBLIQUE,2,15,22608.2,335.9,1,body7_self,rtmdet_ins_tiny,rtmdet_ins_tiny,7,0.7541,0.8735,0.8735,0,0.9443563973030216,0.9443563973030216,1.0,15,0,-0.507011647960539,12,1,0.7614552308531368
200685,473118,000000473118.jpg,OBLIQUE,2,15,22608.2,335.9,1,aic_coco_self,gt_box,gt_box,,,1.0,1.0,0,0.9572869255756036,0.9572869255756036,1.0,15,0,-0.505371021553773,12,1,0.790696498225717
200685,473118,000000473118.jpg,OBLIQUE,2,15,22608.2,335.9,1,aic_coco_self,rtmdet_ins_tiny,rtmdet_ins_tiny,7,0.7541,0.8735,0.8735,0,0.9548034519633486,0.9548034519633486,1.0,15,0,-0.506149260946966,12,1,0.7866793380064123
201091,133567,000000133567.jpg,REAR,0,10,14357.5,230.2,1,body7_official,gt_box,gt_box,,,1.0,1.0,0,0.9818524114463422,0.9818524114463422,1.0,10,0,-0.3935950855784036,8,1,0.6777988812502693
201091,133567,000000133567.jpg,REAR,0,10,14357.5,230.2,1,body7_official,rtmdet_ins_tiny,rtmdet_ins_tiny,34,0.9031,0.9802,0.9802,0,0.977860479862164,0.977860479862164,1.0,10,0,-0.391939267484395,8,1,0.6781648572753457
201091,133567,000000133567.jpg,REAR,0,10,14357.5,230.2,1,body7_self,gt_box,gt_box,,,1.0,1.0,0,0.9818524114463422,0.9818524114463422,1.0,10,0,-0.3935950855784036,8,1,0.6777988356702468
201091,133567,000000133567.jpg,REAR,0,10,14357.5,230.2,1,body7_self,rtmdet_ins_tiny,rtmdet_ins_tiny,34,0.9031,0.9802,0.9802,0,0.977860479862164,0.977860479862164,1.0,10,0,-0.391939267484395,8,1,0.6781647713745341
201091,133567,000000133567.jpg,REAR,0,10,14357.5,230.2,1,aic_coco_self,gt_box,gt_box,,,1.0,1.0,0,0.9873975805405172,0.9873975805405172,1.0,10,0,-0.39759468077459176,8,1,0.7059803868041319
201091,133567,000000133567.jpg,REAR,0,10,14357.5,230.2,1,aic_coco_self,rtmdet_ins_tiny,rtmdet_ins_tiny,34,0.9031,0.9802,0.9802,0,0.9859776400770578,0.9859776400770578,1.0,10,0,-0.39667291304119734,8,1,0.6987623151610879
201643,13659,000000013659.jpg,FRONT,3,12,7141.7,141.3,-1,body7_official,gt_box,gt_box,,,1.0,1.0,0,0.9284461536588396,0.9284461536588396,1.0,12,0,-0.5111435752288817,8,-1,0.6904309900367961
201643,13659,000000013659.jpg,FRONT,3,12,7141.7,141.3,-1,body7_official,rtmdet_ins_tiny,rtmdet_ins_tiny,16,0.7306,0.9332,0.9332,0,0.9533660564396675,0.9533660564396675,1.0,12,0,-0.5225665910762833,8,-1,0.7239741122021395
201643,13659,000000013659.jpg,FRONT,3,12,7141.7,141.3,-1,body7_self,gt_box,gt_box,,,1.0,1.0,0,0.9284461536588396,0.9284461536588396,1.0,12,0,-0.5111435752288817,8,-1,0.6904309567283181
201643,13659,000000013659.jpg,FRONT,3,12,7141.7,141.3,-1,body7_self,rtmdet_ins_tiny,rtmdet_ins_tiny,16,0.7306,0.9332,0.9332,0,0.9533660564396675,0.9533660564396675,1.0,12,0,-0.5225665910762833,8,-1,0.7239741437575397
201643,13659,000000013659.jpg,FRONT,3,12,7141.7,141.3,-1,aic_coco_self,gt_box,gt_box,,,1.0,1.0,0,0.8975053906048543,0.8975053906048543,0.9166666666666666,12,0,-0.5008063498825681,8,-1,0.6674534976482391
201643,13659,000000013659.jpg,FRONT,3,12,7141.7,141.3,-1,aic_coco_self,rtmdet_ins_tiny,rtmdet_ins_tiny,16,0.7306,0.9332,0.9332,0,0.9580332946292561,0.9580332946292561,1.0,12,0,-0.527573883379715,8,-1,0.6837946807636934
202487,293625,000000293625.jpg,FRONT,3,13,40495.5,313.9,-1,body7_official,gt_box,gt_box,,,1.0,1.0,0,0.9291286003464786,0.9291286003464786,1.0,13,0,-0.17562948683356924,8,-1,0.7173243673408732
202487,293625,000000293625.jpg,FRONT,3,13,40495.5,313.9,-1,body7_official,rtmdet_ins_tiny,rtmdet_ins_tiny,4,0.8048,0.9021,0.9021,0,0.9584946438044806,0.9584946438044806,1.0,13,0,-0.1782458257527813,8,-1,0.7174258004216587
202487,293625,000000293625.jpg,FRONT,3,13,40495.5,313.9,-1,body7_self,gt_box,gt_box,,,1.0,1.0,0,0.9291286003464786,0.9291286003464786,1.0,13,0,-0.17562948683356924,8,-1,0.717324419933207
202487,293625,000000293625.jpg,FRONT,3,13,40495.5,313.9,-1,body7_self,rtmdet_ins_tiny,rtmdet_ins_tiny,4,0.8048,0.9021,0.9021,0,0.9584946438044806,0.9584946438044806,1.0,13,0,-0.1782458257527813,8,-1,0.7174257741254919
202487,293625,000000293625.jpg,FRONT,3,13,40495.5,313.9,-1,aic_coco_self,gt_box,gt_box,,,1.0,1.0,0,0.9614105498384107,0.9614105498384107,1.0,13,0,-0.1866043920811462,8,-1,0.7175144412938286
202487,293625,000000293625.jpg,FRONT,3,13,40495.5,313.9,-1,aic_coco_self,rtmdet_ins_tiny,rtmdet_ins_tiny,4,0.8048,0.9021,0.9021,0,0.9525538045354734,0.9525538045354734,1.0,13,0,-0.18722180533227192,8,-1,0.7104269231066984
204017,507797,000000507797.jpg,PROFILE,1,12,5216.7,192.0,-1,body7_official,gt_box,gt_box,,,1.0,1.0,0,0.9732580555631292,0.9732580555631292,1.0,12,0,-0.1163963447497034,8,-1,0.7600908314480501
204017,507797,000000507797.jpg,PROFILE,1,12,5216.7,192.0,-1,body7_official,rtmdet_ins_tiny,rtmdet_ins_tiny,27,0.8896,0.1966,0.9673,1,0.003254125342043636,0.003254125342043636,0.0,12,0,-0.00374871766187046,8,-1,0.8703400457606596
204017,507797,000000507797.jpg,PROFILE,1,12,5216.7,192.0,-1,body7_self,gt_box,gt_box,,,1.0,1.0,0,0.9732580555631292,0.9732580555631292,1.0,12,0,-0.1163963447497034,8,-1,0.760090791127261
204017,507797,000000507797.jpg,PROFILE,1,12,5216.7,192.0,-1,body7_self,rtmdet_ins_tiny,rtmdet_ins_tiny,27,0.8896,0.1966,0.9673,1,0.003254125342043636,0.003254125342043636,0.0,12,0,-0.00374871766187046,8,-1,0.8703400703037486
204017,507797,000000507797.jpg,PROFILE,1,12,5216.7,192.0,-1,aic_coco_self,gt_box,gt_box,,,1.0,1.0,0,0.9469146745169162,0.9469146745169162,1.0,12,0,-0.11820143874919153,8,-1,0.7818372565157273
204017,507797,000000507797.jpg,PROFILE,1,12,5216.7,192.0,-1,aic_coco_self,rtmdet_ins_tiny,rtmdet_ins_tiny,27,0.8896,0.1966,0.9673,1,0.0039759176829829304,0.0039759176829829304,0.0,12,0,-0.0030059328206444302,8,-1,0.8438548901501823
205241,397354,000000397354.jpg,OBLIQUE,2,13,6594.8,179.6,1,body7_official,gt_box,gt_box,,,1.0,1.0,0,0.8368728925742036,0.8368728925742036,0.8571428571428571,7,0,-0.17584625899655842,4,1,0.5941913636291728
205241,397354,000000397354.jpg,OBLIQUE,2,13,6594.8,179.6,1,body7_official,rtmdet_ins_tiny,rtmdet_ins_tiny,4,0.8080,0.8952,0.8952,0,0.8423481149357803,0.8423481149357803,0.8571428571428571,7,0,-0.1713255162450945,4,1,0.6084457565756405
205241,397354,000000397354.jpg,OBLIQUE,2,13,6594.8,179.6,1,body7_self,gt_box,gt_box,,,1.0,1.0,0,0.8368728925742036,0.8368728925742036,0.8571428571428571,7,0,-0.17584625899655842,4,1,0.5941914127153509
205241,397354,000000397354.jpg,OBLIQUE,2,13,6594.8,179.6,1,body7_self,rtmdet_ins_tiny,rtmdet_ins_tiny,4,0.8080,0.8952,0.8952,0,0.8423481149357803,0.8423481149357803,0.8571428571428571,7,0,-0.1713255162450945,4,1,0.6084458074148964
205241,397354,000000397354.jpg,OBLIQUE,2,13,6594.8,179.6,1,aic_coco_self,gt_box,gt_box,,,1.0,1.0,0,0.8344868563622372,0.8344868563622372,0.8571428571428571,7,0,-0.16378810458006024,4,1,0.5962846480748233
205241,397354,000000397354.jpg,OBLIQUE,2,13,6594.8,179.6,1,aic_coco_self,rtmdet_ins_tiny,rtmdet_ins_tiny,4,0.8080,0.8952,0.8952,0,0.8285372338424949,0.8285372338424949,0.7142857142857143,7,0,-0.1641592205746059,4,1,0.6103446948177674
206924,556000,000000556000.jpg,OBLIQUE,2,15,23323.2,408.5,-1,body7_official,gt_box,gt_box,,,1.0,1.0,0,0.8342933585844089,0.8342933585844089,0.8666666666666667,15,0,-0.021859379739603862,12,1,0.7544672839781817
206924,556000,000000556000.jpg,OBLIQUE,2,15,23323.2,408.5,-1,body7_official,rtmdet_ins_tiny,rtmdet_ins_tiny,10,0.8105,0.9559,0.9559,0,0.8193596757158484,0.8193596757158484,0.8666666666666667,15,0,-0.017430395860740217,12,1,0.74360972292283
206924,556000,000000556000.jpg,OBLIQUE,2,15,23323.2,408.5,-1,body7_self,gt_box,gt_box,,,1.0,1.0,0,0.8342933585844089,0.8342933585844089,0.8666666666666667,15,0,-0.021859379739603862,12,1,0.7544673120274263
206924,556000,000000556000.jpg,OBLIQUE,2,15,23323.2,408.5,-1,body7_self,rtmdet_ins_tiny,rtmdet_ins_tiny,10,0.8105,0.9559,0.9559,0,0.8193596757158484,0.8193596757158484,0.8666666666666667,15,0,-0.017430395860740217,12,1,0.74360972292283
206924,556000,000000556000.jpg,OBLIQUE,2,15,23323.2,408.5,-1,aic_coco_self,gt_box,gt_box,,,1.0,1.0,0,0.8742353696112026,0.8742353696112026,1.0,15,0,-0.024629964298138532,12,1,0.7812428088749156
206924,556000,000000556000.jpg,OBLIQUE,2,15,23323.2,408.5,-1,aic_coco_self,rtmdet_ins_tiny,rtmdet_ins_tiny,10,0.8105,0.9559,0.9559,0,0.8503627668854737,0.8503627668854737,0.9333333333333333,15,0,-0.017516912954615063,12,1,0.771014764028437
207870,378515,000000378515.jpg,PROFILE,1,14,14625.9,189.4,-1,body7_official,gt_box,gt_box,,,1.0,1.0,0,0.8190748576629522,0.8190748576629522,0.9285714285714286,14,0,-0.34373282882580836,12,-1,0.6343388592495638
207870,378515,000000378515.jpg,PROFILE,1,14,14625.9,189.4,-1,body7_official,rtmdet_ins_tiny,rtmdet_ins_tiny,28,0.6858,0.8663,0.8663,0,0.8221555490296708,0.8221555490296708,0.9285714285714286,14,0,-0.34734682045729415,12,-1,0.632245750988231
207870,378515,000000378515.jpg,PROFILE,1,14,14625.9,189.4,-1,body7_self,gt_box,gt_box,,,1.0,1.0,0,0.8190748576629522,0.8190748576629522,0.9285714285714286,14,0,-0.34373282882580836,12,-1,0.6343387838672189
207870,378515,000000378515.jpg,PROFILE,1,14,14625.9,189.4,-1,body7_self,rtmdet_ins_tiny,rtmdet_ins_tiny,28,0.6858,0.8663,0.8663,0,0.8221555490296708,0.8221555490296708,0.9285714285714286,14,0,-0.34734682045729415,12,-1,0.6322456615812638
207870,378515,000000378515.jpg,PROFILE,1,14,14625.9,189.4,-1,aic_coco_self,gt_box,gt_box,,,1.0,1.0,0,0.8274626520421732,0.8274626520421732,0.9285714285714286,14,0,-0.34860522762738594,12,-1,0.6981116673525642
207870,378515,000000378515.jpg,PROFILE,1,14,14625.9,189.4,-1,aic_coco_self,rtmdet_ins_tiny,rtmdet_ins_tiny,28,0.6858,0.8663,0.8663,0,0.8320805406336105,0.8320805406336105,0.9285714285714286,14,0,-0.34823041338518185,12,-1,0.7055416492854848
209436,146667,000000146667.jpg,REAR,0,9,2137.1,121.2,1,body7_official,gt_box,gt_box,,,1.0,1.0,0,0.9380662228862364,0.9380662228862364,1.0,8,0,-0.13229780731794932,4,1,0.7263323138741886
209436,146667,000000146667.jpg,REAR,0,9,2137.1,121.2,1,body7_official,rtmdet_ins_tiny,rtmdet_ins_tiny,55,0.7043,0.1485,0.7427,1,0.0012599098142851127,0.0012599098142851127,0.0,8,0,-0.0008713621998328591,4,1,0.648100858225542
209436,146667,000000146667.jpg,REAR,0,9,2137.1,121.2,1,body7_self,gt_box,gt_box,,,1.0,1.0,0,0.9380662228862364,0.9380662228862364,1.0,8,0,-0.13229780731794932,4,1,0.7263322980964885
209436,146667,000000146667.jpg,REAR,0,9,2137.1,121.2,1,body7_self,rtmdet_ins_tiny,rtmdet_ins_tiny,55,0.7043,0.1485,0.7427,1,0.0012599098142851127,0.0012599098142851127,0.0,8,0,-0.0008713621998328591,4,1,0.6481010107433095
209436,146667,000000146667.jpg,REAR,0,9,2137.1,121.2,1,aic_coco_self,gt_box,gt_box,,,1.0,1.0,0,0.9470348574838772,0.9470348574838772,1.0,8,0,-0.1392423790837322,4,1,0.7216585629126605
209436,146667,000000146667.jpg,REAR,0,9,2137.1,121.2,1,aic_coco_self,rtmdet_ins_tiny,rtmdet_ins_tiny,55,0.7043,0.1485,0.7427,1,0.0013479560148364146,0.0013479560148364146,0.0,8,0,-0.000654152178440115,4,1,0.7017610388643601
210511,469067,000000469067.jpg,OBLIQUE,2,13,110235.8,288.9,1,body7_official,gt_box,gt_box,,,1.0,1.0,0,0.906893976816808,0.906893976816808,0.9166666666666666,12,0,-0.1541737154525109,8,1,0.5728602374301237
210511,469067,000000469067.jpg,OBLIQUE,2,13,110235.8,288.9,1,body7_official,rtmdet_ins_tiny,rtmdet_ins_tiny,9,0.5268,0.9271,0.9271,0,0.9093515045942411,0.9093515045942411,1.0,12,0,-0.1628646591709514,8,1,0.5861881769755307
210511,469067,000000469067.jpg,OBLIQUE,2,13,110235.8,288.9,1,body7_self,gt_box,gt_box,,,1.0,1.0,0,0.906893976816808,0.906893976816808,0.9166666666666666,12,0,-0.1541737154525109,8,1,0.5728601269862231
210511,469067,000000469067.jpg,OBLIQUE,2,13,110235.8,288.9,1,body7_self,rtmdet_ins_tiny,rtmdet_ins_tiny,9,0.5268,0.9271,0.9271,0,0.9093515045942411,0.9093515045942411,1.0,12,0,-0.1628646591709514,8,1,0.5861879780012018
210511,469067,000000469067.jpg,OBLIQUE,2,13,110235.8,288.9,1,aic_coco_self,gt_box,gt_box,,,1.0,1.0,0,0.9379941036663365,0.9379941036663365,1.0,12,0,-0.1721722011381845,8,1,0.63332741225467
210511,469067,000000469067.jpg,OBLIQUE,2,13,110235.8,288.9,1,aic_coco_self,rtmdet_ins_tiny,rtmdet_ins_tiny,9,0.5268,0.9271,0.9271,0,0.9105334791590695,0.9105334791590695,1.0,12,0,-0.11982062332409459,8,1,0.6125414564329035
212196,91406,000000091406.jpg,FRONT,3,13,18940.7,300.1,-1,body7_official,gt_box,gt_box,,,1.0,1.0,0,0.9285525970738667,0.9285525970738667,1.0,13,0,-0.25956729589647287,6,-1,0.7827031717580908
212196,91406,000000091406.jpg,FRONT,3,13,18940.7,300.1,-1,body7_official,rtmdet_ins_tiny,rtmdet_ins_tiny,13,0.8488,0.1129,0.7390,1,0.000541324494168833,0.000541324494168833,0.0,13,0,-0.02072126572461297,6,-1,0.7394992428667405
212196,91406,000000091406.jpg,FRONT,3,13,18940.7,300.1,-1,body7_self,gt_box,gt_box,,,1.0,1.0,0,0.9285525970738667,0.9285525970738667,1.0,13,0,-0.25956729589647287,6,-1,0.7827031296842238
212196,91406,000000091406.jpg,FRONT,3,13,18940.7,300.1,-1,body7_self,rtmdet_ins_tiny,rtmdet_ins_tiny,13,0.8488,0.1129,0.7390,1,0.000541324494168833,0.000541324494168833,0.0,13,0,-0.02072126572461297,6,-1,0.7394993024713853
212196,91406,000000091406.jpg,FRONT,3,13,18940.7,300.1,-1,aic_coco_self,gt_box,gt_box,,,1.0,1.0,0,0.9260668862002117,0.9260668862002117,1.0,13,0,-0.2666245522377555,6,-1,0.7749635314240175
212196,91406,000000091406.jpg,FRONT,3,13,18940.7,300.1,-1,aic_coco_self,rtmdet_ins_tiny,rtmdet_ins_tiny,13,0.8488,0.1129,0.7390,1,0.0005071467144906143,0.0005071467144906143,0.0,13,0,-0.022378700645875216,6,-1,0.7043055024217156
213169,439854,000000439854.jpg,OBLIQUE,2,15,2715.7,114.0,1,body7_official,gt_box,gt_box,,,1.0,1.0,0,0.9476736387809976,0.9476736387809976,1.0,13,0,-0.48465927748986054,8,1,0.7128404904814327
213169,439854,000000439854.jpg,OBLIQUE,2,15,2715.7,114.0,1,body7_official,rtmdet_ins_tiny,rtmdet_ins_tiny,31,0.7989,0.8046,0.8046,0,0.947714502608357,0.947714502608357,1.0,13,0,-0.4854652495097733,8,1,0.7535182658363792
213169,439854,000000439854.jpg,OBLIQUE,2,15,2715.7,114.0,1,body7_self,gt_box,gt_box,,,1.0,1.0,0,0.9476736387809976,0.9476736387809976,1.0,13,0,-0.48465927748986054,8,1,0.7128404449014103
213169,439854,000000439854.jpg,OBLIQUE,2,15,2715.7,114.0,1,body7_self,rtmdet_ins_tiny,rtmdet_ins_tiny,31,0.7989,0.8046,0.8046,0,0.947714502608357,0.947714502608357,1.0,13,0,-0.4854652495097733,8,1,0.7535182938856237
213169,439854,000000439854.jpg,OBLIQUE,2,15,2715.7,114.0,1,aic_coco_self,gt_box,gt_box,,,1.0,1.0,0,0.9427209695887271,0.9427209695887271,1.0,13,0,-0.48876023140738933,8,1,0.7375249476993785
213169,439854,000000439854.jpg,OBLIQUE,2,15,2715.7,114.0,1,aic_coco_self,rtmdet_ins_tiny,rtmdet_ins_tiny,31,0.7989,0.8046,0.8046,0,0.9458782098215702,0.9458782098215702,1.0,13,0,-0.4862864938378624,8,1,0.7408161934684304
214252,176857,000000176857.jpg,FRONT,3,15,6495.1,152.5,-1,body7_official,gt_box,gt_box,,,1.0,1.0,0,0.956997547182839,0.956997547182839,1.0,12,0,-0.45991248404964746,6,-1,0.7544511293663698
214252,176857,000000176857.jpg,FRONT,3,15,6495.1,152.5,-1,body7_official,rtmdet_ins_tiny,rtmdet_ins_tiny,59,0.6739,0.8323,0.8323,0,0.9603480756261938,0.9603480756261938,1.0,12,0,-0.4603294042334128,6,-1,0.7678576620186076
214252,176857,000000176857.jpg,FRONT,3,15,6495.1,152.5,-1,body7_self,gt_box,gt_box,,,1.0,1.0,0,0.956997547182839,0.956997547182839,1.0,12,0,-0.45991248404964746,6,-1,0.7544510574901805
214252,176857,000000176857.jpg,FRONT,3,15,6495.1,152.5,-1,body7_self,rtmdet_ins_tiny,rtmdet_ins_tiny,59,0.6739,0.8323,0.8323,0,0.9603480756261938,0.9603480756261938,1.0,12,0,-0.4603294042334128,6,-1,0.7678575971547295
214252,176857,000000176857.jpg,FRONT,3,15,6495.1,152.5,-1,aic_coco_self,gt_box,gt_box,,,1.0,1.0,0,0.9611095346449737,0.9611095346449737,1.0,12,0,-0.45973450383956377,6,-1,0.7253976744763991
214252,176857,000000176857.jpg,FRONT,3,15,6495.1,152.5,-1,aic_coco_self,rtmdet_ins_tiny,rtmdet_ins_tiny,59,0.6739,0.8323,0.8323,0,0.969288840042751,0.969288840042751,1.0,12,0,-0.46360485910322474,6,-1,0.7670274446992313
214750,231580,000000231580.jpg,OBLIQUE,2,15,26166.5,361.4,-1,body7_official,gt_box,gt_box,,,1.0,1.0,0,0.9500637503567091,0.9500637503567091,1.0,14,0,-0.26344024935163757,10,-1,0.8640709168770734
214750,231580,000000231580.jpg,OBLIQUE,2,15,26166.5,361.4,-1,body7_official,rtmdet_ins_tiny,rtmdet_ins_tiny,24,0.9357,0.9660,0.9660,0,0.945579081100009,0.945579081100009,1.0,14,0,-0.2619565508967917,10,-1,0.8745824028463924
214750,231580,000000231580.jpg,OBLIQUE,2,15,26166.5,361.4,-1,body7_self,gt_box,gt_box,,,1.0,1.0,0,0.9500637503567091,0.9500637503567091,1.0,14,0,-0.26344024935163757,10,-1,0.864070944926318
214750,231580,000000231580.jpg,OBLIQUE,2,15,26166.5,361.4,-1,body7_self,rtmdet_ins_tiny,rtmdet_ins_tiny,24,0.9357,0.9660,0.9660,0,0.945579081100009,0.945579081100009,1.0,14,0,-0.2619565508967917,10,-1,0.8745823993402368
214750,231580,000000231580.jpg,OBLIQUE,2,15,26166.5,361.4,-1,aic_coco_self,gt_box,gt_box,,,1.0,1.0,0,0.9521382763375967,0.9521382763375967,1.0,14,0,-0.260991441368071,10,-1,0.8574936740538653
214750,231580,000000231580.jpg,OBLIQUE,2,15,26166.5,361.4,-1,aic_coco_self,rtmdet_ins_tiny,rtmdet_ins_tiny,24,0.9357,0.9660,0.9660,0,0.9533916048728802,0.9533916048728802,1.0,14,0,-0.2613463110535987,10,-1,0.8543260798734778
216406,441442,000000441442.jpg,OBLIQUE,2,13,6969.1,177.1,-1,body7_official,gt_box,gt_box,,,1.0,1.0,0,0.9745523850604769,0.9745523850604769,1.0,13,0,-0.1349868251040848,8,-1,0.8109500022495494
216406,441442,000000441442.jpg,OBLIQUE,2,13,6969.1,177.1,-1,body7_official,rtmdet_ins_tiny,rtmdet_ins_tiny,13,0.7672,0.7816,0.7816,0,0.9732622821598347,0.9732622821598347,1.0,13,0,-0.1326846271295425,8,-1,0.8135486455524669
216406,441442,000000441442.jpg,OBLIQUE,2,13,6969.1,177.1,-1,body7_self,gt_box,gt_box,,,1.0,1.0,0,0.9745523850604769,0.9745523850604769,1.0,13,0,-0.1349868251040848,8,-1,0.8109499005710378
216406,441442,000000441442.jpg,OBLIQUE,2,13,6969.1,177.1,-1,body7_self,rtmdet_ins_tiny,rtmdet_ins_tiny,13,0.7672,0.7816,0.7816,0,0.9732622821598347,0.9732622821598347,1.0,13,0,-0.1326846271295425,8,-1,0.8135485929601333
216406,441442,000000441442.jpg,OBLIQUE,2,13,6969.1,177.1,-1,aic_coco_self,gt_box,gt_box,,,1.0,1.0,0,0.9795356029535441,0.9795356029535441,1.0,13,0,-0.1348186508307371,8,-1,0.8142745845458087
216406,441442,000000441442.jpg,OBLIQUE,2,13,6969.1,177.1,-1,aic_coco_self,rtmdet_ins_tiny,rtmdet_ins_tiny,13,0.7672,0.7816,0.7816,0,0.9813104496133185,0.9813104496133185,1.0,13,0,-0.13910874393853598,8,-1,0.8082056501332451
217633,571264,000000571264.jpg,REAR,0,13,26529.4,359.0,1,body7_official,gt_box,gt_box,,,1.0,1.0,0,0.9525485379996581,0.9525485379996581,1.0,13,0,-0.3755752340456878,10,1,0.7937518884153927
217633,571264,000000571264.jpg,REAR,0,13,26529.4,359.0,1,body7_official,rtmdet_ins_tiny,rtmdet_ins_tiny,16,0.8926,0.9254,0.9254,0,0.9541823336601614,0.9541823336601614,1.0,13,0,-0.37461384848165047,10,1,0.8093003490391899
217633,571264,000000571264.jpg,REAR,0,13,26529.4,359.0,1,body7_self,gt_box,gt_box,,,1.0,1.0,0,0.9525485379996581,0.9525485379996581,1.0,13,0,-0.3755752340456878,10,1,0.7937518954277039
217633,571264,000000571264.jpg,REAR,0,13,26529.4,359.0,1,body7_self,rtmdet_ins_tiny,rtmdet_ins_tiny,16,0.8926,0.9254,0.9254,0,0.9541823336601614,0.9541823336601614,1.0,13,0,-0.37461384848165047,10,1,0.8093004682484795
217633,571264,000000571264.jpg,REAR,0,13,26529.4,359.0,1,aic_coco_self,gt_box,gt_box,,,1.0,1.0,0,0.9692939565782731,0.9692939565782731,1.0,13,0,-0.3850244980974481,10,1,0.8292147727573619
217633,571264,000000571264.jpg,REAR,0,13,26529.4,359.0,1,aic_coco_self,rtmdet_ins_tiny,rtmdet_ins_tiny,16,0.8926,0.9254,0.9254,0,0.9728769239535828,0.9728769239535828,1.0,13,0,-0.38612189616789355,10,1,0.8257155453457552
219116,193674,000000193674.jpg,FRONT,3,14,12823.0,162.1,-1,body7_official,gt_box,gt_box,,,1.0,1.0,0,0.9782739583148056,0.9782739583148056,1.0,10,0,-0.25158270487848905,6,-1,0.6971432969850653
219116,193674,000000193674.jpg,FRONT,3,14,12823.0,162.1,-1,body7_official,rtmdet_ins_tiny,rtmdet_ins_tiny,2,0.6362,0.8434,0.8434,0,0.971841242209577,0.971841242209577,1.0,10,0,-0.25594376195773594,6,-1,0.7088731281897601
219116,193674,000000193674.jpg,FRONT,3,14,12823.0,162.1,-1,body7_self,gt_box,gt_box,,,1.0,1.0,0,0.9782739583148056,0.9782739583148056,1.0,10,0,-0.25158270487848905,6,-1,0.6971432882196763
219116,193674,000000193674.jpg,FRONT,3,14,12823.0,162.1,-1,body7_self,rtmdet_ins_tiny,rtmdet_ins_tiny,2,0.6362,0.8434,0.8434,0,0.971841242209577,0.971841242209577,1.0,10,0,-0.25594376195773594,6,-1,0.7088731597451603
219116,193674,000000193674.jpg,FRONT,3,14,12823.0,162.1,-1,aic_coco_self,gt_box,gt_box,,,1.0,1.0,0,0.9683347785631374,0.9683347785631374,1.0,10,0,-0.24622183038028672,6,-1,0.7417070515015546
219116,193674,000000193674.jpg,FRONT,3,14,12823.0,162.1,-1,aic_coco_self,rtmdet_ins_tiny,rtmdet_ins_tiny,2,0.6362,0.8434,0.8434,0,0.9741108803998826,0.9741108803998826,1.0,10,0,-0.24676415573585653,6,-1,0.7358033657073975
220963,23034,000000023034.jpg,FRONT,3,17,2976.6,120.2,-1,body7_official,gt_box,gt_box,,,1.0,1.0,0,0.9657833370395812,0.9657833370395812,1.0,17,0,-0.6015940506395631,12,-1,0.8992910315008724
220963,23034,000000023034.jpg,FRONT,3,17,2976.6,120.2,-1,body7_official,rtmdet_ins_tiny,rtmdet_ins_tiny,20,0.8264,0.9716,0.9716,0,0.9714903146268095,0.9714903146268095,1.0,17,0,-0.6044915314962155,12,-1,0.8798093199729919
220963,23034,000000023034.jpg,FRONT,3,17,2976.6,120.2,-1,body7_self,gt_box,gt_box,,,1.0,1.0,0,0.9657833370395812,0.9657833370395812,1.0,17,0,-0.6015940506395631,12,-1,0.8992910385131836
220963,23034,000000023034.jpg,FRONT,3,17,2976.6,120.2,-1,body7_self,rtmdet_ins_tiny,rtmdet_ins_tiny,20,0.8264,0.9716,0.9716,0,0.9714903146268095,0.9714903146268095,1.0,17,0,-0.6044915314962155,12,-1,0.8798093585407033
220963,23034,000000023034.jpg,FRONT,3,17,2976.6,120.2,-1,aic_coco_self,gt_box,gt_box,,,1.0,1.0,0,0.9720590173489124,0.9720590173489124,1.0,17,0,-0.6054321869163859,12,-1,0.8727207078653223
220963,23034,000000023034.jpg,FRONT,3,17,2976.6,120.2,-1,aic_coco_self,rtmdet_ins_tiny,rtmdet_ins_tiny,20,0.8264,0.9716,0.9716,0,0.9668735227263907,0.9668735227263907,1.0,17,0,-0.5992788267867282,12,-1,0.8704619653084699
221883,511999,000000511999.jpg,REAR,0,12,4272.6,137.2,1,body7_official,gt_box,gt_box,,,1.0,1.0,0,0.983177755948183,0.983177755948183,1.0,12,0,-0.3253329216038722,10,1,0.7461451642653522
221883,511999,000000511999.jpg,REAR,0,12,4272.6,137.2,1,body7_official,rtmdet_ins_tiny,rtmdet_ins_tiny,11,0.8786,0.9367,0.9367,0,0.9828673040473213,0.9828673040473213,1.0,12,0,-0.32357113159806156,10,1,0.7425334909382988
221883,511999,000000511999.jpg,REAR,0,12,4272.6,137.2,1,body7_self,gt_box,gt_box,,,1.0,1.0,0,0.983177755948183,0.983177755948183,1.0,12,0,-0.3253329216038722,10,1,0.7461452133515302
221883,511999,000000511999.jpg,REAR,0,12,4272.6,137.2,1,body7_self,rtmdet_ins_tiny,rtmdet_ins_tiny,11,0.8786,0.9367,0.9367,0,0.9828673040473213,0.9828673040473213,1.0,12,0,-0.32357113159806156,10,1,0.7425335505429436
221883,511999,000000511999.jpg,REAR,0,12,4272.6,137.2,1,aic_coco_self,gt_box,gt_box,,,1.0,1.0,0,0.984228212596615,0.984228212596615,1.0,12,0,-0.32377576736992875,10,1,0.7559282674508936
221883,511999,000000511999.jpg,REAR,0,12,4272.6,137.2,1,aic_coco_self,rtmdet_ins_tiny,rtmdet_ins_tiny,11,0.8786,0.9367,0.9367,0,0.9818499442176917,0.9818499442176917,1.0,12,0,-0.3239497617721667,10,1,0.7858660045792075
222605,84674,000000084674.jpg,FRONT,3,13,63880.4,471.7,-1,body7_official,gt_box,gt_box,,,1.0,1.0,0,0.9689918802399339,0.9689918802399339,1.0,12,0,-0.289697919241662,6,-1,0.8254742972991046
222605,84674,000000084674.jpg,FRONT,3,13,63880.4,471.7,-1,body7_official,rtmdet_ins_tiny,rtmdet_ins_tiny,17,0.9205,0.9460,0.9460,0,0.9644470938145117,0.9644470938145117,1.0,12,0,-0.288188832135828,6,-1,0.8309399976449854
222605,84674,000000084674.jpg,FRONT,3,13,63880.4,471.7,-1,body7_self,gt_box,gt_box,,,1.0,1.0,0,0.9689918802399339,0.9689918802399339,1.0,12,0,-0.289697919241662,6,-1,0.8254744550761055
222605,84674,000000084674.jpg,FRONT,3,13,63880.4,471.7,-1,body7_self,rtmdet_ins_tiny,rtmdet_ins_tiny,17,0.9205,0.9460,0.9460,0,0.9644470938145117,0.9644470938145117,1.0,12,0,-0.288188832135828,6,-1,0.830939952064963
222605,84674,000000084674.jpg,FRONT,3,13,63880.4,471.7,-1,aic_coco_self,gt_box,gt_box,,,1.0,1.0,0,0.9605216075493171,0.9605216075493171,1.0,12,0,-0.2836434433539562,6,-1,0.836559427135131
222605,84674,000000084674.jpg,FRONT,3,13,63880.4,471.7,-1,aic_coco_self,rtmdet_ins_tiny,rtmdet_ins_tiny,17,0.9205,0.9460,0.9460,0,0.9625030850189212,0.9625030850189212,1.0,12,0,-0.2850166867030439,6,-1,0.8448036733795615
224536,441586,000000441586.jpg,REAR,0,13,13597.4,254.6,1,body7_official,gt_box,gt_box,,,1.0,1.0,0,0.9549964968212641,0.9549964968212641,1.0,13,0,-0.3644404087527899,12,1,0.7863911775981679
224536,441586,000000441586.jpg,REAR,0,13,13597.4,254.6,1,body7_official,rtmdet_ins_tiny,rtmdet_ins_tiny,28,0.9197,0.9456,0.9456,0,0.9543879789589447,0.9543879789589447,1.0,13,0,-0.36446741849389086,12,1,0.786989730947158
224536,441586,000000441586.jpg,REAR,0,13,13597.4,254.6,1,body7_self,gt_box,gt_box,,,1.0,1.0,0,0.9549964968212641,0.9549964968212641,1.0,13,0,-0.3644404087527899,12,1,0.786391184610479
224536,441586,000000441586.jpg,REAR,0,13,13597.4,254.6,1,body7_self,rtmdet_ins_tiny,rtmdet_ins_tiny,28,0.9197,0.9456,0.9456,0,0.9543879789589447,0.9543879789589447,1.0,13,0,-0.36446741849389086,12,1,0.7869896783548243
224536,441586,000000441586.jpg,REAR,0,13,13597.4,254.6,1,aic_coco_self,gt_box,gt_box,,,1.0,1.0,0,0.9644785780213958,0.9644785780213958,1.0,13,0,-0.36672556941096035,12,1,0.8458219310816597
224536,441586,000000441586.jpg,REAR,0,13,13597.4,254.6,1,aic_coco_self,rtmdet_ins_tiny,rtmdet_ins_tiny,28,0.9197,0.9456,0.9456,0,0.9663723619220254,0.9663723619220254,1.0,13,0,-0.3687835654652483,12,1,0.8494881075971267
225868,178982,000000178982.jpg,REAR,0,8,2020.4,107.2,1,body7_official,gt_box,gt_box,,,1.0,1.0,0,0.79966165089419,0.79966165089419,0.7142857142857143,7,0,-0.25535477640593174,4,1,0.6679318757618175
225868,178982,000000178982.jpg,REAR,0,8,2020.4,107.2,1,body7_official,rtmdet_ins_tiny,rtmdet_ins_tiny,8,0.6018,0.8376,0.8376,0,0.7929137750284233,0.7929137750284233,0.7142857142857143,7,0,-0.256481419632409,4,1,0.685908854007721
225868,178982,000000178982.jpg,REAR,0,8,2020.4,107.2,1,body7_self,gt_box,gt_box,,,1.0,1.0,0,0.79966165089419,0.79966165089419,0.7142857142857143,7,0,-0.25535477640593174,4,1,0.6679318897864398
225868,178982,000000178982.jpg,REAR,0,8,2020.4,107.2,1,body7_self,rtmdet_ins_tiny,rtmdet_ins_tiny,8,0.6018,0.8376,0.8376,0,0.7929137750284233,0.7929137750284233,0.7142857142857143,7,0,-0.256481419632409,4,1,0.6859087944030762
225868,178982,000000178982.jpg,REAR,0,8,2020.4,107.2,1,aic_coco_self,gt_box,gt_box,,,1.0,1.0,0,0.8137142596638359,0.8137142596638359,1.0,7,0,-0.2661749217071131,4,1,0.6489703637712142
225868,178982,000000178982.jpg,REAR,0,8,2020.4,107.2,1,aic_coco_self,rtmdet_ins_tiny,rtmdet_ins_tiny,8,0.6018,0.8376,0.8376,0,0.8128399865390443,0.8128399865390443,1.0,7,0,-0.26667402509668087,4,1,0.7140529716716093
228672,273232,000000273232.jpg,FRONT,3,17,9324.3,204.8,-1,body7_official,gt_box,gt_box,,,1.0,1.0,0,0.9741045382244516,0.9741045382244516,1.0,14,0,-0.5520967976320376,8,-1,0.9093733079293195
228672,273232,000000273232.jpg,FRONT,3,17,9324.3,204.8,-1,body7_official,rtmdet_ins_tiny,rtmdet_ins_tiny,16,0.8614,0.9455,0.9455,0,0.9750336738151335,0.9750336738151335,1.0,14,0,-0.5522554123211895,8,-1,0.9307212514035842
228672,273232,000000273232.jpg,FRONT,3,17,9324.3,204.8,-1,body7_self,gt_box,gt_box,,,1.0,1.0,0,0.9741045382244516,0.9741045382244516,1.0,14,0,-0.5520967976320376,8,-1,0.9093732658554526
228672,273232,000000273232.jpg,FRONT,3,17,9324.3,204.8,-1,body7_self,rtmdet_ins_tiny,rtmdet_ins_tiny,16,0.8614,0.9455,0.9455,0,0.9750336738151335,0.9750336738151335,1.0,14,0,-0.5522554123211895,8,-1,0.9307210901204277
228672,273232,000000273232.jpg,FRONT,3,17,9324.3,204.8,-1,aic_coco_self,gt_box,gt_box,,,1.0,1.0,0,0.9755745740813803,0.9755745740813803,1.0,14,0,-0.5481512790222614,8,-1,0.9136194586753845
228672,273232,000000273232.jpg,FRONT,3,17,9324.3,204.8,-1,aic_coco_self,rtmdet_ins_tiny,rtmdet_ins_tiny,16,0.8614,0.9455,0.9455,0,0.9711519385301807,0.9711519385301807,1.0,14,0,-0.5511757972640866,8,-1,0.915836488499361
230515,534827,000000534827.jpg,OBLIQUE,2,11,5384.0,156.0,1,body7_official,gt_box,gt_box,,,1.0,1.0,0,0.8534799414191516,0.8534799414191516,1.0,10,0,-0.029479726114004054,4,-1,0.6762293647317326
230515,534827,000000534827.jpg,OBLIQUE,2,11,5384.0,156.0,1,body7_official,rtmdet_ins_tiny,rtmdet_ins_tiny,19,0.6226,0.8366,0.8366,0,0.8136759735269061,0.8136759735269061,0.9,10,0,-0.026302231328448528,4,-1,0.6699285191648147
230515,534827,000000534827.jpg,OBLIQUE,2,11,5384.0,156.0,1,body7_self,gt_box,gt_box,,,1.0,1.0,0,0.8534799414191516,0.8534799414191516,1.0,10,0,-0.029479726114004054,4,-1,0.6762294138179106
230515,534827,000000534827.jpg,OBLIQUE,2,11,5384.0,156.0,1,body7_self,rtmdet_ins_tiny,rtmdet_ins_tiny,19,0.6226,0.8366,0.8366,0,0.8136759735269061,0.8136759735269061,0.9,10,0,-0.026302231328448528,4,-1,0.669928548967137
230515,534827,000000534827.jpg,OBLIQUE,2,11,5384.0,156.0,1,aic_coco_self,gt_box,gt_box,,,1.0,1.0,0,0.9191126801581799,0.9191126801581799,1.0,10,0,-0.023016159344986922,4,-1,0.6492939345976886
230515,534827,000000534827.jpg,OBLIQUE,2,11,5384.0,156.0,1,aic_coco_self,rtmdet_ins_tiny,rtmdet_ins_tiny,19,0.6226,0.8366,0.8366,0,0.9141907428462455,0.9141907428462455,1.0,10,0,-0.020800317096329915,4,-1,0.6451933594310985
232610,102411,000000102411.jpg,FRONT,3,17,2351.7,109.2,-1,body7_official,gt_box,gt_box,,,1.0,1.0,0,0.9729737981363429,0.9729737981363429,1.0,15,0,-0.26776387131876295,10,-1,0.7955317742684308
232610,102411,000000102411.jpg,FRONT,3,17,2351.7,109.2,-1,body7_official,rtmdet_ins_tiny,rtmdet_ins_tiny,22,0.8800,0.9082,0.9082,0,0.9668492862511939,0.9668492862511939,1.0,15,0,-0.2667677648370392,10,-1,0.823759559322806
232610,102411,000000102411.jpg,FRONT,3,17,2351.7,109.2,-1,body7_self,gt_box,gt_box,,,1.0,1.0,0,0.9729737981363429,0.9729737981363429,1.0,15,0,-0.26776387131876295,10,-1,0.7955318443915423
232610,102411,000000102411.jpg,FRONT,3,17,2351.7,109.2,-1,body7_self,rtmdet_ins_tiny,rtmdet_ins_tiny,22,0.8800,0.9082,0.9082,0,0.9668492862511939,0.9668492862511939,1.0,15,0,-0.2667677648370392,10,-1,0.823759541792028
232610,102411,000000102411.jpg,FRONT,3,17,2351.7,109.2,-1,aic_coco_self,gt_box,gt_box,,,1.0,1.0,0,0.9648422798527266,0.9648422798527266,1.0,15,0,-0.26401807605608596,10,-1,0.785368403967689
232610,102411,000000102411.jpg,FRONT,3,17,2351.7,109.2,-1,aic_coco_self,rtmdet_ins_tiny,rtmdet_ins_tiny,22,0.8800,0.9082,0.9082,0,0.9679850718671085,0.9679850718671085,1.0,15,0,-0.2652918761205354,10,-1,0.7949285402017481
233900,357978,000000357978.jpg,FRONT,3,13,14836.0,271.3,-1,body7_official,gt_box,gt_box,,,1.0,1.0,0,0.9683556315977805,0.9683556315977805,1.0,13,0,-0.3369716959777521,10,-1,0.8143565163892859
233900,357978,000000357978.jpg,FRONT,3,13,14836.0,271.3,-1,body7_official,rtmdet_ins_tiny,rtmdet_ins_tiny,16,0.8918,0.9598,0.9598,0,0.9588623509852394,0.9588623509852394,1.0,13,0,-0.33463671480763657,10,-1,0.8223680117551018
233900,357978,000000357978.jpg,FRONT,3,13,14836.0,271.3,-1,body7_self,gt_box,gt_box,,,1.0,1.0,0,0.9683556315977805,0.9683556315977805,1.0,13,0,-0.3369716959777521,10,-1,0.8143565339200637
233900,357978,000000357978.jpg,FRONT,3,13,14836.0,271.3,-1,body7_self,rtmdet_ins_tiny,rtmdet_ins_tiny,16,0.8918,0.9598,0.9598,0,0.9588623509852394,0.9588623509852394,1.0,13,0,-0.33463671480763657,10,-1,0.8223680398043465
233900,357978,000000357978.jpg,FRONT,3,13,14836.0,271.3,-1,aic_coco_self,gt_box,gt_box,,,1.0,1.0,0,0.9522659080634877,0.9522659080634877,1.0,13,0,-0.32756712531418103,10,-1,0.8259043377988479
233900,357978,000000357978.jpg,FRONT,3,13,14836.0,271.3,-1,aic_coco_self,rtmdet_ins_tiny,rtmdet_ins_tiny,16,0.8918,0.9598,0.9598,0,0.957942176760902,0.957942176760902,1.0,13,0,-0.3308653650113585,10,-1,0.8288587331771851
235455,38829,000000038829.jpg,FRONT,3,16,11953.0,259.1,-1,body7_official,gt_box,gt_box,,,1.0,1.0,0,0.889229806497141,0.889229806497141,0.9333333333333333,15,0,-0.0988743393741033,10,-1,0.7499208520440495
235455,38829,000000038829.jpg,FRONT,3,16,11953.0,259.1,-1,body7_official,rtmdet_ins_tiny,rtmdet_ins_tiny,20,0.8648,0.1541,0.9105,1,0.0008024191162610045,0.002506075387905538,0.0,15,1,0.005953303242757557,10,-1,0.8225130088189069
235455,38829,000000038829.jpg,FRONT,3,16,11953.0,259.1,-1,body7_self,gt_box,gt_box,,,1.0,1.0,0,0.889229806497141,0.889229806497141,0.9333333333333333,15,0,-0.0988743393741033,10,-1,0.7499208275009605
235455,38829,000000038829.jpg,FRONT,3,16,11953.0,259.1,-1,body7_self,rtmdet_ins_tiny,rtmdet_ins_tiny,20,0.8648,0.1541,0.9105,1,0.0008024191162610045,0.002506075387905538,0.0,15,1,0.005953303242757557,10,-1,0.8225129176588619
235455,38829,000000038829.jpg,FRONT,3,16,11953.0,259.1,-1,aic_coco_self,gt_box,gt_box,,,1.0,1.0,0,0.8943517137280438,0.8943517137280438,0.9333333333333333,15,0,-0.0902853867378229,10,-1,0.7623070793993333
235455,38829,000000038829.jpg,FRONT,3,16,11953.0,259.1,-1,aic_coco_self,rtmdet_ins_tiny,rtmdet_ins_tiny,20,0.8648,0.1541,0.9105,1,0.0011464219027545952,0.003241628493442241,0.0,15,1,0.005803104158110695,10,-1,0.8165179210550645
236632,38829,000000038829.jpg,FRONT,3,15,3117.0,118.0,-1,body7_official,gt_box,gt_box,,,1.0,1.0,0,0.8586600357188151,0.8586600357188151,0.8571428571428571,14,0,-0.41381072612067565,10,-1,0.7489324247135836
236632,38829,000000038829.jpg,FRONT,3,15,3117.0,118.0,-1,body7_official,rtmdet_ins_tiny,rtmdet_ins_tiny,5,0.8439,0.9160,0.9160,0,0.890394318354396,0.890394318354396,0.9285714285714286,14,0,-0.41515319631266223,10,-1,0.7635734396822312
236632,38829,000000038829.jpg,FRONT,3,15,3117.0,118.0,-1,body7_self,gt_box,gt_box,,,1.0,1.0,0,0.8586600357188151,0.8586600357188151,0.8571428571428571,14,0,-0.41381072612067565,10,-1,0.7489325334044064
236632,38829,000000038829.jpg,FRONT,3,15,3117.0,118.0,-1,body7_self,rtmdet_ins_tiny,rtmdet_ins_tiny,5,0.8439,0.9160,0.9160,0,0.890394318354396,0.890394318354396,0.9285714285714286,14,0,-0.41515319631266223,10,-1,0.7635733380037195
236632,38829,000000038829.jpg,FRONT,3,15,3117.0,118.0,-1,aic_coco_self,gt_box,gt_box,,,1.0,1.0,0,0.8812924658177499,0.8812924658177499,0.9285714285714286,14,0,-0.429106388259468,10,-1,0.7710444366230684
236632,38829,000000038829.jpg,FRONT,3,15,3117.0,118.0,-1,aic_coco_self,rtmdet_ins_tiny,rtmdet_ins_tiny,5,0.8439,0.9160,0.9160,0,0.9085619870004125,0.9085619870004125,0.9285714285714286,14,0,-0.43038499969052607,10,-1,0.7716332744149601
237126,548780,000000548780.jpg,REAR,0,14,12217.0,210.6,1,body7_official,gt_box,gt_box,,,1.0,1.0,0,0.7728963876490405,0.7728963876490405,1.0,11,0,-0.3137747222697587,8,1,0.6437545033062205
237126,548780,000000548780.jpg,REAR,0,14,12217.0,210.6,1,body7_official,rtmdet_ins_tiny,rtmdet_ins_tiny,50,0.7015,0.7881,0.7881,0,0.7566470087558741,0.7566470087558741,1.0,11,0,-0.305667840787681,8,1,0.6283157327595879
237126,548780,000000548780.jpg,REAR,0,14,12217.0,210.6,1,body7_self,gt_box,gt_box,,,1.0,1.0,0,0.7728963876490405,0.7728963876490405,1.0,11,0,-0.3137747222697587,8,1,0.6437544068869423
237126,548780,000000548780.jpg,REAR,0,14,12217.0,210.6,1,body7_self,rtmdet_ins_tiny,rtmdet_ins_tiny,50,0.7015,0.7881,0.7881,0,0.7566470087558741,0.7566470087558741,1.0,11,0,-0.305667840787681,8,1,0.6283156854264876
237126,548780,000000548780.jpg,REAR,0,14,12217.0,210.6,1,aic_coco_self,gt_box,gt_box,,,1.0,1.0,0,0.8031121097932007,0.8031121097932007,1.0,11,0,-0.326944176844234,8,1,0.6774323828080121
237126,548780,000000548780.jpg,REAR,0,14,12217.0,210.6,1,aic_coco_self,rtmdet_ins_tiny,rtmdet_ins_tiny,50,0.7015,0.7881,0.7881,0,0.8339054818321731,0.8339054818321731,1.0,11,0,-0.3279479693468701,8,1,0.6940772638601416
251616,554002,000000554002.jpg,FRONT,3,17,2492.0,111.7,-1,body7_official,gt_box,gt_box,,,1.0,1.0,0,0.8981866700745886,0.8981866700745886,1.0,16,0,-0.23693733258943184,10,-1,0.6668227139641257
251616,554002,000000554002.jpg,FRONT,3,17,2492.0,111.7,-1,body7_official,rtmdet_ins_tiny,rtmdet_ins_tiny,29,0.6788,0.8835,0.8835,0,0.8858051437074506,0.8858051437074506,1.0,16,0,-0.2384282909631288,10,-1,0.6816645001663881
251616,554002,000000554002.jpg,FRONT,3,17,2492.0,111.7,-1,body7_self,gt_box,gt_box,,,1.0,1.0,0,0.8981866700745886,0.8981866700745886,1.0,16,0,-0.23693733258943184,10,-1,0.6668226718902588
251616,554002,000000554002.jpg,FRONT,3,17,2492.0,111.7,-1,body7_self,rtmdet_ins_tiny,rtmdet_ins_tiny,29,0.6788,0.8835,0.8835,0,0.8858051437074506,0.8858051437074506,1.0,16,0,-0.2384282909631288,10,-1,0.6816645106848549
251616,554002,000000554002.jpg,FRONT,3,17,2492.0,111.7,-1,aic_coco_self,gt_box,gt_box,,,1.0,1.0,0,0.8658562598697203,0.8658562598697203,0.9375,16,0,-0.23488296517854335,10,-1,0.70506931403104
251616,554002,000000554002.jpg,FRONT,3,17,2492.0,111.7,-1,aic_coco_self,rtmdet_ins_tiny,rtmdet_ins_tiny,29,0.6788,0.8835,0.8835,0,0.8663666131985794,0.8663666131985794,0.9375,16,0,-0.2318342113116096,10,-1,0.6919290774008807
255250,52007,000000052007.jpg,PROFILE,1,15,3895.0,142.9,-1,body7_official,gt_box,gt_box,,,1.0,1.0,0,0.9324073035616084,0.9324073035616084,1.0,14,0,-0.13862988877381624,12,-1,0.6859910540720996
255250,52007,000000052007.jpg,PROFILE,1,15,3895.0,142.9,-1,body7_official,rtmdet_ins_tiny,rtmdet_ins_tiny,25,0.8162,0.8981,0.8981,0,0.9457720620670209,0.9457720620670209,1.0,14,0,-0.1389882136918048,12,-1,0.710539698600769
255250,52007,000000052007.jpg,PROFILE,1,15,3895.0,142.9,-1,body7_self,gt_box,gt_box,,,1.0,1.0,0,0.9324073035616084,0.9324073035616084,1.0,14,0,-0.13862988877381624,12,-1,0.6859910312820884
255250,52007,000000052007.jpg,PROFILE,1,15,3895.0,142.9,-1,body7_self,rtmdet_ins_tiny,rtmdet_ins_tiny,25,0.8162,0.8981,0.8981,0,0.9457720620670209,0.9457720620670209,1.0,14,0,-0.1389882136918048,12,-1,0.7105396705515244
255250,52007,000000052007.jpg,PROFILE,1,15,3895.0,142.9,-1,aic_coco_self,gt_box,gt_box,,,1.0,1.0,0,0.9548707676368344,0.9548707676368344,1.0,14,0,-0.13600257145075748,12,-1,0.6919439049328074
255250,52007,000000052007.jpg,PROFILE,1,15,3895.0,142.9,-1,aic_coco_self,rtmdet_ins_tiny,rtmdet_ins_tiny,25,0.8162,0.8981,0.8981,0,0.9558219241000009,0.9558219241000009,1.0,14,0,-0.1427004749535182,12,-1,0.7266553079380709
261551,338304,000000338304.jpg,FRONT,3,14,4696.0,136.9,-1,body7_official,gt_box,gt_box,,,1.0,1.0,0,0.9152769897779658,0.9152769897779658,1.0,12,0,-0.25596094765402727,6,-1,0.656700824989992
261551,338304,000000338304.jpg,FRONT,3,14,4696.0,136.9,-1,body7_official,rtmdet_ins_tiny,rtmdet_ins_tiny,82,0.6240,0.1101,0.7520,3,0.006417558703920713,0.006417558703920713,0.0,12,0,-0.0006531275860482966,6,-1,0.6083236704854404
261551,338304,000000338304.jpg,FRONT,3,14,4696.0,136.9,-1,body7_self,gt_box,gt_box,,,1.0,1.0,0,0.9152769897779658,0.9152769897779658,1.0,12,0,-0.25596094765402727,6,-1,0.6567008512861588
261551,338304,000000338304.jpg,FRONT,3,14,4696.0,136.9,-1,body7_self,rtmdet_ins_tiny,rtmdet_ins_tiny,82,0.6240,0.1101,0.7520,3,0.006417558703920713,0.006417558703920713,0.0,12,0,-0.0006531275860482966,6,-1,0.6083237616454854
261551,338304,000000338304.jpg,FRONT,3,14,4696.0,136.9,-1,aic_coco_self,gt_box,gt_box,,,1.0,1.0,0,0.889926454357997,0.889926454357997,1.0,12,0,-0.2514666186496723,6,-1,0.712177202982061
261551,338304,000000338304.jpg,FRONT,3,14,4696.0,136.9,-1,aic_coco_self,rtmdet_ins_tiny,rtmdet_ins_tiny,82,0.6240,0.1101,0.7520,3,0.005757294439871857,0.012851883407766294,0.0,12,1,0.005742585473330508,6,-1,0.592200566740597
266380,199236,000000199236.jpg,FRONT,3,17,1993.1,108.7,-1,body7_official,gt_box,gt_box,,,1.0,1.0,0,0.9745595069015295,0.9745595069015295,1.0,14,0,-0.28270275047832444,10,-1,0.7634798779207117
266380,199236,000000199236.jpg,FRONT,3,17,1993.1,108.7,-1,body7_official,rtmdet_ins_tiny,rtmdet_ins_tiny,53,0.5625,0.0000,0.7927,2,7.325583605053921e-05,7.325583605053921e-05,0.0,14,0,-0.003335475582714853,10,-1,0.6226481076549081
266380,199236,000000199236.jpg,FRONT,3,17,1993.1,108.7,-1,body7_self,gt_box,gt_box,,,1.0,1.0,0,0.9745595069015295,0.9745595069015295,1.0,14,0,-0.28270275047832444,10,-1,0.7634797762422001
266380,199236,000000199236.jpg,FRONT,3,17,1993.1,108.7,-1,body7_self,rtmdet_ins_tiny,rtmdet_ins_tiny,53,0.5625,0.0000,0.7927,2,7.325583605053921e-05,7.325583605053921e-05,0.0,14,0,-0.003335475582714853,10,-1,0.6226481865434086
266380,199236,000000199236.jpg,FRONT,3,17,1993.1,108.7,-1,aic_coco_self,gt_box,gt_box,,,1.0,1.0,0,0.974146757251033,0.974146757251033,1.0,14,0,-0.27674248890278663,10,-1,0.7779155408634859
266380,199236,000000199236.jpg,FRONT,3,17,1993.1,108.7,-1,aic_coco_self,rtmdet_ins_tiny,rtmdet_ins_tiny,53,0.5625,0.0000,0.7927,2,8.689886523994346e-05,8.689886523994346e-05,0.0,14,0,-0.003290800112736414,10,-1,0.6681750311571009
421551,414795,000000414795.jpg,OBLIQUE,2,13,8915.3,129.4,1,body7_official,gt_box,gt_box,,,1.0,1.0,0,0.932287764491139,0.932287764491139,1.0,12,0,-0.4123790085693601,8,1,0.6305830426075879
421551,414795,000000414795.jpg,OBLIQUE,2,13,8915.3,129.4,1,body7_official,rtmdet_ins_tiny,rtmdet_ins_tiny,21,0.7912,0.8200,0.8200,0,0.9068159999571376,0.9068159999571376,1.0,12,0,-0.4082575148087881,8,1,0.653931694872239
421551,414795,000000414795.jpg,OBLIQUE,2,13,8915.3,129.4,1,body7_self,gt_box,gt_box,,,1.0,1.0,0,0.932287764491139,0.932287764491139,1.0,12,0,-0.4123790085693601,8,1,0.6305829865090987
421551,414795,000000414795.jpg,OBLIQUE,2,13,8915.3,129.4,1,body7_self,rtmdet_ins_tiny,rtmdet_ins_tiny,21,0.7912,0.8200,0.8200,0,0.9068159999571376,0.9068159999571376,1.0,12,0,-0.4082575148087881,8,1,0.6539315756629495
421551,414795,000000414795.jpg,OBLIQUE,2,13,8915.3,129.4,1,aic_coco_self,gt_box,gt_box,,,1.0,1.0,0,0.9442804599767151,0.9442804599767151,1.0,12,0,-0.4198363501151745,8,1,0.6965900817338158
421551,414795,000000414795.jpg,OBLIQUE,2,13,8915.3,129.4,1,aic_coco_self,rtmdet_ins_tiny,rtmdet_ins_tiny,21,0.7912,0.8200,0.8200,0,0.9480863455196432,0.9480863455196432,1.0,12,0,-0.4232069332331343,8,1,0.7094728122739231
421907,185950,000000185950.jpg,OBLIQUE,2,15,18409.4,252.8,-1,body7_official,gt_box,gt_box,,,1.0,1.0,0,0.9667536325902165,0.9667536325902165,1.0,15,0,-0.4689070908894042,12,-1,0.8275527147685781
421907,185950,000000185950.jpg,OBLIQUE,2,15,18409.4,252.8,-1,body7_official,rtmdet_ins_tiny,rtmdet_ins_tiny,93,0.7910,0.9025,0.9025,0,0.9601943796331841,0.9601943796331841,1.0,15,0,-0.46141758495828966,12,-1,0.822688474374659
421907,185950,000000185950.jpg,OBLIQUE,2,15,18409.4,252.8,-1,body7_self,gt_box,gt_box,,,1.0,1.0,0,0.9667536325902165,0.9667536325902165,1.0,15,0,-0.4689070908894042,12,-1,0.8275526726947111
421907,185950,000000185950.jpg,OBLIQUE,2,15,18409.4,252.8,-1,body7_self,rtmdet_ins_tiny,rtmdet_ins_tiny,93,0.7910,0.9025,0.9025,0,0.9601943796331841,0.9601943796331841,1.0,15,0,-0.46141758495828966,12,-1,0.8226885444977704
421907,185950,000000185950.jpg,OBLIQUE,2,15,18409.4,252.8,-1,aic_coco_self,gt_box,gt_box,,,1.0,1.0,0,0.9726582232602129,0.9726582232602129,1.0,15,0,-0.4765465829471057,12,-1,0.8508219578686882
421907,185950,000000185950.jpg,OBLIQUE,2,15,18409.4,252.8,-1,aic_coco_self,rtmdet_ins_tiny,rtmdet_ins_tiny,93,0.7910,0.9025,0.9025,0,0.9725220349612914,0.9725220349612914,1.0,15,0,-0.47155210096808314,12,-1,0.8528421801679275
422400,88485,000000088485.jpg,FRONT,3,12,63503.6,422.2,-1,body7_official,gt_box,gt_box,,,1.0,1.0,0,0.9703907293933588,0.9703907293933588,1.0,12,0,-0.45880623335024195,8,-1,0.7045866829507491
422400,88485,000000088485.jpg,FRONT,3,12,63503.6,422.2,-1,body7_official,rtmdet_ins_tiny,rtmdet_ins_tiny,1,0.8159,0.9155,0.9155,0,0.9593912306756902,0.9593912306756902,1.0,12,0,-0.45906766339785887,8,-1,0.7021410324994255
422400,88485,000000088485.jpg,FRONT,3,12,63503.6,422.2,-1,body7_self,gt_box,gt_box,,,1.0,1.0,0,0.9703907293933588,0.9703907293933588,1.0,12,0,-0.45880623335024195,8,-1,0.704586659284199
422400,88485,000000088485.jpg,FRONT,3,12,63503.6,422.2,-1,body7_self,rtmdet_ins_tiny,rtmdet_ins_tiny,1,0.8159,0.9155,0.9155,0,0.9593912306756902,0.9593912306756902,1.0,12,0,-0.45906766339785887,8,-1,0.7021410438944312
422400,88485,000000088485.jpg,FRONT,3,12,63503.6,422.2,-1,aic_coco_self,gt_box,gt_box,,,1.0,1.0,0,0.9802475416201095,0.9802475416201095,1.0,12,0,-0.4647460798523207,8,-1,0.6874791559051064
422400,88485,000000088485.jpg,FRONT,3,12,63503.6,422.2,-1,aic_coco_self,rtmdet_ins_tiny,rtmdet_ins_tiny,1,0.8159,0.9155,0.9155,0,0.9746238890566002,0.9746238890566002,1.0,12,0,-0.46534089379655147,8,-1,0.692072307362276
423255,389197,000000389197.jpg,FRONT,3,17,8398.1,128.4,-1,body7_official,gt_box,gt_box,,,1.0,1.0,0,0.9043406019947478,0.9043406019947478,0.9411764705882353,17,0,-0.744202156383072,12,-1,0.7470223553040448
423255,389197,000000389197.jpg,FRONT,3,17,8398.1,128.4,-1,body7_official,rtmdet_ins_tiny,rtmdet_ins_tiny,4,0.7543,0.7029,0.7029,0,0.9271037370720687,0.9271037370720687,1.0,17,0,-0.7438861739495001,12,-1,0.7947526889688828
423255,389197,000000389197.jpg,FRONT,3,17,8398.1,128.4,-1,body7_self,gt_box,gt_box,,,1.0,1.0,0,0.9043406019947478,0.9043406019947478,0.9411764705882353,17,0,-0.744202156383072,12,-1,0.7470222834278556
423255,389197,000000389197.jpg,FRONT,3,17,8398.1,128.4,-1,body7_self,rtmdet_ins_tiny,rtmdet_ins_tiny,4,0.7543,0.7029,0.7029,0,0.9271037370720687,0.9271037370720687,1.0,17,0,-0.7438861739495001,12,-1,0.7947525417103487
423255,389197,000000389197.jpg,FRONT,3,17,8398.1,128.4,-1,aic_coco_self,gt_box,gt_box,,,1.0,1.0,0,0.9322995482562589,0.9322995482562589,1.0,17,0,-0.7335838252466718,12,-1,0.8215298161787146
423255,389197,000000389197.jpg,FRONT,3,17,8398.1,128.4,-1,aic_coco_self,rtmdet_ins_tiny,rtmdet_ins_tiny,4,0.7543,0.7029,0.7029,0,0.9747411195008371,0.9747411195008371,1.0,17,0,-0.7466334692248064,12,-1,0.8486845633562874
423534,150265,000000150265.jpg,FRONT,3,14,33696.5,254.6,-1,body7_official,gt_box,gt_box,,,1.0,1.0,0,0.9427514853777321,0.9427514853777321,1.0,14,0,-0.6190637094902306,8,-1,0.7103514303179348
423534,150265,000000150265.jpg,FRONT,3,14,33696.5,254.6,-1,body7_official,rtmdet_ins_tiny,rtmdet_ins_tiny,19,0.8455,0.9164,0.9164,0,0.9479571621386753,0.9479571621386753,1.0,14,0,-0.6202088685844677,8,-1,0.7157264492091011
423534,150265,000000150265.jpg,FRONT,3,14,33696.5,254.6,-1,body7_self,gt_box,gt_box,,,1.0,1.0,0,0.9427514853777321,0.9427514853777321,1.0,14,0,-0.6190637094902306,8,-1,0.7103514653794906
423534,150265,000000150265.jpg,FRONT,3,14,33696.5,254.6,-1,body7_self,rtmdet_ins_tiny,rtmdet_ins_tiny,19,0.8455,0.9164,0.9164,0,0.9479571621386753,0.9479571621386753,1.0,14,0,-0.6202088685844677,8,-1,0.7157265088137459
423534,150265,000000150265.jpg,FRONT,3,14,33696.5,254.6,-1,aic_coco_self,gt_box,gt_box,,,1.0,1.0,0,0.9598719651518864,0.9598719651518864,1.0,14,0,-0.6161951890072097,8,-1,0.7484278784078711
423534,150265,000000150265.jpg,FRONT,3,14,33696.5,254.6,-1,aic_coco_self,rtmdet_ins_tiny,rtmdet_ins_tiny,19,0.8455,0.9164,0.9164,0,0.960792941565994,0.960792941565994,1.0,14,0,-0.6136098019536871,8,-1,0.7473046919878792
424416,202228,000000202228.jpg,FRONT,3,14,33080.3,304.0,-1,body7_official,gt_box,gt_box,,,1.0,1.0,0,0.978882138417348,0.978882138417348,1.0,12,0,-0.6414215229048059,8,-1,0.7838508925017189
424416,202228,000000202228.jpg,FRONT,3,14,33080.3,304.0,-1,body7_official,rtmdet_ins_tiny,rtmdet_ins_tiny,4,0.8625,0.9425,0.9425,0,0.9797765651886903,0.9797765651886903,1.0,12,0,-0.6402414096219587,8,-1,0.7876450559672188
424416,202228,000000202228.jpg,FRONT,3,14,33080.3,304.0,-1,body7_self,gt_box,gt_box,,,1.0,1.0,0,0.978882138417348,0.978882138417348,1.0,12,0,-0.6414215229048059,8,-1,0.7838509293163524
424416,202228,000000202228.jpg,FRONT,3,14,33080.3,304.0,-1,body7_self,rtmdet_ins_tiny,rtmdet_ins_tiny,4,0.8625,0.9425,0.9425,0,0.9797765651886903,0.9797765651886903,1.0,12,0,-0.6402414096219587,8,-1,0.7876451383618748
424416,202228,000000202228.jpg,FRONT,3,14,33080.3,304.0,-1,aic_coco_self,gt_box,gt_box,,,1.0,1.0,0,0.9815623925647352,0.9815623925647352,1.0,12,0,-0.6482663126131628,8,-1,0.7739780983504128
424416,202228,000000202228.jpg,FRONT,3,14,33080.3,304.0,-1,aic_coco_self,rtmdet_ins_tiny,rtmdet_ins_tiny,4,0.8625,0.9425,0.9425,0,0.9794665144756141,0.9794665144756141,1.0,12,0,-0.6499854667166687,8,-1,0.7797706214820638
424921,199055,000000199055.jpg,FRONT,3,16,68398.3,565.4,-1,body7_official,gt_box,gt_box,,,1.0,1.0,0,0.97461247457586,0.97461247457586,1.0,16,0,-0.483637375390716,12,-1,0.8943787883309757
424921,199055,000000199055.jpg,FRONT,3,16,68398.3,565.4,-1,body7_official,rtmdet_ins_tiny,rtmdet_ins_tiny,7,0.9048,0.9696,0.9696,0,0.9732617844296302,0.9732617844296302,1.0,16,0,-0.4835013367205481,12,-1,0.916316947516273
424921,199055,000000199055.jpg,FRONT,3,16,68398.3,565.4,-1,body7_self,gt_box,gt_box,,,1.0,1.0,0,0.97461247457586,0.97461247457586,1.0,16,0,-0.483637375390716,12,-1,0.8943787813186646
424921,199055,000000199055.jpg,FRONT,3,16,68398.3,565.4,-1,body7_self,rtmdet_ins_tiny,rtmdet_ins_tiny,7,0.9048,0.9696,0.9696,0,0.9732617844296302,0.9732617844296302,1.0,16,0,-0.4835013367205481,12,-1,0.916316940503962
424921,199055,000000199055.jpg,FRONT,3,16,68398.3,565.4,-1,aic_coco_self,gt_box,gt_box,,,1.0,1.0,0,0.9785505427999798,0.9785505427999798,1.0,16,0,-0.4863081503367555,12,-1,0.8980776387102464
424921,199055,000000199055.jpg,FRONT,3,16,68398.3,565.4,-1,aic_coco_self,rtmdet_ins_tiny,rtmdet_ins_tiny,7,0.9048,0.9696,0.9696,0,0.9771218256659254,0.9771218256659254,1.0,16,0,-0.4873894004836507,12,-1,0.8962116101208855
425291,451084,000000451084.jpg,FRONT,3,17,19252.1,257.4,-1,body7_official,gt_box,gt_box,,,1.0,1.0,0,0.9438078467416569,0.9438078467416569,1.0,17,0,-0.5628726652536008,12,-1,0.8135700015460744
425291,451084,000000451084.jpg,FRONT,3,17,19252.1,257.4,-1,body7_official,rtmdet_ins_tiny,rtmdet_ins_tiny,1,0.8684,0.9509,0.9509,0,0.9481808804807557,0.9481808804807557,1.0,17,0,-0.5615194026434125,12,-1,0.81737022189533
425291,451084,000000451084.jpg,FRONT,3,17,19252.1,257.4,-1,body7_self,gt_box,gt_box,,,1.0,1.0,0,0.9438078467416569,0.9438078467416569,1.0,17,0,-0.5628726652536008,12,-1,0.8135699699906742
425291,451084,000000451084.jpg,FRONT,3,17,19252.1,257.4,-1,body7_self,rtmdet_ins_tiny,rtmdet_ins_tiny,1,0.8684,0.9509,0.9509,0,0.9481808804807557,0.9481808804807557,1.0,17,0,-0.5615194026434125,12,-1,0.8173701868337744
425291,451084,000000451084.jpg,FRONT,3,17,19252.1,257.4,-1,aic_coco_self,gt_box,gt_box,,,1.0,1.0,0,0.9370653220101985,0.9370653220101985,1.0,17,0,-0.5677433390718919,12,-1,0.8259134713341209
425291,451084,000000451084.jpg,FRONT,3,17,19252.1,257.4,-1,aic_coco_self,rtmdet_ins_tiny,rtmdet_ins_tiny,1,0.8684,0.9509,0.9509,0,0.9494727661393649,0.9494727661393649,1.0,17,0,-0.5703143209212268,12,-1,0.8257921267958248
425686,54654,000000054654.jpg,FRONT,3,12,87635.5,582.5,-1,body7_official,gt_box,gt_box,,,1.0,1.0,0,0.9819943982585735,0.9819943982585735,1.0,12,0,-0.3895017129779368,8,-1,0.7866299538051381
425686,54654,000000054654.jpg,FRONT,3,12,87635.5,582.5,-1,body7_official,rtmdet_ins_tiny,rtmdet_ins_tiny,1,0.9562,0.9609,0.9609,0,0.9789630285118426,0.9789630285118426,1.0,12,0,-0.3873094264679883,8,-1,0.7858501532498527
425686,54654,000000054654.jpg,FRONT,3,12,87635.5,582.5,-1,body7_self,gt_box,gt_box,,,1.0,1.0,0,0.9819943982585735,0.9819943982585735,1.0,12,0,-0.3895017129779368,8,-1,0.7866299660766826
425686,54654,000000054654.jpg,FRONT,3,12,87635.5,582.5,-1,body7_self,rtmdet_ins_tiny,rtmdet_ins_tiny,1,0.9562,0.9609,0.9609,0,0.9789630285118426,0.9789630285118426,1.0,12,0,-0.3873094264679883,8,-1,0.7858500515713411
425686,54654,000000054654.jpg,FRONT,3,12,87635.5,582.5,-1,aic_coco_self,gt_box,gt_box,,,1.0,1.0,0,0.9772554368377177,0.9772554368377177,1.0,12,0,-0.3851617231109207,8,-1,0.8033016551943386
425686,54654,000000054654.jpg,FRONT,3,12,87635.5,582.5,-1,aic_coco_self,rtmdet_ins_tiny,rtmdet_ins_tiny,1,0.9562,0.9609,0.9609,0,0.9742399197776758,0.9742399197776758,1.0,12,0,-0.3805555501401541,8,-1,0.8109024026814629
426225,12280,000000012280.jpg,OBLIQUE,2,13,3545.3,128.6,-1,body7_official,gt_box,gt_box,,,1.0,1.0,0,0.7367874634133275,0.7080888332237933,0.8461538461538461,13,1,0.05248966560475819,8,-1,0.6728239830802468
426225,12280,000000012280.jpg,OBLIQUE,2,13,3545.3,128.6,-1,body7_official,rtmdet_ins_tiny,rtmdet_ins_tiny,7,0.7232,0.7889,0.7889,0,0.7620515136773307,0.6590591563980723,0.8461538461538461,13,1,0.04788240680225592,8,-1,0.6705916892079746
426225,12280,000000012280.jpg,OBLIQUE,2,13,3545.3,128.6,-1,body7_self,gt_box,gt_box,,,1.0,1.0,0,0.7367874634133275,0.7080888332237933,0.8461538461538461,13,1,0.05248966560475819,8,-1,0.6728239602902356
426225,12280,000000012280.jpg,OBLIQUE,2,13,3545.3,128.6,-1,body7_self,rtmdet_ins_tiny,rtmdet_ins_tiny,7,0.7232,0.7889,0.7889,0,0.7620515136773307,0.6590591563980723,0.8461538461538461,13,1,0.04788240680225592,8,-1,0.6705917330349193
426225,12280,000000012280.jpg,OBLIQUE,2,13,3545.3,128.6,-1,aic_coco_self,gt_box,gt_box,,,1.0,1.0,0,0.9016440732167562,0.9016440732167562,1.0,13,0,-0.15909443915366517,8,-1,0.6970278725904577
426225,12280,000000012280.jpg,OBLIQUE,2,13,3545.3,128.6,-1,aic_coco_self,rtmdet_ins_tiny,rtmdet_ins_tiny,7,0.7232,0.7889,0.7889,0,0.8862519405964677,0.8862519405964677,1.0,13,0,-0.16353520283690953,8,-1,0.7047959969324225
426985,245320,000000245320.jpg,REAR,0,14,16358.0,200.4,1,body7_official,gt_box,gt_box,,,1.0,1.0,0,0.9540033387542903,0.9540033387542903,1.0,14,0,-0.6684661286162673,12,1,0.8117435469346888
426985,245320,000000245320.jpg,REAR,0,14,16358.0,200.4,1,body7_official,rtmdet_ins_tiny,rtmdet_ins_tiny,8,0.8638,0.9740,0.9740,0,0.9451428293051265,0.9451428293051265,1.0,14,0,-0.662970508611255,12,1,0.8007295797852909
426985,245320,000000245320.jpg,REAR,0,14,16358.0,200.4,1,body7_self,gt_box,gt_box,,,1.0,1.0,0,0.9540033387542903,0.9540033387542903,1.0,14,0,-0.6684661286162673,12,1,0.8117434557746438
426985,245320,000000245320.jpg,REAR,0,14,16358.0,200.4,1,body7_self,rtmdet_ins_tiny,rtmdet_ins_tiny,8,0.8638,0.9740,0.9740,0,0.9451428293051265,0.9451428293051265,1.0,14,0,-0.662970508611255,12,1,0.8007294605760014
426985,245320,000000245320.jpg,REAR,0,14,16358.0,200.4,1,aic_coco_self,gt_box,gt_box,,,1.0,1.0,0,0.9327560308981601,0.9327560308981601,1.0,14,0,-0.6435780231867083,12,1,0.8018193525426528
426985,245320,000000245320.jpg,REAR,0,14,16358.0,200.4,1,aic_coco_self,rtmdet_ins_tiny,rtmdet_ins_tiny,8,0.8638,0.9740,0.9740,0,0.9385211724369406,0.9385211724369406,1.0,14,0,-0.6519228386954345,12,1,0.8059921860694885
427431,529939,000000529939.jpg,REAR,0,11,13622.0,245.2,1,body7_official,gt_box,gt_box,,,1.0,1.0,0,0.9727027352105924,0.9727027352105924,1.0,11,0,-0.2589736331088276,8,1,0.781659350675695
427431,529939,000000529939.jpg,REAR,0,11,13622.0,245.2,1,body7_official,rtmdet_ins_tiny,rtmdet_ins_tiny,7,0.8422,0.8735,0.8735,0,0.9600887101366293,0.9600887101366293,1.0,11,0,-0.2597068429922698,8,1,0.7649898546583512
427431,529939,000000529939.jpg,REAR,0,11,13622.0,245.2,1,body7_self,gt_box,gt_box,,,1.0,1.0,0,0.9727027352105924,0.9727027352105924,1.0,11,0,-0.2589736331088276,8,1,0.7816593401572284
427431,529939,000000529939.jpg,REAR,0,11,13622.0,245.2,1,body7_self,rtmdet_ins_tiny,rtmdet_ins_tiny,7,0.8422,0.8735,0.8735,0,0.9600887101366293,0.9600887101366293,1.0,11,0,-0.2597068429922698,8,1,0.7649897056467393
427431,529939,000000529939.jpg,REAR,0,11,13622.0,245.2,1,aic_coco_self,gt_box,gt_box,,,1.0,1.0,0,0.9777094247586837,0.9777094247586837,1.0,11,0,-0.25514178561201484,8,1,0.8100907451966229
427431,529939,000000529939.jpg,REAR,0,11,13622.0,245.2,1,aic_coco_self,rtmdet_ins_tiny,rtmdet_ins_tiny,7,0.8422,0.8735,0.8735,0,0.9723219414184864,0.9723219414184864,1.0,11,0,-0.2607711816758723,8,1,0.8102436801966499
428327,27972,000000027972.jpg,PROFILE,1,13,8353.9,157.0,1,body7_official,gt_box,gt_box,,,1.0,1.0,0,0.8736417449175014,0.8736417449175014,0.9230769230769231,13,0,-0.49689137974813397,8,1,0.7227768915541032
428327,27972,000000027972.jpg,PROFILE,1,13,8353.9,157.0,1,body7_official,rtmdet_ins_tiny,rtmdet_ins_tiny,1,0.8094,0.9421,0.9421,0,0.890463688836352,0.890463688836352,0.9230769230769231,13,0,-0.5073503262656656,8,1,0.7309809905641219
428327,27972,000000027972.jpg,PROFILE,1,13,8353.9,157.0,1,body7_self,gt_box,gt_box,,,1.0,1.0,0,0.8736417449175014,0.8736417449175014,0.9230769230769231,13,0,-0.49689137974813397,8,1,0.7227768784060198
428327,27972,000000027972.jpg,PROFILE,1,13,8353.9,157.0,1,body7_self,rtmdet_ins_tiny,rtmdet_ins_tiny,1,0.8094,0.9421,0.9421,0,0.890463688836352,0.890463688836352,0.9230769230769231,13,0,-0.5073503262656656,8,1,0.7309809309594771
428327,27972,000000027972.jpg,PROFILE,1,13,8353.9,157.0,1,aic_coco_self,gt_box,gt_box,,,1.0,1.0,0,0.8913087157027147,0.8913087157027147,0.9230769230769231,13,0,-0.5112076739345423,8,1,0.76138636469841
428327,27972,000000027972.jpg,PROFILE,1,13,8353.9,157.0,1,aic_coco_self,rtmdet_ins_tiny,rtmdet_ins_tiny,1,0.8094,0.9421,0.9421,0,0.9089864265393209,0.9089864265393209,0.9230769230769231,13,0,-0.5120976403899937,8,1,0.7492738874519572
428597,323895,000000323895.jpg,FRONT,3,16,12884.3,208.8,-1,body7_official,gt_box,gt_box,,,1.0,1.0,0,0.9828837764047162,0.9828837764047162,1.0,16,0,-0.42722026893825377,12,-1,0.8723867184975568
428597,323895,000000323895.jpg,FRONT,3,16,12884.3,208.8,-1,body7_official,rtmdet_ins_tiny,rtmdet_ins_tiny,2,0.8890,0.9605,0.9605,0,0.9767950877600206,0.9767950877600206,1.0,16,0,-0.4240727811722649,12,-1,0.8831542975762311
428597,323895,000000323895.jpg,FRONT,3,16,12884.3,208.8,-1,body7_self,gt_box,gt_box,,,1.0,1.0,0,0.9828837764047162,0.9828837764047162,1.0,16,0,-0.42722026893825377,12,-1,0.8723866799298454
428597,323895,000000323895.jpg,FRONT,3,16,12884.3,208.8,-1,body7_self,rtmdet_ins_tiny,rtmdet_ins_tiny,2,0.8890,0.9605,0.9605,0,0.9767950877600206,0.9767950877600206,1.0,16,0,-0.4240727811722649,12,-1,0.8831541222684524
428597,323895,000000323895.jpg,FRONT,3,16,12884.3,208.8,-1,aic_coco_self,gt_box,gt_box,,,1.0,1.0,0,0.9679993718012012,0.9679993718012012,1.0,16,0,-0.4237201361044386,12,-1,0.8564430825850543
428597,323895,000000323895.jpg,FRONT,3,16,12884.3,208.8,-1,aic_coco_self,rtmdet_ins_tiny,rtmdet_ins_tiny,2,0.8890,0.9605,0.9605,0,0.9688466037257337,0.9688466037257337,1.0,16,0,-0.4214950249019098,12,-1,0.8579850126715267
429137,368294,000000368294.jpg,FRONT,3,12,58167.2,390.6,-1,body7_official,gt_box,gt_box,,,1.0,1.0,0,0.954786476999032,0.954786476999032,1.0,10,0,-0.31386560912650885,6,-1,0.6428995009730843
429137,368294,000000368294.jpg,FRONT,3,12,58167.2,390.6,-1,body7_official,rtmdet_ins_tiny,rtmdet_ins_tiny,2,0.9117,0.8491,0.8491,0,0.9465806402942618,0.9465806402942618,1.0,10,0,-0.3107692712792495,6,-1,0.6527506113052368
429137,368294,000000368294.jpg,FRONT,3,12,58167.2,390.6,-1,body7_self,gt_box,gt_box,,,1.0,1.0,0,0.954786476999032,0.954786476999032,1.0,10,0,-0.31386560912650885,6,-1,0.6428994071834228
429137,368294,000000368294.jpg,FRONT,3,12,58167.2,390.6,-1,body7_self,rtmdet_ins_tiny,rtmdet_ins_tiny,2,0.9117,0.8491,0.8491,0,0.9465806402942618,0.9465806402942618,1.0,10,0,-0.3107692712792495,6,-1,0.6527505709844477
429137,368294,000000368294.jpg,FRONT,3,12,58167.2,390.6,-1,aic_coco_self,gt_box,gt_box,,,1.0,1.0,0,0.9338713240101534,0.9338713240101534,1.0,10,0,-0.30205978119721416,6,-1,0.6594647204174715
429137,368294,000000368294.jpg,FRONT,3,12,58167.2,390.6,-1,aic_coco_self,rtmdet_ins_tiny,rtmdet_ins_tiny,2,0.9117,0.8491,0.8491,0,0.9553777768812255,0.9553777768812255,1.0,10,0,-0.30835309097499247,6,-1,0.6912375793737524
429678,554156,000000554156.jpg,OBLIQUE,2,11,54963.6,333.0,1,body7_official,gt_box,gt_box,,,1.0,1.0,0,0.9065561220733404,0.9065561220733404,1.0,11,0,-0.12792270552415996,8,1,0.6311815630863694
429678,554156,000000554156.jpg,OBLIQUE,2,11,54963.6,333.0,1,body7_official,rtmdet_ins_tiny,rtmdet_ins_tiny,4,0.8364,0.8959,0.8959,0,0.9325583736445483,0.9325583736445483,1.0,11,0,-0.142986062953878,8,1,0.6528326264199089
429678,554156,000000554156.jpg,OBLIQUE,2,11,54963.6,333.0,1,body7_self,gt_box,gt_box,,,1.0,1.0,0,0.9065561220733404,0.9065561220733404,1.0,11,0,-0.12792270552415996,8,1,0.6311815731665668
429678,554156,000000554156.jpg,OBLIQUE,2,11,54963.6,333.0,1,body7_self,rtmdet_ins_tiny,rtmdet_ins_tiny,4,0.8364,0.8959,0.8959,0,0.9325583736445483,0.9325583736445483,1.0,11,0,-0.142986062953878,8,1,0.6528326772591647
429678,554156,000000554156.jpg,OBLIQUE,2,11,54963.6,333.0,1,aic_coco_self,gt_box,gt_box,,,1.0,1.0,0,0.9018294429319759,0.9018294429319759,1.0,11,0,-0.12086827516625827,8,1,0.6731316499850329
429678,554156,000000554156.jpg,OBLIQUE,2,11,54963.6,333.0,1,aic_coco_self,rtmdet_ins_tiny,rtmdet_ins_tiny,4,0.8364,0.8959,0.8959,0,0.9311256567810973,0.9311256567810973,1.0,11,0,-0.13143412636541724,8,1,0.687816907377804
430106,281414,000000281414.jpg,FRONT,3,16,48350.6,472.3,-1,body7_official,gt_box,gt_box,,,1.0,1.0,0,0.9646595613221248,0.9646595613221248,1.0,16,0,-0.48337392954189423,12,-1,0.8626072827507468
430106,281414,000000281414.jpg,FRONT,3,16,48350.6,472.3,-1,body7_official,rtmdet_ins_tiny,rtmdet_ins_tiny,2,0.8084,0.8955,0.8955,0,0.965113835761373,0.965113835761373,1.0,16,0,-0.4795439223317082,12,-1,0.8721442134941325
430106,281414,000000281414.jpg,FRONT,3,16,48350.6,472.3,-1,body7_self,gt_box,gt_box,,,1.0,1.0,0,0.9646595613221248,0.9646595613221248,1.0,16,0,-0.48337392954189423,12,-1,0.8626073563800138
430106,281414,000000281414.jpg,FRONT,3,16,48350.6,472.3,-1,body7_self,rtmdet_ins_tiny,rtmdet_ins_tiny,2,0.8084,0.8955,0.8955,0,0.965113835761373,0.965113835761373,1.0,16,0,-0.4795439223317082,12,-1,0.8721442327779882
430106,281414,000000281414.jpg,FRONT,3,16,48350.6,472.3,-1,aic_coco_self,gt_box,gt_box,,,1.0,1.0,0,0.9645352398115896,0.9645352398115896,1.0,16,0,-0.4795789676706771,12,-1,0.8499194033005658
430106,281414,000000281414.jpg,FRONT,3,16,48350.6,472.3,-1,aic_coco_self,rtmdet_ins_tiny,rtmdet_ins_tiny,2,0.8084,0.8955,0.8955,0,0.9692060424582752,0.9692060424582752,1.0,16,0,-0.4734178229477786,12,-1,0.8520456447320826
430570,325483,000000325483.jpg,FRONT,3,12,43715.0,376.4,-1,body7_official,gt_box,gt_box,,,1.0,1.0,0,0.9856691250833776,0.9856691250833776,1.0,12,0,-0.4210438929691199,8,-1,0.7407136953928891
430570,325483,000000325483.jpg,FRONT,3,12,43715.0,376.4,-1,body7_official,rtmdet_ins_tiny,rtmdet_ins_tiny,5,0.9073,0.9744,0.9744,0,0.9749550665757288,0.9749550665757288,1.0,12,0,-0.4226925307051775,8,-1,0.7487931610906825
430570,325483,000000325483.jpg,FRONT,3,12,43715.0,376.4,-1,body7_self,gt_box,gt_box,,,1.0,1.0,0,0.9856691250833776,0.9856691250833776,1.0,12,0,-0.4210438929691199,8,-1,0.7407136165043887
430570,325483,000000325483.jpg,FRONT,3,12,43715.0,376.4,-1,body7_self,rtmdet_ins_tiny,rtmdet_ins_tiny,5,0.9073,0.9744,0.9744,0,0.9749550665757288,0.9749550665757288,1.0,12,0,-0.4226925307051775,8,-1,0.7487931724856881
430570,325483,000000325483.jpg,FRONT,3,12,43715.0,376.4,-1,aic_coco_self,gt_box,gt_box,,,1.0,1.0,0,0.9798445449331433,0.9798445449331433,1.0,12,0,-0.4209479385833716,8,-1,0.7492473388419432
430570,325483,000000325483.jpg,FRONT,3,12,43715.0,376.4,-1,aic_coco_self,rtmdet_ins_tiny,rtmdet_ins_tiny,5,0.9073,0.9744,0.9744,0,0.9826776443612179,0.9826776443612179,1.0,12,0,-0.42133864089483486,8,-1,0.7505930679685929
431070,31217,000000031217.jpg,OBLIQUE,2,15,5010.5,159.7,1,body7_official,gt_box,gt_box,,,1.0,1.0,0,0.9673394745878909,0.9673394745878909,1.0,15,0,-0.298237884540671,12,1,0.815720351303325
431070,31217,000000031217.jpg,OBLIQUE,2,15,5010.5,159.7,1,body7_official,rtmdet_ins_tiny,rtmdet_ins_tiny,2,0.9068,0.9453,0.9453,0,0.968814093531207,0.968814093531207,1.0,15,0,-0.29660603833668575,12,1,0.7967100003186394
431070,31217,000000031217.jpg,OBLIQUE,2,15,5010.5,159.7,1,body7_self,gt_box,gt_box,,,1.0,1.0,0,0.9673394745878909,0.9673394745878909,1.0,15,0,-0.298237884540671,12,1,0.8157202987109914
431070,31217,000000031217.jpg,OBLIQUE,2,15,5010.5,159.7,1,body7_self,rtmdet_ins_tiny,rtmdet_ins_tiny,2,0.9068,0.9453,0.9453,0,0.968814093531207,0.968814093531207,1.0,15,0,-0.29660603833668575,12,1,0.7967099372078391
431070,31217,000000031217.jpg,OBLIQUE,2,15,5010.5,159.7,1,aic_coco_self,gt_box,gt_box,,,1.0,1.0,0,0.9476837713421703,0.9476837713421703,1.0,15,0,-0.2951395688339587,12,1,0.8478593650986167
431070,31217,000000031217.jpg,OBLIQUE,2,15,5010.5,159.7,1,aic_coco_self,rtmdet_ins_tiny,rtmdet_ins_tiny,2,0.9068,0.9453,0.9453,0,0.9466502195611497,0.9466502195611497,1.0,15,0,-0.29623452668156447,12,1,0.8347965408773983
431511,409198,000000409198.jpg,OBLIQUE,2,15,32741.3,345.4,-1,body7_official,gt_box,gt_box,,,1.0,1.0,0,0.9580397826460666,0.9580397826460666,1.0,15,0,-0.22166299964332026,12,0,0.8547477406613967
431511,409198,000000409198.jpg,OBLIQUE,2,15,32741.3,345.4,-1,body7_official,rtmdet_ins_tiny,rtmdet_ins_tiny,7,0.9446,0.9415,0.9415,0,0.9554823104271087,0.9554823104271087,1.0,15,0,-0.22312712278950406,12,-1,0.8438471520648283
431511,409198,000000409198.jpg,OBLIQUE,2,15,32741.3,345.4,-1,body7_self,gt_box,gt_box,,,1.0,1.0,0,0.9580397826460666,0.9580397826460666,1.0,15,0,-0.22166299964332026,12,0,0.8547477687106413
431511,409198,000000409198.jpg,OBLIQUE,2,15,32741.3,345.4,-1,body7_self,rtmdet_ins_tiny,rtmdet_ins_tiny,7,0.9446,0.9415,0.9415,0,0.9554823104271087,0.9554823104271087,1.0,15,0,-0.22312712278950406,12,-1,0.8438470924601835
431511,409198,000000409198.jpg,OBLIQUE,2,15,32741.3,345.4,-1,aic_coco_self,gt_box,gt_box,,,1.0,1.0,0,0.9739969564532871,0.9739969564532871,1.0,15,0,-0.232440613560076,12,-1,0.8421656489372253
431511,409198,000000409198.jpg,OBLIQUE,2,15,32741.3,345.4,-1,aic_coco_self,rtmdet_ins_tiny,rtmdet_ins_tiny,7,0.9446,0.9415,0.9415,0,0.9710787208803915,0.9710787208803915,1.0,15,0,-0.22815218154522227,12,-1,0.843652697170482
431922,253742,000000253742.jpg,FRONT,3,17,27174.1,379.9,-1,body7_official,gt_box,gt_box,,,1.0,1.0,0,0.961111085067872,0.961111085067872,1.0,17,0,-0.3326101287788644,12,-1,0.9102621078491211
431922,253742,000000253742.jpg,FRONT,3,17,27174.1,379.9,-1,body7_official,rtmdet_ins_tiny,rtmdet_ins_tiny,17,0.9153,0.9574,0.9574,0,0.9642069927477275,0.9642069927477275,1.0,17,0,-0.33491773580972595,12,-1,0.9050585347063401
431922,253742,000000253742.jpg,FRONT,3,17,27174.1,379.9,-1,body7_self,gt_box,gt_box,,,1.0,1.0,0,0.961111085067872,0.961111085067872,1.0,17,0,-0.3326101287788644,12,-1,0.9102620833060321
431922,253742,000000253742.jpg,FRONT,3,17,27174.1,379.9,-1,body7_self,rtmdet_ins_tiny,rtmdet_ins_tiny,17,0.9153,0.9574,0.9574,0,0.9642069927477275,0.9642069927477275,1.0,17,0,-0.33491773580972595,12,-1,0.9050584786078509
431922,253742,000000253742.jpg,FRONT,3,17,27174.1,379.9,-1,aic_coco_self,gt_box,gt_box,,,1.0,1.0,0,0.960201249301996,0.960201249301996,1.0,17,0,-0.3363077654621458,12,-1,0.9143283647649428
431922,253742,000000253742.jpg,FRONT,3,17,27174.1,379.9,-1,aic_coco_self,rtmdet_ins_tiny,rtmdet_ins_tiny,17,0.9153,0.9574,0.9574,0,0.9664546253777189,0.9664546253777189,1.0,17,0,-0.3391806082820937,12,-1,0.9180892320240245
432135,158744,000000158744.jpg,REAR,0,12,8947.4,244.6,1,body7_official,gt_box,gt_box,,,1.0,1.0,0,0.9379914809582673,0.9379914809582673,1.0,11,0,-0.14406474618263923,8,1,0.7904150485992432
432135,158744,000000158744.jpg,REAR,0,12,8947.4,244.6,1,body7_official,rtmdet_ins_tiny,rtmdet_ins_tiny,33,0.8594,0.8815,0.8815,0,0.9359022794208748,0.9359022794208748,1.0,11,0,-0.14545435793277298,8,1,0.8001187969656551
432135,158744,000000158744.jpg,REAR,0,12,8947.4,244.6,1,body7_self,gt_box,gt_box,,,1.0,1.0,0,0.9379914809582673,0.9379914809582673,1.0,11,0,-0.14406474618263923,8,1,0.7904150380807764
432135,158744,000000158744.jpg,REAR,0,12,8947.4,244.6,1,body7_self,rtmdet_ins_tiny,rtmdet_ins_tiny,33,0.8594,0.8815,0.8815,0,0.9359022794208748,0.9359022794208748,1.0,11,0,-0.14545435793277298,8,1,0.8001188144964331
432135,158744,000000158744.jpg,REAR,0,12,8947.4,244.6,1,aic_coco_self,gt_box,gt_box,,,1.0,1.0,0,0.9681190823801173,0.9681190823801173,1.0,11,0,-0.1467930063886364,8,1,0.7849558381473317
432135,158744,000000158744.jpg,REAR,0,12,8947.4,244.6,1,aic_coco_self,rtmdet_ins_tiny,rtmdet_ins_tiny,33,0.8594,0.8815,0.8815,0,0.9617409938987972,0.9617409938987972,1.0,11,0,-0.14639780631187505,8,1,0.7888146183070015
433265,553669,000000553669.jpg,REAR,0,8,25052.6,282.0,1,body7_official,gt_box,gt_box,,,1.0,1.0,0,0.889393331615658,0.889393331615658,1.0,8,0,-0.5337543827466185,4,1,0.5834912789218566
433265,553669,000000553669.jpg,REAR,0,8,25052.6,282.0,1,body7_official,rtmdet_ins_tiny,rtmdet_ins_tiny,19,0.6184,0.4537,0.8370,2,0.7406348155451868,0.7406348155451868,0.625,8,0,-0.5255970675635351,4,1,0.49477073550224304
433265,553669,000000553669.jpg,REAR,0,8,25052.6,282.0,1,body7_self,gt_box,gt_box,,,1.0,1.0,0,0.889393331615658,0.889393331615658,1.0,8,0,-0.5337543827466185,4,1,0.5834912578849232
433265,553669,000000553669.jpg,REAR,0,8,25052.6,282.0,1,body7_self,rtmdet_ins_tiny,rtmdet_ins_tiny,19,0.6184,0.4537,0.8370,2,0.7406348155451868,0.7406348155451868,0.625,8,0,-0.5255970675635351,4,1,0.49477080299573784
433265,553669,000000553669.jpg,REAR,0,8,25052.6,282.0,1,aic_coco_self,gt_box,gt_box,,,1.0,1.0,0,0.9396579462585453,0.9396579462585453,1.0,8,0,-0.5376928967052573,4,1,0.5774646068320555
433265,553669,000000553669.jpg,REAR,0,8,25052.6,282.0,1,aic_coco_self,rtmdet_ins_tiny,rtmdet_ins_tiny,19,0.6184,0.4537,0.8370,2,0.8086441544365233,0.8086441544365233,0.75,8,0,-0.5169285801897399,4,1,0.5655316429979661
434191,81594,000000081594.jpg,FRONT,3,17,31124.4,383.2,-1,body7_official,gt_box,gt_box,,,1.0,1.0,0,0.9827800041304603,0.9827800041304603,1.0,17,0,-0.4282397535185589,12,-1,0.9353412985801697
434191,81594,000000081594.jpg,FRONT,3,17,31124.4,383.2,-1,body7_official,rtmdet_ins_tiny,rtmdet_ins_tiny,14,0.8794,0.9385,0.9385,0,0.9815460926023419,0.9815460926023419,1.0,17,0,-0.42868528763586294,12,-1,0.9416303108720219
434191,81594,000000081594.jpg,FRONT,3,17,31124.4,383.2,-1,body7_self,gt_box,gt_box,,,1.0,1.0,0,0.9827800041304603,0.9827800041304603,1.0,17,0,-0.4282397535185589,12,-1,0.9353414037648369
434191,81594,000000081594.jpg,FRONT,3,17,31124.4,383.2,-1,body7_self,rtmdet_ins_tiny,rtmdet_ins_tiny,14,0.8794,0.9385,0.9385,0,0.9815460926023419,0.9815460926023419,1.0,17,0,-0.42868528763586294,12,-1,0.9416302863289329
434191,81594,000000081594.jpg,FRONT,3,17,31124.4,383.2,-1,aic_coco_self,gt_box,gt_box,,,1.0,1.0,0,0.9826049052854975,0.9826049052854975,1.0,17,0,-0.43206819791282997,12,-1,0.9065471186357386
434191,81594,000000081594.jpg,FRONT,3,17,31124.4,383.2,-1,aic_coco_self,rtmdet_ins_tiny,rtmdet_ins_tiny,14,0.8794,0.9385,0.9385,0,0.9782024861729693,0.9782024861729693,1.0,17,0,-0.43068551162378094,12,-1,0.9150790081304663
434478,333745,000000333745.jpg,FRONT,3,16,29941.2,358.9,-1,body7_official,gt_box,gt_box,,,1.0,1.0,0,0.9648122276298798,0.9648122276298798,1.0,16,0,-0.3756975291704817,12,-1,0.8121568104800057
434478,333745,000000333745.jpg,FRONT,3,16,29941.2,358.9,-1,body7_official,rtmdet_ins_tiny,rtmdet_ins_tiny,15,0.8131,0.9344,0.9344,0,0.959733398955102,0.959733398955102,1.0,16,0,-0.374264838467046,12,-1,0.8131253824514502
434478,333745,000000333745.jpg,FRONT,3,16,29941.2,358.9,-1,body7_self,gt_box,gt_box,,,1.0,1.0,0,0.9648122276298798,0.9648122276298798,1.0,16,0,-0.3756975291704817,12,-1,0.8121567123076495
434478,333745,000000333745.jpg,FRONT,3,16,29941.2,358.9,-1,body7_self,rtmdet_ins_tiny,rtmdet_ins_tiny,15,0.8131,0.9344,0.9344,0,0.959733398955102,0.959733398955102,1.0,16,0,-0.374264838467046,12,-1,0.8131255016607397
434478,333745,000000333745.jpg,FRONT,3,16,29941.2,358.9,-1,aic_coco_self,gt_box,gt_box,,,1.0,1.0,0,0.9579446119682116,0.9579446119682116,1.0,16,0,-0.3737123534735483,12,-1,0.81090729376849
434478,333745,000000333745.jpg,FRONT,3,16,29941.2,358.9,-1,aic_coco_self,rtmdet_ins_tiny,rtmdet_ins_tiny,15,0.8131,0.9344,0.9344,0,0.9506613036607212,0.9506613036607212,1.0,16,0,-0.3720875629887416,12,-1,0.8160074598648969
435114,94944,000000094944.jpg,FRONT,3,15,12583.7,180.9,-1,body7_official,gt_box,gt_box,,,1.0,1.0,0,0.9695741169282491,0.9695741169282491,1.0,15,0,-0.4626725447534163,10,-1,0.7868939813445596
435114,94944,000000094944.jpg,FRONT,3,15,12583.7,180.9,-1,body7_official,rtmdet_ins_tiny,rtmdet_ins_tiny,10,0.8523,0.9151,0.9151,0,0.968846476619174,0.968846476619174,1.0,15,0,-0.46035092364758534,10,-1,0.7929825467221877
435114,94944,000000094944.jpg,FRONT,3,15,12583.7,180.9,-1,body7_self,gt_box,gt_box,,,1.0,1.0,0,0.9695741169282491,0.9695741169282491,1.0,15,0,-0.4626725447534163,10,-1,0.7868940444553599
435114,94944,000000094944.jpg,FRONT,3,15,12583.7,180.9,-1,body7_self,rtmdet_ins_tiny,rtmdet_ins_tiny,10,0.8523,0.9151,0.9151,0,0.968846476619174,0.968846476619174,1.0,15,0,-0.46035092364758534,10,-1,0.7929825660060433
435114,94944,000000094944.jpg,FRONT,3,15,12583.7,180.9,-1,aic_coco_self,gt_box,gt_box,,,1.0,1.0,0,0.9793018371883808,0.9793018371883808,1.0,15,0,-0.46286503902002596,10,-1,0.8048629392595852
435114,94944,000000094944.jpg,FRONT,3,15,12583.7,180.9,-1,aic_coco_self,rtmdet_ins_tiny,rtmdet_ins_tiny,10,0.8523,0.9151,0.9151,0,0.9808465138040309,0.9808465138040309,1.0,15,0,-0.4628493866582703,10,-1,0.8010626610587624
435593,153529,000000153529.jpg,FRONT,3,15,51782.2,540.8,-1,body7_official,gt_box,gt_box,,,1.0,1.0,0,0.9761139228330571,0.9761139228330571,1.0,15,0,-0.21999891926946707,8,-1,0.7973615176537457
435593,153529,000000153529.jpg,FRONT,3,15,51782.2,540.8,-1,body7_official,rtmdet_ins_tiny,rtmdet_ins_tiny,15,0.8797,0.9251,0.9251,0,0.9740629782579348,0.9740629782579348,1.0,15,0,-0.22352296561917992,8,-1,0.8172100957702187
435593,153529,000000153529.jpg,FRONT,3,15,51782.2,540.8,-1,body7_self,gt_box,gt_box,,,1.0,1.0,0,0.9761139228330571,0.9761139228330571,1.0,15,0,-0.21999891926946707,8,-1,0.7973613739013672
435593,153529,000000153529.jpg,FRONT,3,15,51782.2,540.8,-1,body7_self,rtmdet_ins_tiny,rtmdet_ins_tiny,15,0.8797,0.9251,0.9251,0,0.9740629782579348,0.9740629782579348,1.0,15,0,-0.22352296561917992,8,-1,0.817210069474052
435593,153529,000000153529.jpg,FRONT,3,15,51782.2,540.8,-1,aic_coco_self,gt_box,gt_box,,,1.0,1.0,0,0.9850350494034912,0.9850350494034912,1.0,15,0,-0.2267076257312784,8,-1,0.8326506860115949
435593,153529,000000153529.jpg,FRONT,3,15,51782.2,540.8,-1,aic_coco_self,rtmdet_ins_tiny,rtmdet_ins_tiny,15,0.8797,0.9251,0.9251,0,0.9843599330915496,0.9843599330915496,1.0,15,0,-0.23152438199902434,8,-1,0.8330176367479212
436370,235241,000000235241.jpg,FRONT,3,11,37124.2,380.0,-1,body7_official,gt_box,gt_box,,,1.0,1.0,0,0.9735389788714092,0.9735389788714092,1.0,11,0,-0.2552809652743103,4,-1,0.728103031130398
436370,235241,000000235241.jpg,FRONT,3,11,37124.2,380.0,-1,body7_official,rtmdet_ins_tiny,rtmdet_ins_tiny,3,0.8795,0.9687,0.9687,0,0.9709967573262808,0.9709967573262808,1.0,11,0,-0.2551714082971176,4,-1,0.7294148434610928
436370,235241,000000235241.jpg,FRONT,3,11,37124.2,380.0,-1,body7_self,gt_box,gt_box,,,1.0,1.0,0,0.9735389788714092,0.9735389788714092,1.0,11,0,-0.2552809652743103,4,-1,0.7281030968708151
436370,235241,000000235241.jpg,FRONT,3,11,37124.2,380.0,-1,body7_self,rtmdet_ins_tiny,rtmdet_ins_tiny,3,0.8795,0.9687,0.9687,0,0.9709967573262808,0.9709967573262808,1.0,11,0,-0.2551714082971176,4,-1,0.7294148259303149
436370,235241,000000235241.jpg,FRONT,3,11,37124.2,380.0,-1,aic_coco_self,gt_box,gt_box,,,1.0,1.0,0,0.9699043211754266,0.9699043211754266,1.0,11,0,-0.2519335047362578,4,-1,0.7352906653986258
436370,235241,000000235241.jpg,FRONT,3,11,37124.2,380.0,-1,aic_coco_self,rtmdet_ins_tiny,rtmdet_ins_tiny,3,0.8795,0.9687,0.9687,0,0.9684363431132151,0.9684363431132151,1.0,11,0,-0.2513680633167151,4,-1,0.7397426112609751
436863,118921,000000118921.jpg,FRONT,3,17,11976.8,226.2,-1,body7_official,gt_box,gt_box,,,1.0,1.0,0,0.9809321331453662,0.9809321331453662,1.0,17,0,-0.4880543282636372,12,-1,0.8997500679072212
436863,118921,000000118921.jpg,FRONT,3,17,11976.8,226.2,-1,body7_official,rtmdet_ins_tiny,rtmdet_ins_tiny,3,0.9206,0.9650,0.9650,0,0.9798019894805047,0.9798019894805047,1.0,17,0,-0.48557317370954695,12,-1,0.9057006029521718
436863,118921,000000118921.jpg,FRONT,3,17,11976.8,226.2,-1,body7_self,gt_box,gt_box,,,1.0,1.0,0,0.9809321331453662,0.9809321331453662,1.0,17,0,-0.4880543282636372,12,-1,0.8997501415364882
436863,118921,000000118921.jpg,FRONT,3,17,11976.8,226.2,-1,body7_self,rtmdet_ins_tiny,rtmdet_ins_tiny,3,0.9206,0.9650,0.9650,0,0.9798019894805047,0.9798019894805047,1.0,17,0,-0.48557317370954695,12,-1,0.9057005152982824
436863,118921,000000118921.jpg,FRONT,3,17,11976.8,226.2,-1,aic_coco_self,gt_box,gt_box,,,1.0,1.0,0,0.980890855421401,0.980890855421401,1.0,17,0,-0.4866710273747089,12,-1,0.9192365478066837
436863,118921,000000118921.jpg,FRONT,3,17,11976.8,226.2,-1,aic_coco_self,rtmdet_ins_tiny,rtmdet_ins_tiny,3,0.9206,0.9650,0.9650,0,0.9815017622941011,0.9815017622941011,1.0,17,0,-0.4860626304177068,12,-1,0.9227499996914583
437313,491130,000000491130.jpg,FRONT,3,13,50220.2,362.4,-1,body7_official,gt_box,gt_box,,,1.0,1.0,0,0.9445335753967458,0.9445335753967458,1.0,13,0,-0.47632430849539464,8,-1,0.7173677384853363
437313,491130,000000491130.jpg,FRONT,3,13,50220.2,362.4,-1,body7_official,rtmdet_ins_tiny,rtmdet_ins_tiny,20,0.8521,0.8933,0.8933,0,0.9495502193077863,0.9495502193077863,1.0,13,0,-0.47598850224824585,8,-1,0.7175871238988989
437313,491130,000000491130.jpg,FRONT,3,13,50220.2,362.4,-1,body7_self,gt_box,gt_box,,,1.0,1.0,0,0.9445335753967458,0.9445335753967458,1.0,13,0,-0.47632430849539464,8,-1,0.7173676403129802
437313,491130,000000491130.jpg,FRONT,3,13,50220.2,362.4,-1,body7_self,rtmdet_ins_tiny,rtmdet_ins_tiny,20,0.8521,0.8933,0.8933,0,0.9495502193077863,0.9495502193077863,1.0,13,0,-0.47598850224824585,8,-1,0.7175871291581322
437313,491130,000000491130.jpg,FRONT,3,13,50220.2,362.4,-1,aic_coco_self,gt_box,gt_box,,,1.0,1.0,0,0.9617059288740202,0.9617059288740202,1.0,13,0,-0.470875307302718,8,-1,0.7529146829072166
437313,491130,000000491130.jpg,FRONT,3,13,50220.2,362.4,-1,aic_coco_self,rtmdet_ins_tiny,rtmdet_ins_tiny,20,0.8521,0.8933,0.8933,0,0.9702790762069295,0.9702790762069295,1.0,13,0,-0.47207011326742554,8,-1,0.7562657717396232
437799,409475,000000409475.jpg,FRONT,3,17,26494.0,332.3,-1,body7_official,gt_box,gt_box,,,1.0,1.0,0,0.9610187018930011,0.9610187018930011,1.0,17,0,-0.375485000604901,12,-1,0.8834714118172141
437799,409475,000000409475.jpg,FRONT,3,17,26494.0,332.3,-1,body7_official,rtmdet_ins_tiny,rtmdet_ins_tiny,12,0.8968,0.9250,0.9250,0,0.9609976320644362,0.9609976320644362,1.0,17,0,-0.3693542573383548,12,-1,0.891133725643158
437799,409475,000000409475.jpg,FRONT,3,17,26494.0,332.3,-1,body7_self,gt_box,gt_box,,,1.0,1.0,0,0.9610187018930011,0.9610187018930011,1.0,17,0,-0.375485000604901,12,-1,0.8834715099895701
437799,409475,000000409475.jpg,FRONT,3,17,26494.0,332.3,-1,body7_self,rtmdet_ins_tiny,rtmdet_ins_tiny,12,0.8968,0.9250,0.9250,0,0.9609976320644362,0.9609976320644362,1.0,17,0,-0.3693542573383548,12,-1,0.8911338483586031
437799,409475,000000409475.jpg,FRONT,3,17,26494.0,332.3,-1,aic_coco_self,gt_box,gt_box,,,1.0,1.0,0,0.9654950167050482,0.9654950167050482,1.0,17,0,-0.3687365997157522,12,-1,0.9012103501488181
437799,409475,000000409475.jpg,FRONT,3,17,26494.0,332.3,-1,aic_coco_self,rtmdet_ins_tiny,rtmdet_ins_tiny,12,0.8968,0.9250,0.9250,0,0.9613065609265531,0.9613065609265531,1.0,17,0,-0.36852850369471857,12,-1,0.9148282023037181
437953,527029,000000527029.jpg,FRONT,3,12,68831.1,418.5,-1,body7_official,gt_box,gt_box,,,1.0,1.0,0,0.8243079673431185,0.8243079673431185,1.0,12,0,-0.4738774081635481,8,-1,0.6405574731967029
437953,527029,000000527029.jpg,FRONT,3,12,68831.1,418.5,-1,body7_official,rtmdet_ins_tiny,rtmdet_ins_tiny,12,0.7580,0.8057,0.8057,0,0.9010245053232037,0.9010245053232037,1.0,12,0,-0.47760493813942584,8,-1,0.6472761836998603
437953,527029,000000527029.jpg,FRONT,3,12,68831.1,418.5,-1,body7_self,gt_box,gt_box,,,1.0,1.0,0,0.8243079673431185,0.8243079673431185,1.0,12,0,-0.4738774081635481,8,-1,0.6405574162216747
437953,527029,000000527029.jpg,FRONT,3,12,68831.1,418.5,-1,body7_self,rtmdet_ins_tiny,rtmdet_ins_tiny,12,0.7580,0.8057,0.8057,0,0.9010245053232037,0.9010245053232037,1.0,12,0,-0.47760493813942584,8,-1,0.6472761709900463
437953,527029,000000527029.jpg,FRONT,3,12,68831.1,418.5,-1,aic_coco_self,gt_box,gt_box,,,1.0,1.0,0,0.8608715495658558,0.8608715495658558,1.0,12,0,-0.4787648494466759,8,-1,0.6548951802884831
437953,527029,000000527029.jpg,FRONT,3,12,68831.1,418.5,-1,aic_coco_self,rtmdet_ins_tiny,rtmdet_ins_tiny,12,0.7580,0.8057,0.8057,0,0.8316568677019099,0.8316568677019099,1.0,12,0,-0.48057427582401774,8,-1,0.6785551835508907
438300,492284,000000492284.jpg,REAR,0,10,57668.8,454.1,-1,body7_official,gt_box,gt_box,,,1.0,1.0,0,0.9312540084514853,0.9312540084514853,1.0,8,0,-0.06281828087173236,6,-1,0.7276152161990895
438300,492284,000000492284.jpg,REAR,0,10,57668.8,454.1,-1,body7_official,rtmdet_ins_tiny,rtmdet_ins_tiny,8,0.7862,0.8018,0.8018,0,0.9319099767068479,0.9319099767068479,1.0,8,0,-0.057141542416323104,6,-1,0.7130269688718459
438300,492284,000000492284.jpg,REAR,0,10,57668.8,454.1,-1,body7_self,gt_box,gt_box,,,1.0,1.0,0,0.9312540084514853,0.9312540084514853,1.0,8,0,-0.06281828087173236,6,-1,0.7276151565944448
438300,492284,000000492284.jpg,REAR,0,10,57668.8,454.1,-1,body7_self,rtmdet_ins_tiny,rtmdet_ins_tiny,8,0.7862,0.8018,0.8018,0,0.9319099767068479,0.9319099767068479,1.0,8,0,-0.057141542416323104,6,-1,0.7130269899087793
438300,492284,000000492284.jpg,REAR,0,10,57668.8,454.1,-1,aic_coco_self,gt_box,gt_box,,,1.0,1.0,0,0.9404431377824407,0.9404431377824407,1.0,8,0,-0.06394778894529747,6,-1,0.7016311498249278
438300,492284,000000492284.jpg,REAR,0,10,57668.8,454.1,-1,aic_coco_self,rtmdet_ins_tiny,rtmdet_ins_tiny,8,0.7862,0.8018,0.8018,0,0.9401900941467612,0.9401900941467612,1.0,8,0,-0.06233433433351164,6,-1,0.6907905918710372
438578,463690,000000463690.jpg,OBLIQUE,2,14,28873.5,280.6,-1,body7_official,gt_box,gt_box,,,1.0,1.0,0,0.8808442093666401,0.8808442093666401,1.0,14,0,-0.7169352757818621,10,-1,0.6978908812298494
438578,463690,000000463690.jpg,OBLIQUE,2,14,28873.5,280.6,-1,body7_official,rtmdet_ins_tiny,rtmdet_ins_tiny,24,0.5214,0.8089,0.8089,0,0.8755982105811716,0.8755982105811716,1.0,14,0,-0.7218058832424191,10,-1,0.67463517890257
438578,463690,000000463690.jpg,OBLIQUE,2,14,28873.5,280.6,-1,body7_self,gt_box,gt_box,,,1.0,1.0,0,0.8808442093666401,0.8808442093666401,1.0,14,0,-0.7169352757818621,10,-1,0.6978909636245054
438578,463690,000000463690.jpg,OBLIQUE,2,14,28873.5,280.6,-1,body7_self,rtmdet_ins_tiny,rtmdet_ins_tiny,24,0.5214,0.8089,0.8089,0,0.8755982105811716,0.8755982105811716,1.0,14,0,-0.7218058832424191,10,-1,0.6746351017671472
438578,463690,000000463690.jpg,OBLIQUE,2,14,28873.5,280.6,-1,aic_coco_self,gt_box,gt_box,,,1.0,1.0,0,0.9510309580709173,0.9510309580709173,1.0,14,0,-0.7472851914122003,10,-1,0.7541194400366615
438578,463690,000000463690.jpg,OBLIQUE,2,14,28873.5,280.6,-1,aic_coco_self,rtmdet_ins_tiny,rtmdet_ins_tiny,24,0.5214,0.8089,0.8089,0,0.9177042670518107,0.9177042670518107,1.0,14,0,-0.7396425141017735,10,-1,0.7282452443066765
439080,130579,000000130579.jpg,FRONT,3,14,45671.5,485.1,-1,body7_official,gt_box,gt_box,,,1.0,1.0,0,0.980455270439075,0.980455270439075,1.0,14,0,-0.24880910450821242,8,-1,0.9083845264771405
439080,130579,000000130579.jpg,FRONT,3,14,45671.5,485.1,-1,body7_official,rtmdet_ins_tiny,rtmdet_ins_tiny,4,0.8851,0.9791,0.9791,0,0.9755993736529646,0.9755993736529646,1.0,14,0,-0.24638850134714027,8,-1,0.9059718707028557
439080,130579,000000130579.jpg,FRONT,3,14,45671.5,485.1,-1,body7_self,gt_box,gt_box,,,1.0,1.0,0,0.980455270439075,0.980455270439075,1.0,14,0,-0.24880910450821242,8,-1,0.9083845019340515
439080,130579,000000130579.jpg,FRONT,3,14,45671.5,485.1,-1,body7_self,rtmdet_ins_tiny,rtmdet_ins_tiny,4,0.8851,0.9791,0.9791,0,0.9755993736529646,0.9755993736529646,1.0,14,0,-0.24638850134714027,8,-1,0.9059719653690562
439080,130579,000000130579.jpg,FRONT,3,14,45671.5,485.1,-1,aic_coco_self,gt_box,gt_box,,,1.0,1.0,0,0.9817451551412715,0.9817451551412715,1.0,14,0,-0.24274635648059284,8,-1,0.903517789700452
439080,130579,000000130579.jpg,FRONT,3,14,45671.5,485.1,-1,aic_coco_self,rtmdet_ins_tiny,rtmdet_ins_tiny,4,0.8851,0.9791,0.9791,0,0.9831631947943666,0.9831631947943666,1.0,14,0,-0.24336927920591636,8,-1,0.8979968218242421
439585,104424,000000104424.jpg,FRONT,3,17,26382.9,378.2,-1,body7_official,gt_box,gt_box,,,1.0,1.0,0,0.9848266502563658,0.9848266502563658,1.0,17,0,-0.3179088175405015,12,-1,0.9556675062460058
439585,104424,000000104424.jpg,FRONT,3,17,26382.9,378.2,-1,body7_official,rtmdet_ins_tiny,rtmdet_ins_tiny,19,0.8615,0.9528,0.9528,0,0.9850071620381219,0.9850071620381219,1.0,17,0,-0.31850473526100487,12,-1,0.9494372991954579
439585,104424,000000104424.jpg,FRONT,3,17,26382.9,378.2,-1,body7_self,gt_box,gt_box,,,1.0,1.0,0,0.9848266502563658,0.9848266502563658,1.0,17,0,-0.3179088175405015,12,-1,0.9556674431352055
439585,104424,000000104424.jpg,FRONT,3,17,26382.9,378.2,-1,body7_self,rtmdet_ins_tiny,rtmdet_ins_tiny,19,0.8615,0.9528,0.9528,0,0.9850071620381219,0.9850071620381219,1.0,17,0,-0.31850473526100487,12,-1,0.9494374394416809
439585,104424,000000104424.jpg,FRONT,3,17,26382.9,378.2,-1,aic_coco_self,gt_box,gt_box,,,1.0,1.0,0,0.9861576725982973,0.9861576725982973,1.0,17,0,-0.32295177391103264,12,-1,0.9345175623893738
439585,104424,000000104424.jpg,FRONT,3,17,26382.9,378.2,-1,aic_coco_self,rtmdet_ins_tiny,rtmdet_ins_tiny,19,0.8615,0.9528,0.9528,0,0.9887517951438232,0.9887517951438232,1.0,17,0,-0.32454471434787013,12,-1,0.9387463190976311
439692,166478,000000166478.jpg,FRONT,3,16,53477.8,337.0,-1,body7_official,gt_box,gt_box,,,1.0,1.0,0,0.9059121866862813,0.9059121866862813,0.9230769230769231,13,0,-0.23798961621278908,8,-1,0.8190556063371546
439692,166478,000000166478.jpg,FRONT,3,16,53477.8,337.0,-1,body7_official,rtmdet_ins_tiny,rtmdet_ins_tiny,7,0.6390,0.9107,0.9107,0,0.8985111615128274,0.8985111615128274,0.9230769230769231,13,0,-0.23066164502209419,8,-1,0.8177345324965084
439692,166478,000000166478.jpg,FRONT,3,16,53477.8,337.0,-1,body7_self,gt_box,gt_box,,,1.0,1.0,0,0.9059121866862813,0.9059121866862813,0.9230769230769231,13,0,-0.23798961621278908,8,-1,0.8190556659417993
439692,166478,000000166478.jpg,FRONT,3,16,53477.8,337.0,-1,body7_self,rtmdet_ins_tiny,rtmdet_ins_tiny,7,0.6390,0.9107,0.9107,0,0.8985111615128274,0.8985111615128274,0.9230769230769231,13,0,-0.23066164502209419,8,-1,0.8177346552119535
439692,166478,000000166478.jpg,FRONT,3,16,53477.8,337.0,-1,aic_coco_self,gt_box,gt_box,,,1.0,1.0,0,0.9265160335298073,0.9265160335298073,0.9230769230769231,13,0,-0.24272060162345446,8,-1,0.8005683983073515
439692,166478,000000166478.jpg,FRONT,3,16,53477.8,337.0,-1,aic_coco_self,rtmdet_ins_tiny,rtmdet_ins_tiny,7,0.6390,0.9107,0.9107,0,0.9244704240879279,0.9244704240879279,0.9230769230769231,13,0,-0.24962624030655625,8,-1,0.8005586441825417
440354,568213,000000568213.jpg,FRONT,3,16,13628.2,230.6,-1,body7_official,gt_box,gt_box,,,1.0,1.0,0,0.979727714390345,0.979727714390345,1.0,16,0,-0.5875147553958887,12,-1,0.9312417472110075
440354,568213,000000568213.jpg,FRONT,3,16,13628.2,230.6,-1,body7_official,rtmdet_ins_tiny,rtmdet_ins_tiny,1,0.9022,0.9520,0.9520,0,0.9862082912916652,0.9862082912916652,1.0,16,0,-0.5883282557063311,12,-1,0.9452337377211627
440354,568213,000000568213.jpg,FRONT,3,16,13628.2,230.6,-1,body7_self,gt_box,gt_box,,,1.0,1.0,0,0.979727714390345,0.979727714390345,1.0,16,0,-0.5875147553958887,12,-1,0.9312417401986963
440354,568213,000000568213.jpg,FRONT,3,16,13628.2,230.6,-1,body7_self,rtmdet_ins_tiny,rtmdet_ins_tiny,1,0.9022,0.9520,0.9520,0,0.9862082912916652,0.9862082912916652,1.0,16,0,-0.5883282557063311,12,-1,0.9452338078442741
440354,568213,000000568213.jpg,FRONT,3,16,13628.2,230.6,-1,aic_coco_self,gt_box,gt_box,,,1.0,1.0,0,0.9801992918120048,0.9801992918120048,1.0,16,0,-0.5889769177372172,12,-1,0.9046976426068474
440354,568213,000000568213.jpg,FRONT,3,16,13628.2,230.6,-1,aic_coco_self,rtmdet_ins_tiny,rtmdet_ins_tiny,1,0.9022,0.9520,0.9520,0,0.9865837496353254,0.9865837496353254,1.0,16,0,-0.5890392438924111,12,-1,0.9159325431374943
440790,442463,000000442463.jpg,OBLIQUE,2,15,15639.3,224.5,-1,body7_official,gt_box,gt_box,,,1.0,1.0,0,0.8611818408751232,0.8611818408751232,1.0,15,0,-0.5487702361073536,12,-1,0.7525175494306228
440790,442463,000000442463.jpg,OBLIQUE,2,15,15639.3,224.5,-1,body7_official,rtmdet_ins_tiny,rtmdet_ins_tiny,4,0.9031,0.9633,0.9633,0,0.8465172309568906,0.8465172309568906,1.0,15,0,-0.5474816185911389,12,-1,0.7550482749938965
440790,442463,000000442463.jpg,OBLIQUE,2,15,15639.3,224.5,-1,body7_self,gt_box,gt_box,,,1.0,1.0,0,0.8611818408751232,0.8611818408751232,1.0,15,0,-0.5487702361073536,12,-1,0.7525175529367784
440790,442463,000000442463.jpg,OBLIQUE,2,15,15639.3,224.5,-1,body7_self,rtmdet_ins_tiny,rtmdet_ins_tiny,4,0.9031,0.9633,0.9633,0,0.8465172309568906,0.8465172309568906,1.0,15,0,-0.5474816185911389,12,-1,0.7550482960308299
440790,442463,000000442463.jpg,OBLIQUE,2,15,15639.3,224.5,-1,aic_coco_self,gt_box,gt_box,,,1.0,1.0,0,0.8664602320833438,0.8664602320833438,1.0,15,0,-0.5517067204851845,12,-1,0.8048759383313796
440790,442463,000000442463.jpg,OBLIQUE,2,15,15639.3,224.5,-1,aic_coco_self,rtmdet_ins_tiny,rtmdet_ins_tiny,4,0.9031,0.9633,0.9633,0,0.8748141584010001,0.8748141584010001,1.0,15,0,-0.548526228638801,12,-1,0.8031652534709257
441050,194471,000000194471.jpg,FRONT,3,16,12350.5,194.6,-1,body7_official,gt_box,gt_box,,,1.0,1.0,0,0.9740826255745094,0.9740826255745094,1.0,15,0,-0.669051841452031,10,-1,0.8670138295959023
441050,194471,000000194471.jpg,FRONT,3,16,12350.5,194.6,-1,body7_official,rtmdet_ins_tiny,rtmdet_ins_tiny,27,0.8796,0.8758,0.8758,0,0.96642926574037,0.96642926574037,1.0,15,0,-0.6670527058238407,10,-1,0.866387731888715
441050,194471,000000194471.jpg,FRONT,3,16,12350.5,194.6,-1,body7_self,gt_box,gt_box,,,1.0,1.0,0,0.9740826255745094,0.9740826255745094,1.0,15,0,-0.669051841452031,10,-1,0.8670137454481686
441050,194471,000000194471.jpg,FRONT,3,16,12350.5,194.6,-1,body7_self,rtmdet_ins_tiny,rtmdet_ins_tiny,27,0.8796,0.8758,0.8758,0,0.96642926574037,0.96642926574037,1.0,15,0,-0.6670527058238407,10,-1,0.8663877178640926
441050,194471,000000194471.jpg,FRONT,3,16,12350.5,194.6,-1,aic_coco_self,gt_box,gt_box,,,1.0,1.0,0,0.974067843732888,0.974067843732888,1.0,15,0,-0.6682961457194786,10,-1,0.891550600528717
441050,194471,000000194471.jpg,FRONT,3,16,12350.5,194.6,-1,aic_coco_self,rtmdet_ins_tiny,rtmdet_ins_tiny,27,0.8796,0.8758,0.8758,0,0.9738954499916846,0.9738954499916846,1.0,15,0,-0.6666770994467985,10,-1,0.8726082479252535
441345,388215,000000388215.jpg,PROFILE,1,15,17749.4,325.7,1,body7_official,gt_box,gt_box,,,1.0,1.0,0,0.9818421482859235,0.9818421482859235,1.0,14,0,-0.6063598444928122,12,1,0.8177684335147634
441345,388215,000000388215.jpg,PROFILE,1,15,17749.4,325.7,1,body7_official,rtmdet_ins_tiny,rtmdet_ins_tiny,20,0.9342,0.9449,0.9449,0,0.9807752249722507,0.9807752249722507,1.0,14,0,-0.6075896696500448,12,1,0.8309835511095384
441345,388215,000000388215.jpg,PROFILE,1,15,17749.4,325.7,1,body7_self,gt_box,gt_box,,,1.0,1.0,0,0.9818421482859235,0.9818421482859235,1.0,14,0,-0.6063598444928122,12,1,0.8177683984532076
441345,388215,000000388215.jpg,PROFILE,1,15,17749.4,325.7,1,body7_self,rtmdet_ins_tiny,rtmdet_ins_tiny,20,0.9342,0.9449,0.9449,0,0.9807752249722507,0.9807752249722507,1.0,14,0,-0.6075896696500448,12,1,0.8309834459248711
441345,388215,000000388215.jpg,PROFILE,1,15,17749.4,325.7,1,aic_coco_self,gt_box,gt_box,,,1.0,1.0,0,0.9683308139503557,0.9683308139503557,1.0,14,0,-0.5996837747707002,12,1,0.8567853429738213
441345,388215,000000388215.jpg,PROFILE,1,15,17749.4,325.7,1,aic_coco_self,rtmdet_ins_tiny,rtmdet_ins_tiny,20,0.9342,0.9449,0.9449,0,0.9782684844287813,0.9782684844287813,1.0,14,0,-0.606956128295604,12,1,0.8721780040684868
441671,499031,000000499031.jpg,FRONT,3,15,24283.8,378.5,-1,body7_official,gt_box,gt_box,,,1.0,1.0,0,0.974046923747053,0.974046923747053,1.0,15,0,-0.2819649251088719,8,-1,0.8849457502365112
441671,499031,000000499031.jpg,FRONT,3,15,24283.8,378.5,-1,body7_official,rtmdet_ins_tiny,rtmdet_ins_tiny,21,0.8810,0.9742,0.9742,0,0.9803835261531577,0.9803835261531577,1.0,15,0,-0.28018006587075006,8,-1,0.9008177624029272
441671,499031,000000499031.jpg,FRONT,3,15,24283.8,378.5,-1,body7_self,gt_box,gt_box,,,1.0,1.0,0,0.974046923747053,0.974046923747053,1.0,15,0,-0.2819649251088719,8,-1,0.884945718681111
441671,499031,000000499031.jpg,FRONT,3,15,24283.8,378.5,-1,body7_self,rtmdet_ins_tiny,rtmdet_ins_tiny,21,0.8810,0.9742,0.9742,0,0.9803835261531577,0.9803835261531577,1.0,15,0,-0.28018006587075006,8,-1,0.9008176607244155
441671,499031,000000499031.jpg,FRONT,3,15,24283.8,378.5,-1,aic_coco_self,gt_box,gt_box,,,1.0,1.0,0,0.9794495851450123,0.9794495851450123,1.0,15,0,-0.2828260684230414,8,-1,0.9108039386132184
441671,499031,000000499031.jpg,FRONT,3,15,24283.8,378.5,-1,aic_coco_self,rtmdet_ins_tiny,rtmdet_ins_tiny,21,0.8810,0.9742,0.9742,0,0.9786543366511075,0.9786543366511075,1.0,15,0,-0.28308573209814764,8,-1,0.9167139530181885
442003,414034,000000414034.jpg,OBLIQUE,2,11,118617.1,473.5,-1,body7_official,gt_box,gt_box,,,1.0,1.0,0,0.9542521389053613,0.9542521389053613,1.0,10,0,-0.29017819002424095,6,-1,0.6717829844530891
442003,414034,000000414034.jpg,OBLIQUE,2,11,118617.1,473.5,-1,body7_official,rtmdet_ins_tiny,rtmdet_ins_tiny,5,0.6960,0.8757,0.8757,0,0.9387756830260164,0.9387756830260164,1.0,10,0,-0.29107768982492854,6,-1,0.6747909135678235
442003,414034,000000414034.jpg,OBLIQUE,2,11,118617.1,473.5,-1,body7_self,gt_box,gt_box,,,1.0,1.0,0,0.9542521389053613,0.9542521389053613,1.0,10,0,-0.29017819002424095,6,-1,0.6717830563292784
442003,414034,000000414034.jpg,OBLIQUE,2,11,118617.1,473.5,-1,body7_self,rtmdet_ins_tiny,rtmdet_ins_tiny,5,0.6960,0.8757,0.8757,0,0.9387756830260164,0.9387756830260164,1.0,10,0,-0.29107768982492854,6,-1,0.6747908679878011
442003,414034,000000414034.jpg,OBLIQUE,2,11,118617.1,473.5,-1,aic_coco_self,gt_box,gt_box,,,1.0,1.0,0,0.9543079003217892,0.9543079003217892,1.0,10,0,-0.29449842074115984,6,-1,0.6881519345676198
442003,414034,000000414034.jpg,OBLIQUE,2,11,118617.1,473.5,-1,aic_coco_self,rtmdet_ins_tiny,rtmdet_ins_tiny,5,0.6960,0.8757,0.8757,0,0.9479773452198972,0.9479773452198972,1.0,10,0,-0.2921817682141954,6,-1,0.6888214577646816
442619,785,000000000785.jpg,FRONT,3,17,27789.1,346.7,-1,body7_official,gt_box,gt_box,,,1.0,1.0,0,0.973350975420859,0.973350975420859,1.0,17,0,-0.41725455910070586,12,-1,0.8676828566719504
442619,785,000000000785.jpg,FRONT,3,17,27789.1,346.7,-1,body7_official,rtmdet_ins_tiny,rtmdet_ins_tiny,6,0.9428,0.9505,0.9505,0,0.9771142632517272,0.9771142632517272,1.0,17,0,-0.41762420816155754,12,-1,0.8628330476143781
442619,785,000000000785.jpg,FRONT,3,17,27789.1,346.7,-1,body7_self,gt_box,gt_box,,,1.0,1.0,0,0.973350975420859,0.973350975420859,1.0,17,0,-0.41725455910070586,12,-1,0.8676829373135286
442619,785,000000000785.jpg,FRONT,3,17,27789.1,346.7,-1,body7_self,rtmdet_ins_tiny,rtmdet_ins_tiny,6,0.9428,0.9505,0.9505,0,0.9771142632517272,0.9771142632517272,1.0,17,0,-0.41762420816155754,12,-1,0.8628330195651335
442619,785,000000000785.jpg,FRONT,3,17,27789.1,346.7,-1,aic_coco_self,gt_box,gt_box,,,1.0,1.0,0,0.9759944141980431,0.9759944141980431,1.0,17,0,-0.41369236840903567,12,-1,0.8756846610237571
442619,785,000000000785.jpg,FRONT,3,17,27789.1,346.7,-1,aic_coco_self,rtmdet_ins_tiny,rtmdet_ins_tiny,6,0.9428,0.9505,0.9505,0,0.974069850958719,0.974069850958719,1.0,17,0,-0.4114113070786653,12,-1,0.8757993754218606
442886,552842,000000552842.jpg,REAR,0,11,7055.8,109.4,1,body7_official,gt_box,gt_box,,,1.0,1.0,0,0.9058747783548099,0.9058747783548099,1.0,11,0,-0.4235417733167943,8,1,0.7782489902832929
442886,552842,000000552842.jpg,REAR,0,11,7055.8,109.4,1,body7_official,rtmdet_ins_tiny,rtmdet_ins_tiny,4,0.8987,0.8044,0.8044,0,0.9125186730966232,0.9125186730966232,1.0,11,0,-0.4209752137466126,8,1,0.7494447634500616
442886,552842,000000552842.jpg,REAR,0,11,7055.8,109.4,1,body7_self,gt_box,gt_box,,,1.0,1.0,0,0.9058747783548099,0.9058747783548099,1.0,11,0,-0.4235417733167943,8,1,0.7782489569748149
442886,552842,000000552842.jpg,REAR,0,11,7055.8,109.4,1,body7_self,rtmdet_ins_tiny,rtmdet_ins_tiny,4,0.8987,0.8044,0.8044,0,0.9125186730966232,0.9125186730966232,1.0,11,0,-0.4209752137466126,8,1,0.7494446968331057
442886,552842,000000552842.jpg,REAR,0,11,7055.8,109.4,1,aic_coco_self,gt_box,gt_box,,,1.0,1.0,0,0.8961220105688475,0.8961220105688475,1.0,11,0,-0.423320013753656,8,1,0.7799748077112085
442886,552842,000000552842.jpg,REAR,0,11,7055.8,109.4,1,aic_coco_self,rtmdet_ins_tiny,rtmdet_ins_tiny,4,0.8987,0.8044,0.8044,0,0.920545072347538,0.920545072347538,1.0,11,0,-0.42919796048748204,8,1,0.7550308564129997
443471,460333,000000460333.jpg,FRONT,3,17,5454.5,113.7,-1,body7_official,gt_box,gt_box,,,1.0,1.0,0,0.963491510607921,0.963491510607921,1.0,17,0,-0.4693886099866294,12,-1,0.8735344339819515
443471,460333,000000460333.jpg,FRONT,3,17,5454.5,113.7,-1,body7_official,rtmdet_ins_tiny,rtmdet_ins_tiny,4,0.7472,0.9465,0.9465,0,0.9639999292724838,0.9639999292724838,1.0,17,0,-0.4698941436526982,12,-1,0.8867600314757403
443471,460333,000000460333.jpg,FRONT,3,17,5454.5,113.7,-1,body7_self,gt_box,gt_box,,,1.0,1.0,0,0.963491510607921,0.963491510607921,1.0,17,0,-0.4693886099866294,12,-1,0.8735343042541953
443471,460333,000000460333.jpg,FRONT,3,17,5454.5,113.7,-1,body7_self,rtmdet_ins_tiny,rtmdet_ins_tiny,4,0.7472,0.9465,0.9465,0,0.9639999292724838,0.9639999292724838,1.0,17,0,-0.4698941436526982,12,-1,0.8867600980926963
443471,460333,000000460333.jpg,FRONT,3,17,5454.5,113.7,-1,aic_coco_self,gt_box,gt_box,,,1.0,1.0,0,0.9648583444206674,0.9648583444206674,1.0,17,0,-0.4698300991011826,12,-1,0.8887655524646535
443471,460333,000000460333.jpg,FRONT,3,17,5454.5,113.7,-1,aic_coco_self,rtmdet_ins_tiny,rtmdet_ins_tiny,4,0.7472,0.9465,0.9465,0,0.9648787625331472,0.9648787625331472,1.0,17,0,-0.4656927127545735,12,-1,0.8866428136825562
444146,320642,000000320642.jpg,FRONT,3,13,32376.0,313.1,-1,body7_official,gt_box,gt_box,,,1.0,1.0,0,0.9593869936988999,0.9593869936988999,1.0,13,0,-0.3754668899171984,8,-1,0.7645392154946047
444146,320642,000000320642.jpg,FRONT,3,13,32376.0,313.1,-1,body7_official,rtmdet_ins_tiny,rtmdet_ins_tiny,8,0.8780,0.9528,0.9528,0,0.960658963695023,0.960658963695023,1.0,13,0,-0.37732738826406975,8,-1,0.76939637520734
444146,320642,000000320642.jpg,FRONT,3,13,32376.0,313.1,-1,body7_self,gt_box,gt_box,,,1.0,1.0,0,0.9593869936988999,0.9593869936988999,1.0,13,0,-0.3754668899171984,8,-1,0.7645392190007603
444146,320642,000000320642.jpg,FRONT,3,13,32376.0,313.1,-1,body7_self,rtmdet_ins_tiny,rtmdet_ins_tiny,8,0.8780,0.9528,0.9528,0,0.960658963695023,0.960658963695023,1.0,13,0,-0.37732738826406975,8,-1,0.76939637520734
444146,320642,000000320642.jpg,FRONT,3,13,32376.0,313.1,-1,aic_coco_self,gt_box,gt_box,,,1.0,1.0,0,0.954354804239278,0.954354804239278,1.0,13,0,-0.365332225209095,8,-1,0.7720184238517985
444146,320642,000000320642.jpg,FRONT,3,13,32376.0,313.1,-1,aic_coco_self,rtmdet_ins_tiny,rtmdet_ins_tiny,8,0.8780,0.9528,0.9528,0,0.9545485780575386,0.9545485780575386,1.0,13,0,-0.3666651537432605,8,-1,0.7870911324725431
444794,557916,000000557916.jpg,OBLIQUE,2,13,65837.5,354.2,-1,body7_official,gt_box,gt_box,,,1.0,1.0,0,0.9159746112898366,0.9159746112898366,1.0,13,0,-0.4394867230798731,8,-1,0.7526631109854754
444794,557916,000000557916.jpg,OBLIQUE,2,13,65837.5,354.2,-1,body7_official,rtmdet_ins_tiny,rtmdet_ins_tiny,7,0.8192,0.9681,0.9681,0,0.9227421241949461,0.9227421241949461,1.0,13,0,-0.43839470613442827,8,-1,0.7573114037513733
444794,557916,000000557916.jpg,OBLIQUE,2,13,65837.5,354.2,-1,body7_self,gt_box,gt_box,,,1.0,1.0,0,0.9159746112898366,0.9159746112898366,1.0,13,0,-0.4394867230798731,8,-1,0.7526631618247313
444794,557916,000000557916.jpg,OBLIQUE,2,13,65837.5,354.2,-1,body7_self,rtmdet_ins_tiny,rtmdet_ins_tiny,7,0.8192,0.9681,0.9681,0,0.9227421241949461,0.9227421241949461,1.0,13,0,-0.43839470613442827,8,-1,0.7573114896521849
444794,557916,000000557916.jpg,OBLIQUE,2,13,65837.5,354.2,-1,aic_coco_self,gt_box,gt_box,,,1.0,1.0,0,0.9081311813796825,0.9081311813796825,1.0,13,0,-0.43423407135680353,8,-1,0.7900428877157324
444794,557916,000000557916.jpg,OBLIQUE,2,13,65837.5,354.2,-1,aic_coco_self,rtmdet_ins_tiny,rtmdet_ins_tiny,7,0.8192,0.9681,0.9681,0,0.8972689734107926,0.8972689734107926,1.0,13,0,-0.4357038193258346,8,-1,0.7810559413012337
445207,407646,000000407646.jpg,FRONT,3,12,47464.3,351.5,-1,body7_official,gt_box,gt_box,,,1.0,1.0,0,0.9824072209507967,0.9824072209507967,1.0,12,0,-0.5970025731769011,8,-1,0.8118417333154118
445207,407646,000000407646.jpg,FRONT,3,12,47464.3,351.5,-1,body7_official,rtmdet_ins_tiny,rtmdet_ins_tiny,6,0.8235,0.9481,0.9481,0,0.9780037240932938,0.9780037240932938,1.0,12,0,-0.5958838332460835,8,-1,0.810139140662025
445207,407646,000000407646.jpg,FRONT,3,12,47464.3,351.5,-1,body7_self,gt_box,gt_box,,,1.0,1.0,0,0.9824072209507967,0.9824072209507967,1.0,12,0,-0.5970025731769011,8,-1,0.8118417175377116
445207,407646,000000407646.jpg,FRONT,3,12,47464.3,351.5,-1,body7_self,rtmdet_ins_tiny,rtmdet_ins_tiny,6,0.8235,0.9481,0.9481,0,0.9780037240932938,0.9780037240932938,1.0,12,0,-0.5958838332460835,8,-1,0.8101391555631862
445207,407646,000000407646.jpg,FRONT,3,12,47464.3,351.5,-1,aic_coco_self,gt_box,gt_box,,,1.0,1.0,0,0.9822470328027696,0.9822470328027696,1.0,12,0,-0.5998738138191473,8,-1,0.8273492034743813
445207,407646,000000407646.jpg,FRONT,3,12,47464.3,351.5,-1,aic_coco_self,rtmdet_ins_tiny,rtmdet_ins_tiny,6,0.8235,0.9481,0.9481,0,0.981634032447758,0.981634032447758,1.0,12,0,-0.6010924949643633,8,-1,0.8227760896963232
445496,362716,000000362716.jpg,OBLIQUE,2,13,56131.1,380.9,-1,body7_official,gt_box,gt_box,,,1.0,1.0,0,0.9728920110896051,0.9728920110896051,1.0,11,0,-0.6022021739939685,6,-1,0.8068874285501593
445496,362716,000000362716.jpg,OBLIQUE,2,13,56131.1,380.9,-1,body7_official,rtmdet_ins_tiny,rtmdet_ins_tiny,14,0.8512,0.9830,0.9830,0,0.9690476243848413,0.9690476243848413,1.0,11,0,-0.5988876918069536,6,-1,0.7984793352730134
445496,362716,000000362716.jpg,OBLIQUE,2,13,56131.1,380.9,-1,body7_self,gt_box,gt_box,,,1.0,1.0,0,0.9728920110896051,0.9728920110896051,1.0,11,0,-0.6022021739939685,6,-1,0.8068874688709483
445496,362716,000000362716.jpg,OBLIQUE,2,13,56131.1,380.9,-1,body7_self,rtmdet_ins_tiny,rtmdet_ins_tiny,14,0.8512,0.9830,0.9830,0,0.9690476243848413,0.9690476243848413,1.0,11,0,-0.5988876918069536,6,-1,0.7984794194207472
445496,362716,000000362716.jpg,OBLIQUE,2,13,56131.1,380.9,-1,aic_coco_self,gt_box,gt_box,,,1.0,1.0,0,0.9674390386679477,0.9674390386679477,1.0,11,0,-0.602292140581604,6,-1,0.847413965884377
445496,362716,000000362716.jpg,OBLIQUE,2,13,56131.1,380.9,-1,aic_coco_self,rtmdet_ins_tiny,rtmdet_ins_tiny,14,0.8512,0.9830,0.9830,0,0.9656520369219781,0.9656520369219781,1.0,11,0,-0.6066788834183975,6,-1,0.8396444040186265
446446,163118,000000163118.jpg,REAR,0,13,12598.5,355.0,1,body7_official,gt_box,gt_box,,,1.0,1.0,0,0.9021718474733551,0.9021718474733551,1.0,12,0,-0.45506312222981454,10,1,0.7741914461640751
446446,163118,000000163118.jpg,REAR,0,13,12598.5,355.0,1,body7_official,rtmdet_ins_tiny,rtmdet_ins_tiny,7,0.8849,0.1326,0.9611,1,4.184151508315171e-06,4.184151508315171e-06,0.0,12,0,-0.1109316525524835,10,1,0.7470868860974031
446446,163118,000000163118.jpg,REAR,0,13,12598.5,355.0,1,body7_self,gt_box,gt_box,,,1.0,1.0,0,0.9021718474733551,0.9021718474733551,1.0,12,0,-0.45506312222981454,10,1,0.7741915338179645
446446,163118,000000163118.jpg,REAR,0,13,12598.5,355.0,1,body7_self,rtmdet_ins_tiny,rtmdet_ins_tiny,7,0.8849,0.1326,0.9611,1,4.184151508315171e-06,4.184151508315171e-06,0.0,12,0,-0.1109316525524835,10,1,0.7470869737512925
446446,163118,000000163118.jpg,REAR,0,13,12598.5,355.0,1,aic_coco_self,gt_box,gt_box,,,1.0,1.0,0,0.8837317696650783,0.8837317696650783,0.9166666666666666,12,0,-0.4706583162302249,10,1,0.8540224678376142
446446,163118,000000163118.jpg,REAR,0,13,12598.5,355.0,1,aic_coco_self,rtmdet_ins_tiny,rtmdet_ins_tiny,7,0.8849,0.1326,0.9611,1,4.124555168743482e-06,4.124555168743482e-06,0.0,12,0,-0.10872098899483307,10,1,0.797650182948393
447686,16249,000000016249.jpg,OBLIQUE,2,15,13752.5,233.3,-1,body7_official,gt_box,gt_box,,,1.0,1.0,0,0.8739526811471311,0.8739526811471311,0.9285714285714286,14,0,-0.024336457885983834,10,1,0.6973492468104643
447686,16249,000000016249.jpg,OBLIQUE,2,15,13752.5,233.3,-1,body7_official,rtmdet_ins_tiny,rtmdet_ins_tiny,18,0.7912,0.8822,0.8822,0,0.9080839280745784,0.9080839280745784,1.0,14,0,-0.03245500145527756,10,1,0.6920034306890824
447686,16249,000000016249.jpg,OBLIQUE,2,15,13752.5,233.3,-1,body7_self,gt_box,gt_box,,,1.0,1.0,0,0.8739526811471311,0.8739526811471311,0.9285714285714286,14,0,-0.024336457885983834,10,1,0.6973492345389198
447686,16249,000000016249.jpg,OBLIQUE,2,15,13752.5,233.3,-1,body7_self,rtmdet_ins_tiny,rtmdet_ins_tiny,18,0.7912,0.8822,0.8822,0,0.9080839280745784,0.9080839280745784,1.0,14,0,-0.03245500145527756,10,1,0.6920034797752604
447686,16249,000000016249.jpg,OBLIQUE,2,15,13752.5,233.3,-1,aic_coco_self,gt_box,gt_box,,,1.0,1.0,0,0.9052865118499706,0.9052865118499706,1.0,14,0,-0.02840515197671402,10,1,0.7255948185920715
447686,16249,000000016249.jpg,OBLIQUE,2,15,13752.5,233.3,-1,aic_coco_self,rtmdet_ins_tiny,rtmdet_ins_tiny,18,0.7912,0.8822,0.8822,0,0.9569245384818986,0.9569245384818986,1.0,14,0,-0.0648607652019091,10,-1,0.7254437628914329
447782,301563,000000301563.jpg,FRONT,3,17,17793.1,213.0,-1,body7_official,gt_box,gt_box,,,1.0,1.0,0,0.9675355316036965,0.9675355316036965,1.0,15,0,-0.5082433945130314,10,-1,0.7840756318148445
447782,301563,000000301563.jpg,FRONT,3,17,17793.1,213.0,-1,body7_official,rtmdet_ins_tiny,rtmdet_ins_tiny,6,0.8937,0.8429,0.8429,0,0.9652051656718974,0.9652051656718974,1.0,15,0,-0.5086956604594908,10,-1,0.8091047546442818
447782,301563,000000301563.jpg,FRONT,3,17,17793.1,213.0,-1,body7_self,gt_box,gt_box,,,1.0,1.0,0,0.9675355316036965,0.9675355316036965,1.0,15,0,-0.5082433945130314,10,-1,0.7840757036910337
447782,301563,000000301563.jpg,FRONT,3,17,17793.1,213.0,-1,body7_self,rtmdet_ins_tiny,rtmdet_ins_tiny,6,0.8937,0.8429,0.8429,0,0.9652051656718974,0.9652051656718974,1.0,15,0,-0.5086956604594908,10,-1,0.8091047546442818
447782,301563,000000301563.jpg,FRONT,3,17,17793.1,213.0,-1,aic_coco_self,gt_box,gt_box,,,1.0,1.0,0,0.960879670394938,0.960879670394938,1.0,15,0,-0.5002197976263109,10,-1,0.8249457338277031
447782,301563,000000301563.jpg,FRONT,3,17,17793.1,213.0,-1,aic_coco_self,rtmdet_ins_tiny,rtmdet_ins_tiny,6,0.8937,0.8429,0.8429,0,0.9643682736491191,0.9643682736491191,1.0,15,0,-0.5007626394022896,10,-1,0.8373797009972965
448133,551215,000000551215.jpg,FRONT,3,16,37269.5,442.9,-1,body7_official,gt_box,gt_box,,,1.0,1.0,0,0.9755226309189202,0.9755226309189202,1.0,16,0,-0.43152827030677077,12,-1,0.9254575091249803
448133,551215,000000551215.jpg,FRONT,3,16,37269.5,442.9,-1,body7_official,rtmdet_ins_tiny,rtmdet_ins_tiny,3,0.9183,0.9533,0.9533,0,0.9673026562202904,0.9673026562202904,1.0,16,0,-0.43305403262923386,12,-1,0.9358800404212054
448133,551215,000000551215.jpg,FRONT,3,16,37269.5,442.9,-1,body7_self,gt_box,gt_box,,,1.0,1.0,0,0.9755226309189202,0.9755226309189202,1.0,16,0,-0.43152827030677077,12,-1,0.9254575511988472
448133,551215,000000551215.jpg,FRONT,3,16,37269.5,442.9,-1,body7_self,rtmdet_ins_tiny,rtmdet_ins_tiny,3,0.9183,0.9533,0.9533,0,0.9673026562202904,0.9673026562202904,1.0,16,0,-0.43305403262923386,12,-1,0.9358800018534941
448133,551215,000000551215.jpg,FRONT,3,16,37269.5,442.9,-1,aic_coco_self,gt_box,gt_box,,,1.0,1.0,0,0.974790105884468,0.974790105884468,1.0,16,0,-0.4376877497210299,12,-1,0.9108823152149425
448133,551215,000000551215.jpg,FRONT,3,16,37269.5,442.9,-1,aic_coco_self,rtmdet_ins_tiny,rtmdet_ins_tiny,3,0.9183,0.9533,0.9533,0,0.969401391442817,0.969401391442817,1.0,16,0,-0.43600189106066317,12,-1,0.9030167635749368
448609,311394,000000311394.jpg,FRONT,3,12,204684.8,618.5,-1,body7_official,gt_box,gt_box,,,1.0,1.0,0,0.9600353241360109,0.9600353241360109,1.0,10,0,-0.4828312077490231,6,-1,0.697682732168366
448609,311394,000000311394.jpg,FRONT,3,12,204684.8,618.5,-1,body7_official,rtmdet_ins_tiny,rtmdet_ins_tiny,5,0.9256,0.9158,0.9158,0,0.955179104926529,0.955179104926529,1.0,10,0,-0.4810767995977944,6,-1,0.6926763425855076
448609,311394,000000311394.jpg,FRONT,3,12,204684.8,618.5,-1,body7_self,gt_box,gt_box,,,1.0,1.0,0,0.9600353241360109,0.9600353241360109,1.0,10,0,-0.4828312077490231,6,-1,0.6976826699341044
448609,311394,000000311394.jpg,FRONT,3,12,204684.8,618.5,-1,body7_self,rtmdet_ins_tiny,rtmdet_ins_tiny,5,0.9256,0.9158,0.9158,0,0.955179104926529,0.955179104926529,1.0,10,0,-0.4810767995977944,6,-1,0.692676297882024
448609,311394,000000311394.jpg,FRONT,3,12,204684.8,618.5,-1,aic_coco_self,gt_box,gt_box,,,1.0,1.0,0,0.9680680138056681,0.9680680138056681,1.0,10,0,-0.4902257370271958,6,-1,0.721735402065165
448609,311394,000000311394.jpg,FRONT,3,12,204684.8,618.5,-1,aic_coco_self,rtmdet_ins_tiny,rtmdet_ins_tiny,5,0.9256,0.9158,0.9158,0,0.9659953212484073,0.9659953212484073,1.0,10,0,-0.49035254133114503,6,-1,0.7156035067404017
449078,312489,000000312489.jpg,OBLIQUE,2,15,7774.9,186.3,-1,body7_official,gt_box,gt_box,,,1.0,1.0,0,0.9791416017751426,0.9791416017751426,1.0,15,0,-0.3719512085894605,12,-1,0.8951953824828652
449078,312489,000000312489.jpg,OBLIQUE,2,15,7774.9,186.3,-1,body7_official,rtmdet_ins_tiny,rtmdet_ins_tiny,11,0.8981,0.9394,0.9394,0,0.9769409686415131,0.9769409686415131,1.0,15,0,-0.36958760763817483,12,-1,0.8829636573791504
449078,312489,000000312489.jpg,OBLIQUE,2,15,7774.9,186.3,-1,body7_self,gt_box,gt_box,,,1.0,1.0,0,0.9791416017751426,0.9791416017751426,1.0,15,0,-0.3719512085894605,12,-1,0.8951954455936656
449078,312489,000000312489.jpg,OBLIQUE,2,15,7774.9,186.3,-1,body7_self,rtmdet_ins_tiny,rtmdet_ins_tiny,11,0.8981,0.9394,0.9394,0,0.9769409686415131,0.9769409686415131,1.0,15,0,-0.36958760763817483,12,-1,0.88296359426835
449078,312489,000000312489.jpg,OBLIQUE,2,15,7774.9,186.3,-1,aic_coco_self,gt_box,gt_box,,,1.0,1.0,0,0.9836273669897813,0.9836273669897813,1.0,15,0,-0.372242163965441,12,-1,0.9097826656173257
449078,312489,000000312489.jpg,OBLIQUE,2,15,7774.9,186.3,-1,aic_coco_self,rtmdet_ins_tiny,rtmdet_ins_tiny,11,0.8981,0.9394,0.9394,0,0.980334789160809,0.980334789160809,1.0,15,0,-0.37227478444738243,12,-1,0.9101155154845294
449978,313562,000000313562.jpg,FRONT,3,13,97072.1,423.9,-1,body7_official,gt_box,gt_box,,,1.0,1.0,0,0.9671436436917601,0.9671436436917601,1.0,12,0,-0.5504408413001017,6,-1,0.7092323504826602
449978,313562,000000313562.jpg,FRONT,3,13,97072.1,423.9,-1,body7_official,rtmdet_ins_tiny,rtmdet_ins_tiny,2,0.8727,0.9087,0.9087,0,0.9730033393403064,0.9730033393403064,1.0,12,0,-0.5625768975644263,6,-1,0.6976736442131155
449978,313562,000000313562.jpg,FRONT,3,13,97072.1,423.9,-1,body7_self,gt_box,gt_box,,,1.0,1.0,0,0.9671436436917601,0.9671436436917601,1.0,12,0,-0.5504408413001017,6,-1,0.709232376778827
449978,313562,000000313562.jpg,FRONT,3,13,97072.1,423.9,-1,body7_self,rtmdet_ins_tiny,rtmdet_ins_tiny,2,0.8727,0.9087,0.9087,0,0.9730033393403064,0.9730033393403064,1.0,12,0,-0.5625768975644263,6,-1,0.6976736109046375
449978,313562,000000313562.jpg,FRONT,3,13,97072.1,423.9,-1,aic_coco_self,gt_box,gt_box,,,1.0,1.0,0,0.9563628448643405,0.9563628448643405,1.0,12,0,-0.5413376714050023,6,-1,0.7103617051068474
449978,313562,000000313562.jpg,FRONT,3,13,97072.1,423.9,-1,aic_coco_self,rtmdet_ins_tiny,rtmdet_ins_tiny,2,0.8727,0.9087,0.9087,0,0.9700564519377938,0.9700564519377938,1.0,12,0,-0.5575952778870029,6,-1,0.7084743485731237
451097,576566,000000576566.jpg,PROFILE,1,13,20906.5,421.6,1,body7_official,gt_box,gt_box,,,1.0,1.0,0,0.8667394944029496,0.8667394944029496,1.0,13,0,-0.556566921800452,10,1,0.7697170446900761
451097,576566,000000576566.jpg,PROFILE,1,13,20906.5,421.6,1,body7_official,rtmdet_ins_tiny,rtmdet_ins_tiny,8,0.7455,0.8598,0.8598,0,0.8656776586065846,0.8656776586065846,1.0,13,0,-0.5560818813777642,10,1,0.7579546605839449
451097,576566,000000576566.jpg,PROFILE,1,13,20906.5,421.6,1,body7_self,gt_box,gt_box,,,1.0,1.0,0,0.8667394944029496,0.8667394944029496,1.0,13,0,-0.556566921800452,10,1,0.7697170937762541
451097,576566,000000576566.jpg,PROFILE,1,13,20906.5,421.6,1,body7_self,rtmdet_ins_tiny,rtmdet_ins_tiny,8,0.7455,0.8598,0.8598,0,0.8656776586065846,0.8656776586065846,1.0,13,0,-0.5560818813777642,10,1,0.7579547482378343
451097,576566,000000576566.jpg,PROFILE,1,13,20906.5,421.6,1,aic_coco_self,gt_box,gt_box,,,1.0,1.0,0,0.8866370573733053,0.8866370573733053,1.0,13,0,-0.5830835814459324,10,1,0.7907057264271904
451097,576566,000000576566.jpg,PROFILE,1,13,20906.5,421.6,1,aic_coco_self,rtmdet_ins_tiny,rtmdet_ins_tiny,8,0.7455,0.8598,0.8598,0,0.8810892498323402,0.8810892498323402,1.0,13,0,-0.5871100578988556,10,1,0.7876223676344928
451460,136915,000000136915.jpg,FRONT,3,12,48295.5,344.3,-1,body7_official,gt_box,gt_box,,,1.0,1.0,0,0.9774096191925605,0.9774096191925605,1.0,12,0,-0.40662198247024756,8,-1,0.6897438738275977
451460,136915,000000136915.jpg,FRONT,3,12,48295.5,344.3,-1,body7_official,rtmdet_ins_tiny,rtmdet_ins_tiny,5,0.9238,0.9714,0.9714,0,0.9807668224226523,0.9807668224226523,1.0,12,0,-0.4023707248509019,8,-1,0.6892353524180019
451460,136915,000000136915.jpg,FRONT,3,12,48295.5,344.3,-1,body7_self,gt_box,gt_box,,,1.0,1.0,0,0.9774096191925605,0.9774096191925605,1.0,12,0,-0.40662198247024756,8,-1,0.689743854543742
451460,136915,000000136915.jpg,FRONT,3,12,48295.5,344.3,-1,body7_self,rtmdet_ins_tiny,rtmdet_ins_tiny,5,0.9238,0.9714,0.9714,0,0.9807668224226523,0.9807668224226523,1.0,12,0,-0.4023707248509019,8,-1,0.6892352805418127
451460,136915,000000136915.jpg,FRONT,3,12,48295.5,344.3,-1,aic_coco_self,gt_box,gt_box,,,1.0,1.0,0,0.9671312773265514,0.9671312773265514,1.0,12,0,-0.39984328461721064,8,-1,0.6800853934358148
451460,136915,000000136915.jpg,FRONT,3,12,48295.5,344.3,-1,aic_coco_self,rtmdet_ins_tiny,rtmdet_ins_tiny,5,0.9238,0.9714,0.9714,0,0.963425850420922,0.963425850420922,1.0,12,0,-0.3897910262966169,8,-1,0.6920574807068881
452093,161925,000000161925.jpg,REAR,0,9,59129.7,540.3,1,body7_official,gt_box,gt_box,,,1.0,1.0,0,0.9541906966239728,0.9541906966239728,1.0,8,0,-0.30026891409942513,6,1,0.7339783889405868
452093,161925,000000161925.jpg,REAR,0,9,59129.7,540.3,1,body7_official,rtmdet_ins_tiny,rtmdet_ins_tiny,5,0.8830,0.0000,0.9559,1,4.905915978792626e-05,2.480849329064375e-05,0.0,8,1,0.0006110180732772363,6,1,0.6472518724553725
452093,161925,000000161925.jpg,REAR,0,9,59129.7,540.3,1,body7_self,gt_box,gt_box,,,1.0,1.0,0,0.9541906966239728,0.9541906966239728,1.0,8,0,-0.30026891409942513,6,1,0.7339783977059757
452093,161925,000000161925.jpg,REAR,0,9,59129.7,540.3,1,body7_self,rtmdet_ins_tiny,rtmdet_ins_tiny,5,0.8830,0.0000,0.9559,1,4.905915978792626e-05,2.480849329064375e-05,0.0,8,1,0.0006110180732772363,6,1,0.6472518373938168
452093,161925,000000161925.jpg,REAR,0,9,59129.7,540.3,1,aic_coco_self,gt_box,gt_box,,,1.0,1.0,0,0.9681391627199549,0.9681391627199549,1.0,8,0,-0.2984155490656981,6,1,0.7555495956364799
452093,161925,000000161925.jpg,REAR,0,9,59129.7,540.3,1,aic_coco_self,rtmdet_ins_tiny,rtmdet_ins_tiny,5,0.8830,0.0000,0.9559,1,9.248535540254145e-06,2.1168510442521338e-05,0.0,8,1,0.0007208492831254354,6,1,0.7099250169361339
452595,8211,000000008211.jpg,FRONT,3,16,6823.3,163.9,-1,body7_official,gt_box,gt_box,,,1.0,1.0,0,0.9863226454693159,0.9863226454693159,1.0,16,0,-0.3774817853491652,12,-1,0.8636859164518469
452595,8211,000000008211.jpg,FRONT,3,16,6823.3,163.9,-1,body7_official,rtmdet_ins_tiny,rtmdet_ins_tiny,18,0.8855,0.9689,0.9689,0,0.982957930406692,0.982957930406692,1.0,16,0,-0.3782310564150701,12,-1,0.8799660205841064
452595,8211,000000008211.jpg,FRONT,3,16,6823.3,163.9,-1,body7_self,gt_box,gt_box,,,1.0,1.0,0,0.9863226454693159,0.9863226454693159,1.0,16,0,-0.3774817853491652,12,-1,0.8636859515134026
452595,8211,000000008211.jpg,FRONT,3,16,6823.3,163.9,-1,body7_self,rtmdet_ins_tiny,rtmdet_ins_tiny,18,0.8855,0.9689,0.9689,0,0.982957930406692,0.982957930406692,1.0,16,0,-0.3782310564150701,12,-1,0.8799659364363727
452595,8211,000000008211.jpg,FRONT,3,16,6823.3,163.9,-1,aic_coco_self,gt_box,gt_box,,,1.0,1.0,0,0.9825447154953626,0.9825447154953626,1.0,16,0,-0.37773223609955947,12,-1,0.8776366815847509
452595,8211,000000008211.jpg,FRONT,3,16,6823.3,163.9,-1,aic_coco_self,rtmdet_ins_tiny,rtmdet_ins_tiny,18,0.8855,0.9689,0.9689,0,0.9811416477099592,0.9811416477099592,1.0,16,0,-0.37645757285908904,12,-1,0.8816092259743634
452992,554595,000000554595.jpg,OBLIQUE,2,13,7822.5,107.8,1,body7_official,gt_box,gt_box,,,1.0,1.0,0,0.9368489917557127,0.9368489917557127,1.0,13,0,-0.44904207617097713,8,1,0.6156758262830622
452992,554595,000000554595.jpg,OBLIQUE,2,13,7822.5,107.8,1,body7_official,rtmdet_ins_tiny,rtmdet_ins_tiny,9,0.5894,0.6705,0.7666,2,0.9171311987011109,0.9171311987011109,1.0,13,0,-0.4410083897388196,8,1,0.5623689924969393
452992,554595,000000554595.jpg,OBLIQUE,2,13,7822.5,107.8,1,body7_self,gt_box,gt_box,,,1.0,1.0,0,0.9368489917557127,0.9368489917557127,1.0,13,0,-0.44904207617097713,8,1,0.615675687789917
452992,554595,000000554595.jpg,OBLIQUE,2,13,7822.5,107.8,1,body7_self,rtmdet_ins_tiny,rtmdet_ins_tiny,9,0.5894,0.6705,0.7666,2,0.9171311987011109,0.9171311987011109,1.0,13,0,-0.4410083897388196,8,1,0.5623689626946169
452992,554595,000000554595.jpg,OBLIQUE,2,13,7822.5,107.8,1,aic_coco_self,gt_box,gt_box,,,1.0,1.0,0,0.9132929521758597,0.9132929521758597,1.0,13,0,-0.4331070552365554,8,1,0.7197929760989021
452992,554595,000000554595.jpg,OBLIQUE,2,13,7822.5,107.8,1,aic_coco_self,rtmdet_ins_tiny,rtmdet_ins_tiny,9,0.5894,0.6705,0.7666,2,0.9248552417243453,0.9248552417243453,1.0,13,0,-0.42499097402383584,8,1,0.5888952735592338
453659,334767,000000334767.jpg,FRONT,3,17,4078.5,135.8,-1,body7_official,gt_box,gt_box,,,1.0,1.0,0,0.9636934660899792,0.9636934660899792,1.0,17,0,-0.4573131859928551,12,-1,0.8443276776986963
453659,334767,000000334767.jpg,FRONT,3,17,4078.5,135.8,-1,body7_official,rtmdet_ins_tiny,rtmdet_ins_tiny,17,0.8892,0.9154,0.9154,0,0.9573521381558807,0.9573521381558807,1.0,17,0,-0.45622702764704226,12,-1,0.8419826661839205
453659,334767,000000334767.jpg,FRONT,3,17,4078.5,135.8,-1,body7_self,gt_box,gt_box,,,1.0,1.0,0,0.9636934660899792,0.9636934660899792,1.0,17,0,-0.4573131859928551,12,-1,0.8443277408094967
453659,334767,000000334767.jpg,FRONT,3,17,4078.5,135.8,-1,body7_self,rtmdet_ins_tiny,rtmdet_ins_tiny,17,0.8892,0.9154,0.9154,0,0.9573521381558807,0.9573521381558807,1.0,17,0,-0.45622702764704226,12,-1,0.8419827468254987
453659,334767,000000334767.jpg,FRONT,3,17,4078.5,135.8,-1,aic_coco_self,gt_box,gt_box,,,1.0,1.0,0,0.9722732093298418,0.9722732093298418,1.0,17,0,-0.4617886722531558,12,-1,0.910662963109858
453659,334767,000000334767.jpg,FRONT,3,17,4078.5,135.8,-1,aic_coco_self,rtmdet_ins_tiny,rtmdet_ins_tiny,17,0.8892,0.9154,0.9154,0,0.9716626762113262,0.9716626762113262,1.0,17,0,-0.4632853293694043,12,-1,0.9101895584779627
454304,414170,000000414170.jpg,FRONT,3,17,8608.5,191.7,-1,body7_official,gt_box,gt_box,,,1.0,1.0,0,0.9632774842727606,0.9632774842727606,1.0,17,0,-0.39733596191918513,12,-1,0.8885922186514911
454304,414170,000000414170.jpg,FRONT,3,17,8608.5,191.7,-1,body7_official,rtmdet_ins_tiny,rtmdet_ins_tiny,7,0.9452,0.9620,0.9620,0,0.9682890857942267,0.9682890857942267,1.0,17,0,-0.40023773110381816,12,-1,0.889538964804481
454304,414170,000000414170.jpg,FRONT,3,17,8608.5,191.7,-1,body7_self,gt_box,gt_box,,,1.0,1.0,0,0.9632774842727606,0.9632774842727606,1.0,17,0,-0.39733596191918513,12,-1,0.8885921204791349
454304,414170,000000414170.jpg,FRONT,3,17,8608.5,191.7,-1,body7_self,rtmdet_ins_tiny,rtmdet_ins_tiny,7,0.9452,0.9620,0.9620,0,0.9682890857942267,0.9682890857942267,1.0,17,0,-0.40023773110381816,12,-1,0.8895388981875252
454304,414170,000000414170.jpg,FRONT,3,17,8608.5,191.7,-1,aic_coco_self,gt_box,gt_box,,,1.0,1.0,0,0.9654213596478866,0.9654213596478866,1.0,17,0,-0.3964982739510756,12,-1,0.9005067348480225
454304,414170,000000414170.jpg,FRONT,3,17,8608.5,191.7,-1,aic_coco_self,rtmdet_ins_tiny,rtmdet_ins_tiny,7,0.9452,0.9620,0.9620,0,0.957688889372642,0.957688889372642,1.0,17,0,-0.3963640208667499,12,-1,0.9054868536836961
454924,506707,000000506707.jpg,FRONT,3,14,8675.6,220.3,-1,body7_official,gt_box,gt_box,,,1.0,1.0,0,0.9578645544741414,0.9578645544741414,1.0,12,0,-0.28043073265687773,6,-1,0.7783092803814832
454924,506707,000000506707.jpg,FRONT,3,14,8675.6,220.3,-1,body7_official,rtmdet_ins_tiny,rtmdet_ins_tiny,49,0.8833,0.1317,0.9603,1,0.023085688696533536,0.023085688696533536,0.0,12,0,-0.001927411356141051,6,-1,0.8009027102414299
454924,506707,000000506707.jpg,FRONT,3,14,8675.6,220.3,-1,body7_self,gt_box,gt_box,,,1.0,1.0,0,0.9578645544741414,0.9578645544741414,1.0,12,0,-0.28043073265687773,6,-1,0.77830930667765
454924,506707,000000506707.jpg,FRONT,3,14,8675.6,220.3,-1,body7_self,rtmdet_ins_tiny,rtmdet_ins_tiny,49,0.8833,0.1317,0.9603,1,0.023085688696533536,0.023085688696533536,0.0,12,0,-0.001927411356141051,6,-1,0.8009026155752295
454924,506707,000000506707.jpg,FRONT,3,14,8675.6,220.3,-1,aic_coco_self,gt_box,gt_box,,,1.0,1.0,0,0.9633014802981191,0.9633014802981191,1.0,12,0,-0.28587762095617697,6,-1,0.8228885285994586
454924,506707,000000506707.jpg,FRONT,3,14,8675.6,220.3,-1,aic_coco_self,rtmdet_ins_tiny,rtmdet_ins_tiny,49,0.8833,0.1317,0.9603,1,0.02417279927728273,0.02417279927728273,0.0,12,0,-0.0012749618687238895,6,-1,0.8084092525874867
455578,50326,000000050326.jpg,FRONT,3,16,12360.8,253.9,-1,body7_official,gt_box,gt_box,,,1.0,1.0,0,0.9559547512544629,0.9559547512544629,1.0,16,0,-0.4191725054353968,12,-1,0.8337505880524131
455578,50326,000000050326.jpg,FRONT,3,16,12360.8,253.9,-1,body7_official,rtmdet_ins_tiny,rtmdet_ins_tiny,2,0.9096,0.9155,0.9155,0,0.9629998632148616,0.9629998632148616,1.0,16,0,-0.42243337091770394,12,-1,0.8470676891943988
455578,50326,000000050326.jpg,FRONT,3,16,12360.8,253.9,-1,body7_self,gt_box,gt_box,,,1.0,1.0,0,0.9559547512544629,0.9559547512544629,1.0,16,0,-0.4191725054353968,12,-1,0.8337505845462575
455578,50326,000000050326.jpg,FRONT,3,16,12360.8,253.9,-1,body7_self,rtmdet_ins_tiny,rtmdet_ins_tiny,2,0.9096,0.9155,0.9155,0,0.9629998632148616,0.9629998632148616,1.0,16,0,-0.42243337091770394,12,-1,0.8470676856882432
455578,50326,000000050326.jpg,FRONT,3,16,12360.8,253.9,-1,aic_coco_self,gt_box,gt_box,,,1.0,1.0,0,0.9718904551168971,0.9718904551168971,1.0,16,0,-0.4192740531200734,12,-1,0.8370707806418923
455578,50326,000000050326.jpg,FRONT,3,16,12360.8,253.9,-1,aic_coco_self,rtmdet_ins_tiny,rtmdet_ins_tiny,2,0.9096,0.9155,0.9155,0,0.9691324151466394,0.9691324151466394,1.0,16,0,-0.424683048020159,12,-1,0.8457280607784495
455933,227491,000000227491.jpg,FRONT,3,17,35737.6,315.0,-1,body7_official,gt_box,gt_box,,,1.0,1.0,0,0.9423997012358344,0.9423997012358344,1.0,17,0,-0.32159490705055443,12,-1,0.8320639659376705
455933,227491,000000227491.jpg,FRONT,3,17,35737.6,315.0,-1,body7_official,rtmdet_ins_tiny,rtmdet_ins_tiny,7,0.9098,0.9209,0.9209,0,0.9329938365337823,0.9329938365337823,1.0,17,0,-0.3190125227571047,12,-1,0.8449111650971806
455933,227491,000000227491.jpg,FRONT,3,17,35737.6,315.0,-1,body7_self,gt_box,gt_box,,,1.0,1.0,0,0.9423997012358344,0.9423997012358344,1.0,17,0,-0.32159490705055443,12,-1,0.8320639799622929
455933,227491,000000227491.jpg,FRONT,3,17,35737.6,315.0,-1,body7_self,rtmdet_ins_tiny,rtmdet_ins_tiny,7,0.9098,0.9209,0.9209,0,0.9329938365337823,0.9329938365337823,1.0,17,0,-0.3190125227571047,12,-1,0.8449111300356248
455933,227491,000000227491.jpg,FRONT,3,17,35737.6,315.0,-1,aic_coco_self,gt_box,gt_box,,,1.0,1.0,0,0.9515142706941283,0.9515142706941283,1.0,17,0,-0.3208030362774679,12,-1,0.8283741123536054
455933,227491,000000227491.jpg,FRONT,3,17,35737.6,315.0,-1,aic_coco_self,rtmdet_ins_tiny,rtmdet_ins_tiny,7,0.9098,0.9209,0.9209,0,0.948346906832026,0.948346906832026,1.0,17,0,-0.32115182078009197,12,-1,0.8373776148347294
457389,574823,000000574823.jpg,REAR,0,10,3727.5,133.1,1,body7_official,gt_box,gt_box,,,1.0,1.0,0,0.9682117058787394,0.9682117058787394,1.0,10,0,-0.3603579040017645,8,1,0.6967306698069853
457389,574823,000000574823.jpg,REAR,0,10,3727.5,133.1,1,body7_official,rtmdet_ins_tiny,rtmdet_ins_tiny,46,0.6638,0.9223,0.9223,0,0.9651472346048257,0.9651472346048257,1.0,10,0,-0.3629896991557696,8,1,0.6808619131060207
457389,574823,000000574823.jpg,REAR,0,10,3727.5,133.1,1,body7_self,gt_box,gt_box,,,1.0,1.0,0,0.9682117058787394,0.9682117058787394,1.0,10,0,-0.3603579040017645,8,1,0.6967306259800407
457389,574823,000000574823.jpg,REAR,0,10,3727.5,133.1,1,body7_self,rtmdet_ins_tiny,rtmdet_ins_tiny,46,0.6638,0.9223,0.9223,0,0.9651472346048257,0.9651472346048257,1.0,10,0,-0.3629896991557696,8,1,0.6808618745383095
457389,574823,000000574823.jpg,REAR,0,10,3727.5,133.1,1,aic_coco_self,gt_box,gt_box,,,1.0,1.0,0,0.9556614727309201,0.9556614727309201,1.0,10,0,-0.3638570029038458,8,1,0.7347272003398222
457389,574823,000000574823.jpg,REAR,0,10,3727.5,133.1,1,aic_coco_self,rtmdet_ins_tiny,rtmdet_ins_tiny,46,0.6638,0.9223,0.9223,0,0.9518433059566709,0.9518433059566709,1.0,10,0,-0.3599636495060974,8,1,0.7234098385362064
457916,468965,000000468965.jpg,REAR,0,9,30940.4,394.6,1,body7_official,gt_box,gt_box,,,1.0,1.0,0,0.994748859026036,0.994748859026036,1.0,8,0,-0.6020504414555219,6,1,0.7211787718183854
457916,468965,000000468965.jpg,REAR,0,9,30940.4,394.6,1,body7_official,rtmdet_ins_tiny,rtmdet_ins_tiny,44,0.8726,0.9379,0.9379,0,0.9884329359054937,0.9884329359054937,1.0,8,0,-0.5947196776174042,6,1,0.7156254193362068
457916,468965,000000468965.jpg,REAR,0,9,30940.4,394.6,1,body7_self,gt_box,gt_box,,,1.0,1.0,0,0.994748859026036,0.994748859026036,1.0,8,0,-0.6020504414555219,6,1,0.7211786911768072
457916,468965,000000468965.jpg,REAR,0,9,30940.4,394.6,1,body7_self,rtmdet_ins_tiny,rtmdet_ins_tiny,44,0.8726,0.9379,0.9379,0,0.9884329359054937,0.9884329359054937,1.0,8,0,-0.5947196776174042,6,1,0.7156252983738395
457916,468965,000000468965.jpg,REAR,0,9,30940.4,394.6,1,aic_coco_self,gt_box,gt_box,,,1.0,1.0,0,0.9946865875365313,0.9946865875365313,1.0,8,0,-0.597467529950109,6,1,0.781451982610366
457916,468965,000000468965.jpg,REAR,0,9,30940.4,394.6,1,aic_coco_self,rtmdet_ins_tiny,rtmdet_ins_tiny,44,0.8726,0.9379,0.9379,0,0.9885146216966136,0.9885146216966136,1.0,8,0,-0.5912561936955876,6,1,0.8038238847956938
459085,464089,000000464089.jpg,OBLIQUE,2,15,21336.2,235.3,-1,body7_official,gt_box,gt_box,,,1.0,1.0,0,0.9136865098268451,0.9136865098268451,0.9333333333333333,15,0,-0.13200528427061012,12,-1,0.7090297867270077
459085,464089,000000464089.jpg,OBLIQUE,2,15,21336.2,235.3,-1,body7_official,rtmdet_ins_tiny,rtmdet_ins_tiny,20,0.8324,0.8305,0.8305,0,0.9366859639163736,0.9366859639163736,1.0,15,0,-0.13550915772836034,12,-1,0.7329970387851491
459085,464089,000000464089.jpg,OBLIQUE,2,15,21336.2,235.3,-1,body7_self,gt_box,gt_box,,,1.0,1.0,0,0.9136865098268451,0.9136865098268451,0.9333333333333333,15,0,-0.13200528427061012,12,-1,0.7090298288008746
459085,464089,000000464089.jpg,OBLIQUE,2,15,21336.2,235.3,-1,body7_self,rtmdet_ins_tiny,rtmdet_ins_tiny,20,0.8324,0.8305,0.8305,0,0.9366859639163736,0.9366859639163736,1.0,15,0,-0.13550915772836034,12,-1,0.7329969967112822
459085,464089,000000464089.jpg,OBLIQUE,2,15,21336.2,235.3,-1,aic_coco_self,gt_box,gt_box,,,1.0,1.0,0,0.9111839202857104,0.9111839202857104,0.9333333333333333,15,0,-0.12691353001510802,12,-1,0.7467902109903448
459085,464089,000000464089.jpg,OBLIQUE,2,15,21336.2,235.3,-1,aic_coco_self,rtmdet_ins_tiny,rtmdet_ins_tiny,20,0.8324,0.8305,0.8305,0,0.9206492014477806,0.9206492014477806,0.9333333333333333,15,0,-0.12514205004106754,12,-1,0.7527006548993728
459358,261036,000000261036.jpg,REAR,0,8,2114.6,111.1,-1,body7_official,gt_box,gt_box,,,1.0,1.0,0,0.9503609355465181,0.9503609355465181,1.0,8,0,-0.22188136448373103,8,-1,0.6722920992795158
459358,261036,000000261036.jpg,REAR,0,8,2114.6,111.1,-1,body7_official,rtmdet_ins_tiny,rtmdet_ins_tiny,22,0.6456,0.1802,0.9082,2,0.30284025149400756,0.30284025149400756,0.25,8,0,-0.11630616882529077,8,-1,0.35779091277543235
459358,261036,000000261036.jpg,REAR,0,8,2114.6,111.1,-1,body7_self,gt_box,gt_box,,,1.0,1.0,0,0.9503609355465181,0.9503609355465181,1.0,8,0,-0.22188136448373103,8,-1,0.6722921203164494
459358,261036,000000261036.jpg,REAR,0,8,2114.6,111.1,-1,body7_self,rtmdet_ins_tiny,rtmdet_ins_tiny,22,0.6456,0.1802,0.9082,2,0.30284025149400756,0.30284025149400756,0.25,8,0,-0.11630616882529077,8,-1,0.3577909373185214
459358,261036,000000261036.jpg,REAR,0,8,2114.6,111.1,-1,aic_coco_self,gt_box,gt_box,,,1.0,1.0,0,0.9478990895946968,0.9478990895946968,1.0,8,0,-0.2124452110006471,8,-1,0.6829491643344655
459358,261036,000000261036.jpg,REAR,0,8,2114.6,111.1,-1,aic_coco_self,rtmdet_ins_tiny,rtmdet_ins_tiny,22,0.6456,0.1802,0.9082,2,0.30621531609486696,0.30621531609486696,0.25,8,0,-0.11785066226781749,8,-1,0.41922253282631144
460212,199310,000000199310.jpg,OBLIQUE,2,15,72975.5,598.3,-1,body7_official,gt_box,gt_box,,,1.0,1.0,0,0.9542592328278944,0.9542592328278944,1.0,15,0,-0.1590778276018787,12,-1,0.8365829937598285
460212,199310,000000199310.jpg,OBLIQUE,2,15,72975.5,598.3,-1,body7_official,rtmdet_ins_tiny,rtmdet_ins_tiny,3,0.8996,0.9125,0.9125,0,0.9572254129879969,0.9572254129879969,1.0,15,0,-0.1558371905313684,12,-1,0.8482818848946515
460212,199310,000000199310.jpg,OBLIQUE,2,15,72975.5,598.3,-1,body7_self,gt_box,gt_box,,,1.0,1.0,0,0.9542592328278944,0.9542592328278944,1.0,15,0,-0.1590778276018787,12,-1,0.8365829271428725
460212,199310,000000199310.jpg,OBLIQUE,2,15,72975.5,598.3,-1,body7_self,rtmdet_ins_tiny,rtmdet_ins_tiny,3,0.8996,0.9125,0.9125,0,0.9572254129879969,0.9572254129879969,1.0,15,0,-0.1558371905313684,12,-1,0.8482818428207847
460212,199310,000000199310.jpg,OBLIQUE,2,15,72975.5,598.3,-1,aic_coco_self,gt_box,gt_box,,,1.0,1.0,0,0.9615500825972959,0.9615500825972959,1.0,15,0,-0.16198949119154582,12,-1,0.8400986965964822
460212,199310,000000199310.jpg,OBLIQUE,2,15,72975.5,598.3,-1,aic_coco_self,rtmdet_ins_tiny,rtmdet_ins_tiny,3,0.8996,0.9125,0.9125,0,0.956715732753613,0.956715732753613,1.0,15,0,-0.1594531056281732,12,-1,0.8563703123260947
460884,181303,000000181303.jpg,FRONT,3,14,11220.1,227.9,-1,body7_official,gt_box,gt_box,,,1.0,1.0,0,0.951543956234484,0.951543956234484,1.0,12,0,-0.2772472155513953,8,-1,0.8528545253417071
460884,181303,000000181303.jpg,FRONT,3,14,11220.1,227.9,-1,body7_official,rtmdet_ins_tiny,rtmdet_ins_tiny,6,0.7283,0.8020,0.8020,0,0.9425886333493456,0.9425886333493456,1.0,12,0,-0.27305369017346315,8,-1,0.8680417923366323
460884,181303,000000181303.jpg,FRONT,3,14,11220.1,227.9,-1,body7_self,gt_box,gt_box,,,1.0,1.0,0,0.951543956234484,0.951543956234484,1.0,12,0,-0.2772472155513953,8,-1,0.8528546936371747
460884,181303,000000181303.jpg,FRONT,3,14,11220.1,227.9,-1,body7_self,rtmdet_ins_tiny,rtmdet_ins_tiny,6,0.7283,0.8020,0.8020,0,0.9425886333493456,0.9425886333493456,1.0,12,0,-0.27305369017346315,8,-1,0.8680418905089883
460884,181303,000000181303.jpg,FRONT,3,14,11220.1,227.9,-1,aic_coco_self,gt_box,gt_box,,,1.0,1.0,0,0.9786979047547928,0.9786979047547928,1.0,12,0,-0.2931024447396952,8,-1,0.785473511499517
460884,181303,000000181303.jpg,FRONT,3,14,11220.1,227.9,-1,aic_coco_self,rtmdet_ins_tiny,rtmdet_ins_tiny,6,0.7283,0.8020,0.8020,0,0.9808551552413021,0.9808551552413021,1.0,12,0,-0.2887165340945559,8,-1,0.7795529014923993
461443,30828,000000030828.jpg,FRONT,3,12,25200.0,104.8,1,body7_official,gt_box,gt_box,,,1.0,1.0,0,0.4271829213307454,0.4271829213307454,0.5,12,0,-0.029857119898729523,8,-1,0.501998599837808
461443,30828,000000030828.jpg,FRONT,3,12,25200.0,104.8,1,body7_official,rtmdet_ins_tiny,rtmdet_ins_tiny,8,0.1734,0.6330,0.8528,7,0.5670207998304949,0.5670207998304949,0.8333333333333334,12,0,-0.018946863652122975,8,-1,0.4683878632152782
461443,30828,000000030828.jpg,FRONT,3,12,25200.0,104.8,1,body7_self,gt_box,gt_box,,,1.0,1.0,0,0.4271829213307454,0.4271829213307454,0.5,12,0,-0.029857119898729523,8,-1,0.5019984052461737
461443,30828,000000030828.jpg,FRONT,3,12,25200.0,104.8,1,body7_self,rtmdet_ins_tiny,rtmdet_ins_tiny,8,0.1734,0.6330,0.8528,7,0.5670207998304949,0.5670207998304949,0.8333333333333334,12,0,-0.018946863652122975,8,-1,0.4683873723534977
461443,30828,000000030828.jpg,FRONT,3,12,25200.0,104.8,1,aic_coco_self,gt_box,gt_box,,,1.0,1.0,0,0.5570071969810774,0.5570071969810774,0.8333333333333334,12,0,-0.003529554893463349,8,-1,0.438948417411131
461443,30828,000000030828.jpg,FRONT,3,12,25200.0,104.8,1,aic_coco_self,rtmdet_ins_tiny,rtmdet_ins_tiny,8,0.1734,0.6330,0.8528,7,0.7254992476172409,0.7254992476172409,0.8333333333333334,12,0,-0.013113556839642077,8,-1,0.4403087987619288
461717,507015,000000507015.jpg,FRONT,3,16,5253.8,131.3,-1,body7_official,gt_box,gt_box,,,1.0,1.0,0,0.9872395693215388,0.9872395693215388,1.0,16,0,-0.4867031175898229,12,-1,0.8994294510168188
461717,507015,000000507015.jpg,FRONT,3,16,5253.8,131.3,-1,body7_official,rtmdet_ins_tiny,rtmdet_ins_tiny,15,0.8930,0.9107,0.9107,0,0.986249173560727,0.986249173560727,1.0,16,0,-0.4873908396750798,12,-1,0.908859487842111
461717,507015,000000507015.jpg,FRONT,3,16,5253.8,131.3,-1,body7_self,gt_box,gt_box,,,1.0,1.0,0,0.9872395693215388,0.9872395693215388,1.0,16,0,-0.4867031175898229,12,-1,0.8994295246460858
461717,507015,000000507015.jpg,FRONT,3,16,5253.8,131.3,-1,body7_self,rtmdet_ins_tiny,rtmdet_ins_tiny,15,0.8930,0.9107,0.9107,0,0.986249173560727,0.986249173560727,1.0,16,0,-0.4873908396750798,12,-1,0.9088594282374662
461717,507015,000000507015.jpg,FRONT,3,16,5253.8,131.3,-1,aic_coco_self,gt_box,gt_box,,,1.0,1.0,0,0.9832633186600483,0.9832633186600483,1.0,16,0,-0.4862692572082973,12,-1,0.9181634538313922
461717,507015,000000507015.jpg,FRONT,3,16,5253.8,131.3,-1,aic_coco_self,rtmdet_ins_tiny,rtmdet_ins_tiny,15,0.8930,0.9107,0.9107,0,0.9863150652950223,0.9863150652950223,1.0,16,0,-0.48806463310765086,12,-1,0.9281349532744464
462163,273132,000000273132.jpg,FRONT,3,14,94522.2,435.8,-1,body7_official,gt_box,gt_box,,,1.0,1.0,0,0.9786063313759298,0.9786063313759298,1.0,14,0,-0.42911283047864934,10,-1,0.7898791362257565
462163,273132,000000273132.jpg,FRONT,3,14,94522.2,435.8,-1,body7_official,rtmdet_ins_tiny,rtmdet_ins_tiny,24,0.7279,0.9239,0.9239,0,0.9689853445851523,0.9689853445851523,1.0,14,0,-0.4278262004501558,10,-1,0.7779018949059879
462163,273132,000000273132.jpg,FRONT,3,14,94522.2,435.8,-1,body7_self,gt_box,gt_box,,,1.0,1.0,0,0.9786063313759298,0.9786063313759298,1.0,14,0,-0.42911283047864934,10,-1,0.7898791432380676
462163,273132,000000273132.jpg,FRONT,3,14,94522.2,435.8,-1,body7_self,rtmdet_ins_tiny,rtmdet_ins_tiny,24,0.7279,0.9239,0.9239,0,0.9689853445851523,0.9689853445851523,1.0,14,0,-0.4278262004501558,10,-1,0.7779018949059879
462163,273132,000000273132.jpg,FRONT,3,14,94522.2,435.8,-1,aic_coco_self,gt_box,gt_box,,,1.0,1.0,0,0.9781116315834408,0.9781116315834408,1.0,14,0,-0.428238281779346,10,-1,0.7875108263071846
462163,273132,000000273132.jpg,FRONT,3,14,94522.2,435.8,-1,aic_coco_self,rtmdet_ins_tiny,rtmdet_ins_tiny,24,0.7279,0.9239,0.9239,0,0.9779361612559424,0.9779361612559424,1.0,14,0,-0.4309250471551731,10,-1,0.7842576503753662
463052,150224,000000150224.jpg,REAR,0,8,6454.0,115.2,1,body7_official,gt_box,gt_box,,,1.0,1.0,0,0.8373183586081737,0.8373183586081737,0.8571428571428571,7,0,-0.5711071223559184,6,1,0.4938386792645735
463052,150224,000000150224.jpg,REAR,0,8,6454.0,115.2,1,body7_official,rtmdet_ins_tiny,rtmdet_ins_tiny,9,0.3324,0.8633,0.8633,0,0.9364602393855959,0.9364602393855959,1.0,7,0,-0.5773063611500464,6,1,0.4896552238394232
463052,150224,000000150224.jpg,REAR,0,8,6454.0,115.2,1,body7_self,gt_box,gt_box,,,1.0,1.0,0,0.8373183586081737,0.8373183586081737,0.8571428571428571,7,0,-0.5711071223559184,6,1,0.49383875201730165
463052,150224,000000150224.jpg,REAR,0,8,6454.0,115.2,1,body7_self,rtmdet_ins_tiny,rtmdet_ins_tiny,9,0.3324,0.8633,0.8633,0,0.9364602393855959,0.9364602393855959,1.0,7,0,-0.5773063611500464,6,1,0.48965520543210644
463052,150224,000000150224.jpg,REAR,0,8,6454.0,115.2,1,aic_coco_self,gt_box,gt_box,,,1.0,1.0,0,0.9255224065363665,0.9255224065363665,1.0,7,0,-0.5589391829961584,6,1,0.49866144271457896
463052,150224,000000150224.jpg,REAR,0,8,6454.0,115.2,1,aic_coco_self,rtmdet_ins_tiny,rtmdet_ins_tiny,9,0.3324,0.8633,0.8633,0,0.9168876888499637,0.9168876888499637,1.0,7,0,-0.5573046831547162,6,1,0.5162397474050522
463431,192670,000000192670.jpg,FRONT,3,16,14811.4,242.3,-1,body7_official,gt_box,gt_box,,,1.0,1.0,0,0.9414757817196818,0.9414757817196818,1.0,16,0,-0.3537787230432526,12,-1,0.8376971518292147
463431,192670,000000192670.jpg,FRONT,3,16,14811.4,242.3,-1,body7_official,rtmdet_ins_tiny,rtmdet_ins_tiny,33,0.8860,0.9575,0.9575,0,0.942316136429412,0.942316136429412,1.0,16,0,-0.35719847930998755,12,-1,0.8443763641750112
463431,192670,000000192670.jpg,FRONT,3,16,14811.4,242.3,-1,body7_self,gt_box,gt_box,,,1.0,1.0,0,0.9414757817196818,0.9414757817196818,1.0,16,0,-0.3537787230432526,12,-1,0.8376970571630141
463431,192670,000000192670.jpg,FRONT,3,16,14811.4,242.3,-1,body7_self,rtmdet_ins_tiny,rtmdet_ins_tiny,33,0.8860,0.9575,0.9575,0,0.942316136429412,0.942316136429412,1.0,16,0,-0.35719847930998755,12,-1,0.8443763536565444
463431,192670,000000192670.jpg,FRONT,3,16,14811.4,242.3,-1,aic_coco_self,gt_box,gt_box,,,1.0,1.0,0,0.933465817957126,0.933465817957126,1.0,16,0,-0.3549564921567163,12,-1,0.8386184958850637
463431,192670,000000192670.jpg,FRONT,3,16,14811.4,242.3,-1,aic_coco_self,rtmdet_ins_tiny,rtmdet_ins_tiny,33,0.8860,0.9575,0.9575,0,0.9422209319872106,0.9422209319872106,1.0,16,0,-0.35353033855656363,12,-1,0.8441158813588759
464298,44195,000000044195.jpg,OBLIQUE,2,13,8016.6,232.3,1,body7_official,gt_box,gt_box,,,1.0,1.0,0,0.6150218607238838,0.898718039501699,1.0,13,1,0.06513487955914328,8,-1,0.6392464690348681
464298,44195,000000044195.jpg,OBLIQUE,2,13,8016.6,232.3,1,body7_official,rtmdet_ins_tiny,rtmdet_ins_tiny,12,0.5665,0.0544,0.7816,1,4.917346226747642e-05,4.917346226747642e-05,0.0,13,0,-2.5463809526060643e-05,8,1,0.4980151688351351
464298,44195,000000044195.jpg,OBLIQUE,2,13,8016.6,232.3,1,body7_self,gt_box,gt_box,,,1.0,1.0,0,0.6150218607238838,0.898718039501699,1.0,13,1,0.06513487955914328,8,-1,0.6392463585909676
464298,44195,000000044195.jpg,OBLIQUE,2,13,8016.6,232.3,1,body7_self,rtmdet_ins_tiny,rtmdet_ins_tiny,12,0.5665,0.0544,0.7816,1,4.917346226747642e-05,4.917346226747642e-05,0.0,13,0,-2.5463809526060643e-05,8,1,0.4980151390328127
464298,44195,000000044195.jpg,OBLIQUE,2,13,8016.6,232.3,1,aic_coco_self,gt_box,gt_box,,,1.0,1.0,0,0.5320932325550303,0.7926646992236122,1.0,13,1,0.06093281745185153,8,-1,0.6736066411523258
464298,44195,000000044195.jpg,OBLIQUE,2,13,8016.6,232.3,1,aic_coco_self,rtmdet_ins_tiny,rtmdet_ins_tiny,12,0.5665,0.0544,0.7816,1,4.89119957588759e-05,4.89119957588759e-05,0.0,13,0,-0.000659322037478649,8,1,0.6356827266076032
464947,407002,000000407002.jpg,FRONT,3,13,28884.0,385.6,-1,body7_official,gt_box,gt_box,,,1.0,1.0,0,0.9420732758683669,0.9420732758683669,1.0,13,0,-0.17742478852983348,8,-1,0.7782530609299155
464947,407002,000000407002.jpg,FRONT,3,13,28884.0,385.6,-1,body7_official,rtmdet_ins_tiny,rtmdet_ins_tiny,4,0.8340,0.8963,0.8963,0,0.940186135988703,0.940186135988703,1.0,13,0,-0.17546023214755382,8,-1,0.7744107526891372
464947,407002,000000407002.jpg,FRONT,3,13,28884.0,385.6,-1,body7_self,gt_box,gt_box,,,1.0,1.0,0,0.9420732758683669,0.9420732758683669,1.0,13,0,-0.17742478852983348,8,-1,0.7782529452267815
464947,407002,000000407002.jpg,FRONT,3,13,28884.0,385.6,-1,body7_self,rtmdet_ins_tiny,rtmdet_ins_tiny,4,0.8340,0.8963,0.8963,0,0.940186135988703,0.940186135988703,1.0,13,0,-0.17546023214755382,8,-1,0.7744107491829816
464947,407002,000000407002.jpg,FRONT,3,13,28884.0,385.6,-1,aic_coco_self,gt_box,gt_box,,,1.0,1.0,0,0.9699922420725028,0.9699922420725028,1.0,13,0,-0.17839785431284996,8,-1,0.8408041771720437
464947,407002,000000407002.jpg,FRONT,3,13,28884.0,385.6,-1,aic_coco_self,rtmdet_ins_tiny,rtmdet_ins_tiny,4,0.8340,0.8963,0.8963,0,0.9673932172235549,0.9673932172235549,1.0,13,0,-0.17581935294091733,8,-1,0.8398052524117863
466161,308165,000000308165.jpg,OBLIQUE,2,15,9449.1,155.8,-1,body7_official,gt_box,gt_box,,,1.0,1.0,0,0.9535273113970375,0.9535273113970375,1.0,15,0,-0.6386718001841066,12,-1,0.8304009612868813
466161,308165,000000308165.jpg,OBLIQUE,2,15,9449.1,155.8,-1,body7_official,rtmdet_ins_tiny,rtmdet_ins_tiny,26,0.8313,0.9062,0.9062,0,0.9692871281321678,0.9692871281321678,1.0,15,0,-0.6336741678650584,12,-1,0.8343198089038625
466161,308165,000000308165.jpg,OBLIQUE,2,15,9449.1,155.8,-1,body7_self,gt_box,gt_box,,,1.0,1.0,0,0.9535273113970375,0.9535273113970375,1.0,15,0,-0.6386718001841066,12,-1,0.8304010033607483
466161,308165,000000308165.jpg,OBLIQUE,2,15,9449.1,155.8,-1,body7_self,rtmdet_ins_tiny,rtmdet_ins_tiny,26,0.8313,0.9062,0.9062,0,0.9692871281321678,0.9692871281321678,1.0,15,0,-0.6336741678650584,12,-1,0.8343198544838849
466161,308165,000000308165.jpg,OBLIQUE,2,15,9449.1,155.8,-1,aic_coco_self,gt_box,gt_box,,,1.0,1.0,0,0.9578682306857816,0.9578682306857816,1.0,15,0,-0.6206765289324159,12,-1,0.8513278400196749
466161,308165,000000308165.jpg,OBLIQUE,2,15,9449.1,155.8,-1,aic_coco_self,rtmdet_ins_tiny,rtmdet_ins_tiny,26,0.8313,0.9062,0.9062,0,0.9715014758650835,0.9715014758650835,1.0,15,0,-0.6309629297587178,12,-1,0.8459214953815236
466585,437239,000000437239.jpg,REAR,0,13,10149.7,241.3,1,body7_official,gt_box,gt_box,,,1.0,1.0,0,0.9273529525585583,0.9273529525585583,1.0,11,0,-0.1554304265450306,10,1,0.6477299244964824
466585,437239,000000437239.jpg,REAR,0,13,10149.7,241.3,1,body7_official,rtmdet_ins_tiny,rtmdet_ins_tiny,11,0.8896,0.2046,0.9015,1,0.04812380412899165,0.004276021231056888,0.0,11,1,0.0003239866694779714,10,-1,0.8812741602168364
466585,437239,000000437239.jpg,REAR,0,13,10149.7,241.3,1,body7_self,gt_box,gt_box,,,1.0,1.0,0,0.9273529525585583,0.9273529525585583,1.0,11,0,-0.1554304265450306,10,1,0.6477298350895152
466585,437239,000000437239.jpg,REAR,0,13,10149.7,241.3,1,body7_self,rtmdet_ins_tiny,rtmdet_ins_tiny,11,0.8896,0.2046,0.9015,1,0.04812380412899165,0.004276021231056888,0.0,11,1,0.0003239866694779714,10,-1,0.8812741707353031
466585,437239,000000437239.jpg,REAR,0,13,10149.7,241.3,1,aic_coco_self,gt_box,gt_box,,,1.0,1.0,0,0.8723920705115001,0.8723920705115001,0.9090909090909091,11,0,-0.09268954353586834,10,1,0.6903912915902979
466585,437239,000000437239.jpg,REAR,0,13,10149.7,241.3,1,aic_coco_self,rtmdet_ins_tiny,rtmdet_ins_tiny,11,0.8896,0.2046,0.9015,1,0.048266790411276246,0.00417691989069674,0.0,11,1,0.0004461372223536486,10,-1,0.8941339885487276
466991,144333,000000144333.jpg,FRONT,3,15,25573.4,343.6,-1,body7_official,gt_box,gt_box,,,1.0,1.0,0,0.9685123896580762,0.9685123896580762,1.0,13,0,-0.48469049686079574,6,-1,0.8499260614900028
466991,144333,000000144333.jpg,FRONT,3,15,25573.4,343.6,-1,body7_official,rtmdet_ins_tiny,rtmdet_ins_tiny,4,0.8631,0.9253,0.9253,0,0.9681123420784169,0.9681123420784169,1.0,13,0,-0.48611359619949673,6,-1,0.8606375841533437
466991,144333,000000144333.jpg,FRONT,3,15,25573.4,343.6,-1,body7_self,gt_box,gt_box,,,1.0,1.0,0,0.9685123896580762,0.9685123896580762,1.0,13,0,-0.48469049686079574,6,-1,0.8499260877861696
466991,144333,000000144333.jpg,FRONT,3,15,25573.4,343.6,-1,body7_self,rtmdet_ins_tiny,rtmdet_ins_tiny,4,0.8631,0.9253,0.9253,0,0.9681123420784169,0.9681123420784169,1.0,13,0,-0.48611359619949673,6,-1,0.8606375175363877
466991,144333,000000144333.jpg,FRONT,3,15,25573.4,343.6,-1,aic_coco_self,gt_box,gt_box,,,1.0,1.0,0,0.9620645471970041,0.9620645471970041,1.0,13,0,-0.47034611269122467,6,-1,0.8250746797112858
466991,144333,000000144333.jpg,FRONT,3,15,25573.4,343.6,-1,aic_coco_self,rtmdet_ins_tiny,rtmdet_ins_tiny,4,0.8631,0.9253,0.9253,0,0.9644950380173802,0.9644950380173802,1.0,13,0,-0.47047509905438756,6,-1,0.8278930800802567
467372,571718,000000571718.jpg,OBLIQUE,2,9,45698.4,415.4,1,body7_official,gt_box,gt_box,,,1.0,1.0,0,0.9347535825456595,0.8780512897653604,1.0,9,1,0.013623363721947043,4,-1,0.6503015695249333
467372,571718,000000571718.jpg,OBLIQUE,2,9,45698.4,415.4,1,body7_official,rtmdet_ins_tiny,rtmdet_ins_tiny,7,0.8392,0.9198,0.9198,0,0.9531794967173052,0.8027566656692052,0.8888888888888888,9,1,0.01296311573217946,4,-1,0.6374844049706179
467372,571718,000000571718.jpg,OBLIQUE,2,9,45698.4,415.4,1,body7_self,gt_box,gt_box,,,1.0,1.0,0,0.9347535825456595,0.8780512897653604,1.0,9,1,0.013623363721947043,4,-1,0.650301671203445
467372,571718,000000571718.jpg,OBLIQUE,2,9,45698.4,415.4,1,body7_self,rtmdet_ins_tiny,rtmdet_ins_tiny,7,0.8392,0.9198,0.9198,0,0.9531794967173052,0.8027566656692052,0.8888888888888888,9,1,0.01296311573217946,4,-1,0.6374844575629515
467372,571718,000000571718.jpg,OBLIQUE,2,9,45698.4,415.4,1,aic_coco_self,gt_box,gt_box,,,1.0,1.0,0,0.9481443221951371,0.7718014960801781,0.8888888888888888,9,1,0.004654201869839614,4,-1,0.6160279863020953
467372,571718,000000571718.jpg,OBLIQUE,2,9,45698.4,415.4,1,aic_coco_self,rtmdet_ins_tiny,rtmdet_ins_tiny,7,0.8392,0.9198,0.9198,0,0.9608397276989842,0.814593387892063,1.0,9,1,0.005606245285610947,4,-1,0.6198243577690685
467968,421060,000000421060.jpg,REAR,0,12,11417.7,127.3,1,body7_official,gt_box,gt_box,,,1.0,1.0,0,0.9772256562142664,0.9772256562142664,1.0,12,0,-0.4806547065755227,12,1,0.6741457038065967
467968,421060,000000421060.jpg,REAR,0,12,11417.7,127.3,1,body7_official,rtmdet_ins_tiny,rtmdet_ins_tiny,28,0.5396,0.9259,0.9259,0,0.976537957657904,0.976537957657904,1.0,12,0,-0.48068816459515,12,1,0.6693361454150256
467968,421060,000000421060.jpg,REAR,0,12,11417.7,127.3,1,body7_self,gt_box,gt_box,,,1.0,1.0,0,0.9772256562142664,0.9772256562142664,1.0,12,0,-0.4806547065755227,12,1,0.6741457055596745
467968,421060,000000421060.jpg,REAR,0,12,11417.7,127.3,1,body7_self,rtmdet_ins_tiny,rtmdet_ins_tiny,28,0.5396,0.9259,0.9259,0,0.976537957657904,0.976537957657904,1.0,12,0,-0.48068816459515,12,1,0.6693360489957473
467968,421060,000000421060.jpg,REAR,0,12,11417.7,127.3,1,aic_coco_self,gt_box,gt_box,,,1.0,1.0,0,0.9779021024913828,0.9779021024913828,1.0,12,0,-0.4803113415640087,12,1,0.7460533310385311
467968,421060,000000421060.jpg,REAR,0,12,11417.7,127.3,1,aic_coco_self,rtmdet_ins_tiny,rtmdet_ins_tiny,28,0.5396,0.9259,0.9259,0,0.9798188488606798,0.9798188488606798,1.0,12,0,-0.4816684829828409,12,1,0.7464975399129531
468712,306437,000000306437.jpg,FRONT,3,16,4379.5,128.9,1,body7_official,gt_box,gt_box,,,1.0,1.0,0,0.958089147004777,0.958089147004777,1.0,16,0,-0.3787257618787471,12,1,0.8305670163210701
468712,306437,000000306437.jpg,FRONT,3,16,4379.5,128.9,1,body7_official,rtmdet_ins_tiny,rtmdet_ins_tiny,9,0.8692,0.8469,0.8469,0,0.9652810146061188,0.9652810146061188,1.0,16,0,-0.37533032917750314,12,-1,0.8291762366014368
468712,306437,000000306437.jpg,FRONT,3,16,4379.5,128.9,1,body7_self,gt_box,gt_box,,,1.0,1.0,0,0.958089147004777,0.958089147004777,1.0,16,0,-0.3787257618787471,12,1,0.8305670093087589
468712,306437,000000306437.jpg,FRONT,3,16,4379.5,128.9,1,body7_self,rtmdet_ins_tiny,rtmdet_ins_tiny,9,0.8692,0.8469,0.8469,0,0.9652810146061188,0.9652810146061188,1.0,16,0,-0.37533032917750314,12,-1,0.8291761805029476
468712,306437,000000306437.jpg,FRONT,3,16,4379.5,128.9,1,aic_coco_self,gt_box,gt_box,,,1.0,1.0,0,0.9647000672895698,0.9647000672895698,1.0,16,0,-0.3839426853714574,12,1,0.8639939181944903
468712,306437,000000306437.jpg,FRONT,3,16,4379.5,128.9,1,aic_coco_self,rtmdet_ins_tiny,rtmdet_ins_tiny,9,0.8692,0.8469,0.8469,0,0.9606924069630034,0.9606924069630034,1.0,16,0,-0.37847575988730126,12,-1,0.8476579399669871
469199,27186,000000027186.jpg,FRONT,3,13,63670.1,384.0,-1,body7_official,gt_box,gt_box,,,1.0,1.0,0,0.9658522023152366,0.9658522023152366,1.0,13,0,-0.3560629029034221,8,-1,0.6990569093648125
469199,27186,000000027186.jpg,FRONT,3,13,63670.1,384.0,-1,body7_official,rtmdet_ins_tiny,rtmdet_ins_tiny,6,0.8131,0.9696,0.9696,0,0.9696120654594945,0.9696120654594945,1.0,13,0,-0.36131573824091634,8,-1,0.698379818130942
469199,27186,000000027186.jpg,FRONT,3,13,63670.1,384.0,-1,body7_self,gt_box,gt_box,,,1.0,1.0,0,0.9658522023152366,0.9658522023152366,1.0,13,0,-0.3560629029034221,8,-1,0.699057004031013
469199,27186,000000027186.jpg,FRONT,3,13,63670.1,384.0,-1,body7_self,rtmdet_ins_tiny,rtmdet_ins_tiny,6,0.8131,0.9696,0.9696,0,0.9696120654594945,0.9696120654594945,1.0,13,0,-0.36131573824091634,8,-1,0.6983798409209532
469199,27186,000000027186.jpg,FRONT,3,13,63670.1,384.0,-1,aic_coco_self,gt_box,gt_box,,,1.0,1.0,0,0.9587968965230055,0.9587968965230055,1.0,13,0,-0.35051096765623246,8,-1,0.713188276571386
469199,27186,000000027186.jpg,FRONT,3,13,63670.1,384.0,-1,aic_coco_self,rtmdet_ins_tiny,rtmdet_ins_tiny,6,0.8131,0.9696,0.9696,0,0.9618736646155236,0.9618736646155236,1.0,13,0,-0.35093653321657137,8,-1,0.7150011080152848
469408,6471,000000006471.jpg,OBLIQUE,2,15,10489.7,140.4,-1,body7_official,gt_box,gt_box,,,1.0,1.0,0,0.9402525570815106,0.9402525570815106,1.0,15,0,-0.04745731404673163,12,-1,0.7415867482914644
469408,6471,000000006471.jpg,OBLIQUE,2,15,10489.7,140.4,-1,body7_official,rtmdet_ins_tiny,rtmdet_ins_tiny,44,0.8698,0.8694,0.8694,0,0.9228469613274655,0.9228469613274655,1.0,15,0,-0.0438420561940537,12,1,0.7291385110686807
469408,6471,000000006471.jpg,OBLIQUE,2,15,10489.7,140.4,-1,body7_self,gt_box,gt_box,,,1.0,1.0,0,0.9402525570815106,0.9402525570815106,1.0,15,0,-0.04745731404673163,12,-1,0.7415867938714868
469408,6471,000000006471.jpg,OBLIQUE,2,15,10489.7,140.4,-1,body7_self,rtmdet_ins_tiny,rtmdet_ins_tiny,44,0.8698,0.8694,0.8694,0,0.9228469613274655,0.9228469613274655,1.0,15,0,-0.0438420561940537,12,1,0.7291384199086357
469408,6471,000000006471.jpg,OBLIQUE,2,15,10489.7,140.4,-1,aic_coco_self,gt_box,gt_box,,,1.0,1.0,0,0.9335572482140957,0.9335572482140957,1.0,15,0,-0.048475870574293756,12,1,0.7849816750077641
469408,6471,000000006471.jpg,OBLIQUE,2,15,10489.7,140.4,-1,aic_coco_self,rtmdet_ins_tiny,rtmdet_ins_tiny,44,0.8698,0.8694,0.8694,0,0.932923200516964,0.932923200516964,1.0,15,0,-0.048347482417904535,12,1,0.7565647644155166
469806,330396,000000330396.jpg,OBLIQUE,2,15,10182.7,266.5,1,body7_official,gt_box,gt_box,,,1.0,1.0,0,0.9659784288630122,0.9659784288630122,1.0,14,0,-0.15434192448477552,10,1,0.7726819304858937
469806,330396,000000330396.jpg,OBLIQUE,2,15,10182.7,266.5,1,body7_official,rtmdet_ins_tiny,rtmdet_ins_tiny,50,0.8834,0.0549,0.9097,1,0.008464623814347,0.06489738626225187,0.07142857142857142,14,1,0.0005443714045613168,10,1,0.7743781769976896
469806,330396,000000330396.jpg,OBLIQUE,2,15,10182.7,266.5,1,body7_self,gt_box,gt_box,,,1.0,1.0,0,0.9659784288630122,0.9659784288630122,1.0,14,0,-0.15434192448477552,10,1,0.7726818253012264
469806,330396,000000330396.jpg,OBLIQUE,2,15,10182.7,266.5,1,body7_self,rtmdet_ins_tiny,rtmdet_ins_tiny,50,0.8834,0.0549,0.9097,1,0.008464623814347,0.06489738626225187,0.07142857142857142,14,1,0.0005443714045613168,10,1,0.7743781945284676
469806,330396,000000330396.jpg,OBLIQUE,2,15,10182.7,266.5,1,aic_coco_self,gt_box,gt_box,,,1.0,1.0,0,0.957548435441932,0.957548435441932,1.0,14,0,-0.151612206047126,10,1,0.801045347662533
469806,330396,000000330396.jpg,OBLIQUE,2,15,10182.7,266.5,1,aic_coco_self,rtmdet_ins_tiny,rtmdet_ins_tiny,50,0.8834,0.0549,0.9097,1,0.006816434004039418,0.06750312189890421,0.07142857142857142,14,1,6.423635489194446e-06,10,1,0.8143126123091754
471070,10764,000000010764.jpg,OBLIQUE,2,15,41177.2,314.8,1,body7_official,gt_box,gt_box,,,1.0,1.0,0,0.9462489427840618,0.9462489427840618,1.0,15,0,-0.09865187114706794,12,1,0.721552592866561
471070,10764,000000010764.jpg,OBLIQUE,2,15,41177.2,314.8,1,body7_official,rtmdet_ins_tiny,rtmdet_ins_tiny,4,0.8637,0.9674,0.9674,0,0.9473067294290184,0.9473067294290184,1.0,15,0,-0.10513649773613443,12,1,0.7203692478292129
471070,10764,000000010764.jpg,OBLIQUE,2,15,41177.2,314.8,1,body7_self,gt_box,gt_box,,,1.0,1.0,0,0.9462489427840618,0.9462489427840618,1.0,15,0,-0.09865187114706794,12,1,0.7215525823480943
471070,10764,000000010764.jpg,OBLIQUE,2,15,41177.2,314.8,1,body7_self,rtmdet_ins_tiny,rtmdet_ins_tiny,4,0.8637,0.9674,0.9674,0,0.9473067294290184,0.9473067294290184,1.0,15,0,-0.10513649773613443,12,1,0.7203692057553459
471070,10764,000000010764.jpg,OBLIQUE,2,15,41177.2,314.8,1,aic_coco_self,gt_box,gt_box,,,1.0,1.0,0,0.9628725872071707,0.9628725872071707,1.0,15,0,-0.11601010747140332,12,1,0.7707568336935604
471070,10764,000000010764.jpg,OBLIQUE,2,15,41177.2,314.8,1,aic_coco_self,rtmdet_ins_tiny,rtmdet_ins_tiny,4,0.8637,0.9674,0.9674,0,0.9558175549707058,0.9558175549707058,1.0,15,0,-0.11553323756805758,12,1,0.7765226258951075
471845,84241,000000084241.jpg,FRONT,3,12,36807.3,306.1,-1,body7_official,gt_box,gt_box,,,1.0,1.0,0,0.9803558926886623,0.9803558926886623,1.0,12,0,-0.5642678225823378,8,-1,0.686067085055744
471845,84241,000000084241.jpg,FRONT,3,12,36807.3,306.1,-1,body7_official,rtmdet_ins_tiny,rtmdet_ins_tiny,13,0.8608,0.9385,0.9385,0,0.980131096865109,0.980131096865109,1.0,12,0,-0.5579387346277885,8,-1,0.6881152040818158
471845,84241,000000084241.jpg,FRONT,3,12,36807.3,306.1,-1,body7_self,gt_box,gt_box,,,1.0,1.0,0,0.9803558926886623,0.9803558926886623,1.0,12,0,-0.5642678225823378,8,-1,0.686067184104639
471845,84241,000000084241.jpg,FRONT,3,12,36807.3,306.1,-1,body7_self,rtmdet_ins_tiny,rtmdet_ins_tiny,13,0.8608,0.9385,0.9385,0,0.980131096865109,0.980131096865109,1.0,12,0,-0.5579387346277885,8,-1,0.6881152479087606
471845,84241,000000084241.jpg,FRONT,3,12,36807.3,306.1,-1,aic_coco_self,gt_box,gt_box,,,1.0,1.0,0,0.9774576671173479,0.9774576671173479,1.0,12,0,-0.5594288855900761,8,-1,0.6931907411883859
471845,84241,000000084241.jpg,FRONT,3,12,36807.3,306.1,-1,aic_coco_self,rtmdet_ins_tiny,rtmdet_ins_tiny,13,0.8608,0.9385,0.9385,0,0.9784505912260832,0.9784505912260832,1.0,12,0,-0.5572049364725128,8,-1,0.68477804432897
472315,36539,000000036539.jpg,FRONT,3,17,16811.6,239.6,-1,body7_official,gt_box,gt_box,,,1.0,1.0,0,0.9810976145452673,0.9810976145452673,1.0,17,0,-0.3469427153632439,12,-1,0.8642116259126102
472315,36539,000000036539.jpg,FRONT,3,17,16811.6,239.6,-1,body7_official,rtmdet_ins_tiny,rtmdet_ins_tiny,3,0.9086,0.8708,0.8708,0,0.9789722311531008,0.9789722311531008,1.0,17,0,-0.3468565618715185,12,-1,0.8591306244625765
472315,36539,000000036539.jpg,FRONT,3,17,16811.6,239.6,-1,body7_self,gt_box,gt_box,,,1.0,1.0,0,0.9810976145452673,0.9810976145452673,1.0,17,0,-0.3469427153632439,12,-1,0.8642116925295662
472315,36539,000000036539.jpg,FRONT,3,17,16811.6,239.6,-1,body7_self,rtmdet_ins_tiny,rtmdet_ins_tiny,3,0.9086,0.8708,0.8708,0,0.9789722311531008,0.9789722311531008,1.0,17,0,-0.3468565618715185,12,-1,0.859130578882554
472315,36539,000000036539.jpg,FRONT,3,17,16811.6,239.6,-1,aic_coco_self,gt_box,gt_box,,,1.0,1.0,0,0.9816580229127068,0.9816580229127068,1.0,17,0,-0.3502104161150486,12,-1,0.8980796442312353
472315,36539,000000036539.jpg,FRONT,3,17,16811.6,239.6,-1,aic_coco_self,rtmdet_ins_tiny,rtmdet_ins_tiny,3,0.9086,0.8708,0.8708,0,0.9810011930163337,0.9810011930163337,1.0,17,0,-0.34923087848504564,12,-1,0.8982276741196128
472656,63047,000000063047.jpg,REAR,0,12,1481.4,107.2,1,body7_official,gt_box,gt_box,,,1.0,1.0,0,0.8431592235146825,0.8431592235146825,0.9,10,0,-0.23023170630262077,6,1,0.6815129746409023
472656,63047,000000063047.jpg,REAR,0,12,1481.4,107.2,1,body7_official,rtmdet_ins_tiny,rtmdet_ins_tiny,27,0.8470,0.6883,0.6883,0,0.8358144785565529,0.8358144785565529,0.9,10,0,-0.23388635902085847,6,1,0.6971902847290039
472656,63047,000000063047.jpg,REAR,0,12,1481.4,107.2,1,body7_self,gt_box,gt_box,,,1.0,1.0,0,0.8431592235146825,0.8431592235146825,0.9,10,0,-0.23023170630262077,6,1,0.6815129132831798
472656,63047,000000063047.jpg,REAR,0,12,1481.4,107.2,1,body7_self,rtmdet_ins_tiny,rtmdet_ins_tiny,27,0.8470,0.6883,0.6883,0,0.8358144785565529,0.8358144785565529,0.9,10,0,-0.23388635902085847,6,1,0.697190242655137
472656,63047,000000063047.jpg,REAR,0,12,1481.4,107.2,1,aic_coco_self,gt_box,gt_box,,,1.0,1.0,0,0.828227186575929,0.828227186575929,0.9,10,0,-0.2305041502319109,6,1,0.7283468071152183
472656,63047,000000063047.jpg,REAR,0,12,1481.4,107.2,1,aic_coco_self,rtmdet_ins_tiny,rtmdet_ins_tiny,27,0.8470,0.6883,0.6883,0,0.8222915792833423,0.8222915792833423,0.9,10,0,-0.2290231291554034,6,1,0.7152355348362642
473214,352760,000000352760.jpg,FRONT,3,17,32743.2,348.0,-1,body7_official,gt_box,gt_box,,,1.0,1.0,0,0.9097897664056678,0.9097897664056678,1.0,17,0,-0.5612599869466188,12,-1,0.8495221663923824
473214,352760,000000352760.jpg,FRONT,3,17,32743.2,348.0,-1,body7_official,rtmdet_ins_tiny,rtmdet_ins_tiny,2,0.7711,0.9272,0.9272,0,0.9237439782727792,0.9237439782727792,1.0,17,0,-0.5603675109253314,12,-1,0.8463497267049902
473214,352760,000000352760.jpg,FRONT,3,17,32743.2,348.0,-1,body7_self,gt_box,gt_box,,,1.0,1.0,0,0.9097897664056678,0.9097897664056678,1.0,17,0,-0.5612599869466188,12,-1,0.8495221734046936
473214,352760,000000352760.jpg,FRONT,3,17,32743.2,348.0,-1,body7_self,rtmdet_ins_tiny,rtmdet_ins_tiny,2,0.7711,0.9272,0.9272,0,0.9237439782727792,0.9237439782727792,1.0,17,0,-0.5603675109253314,12,-1,0.8463495268541223
473214,352760,000000352760.jpg,FRONT,3,17,32743.2,348.0,-1,aic_coco_self,gt_box,gt_box,,,1.0,1.0,0,0.9704928071521964,0.9704928071521964,1.0,17,0,-0.5632888436631833,12,-1,0.8809108278330635
473214,352760,000000352760.jpg,FRONT,3,17,32743.2,348.0,-1,aic_coco_self,rtmdet_ins_tiny,rtmdet_ins_tiny,2,0.7711,0.9272,0.9272,0,0.9629689364335838,0.9629689364335838,1.0,17,0,-0.5642370282670055,12,-1,0.8835220968022066
473521,270474,000000270474.jpg,FRONT,3,15,30447.8,359.0,-1,body7_official,gt_box,gt_box,,,1.0,1.0,0,0.9689070963344665,0.9689070963344665,1.0,15,0,-0.19785377795765063,10,-1,0.8527441165026497
473521,270474,000000270474.jpg,FRONT,3,15,30447.8,359.0,-1,body7_official,rtmdet_ins_tiny,rtmdet_ins_tiny,10,0.8720,0.9704,0.9704,0,0.9712054681729761,0.9712054681729761,1.0,15,0,-0.1962084414554488,10,-1,0.8524742126464844
473521,270474,000000270474.jpg,FRONT,3,15,30447.8,359.0,-1,body7_self,gt_box,gt_box,,,1.0,1.0,0,0.9689070963344665,0.9689070963344665,1.0,15,0,-0.19785377795765063,10,-1,0.8527440849472495
473521,270474,000000270474.jpg,FRONT,3,15,30447.8,359.0,-1,body7_self,rtmdet_ins_tiny,rtmdet_ins_tiny,10,0.8720,0.9704,0.9704,0,0.9712054681729761,0.9712054681729761,1.0,15,0,-0.1962084414554488,10,-1,0.8524742231649511
473521,270474,000000270474.jpg,FRONT,3,15,30447.8,359.0,-1,aic_coco_self,gt_box,gt_box,,,1.0,1.0,0,0.9604993202979809,0.9604993202979809,1.0,15,0,-0.1937435974041361,10,-1,0.8474508839495042
473521,270474,000000270474.jpg,FRONT,3,15,30447.8,359.0,-1,aic_coco_self,rtmdet_ins_tiny,rtmdet_ins_tiny,10,0.8720,0.9704,0.9704,0,0.9624610893644063,0.9624610893644063,1.0,15,0,-0.19305760420382834,10,-1,0.8424896107000464
473918,8211,000000008211.jpg,OBLIQUE,2,15,7140.5,150.6,-1,body7_official,gt_box,gt_box,,,1.0,1.0,0,0.9631255022115455,0.9631255022115455,1.0,15,0,-0.43914824890272597,12,-1,0.822619262863608
473918,8211,000000008211.jpg,OBLIQUE,2,15,7140.5,150.6,-1,body7_official,rtmdet_ins_tiny,rtmdet_ins_tiny,7,0.8781,0.9127,0.9127,0,0.9621736261333548,0.9621736261333548,1.0,15,0,-0.4383740272996403,12,-1,0.8295897736268885
473918,8211,000000008211.jpg,OBLIQUE,2,15,7140.5,150.6,-1,body7_self,gt_box,gt_box,,,1.0,1.0,0,0.9631255022115455,0.9631255022115455,1.0,15,0,-0.43914824890272597,12,-1,0.8226193505174973
473918,8211,000000008211.jpg,OBLIQUE,2,15,7140.5,150.6,-1,body7_self,rtmdet_ins_tiny,rtmdet_ins_tiny,7,0.8781,0.9127,0.9127,0,0.9621736261333548,0.9621736261333548,1.0,15,0,-0.4383740272996403,12,-1,0.8295897631084218
473918,8211,000000008211.jpg,OBLIQUE,2,15,7140.5,150.6,-1,aic_coco_self,gt_box,gt_box,,,1.0,1.0,0,0.968362651389247,0.968362651389247,1.0,15,0,-0.4414209004222677,12,-1,0.8416621579843409
473918,8211,000000008211.jpg,OBLIQUE,2,15,7140.5,150.6,-1,aic_coco_self,rtmdet_ins_tiny,rtmdet_ins_tiny,7,0.8781,0.9127,0.9127,0,0.9634614537195143,0.9634614537195143,1.0,15,0,-0.44000025904040396,12,-1,0.8357184038442724
474221,258388,000000258388.jpg,FRONT,3,14,15863.8,242.0,-1,body7_official,gt_box,gt_box,,,1.0,1.0,0,0.9630270457002951,0.9630270457002951,1.0,14,0,-0.2007780152689531,8,-1,0.8129166750346913
474221,258388,000000258388.jpg,FRONT,3,14,15863.8,242.0,-1,body7_official,rtmdet_ins_tiny,rtmdet_ins_tiny,2,0.7683,0.9426,0.9426,0,0.9646704266444562,0.9646704266444562,1.0,14,0,-0.19846518213159886,8,-1,0.821476045776816
474221,258388,000000258388.jpg,FRONT,3,14,15863.8,242.0,-1,body7_self,gt_box,gt_box,,,1.0,1.0,0,0.9630270457002951,0.9630270457002951,1.0,14,0,-0.2007780152689531,8,-1,0.812916669775458
474221,258388,000000258388.jpg,FRONT,3,14,15863.8,242.0,-1,body7_self,rtmdet_ins_tiny,rtmdet_ins_tiny,2,0.7683,0.9426,0.9426,0,0.9646704266444562,0.9646704266444562,1.0,14,0,-0.19846518213159886,8,-1,0.8214759072836708
474221,258388,000000258388.jpg,FRONT,3,14,15863.8,242.0,-1,aic_coco_self,gt_box,gt_box,,,1.0,1.0,0,0.9599690557866808,0.9599690557866808,1.0,14,0,-0.20128619794395994,8,-1,0.7855331108850592
474221,258388,000000258388.jpg,FRONT,3,14,15863.8,242.0,-1,aic_coco_self,rtmdet_ins_tiny,rtmdet_ins_tiny,2,0.7683,0.9426,0.9426,0,0.9662620336846042,0.9662620336846042,1.0,14,0,-0.2042951047933222,8,-1,0.7780091482050279
474691,400815,000000400815.jpg,FRONT,3,16,51970.3,280.8,-1,body7_official,gt_box,gt_box,,,1.0,1.0,0,0.9501638247170873,0.9501638247170873,1.0,16,0,-0.7204566024391921,10,-1,0.9628439756000743
474691,400815,000000400815.jpg,FRONT,3,16,51970.3,280.8,-1,body7_official,rtmdet_ins_tiny,rtmdet_ins_tiny,6,0.8723,0.9465,0.9465,0,0.9543952315035676,0.9543952315035676,1.0,16,0,-0.7243499563091915,10,-1,0.9729495644569397
474691,400815,000000400815.jpg,FRONT,3,16,51970.3,280.8,-1,body7_self,gt_box,gt_box,,,1.0,1.0,0,0.9501638247170873,0.9501638247170873,1.0,16,0,-0.7204566024391921,10,-1,0.9628439195015851
474691,400815,000000400815.jpg,FRONT,3,16,51970.3,280.8,-1,body7_self,rtmdet_ins_tiny,rtmdet_ins_tiny,6,0.8723,0.9465,0.9465,0,0.9543952315035676,0.9543952315035676,1.0,16,0,-0.7243499563091915,10,-1,0.9729495644569397
474691,400815,000000400815.jpg,FRONT,3,16,51970.3,280.8,-1,aic_coco_self,gt_box,gt_box,,,1.0,1.0,0,0.9446253421679709,0.9446253421679709,1.0,16,0,-0.7233362826792922,10,-1,0.9198586169411155
474691,400815,000000400815.jpg,FRONT,3,16,51970.3,280.8,-1,aic_coco_self,rtmdet_ins_tiny,rtmdet_ins_tiny,6,0.8723,0.9465,0.9465,0,0.9474969542933233,0.9474969542933233,1.0,16,0,-0.7241016466612912,10,-1,0.9331316702506122
475292,473869,000000473869.jpg,FRONT,3,12,63493.1,388.7,-1,body7_official,gt_box,gt_box,,,1.0,1.0,0,0.9349200298026581,0.9349200298026581,1.0,12,0,-0.19336701937301393,8,-1,0.6270493952667012
475292,473869,000000473869.jpg,FRONT,3,12,63493.1,388.7,-1,body7_official,rtmdet_ins_tiny,rtmdet_ins_tiny,1,0.9032,0.9297,0.9297,0,0.9332129141329987,0.9332129141329987,1.0,12,0,-0.1957827127141505,8,-1,0.6234076636679032
475292,473869,000000473869.jpg,FRONT,3,12,63493.1,388.7,-1,body7_self,gt_box,gt_box,,,1.0,1.0,0,0.9349200298026581,0.9349200298026581,1.0,12,0,-0.19336701937301393,8,-1,0.6270494119209402
475292,473869,000000473869.jpg,FRONT,3,12,63493.1,388.7,-1,body7_self,rtmdet_ins_tiny,rtmdet_ins_tiny,1,0.9032,0.9297,0.9297,0,0.9332129141329987,0.9332129141329987,1.0,12,0,-0.1957827127141505,8,-1,0.6234077302848592
475292,473869,000000473869.jpg,FRONT,3,12,63493.1,388.7,-1,aic_coco_self,gt_box,gt_box,,,1.0,1.0,0,0.9469006232566141,0.9469006232566141,1.0,12,0,-0.20823043384080164,8,-1,0.6386645300423398
475292,473869,000000473869.jpg,FRONT,3,12,63493.1,388.7,-1,aic_coco_self,rtmdet_ins_tiny,rtmdet_ins_tiny,1,0.9032,0.9297,0.9297,0,0.9488196585267404,0.9488196585267404,1.0,12,0,-0.20584235592499966,8,-1,0.6285485055516747
476239,89697,000000089697.jpg,OBLIQUE,2,13,3523.4,106.0,-1,body7_official,gt_box,gt_box,,,1.0,1.0,0,0.9229831584581496,0.9229831584581496,1.0,13,0,-0.2019767968610201,8,-1,0.700468147502226
476239,89697,000000089697.jpg,OBLIQUE,2,13,3523.4,106.0,-1,body7_official,rtmdet_ins_tiny,rtmdet_ins_tiny,20,0.3007,0.4475,0.6938,3,0.8803061700682111,0.8803061700682111,1.0,13,0,-0.13529372944672718,8,-1,0.4802205492468441
476239,89697,000000089697.jpg,OBLIQUE,2,13,3523.4,106.0,-1,body7_self,gt_box,gt_box,,,1.0,1.0,0,0.9229831584581496,0.9229831584581496,1.0,13,0,-0.2019767968610201,8,-1,0.7004682877484489
476239,89697,000000089697.jpg,OBLIQUE,2,13,3523.4,106.0,-1,body7_self,rtmdet_ins_tiny,rtmdet_ins_tiny,20,0.3007,0.4475,0.6938,3,0.8803061700682111,0.8803061700682111,1.0,13,0,-0.13529372944672718,8,-1,0.4802208034431233
476239,89697,000000089697.jpg,OBLIQUE,2,13,3523.4,106.0,-1,aic_coco_self,gt_box,gt_box,,,1.0,1.0,0,0.9183084319289545,0.9183084319289545,1.0,13,0,-0.20132286978570466,8,-1,0.7409504459184759
476239,89697,000000089697.jpg,OBLIQUE,2,13,3523.4,106.0,-1,aic_coco_self,rtmdet_ins_tiny,rtmdet_ins_tiny,20,0.3007,0.4475,0.6938,3,0.8980561500376779,0.8980561500376779,1.0,13,0,-0.17186566429788785,8,-1,0.4748220583971809
477002,288042,000000288042.jpg,REAR,0,15,5301.2,163.1,-1,body7_official,gt_box,gt_box,,,1.0,1.0,0,0.9791476475427822,0.9791476475427822,1.0,12,0,-0.2845352572991897,12,-1,0.8330660392256344
477002,288042,000000288042.jpg,REAR,0,15,5301.2,163.1,-1,body7_official,rtmdet_ins_tiny,rtmdet_ins_tiny,5,0.8670,0.9361,0.9361,0,0.9819196422711944,0.9819196422711944,1.0,12,0,-0.2860327477416449,12,-1,0.8359526430859285
477002,288042,000000288042.jpg,REAR,0,15,5301.2,163.1,-1,body7_self,gt_box,gt_box,,,1.0,1.0,0,0.9791476475427822,0.9791476475427822,1.0,12,0,-0.2845352572991897,12,-1,0.8330659410532784
477002,288042,000000288042.jpg,REAR,0,15,5301.2,163.1,-1,body7_self,rtmdet_ins_tiny,rtmdet_ins_tiny,5,0.8670,0.9361,0.9361,0,0.9819196422711944,0.9819196422711944,1.0,12,0,-0.2860327477416449,12,-1,0.8359525799751282
477002,288042,000000288042.jpg,REAR,0,15,5301.2,163.1,-1,aic_coco_self,gt_box,gt_box,,,1.0,1.0,0,0.9761952933908088,0.9761952933908088,1.0,12,0,-0.28323510235896165,12,-1,0.8168572047177483
477002,288042,000000288042.jpg,REAR,0,15,5301.2,163.1,-1,aic_coco_self,rtmdet_ins_tiny,rtmdet_ins_tiny,5,0.8670,0.9361,0.9361,0,0.9774953380262095,0.9774953380262095,1.0,12,0,-0.28255340359947584,12,-1,0.8303720179726096
477474,453166,000000453166.jpg,FRONT,3,15,38270.4,382.9,-1,body7_official,gt_box,gt_box,,,1.0,1.0,0,0.9835813705934343,0.9835813705934343,1.0,15,0,-0.3699276013533167,10,-1,0.8017411442363963
477474,453166,000000453166.jpg,FRONT,3,15,38270.4,382.9,-1,body7_official,rtmdet_ins_tiny,rtmdet_ins_tiny,12,0.9051,0.9610,0.9610,0,0.977999382615018,0.977999382615018,1.0,15,0,-0.36416565564959685,10,-1,0.8023747942026924
477474,453166,000000453166.jpg,FRONT,3,15,38270.4,382.9,-1,body7_self,gt_box,gt_box,,,1.0,1.0,0,0.9835813705934343,0.9835813705934343,1.0,15,0,-0.3699276013533167,10,-1,0.8017412143595078
477474,453166,000000453166.jpg,FRONT,3,15,38270.4,382.9,-1,body7_self,rtmdet_ins_tiny,rtmdet_ins_tiny,12,0.9051,0.9610,0.9610,0,0.977999382615018,0.977999382615018,1.0,15,0,-0.36416565564959685,10,-1,0.8023747170672697
477474,453166,000000453166.jpg,FRONT,3,15,38270.4,382.9,-1,aic_coco_self,gt_box,gt_box,,,1.0,1.0,0,0.9811802391191935,0.9811802391191935,1.0,15,0,-0.371578826503529,10,-1,0.8116555248989779
477474,453166,000000453166.jpg,FRONT,3,15,38270.4,382.9,-1,aic_coco_self,rtmdet_ins_tiny,rtmdet_ins_tiny,12,0.9051,0.9610,0.9610,0,0.9813082475858664,0.9813082475858664,1.0,15,0,-0.3706099793923398,10,-1,0.8034756201155046
478453,257624,000000257624.jpg,FRONT,3,16,108379.1,628.5,-1,body7_official,gt_box,gt_box,,,1.0,1.0,0,0.9794653123305539,0.9794653123305539,1.0,14,0,-0.39749601646525423,10,-1,0.906629387070151
478453,257624,000000257624.jpg,FRONT,3,16,108379.1,628.5,-1,body7_official,rtmdet_ins_tiny,rtmdet_ins_tiny,7,0.8870,0.9457,0.9457,0,0.9814384302425498,0.9814384302425498,1.0,14,0,-0.3988039627371646,10,-1,0.901545012698454
478453,257624,000000257624.jpg,FRONT,3,16,108379.1,628.5,-1,body7_self,gt_box,gt_box,,,1.0,1.0,0,0.9794653123305539,0.9794653123305539,1.0,14,0,-0.39749601646525423,10,-1,0.906629436156329
478453,257624,000000257624.jpg,FRONT,3,16,108379.1,628.5,-1,body7_self,rtmdet_ins_tiny,rtmdet_ins_tiny,7,0.8870,0.9457,0.9457,0,0.9814384302425498,0.9814384302425498,1.0,14,0,-0.3988039627371646,10,-1,0.9015449250445646
478453,257624,000000257624.jpg,FRONT,3,16,108379.1,628.5,-1,aic_coco_self,gt_box,gt_box,,,1.0,1.0,0,0.9778095864970354,0.9778095864970354,1.0,14,0,-0.3926844247588621,10,-1,0.8812769300797406
478453,257624,000000257624.jpg,FRONT,3,16,108379.1,628.5,-1,aic_coco_self,rtmdet_ins_tiny,rtmdet_ins_tiny,7,0.8870,0.9457,0.9457,0,0.9808350666439917,0.9808350666439917,1.0,14,0,-0.39098787746643926,10,-1,0.8916059942806468
479129,256868,000000256868.jpg,OBLIQUE,2,15,12468.7,201.5,-1,body7_official,gt_box,gt_box,,,1.0,1.0,0,0.9662650696061242,0.9662650696061242,1.0,15,0,-0.499855246979701,12,-1,0.8470661675228792
479129,256868,000000256868.jpg,OBLIQUE,2,15,12468.7,201.5,-1,body7_official,rtmdet_ins_tiny,rtmdet_ins_tiny,9,0.9285,0.9346,0.9346,0,0.9636835811761995,0.9636835811761995,1.0,15,0,-0.5013776193079482,12,-1,0.8690579288146075
479129,256868,000000256868.jpg,OBLIQUE,2,15,12468.7,201.5,-1,body7_self,gt_box,gt_box,,,1.0,1.0,0,0.9662650696061242,0.9662650696061242,1.0,15,0,-0.499855246979701,12,-1,0.8470661149305456
479129,256868,000000256868.jpg,OBLIQUE,2,15,12468.7,201.5,-1,body7_self,rtmdet_ins_tiny,rtmdet_ins_tiny,9,0.9285,0.9346,0.9346,0,0.9636835811761995,0.9636835811761995,1.0,15,0,-0.5013776193079482,12,-1,0.869057883234585
479129,256868,000000256868.jpg,OBLIQUE,2,15,12468.7,201.5,-1,aic_coco_self,gt_box,gt_box,,,1.0,1.0,0,0.9569365484864233,0.9569365484864233,1.0,15,0,-0.5043634374197854,12,-1,0.856072930728688
479129,256868,000000256868.jpg,OBLIQUE,2,15,12468.7,201.5,-1,aic_coco_self,rtmdet_ins_tiny,rtmdet_ins_tiny,9,0.9285,0.9346,0.9346,0,0.9579474941329914,0.9579474941329914,1.0,15,0,-0.4991770911934817,12,-1,0.8679018476430107
479751,186042,000000186042.jpg,REAR,0,14,10688.6,185.5,1,body7_official,gt_box,gt_box,,,1.0,1.0,0,0.9658497215714295,0.9658497215714295,1.0,14,0,-0.31908003366263676,12,1,0.7346300289911383
479751,186042,000000186042.jpg,REAR,0,14,10688.6,185.5,1,body7_official,rtmdet_ins_tiny,rtmdet_ins_tiny,15,0.8226,0.8917,0.8917,0,0.9737433889755961,0.9737433889755961,1.0,14,0,-0.3225898775048472,12,1,0.7265482054037207
479751,186042,000000186042.jpg,REAR,0,14,10688.6,185.5,1,body7_self,gt_box,gt_box,,,1.0,1.0,0,0.9658497215714295,0.9658497215714295,1.0,14,0,-0.31908003366263676,12,1,0.7346301429411944
479751,186042,000000186042.jpg,REAR,0,14,10688.6,185.5,1,body7_self,rtmdet_ins_tiny,rtmdet_ins_tiny,15,0.8226,0.8917,0.8917,0,0.9737433889755961,0.9737433889755961,1.0,14,0,-0.3225898775048472,12,1,0.7265482124160317
479751,186042,000000186042.jpg,REAR,0,14,10688.6,185.5,1,aic_coco_self,gt_box,gt_box,,,1.0,1.0,0,0.9664575536687604,0.9664575536687604,1.0,14,0,-0.31528907672652046,12,1,0.8006250157075769
479751,186042,000000186042.jpg,REAR,0,14,10688.6,185.5,1,aic_coco_self,rtmdet_ins_tiny,rtmdet_ins_tiny,15,0.8226,0.8917,0.8917,0,0.970287675595077,0.970287675595077,1.0,14,0,-0.3178090285715183,12,1,0.805451512336731
480194,157365,000000157365.jpg,FRONT,3,17,26414.8,363.6,-1,body7_official,gt_box,gt_box,,,1.0,1.0,0,0.9909541554158205,0.9909541554158205,1.0,16,0,-0.31768753993948934,12,-1,0.9761664832339567
480194,157365,000000157365.jpg,FRONT,3,17,26414.8,363.6,-1,body7_official,rtmdet_ins_tiny,rtmdet_ins_tiny,3,0.9157,0.9597,0.9597,0,0.9894271665730433,0.9894271665730433,1.0,16,0,-0.3193854840856017,12,-1,0.9716399697696462
480194,157365,000000157365.jpg,FRONT,3,17,26414.8,363.6,-1,body7_self,gt_box,gt_box,,,1.0,1.0,0,0.9909541554158205,0.9909541554158205,1.0,16,0,-0.31768753993948934,12,-1,0.9761665498509127
480194,157365,000000157365.jpg,FRONT,3,17,26414.8,363.6,-1,body7_self,rtmdet_ins_tiny,rtmdet_ins_tiny,3,0.9157,0.9597,0.9597,0,0.9894271665730433,0.9894271665730433,1.0,16,0,-0.3193854840856017,12,-1,0.9716400469050688
480194,157365,000000157365.jpg,FRONT,3,17,26414.8,363.6,-1,aic_coco_self,gt_box,gt_box,,,1.0,1.0,0,0.9936705700802837,0.9936705700802837,1.0,16,0,-0.31516102931079987,12,-1,0.9341442024006563
480194,157365,000000157365.jpg,FRONT,3,17,26414.8,363.6,-1,aic_coco_self,rtmdet_ins_tiny,rtmdet_ins_tiny,3,0.9157,0.9597,0.9597,0,0.9931753137511601,0.9931753137511601,1.0,16,0,-0.31794662071071206,12,-1,0.9326635143336128
480711,1490,000000001490.jpg,OBLIQUE,2,15,2419.0,122.8,-1,body7_official,gt_box,gt_box,,,1.0,1.0,0,0.954263954409969,0.954263954409969,1.0,15,0,-0.2523751447522047,12,-1,0.7772022520794588
480711,1490,000000001490.jpg,OBLIQUE,2,15,2419.0,122.8,-1,body7_official,rtmdet_ins_tiny,rtmdet_ins_tiny,4,0.8352,0.9796,0.9796,0,0.9481747123002616,0.9481747123002616,1.0,15,0,-0.2522312317465254,12,-1,0.7767633971045999
480711,1490,000000001490.jpg,OBLIQUE,2,15,2419.0,122.8,-1,body7_self,gt_box,gt_box,,,1.0,1.0,0,0.954263954409969,0.954263954409969,1.0,15,0,-0.2523751447522047,12,-1,0.777202217017903
480711,1490,000000001490.jpg,OBLIQUE,2,15,2419.0,122.8,-1,body7_self,rtmdet_ins_tiny,rtmdet_ins_tiny,4,0.8352,0.9796,0.9796,0,0.9481747123002616,0.9481747123002616,1.0,15,0,-0.2522312317465254,12,-1,0.7767632884137771
480711,1490,000000001490.jpg,OBLIQUE,2,15,2419.0,122.8,-1,aic_coco_self,gt_box,gt_box,,,1.0,1.0,0,0.945802990160593,0.945802990160593,1.0,15,0,-0.2526174232152417,12,-1,0.8456399440765381
480711,1490,000000001490.jpg,OBLIQUE,2,15,2419.0,122.8,-1,aic_coco_self,rtmdet_ins_tiny,rtmdet_ins_tiny,4,0.8352,0.9796,0.9796,0,0.9408385833486425,0.9408385833486425,1.0,15,0,-0.25271074388043124,12,-1,0.8428340238683364
481918,252219,000000252219.jpg,FRONT,3,17,8511.2,197.2,-1,body7_official,gt_box,gt_box,,,1.0,1.0,0,0.9640985302833516,0.9640985302833516,1.0,17,0,-0.35809106268828517,12,-1,0.8586467364255119
481918,252219,000000252219.jpg,FRONT,3,17,8511.2,197.2,-1,body7_official,rtmdet_ins_tiny,rtmdet_ins_tiny,6,0.8938,0.9755,0.9755,0,0.9776254391920977,0.9776254391920977,1.0,17,0,-0.3587632283147549,12,-1,0.8751720154986662
481918,252219,000000252219.jpg,FRONT,3,17,8511.2,197.2,-1,body7_self,gt_box,gt_box,,,1.0,1.0,0,0.9640985302833516,0.9640985302833516,1.0,17,0,-0.35809106268828517,12,-1,0.8586468240794014
481918,252219,000000252219.jpg,FRONT,3,17,8511.2,197.2,-1,body7_self,rtmdet_ins_tiny,rtmdet_ins_tiny,6,0.8938,0.9755,0.9755,0,0.9776254391920977,0.9776254391920977,1.0,17,0,-0.3587632283147549,12,-1,0.8751721347079557
481918,252219,000000252219.jpg,FRONT,3,17,8511.2,197.2,-1,aic_coco_self,gt_box,gt_box,,,1.0,1.0,0,0.988795123993512,0.988795123993512,1.0,17,0,-0.3556219815367138,12,-1,0.8644594024209415
481918,252219,000000252219.jpg,FRONT,3,17,8511.2,197.2,-1,aic_coco_self,rtmdet_ins_tiny,rtmdet_ins_tiny,6,0.8938,0.9755,0.9755,0,0.9896510059921078,0.9896510059921078,1.0,17,0,-0.35531842263285307,12,-1,0.867397665977478
483255,80340,000000080340.jpg,FRONT,3,16,19055.9,253.3,-1,body7_official,gt_box,gt_box,,,1.0,1.0,0,0.9583623380320657,0.9583623380320657,1.0,14,0,-0.41887814159114767,10,-1,0.7910261084051693
483255,80340,000000080340.jpg,FRONT,3,16,19055.9,253.3,-1,body7_official,rtmdet_ins_tiny,rtmdet_ins_tiny,14,0.8517,0.8355,0.8355,0,0.942636930601565,0.942636930601565,1.0,14,0,-0.41346738367589475,10,-1,0.8626610286095563
483255,80340,000000080340.jpg,FRONT,3,16,19055.9,253.3,-1,body7_self,gt_box,gt_box,,,1.0,1.0,0,0.9583623380320657,0.9583623380320657,1.0,14,0,-0.41887814159114767,10,-1,0.7910261294421028
483255,80340,000000080340.jpg,FRONT,3,16,19055.9,253.3,-1,body7_self,rtmdet_ins_tiny,rtmdet_ins_tiny,14,0.8517,0.8355,0.8355,0,0.942636930601565,0.942636930601565,1.0,14,0,-0.41346738367589475,10,-1,0.8626610215972451
483255,80340,000000080340.jpg,FRONT,3,16,19055.9,253.3,-1,aic_coco_self,gt_box,gt_box,,,1.0,1.0,0,0.9683154865274088,0.9683154865274088,1.0,14,0,-0.42392093437537903,10,-1,0.832892705412472
483255,80340,000000080340.jpg,FRONT,3,16,19055.9,253.3,-1,aic_coco_self,rtmdet_ins_tiny,rtmdet_ins_tiny,14,0.8517,0.8355,0.8355,0,0.96301027853614,0.96301027853614,1.0,14,0,-0.42094616826524117,10,-1,0.8785700657788444
483843,226147,000000226147.jpg,REAR,0,12,14288.8,225.6,-1,body7_official,gt_box,gt_box,,,1.0,1.0,0,0.9699786738330345,0.9699786738330345,1.0,9,0,-0.3897268191557808,8,-1,0.5715775419684017
483843,226147,000000226147.jpg,REAR,0,12,14288.8,225.6,-1,body7_official,rtmdet_ins_tiny,rtmdet_ins_tiny,10,0.8099,0.8103,0.8103,0,0.9634022810263505,0.9634022810263505,1.0,9,0,-0.382628206532436,8,-1,0.5931762912694145
483843,226147,000000226147.jpg,REAR,0,12,14288.8,225.6,-1,body7_self,gt_box,gt_box,,,1.0,1.0,0,0.9699786738330345,0.9699786738330345,1.0,9,0,-0.3897268191557808,8,-1,0.5715774963883793
483843,226147,000000226147.jpg,REAR,0,12,14288.8,225.6,-1,body7_self,rtmdet_ins_tiny,rtmdet_ins_tiny,10,0.8099,0.8103,0.8103,0,0.9634022810263505,0.9634022810263505,1.0,9,0,-0.382628206532436,8,-1,0.5931761948501363
483843,226147,000000226147.jpg,REAR,0,12,14288.8,225.6,-1,aic_coco_self,gt_box,gt_box,,,1.0,1.0,0,0.9718489080958945,0.9718489080958945,1.0,9,0,-0.392534038144191,8,-1,0.6102059991920695
483843,226147,000000226147.jpg,REAR,0,12,14288.8,225.6,-1,aic_coco_self,rtmdet_ins_tiny,rtmdet_ins_tiny,10,0.8099,0.8103,0.8103,0,0.9616609579427772,0.9616609579427772,1.0,9,0,-0.3870086442146521,8,-1,0.6582398589919595
484032,504074,000000504074.jpg,FRONT,3,17,12525.3,283.7,-1,body7_official,gt_box,gt_box,,,1.0,1.0,0,0.9307530608434863,0.9307530608434863,1.0,14,0,-0.3009679250044321,8,-1,0.8758234521921944
484032,504074,000000504074.jpg,FRONT,3,17,12525.3,283.7,-1,body7_official,rtmdet_ins_tiny,rtmdet_ins_tiny,8,0.8584,0.9248,0.9248,0,0.9195588110551488,0.9195588110551488,1.0,14,0,-0.2965476494626289,8,-1,0.8736398956354927
484032,504074,000000504074.jpg,FRONT,3,17,12525.3,283.7,-1,body7_self,gt_box,gt_box,,,1.0,1.0,0,0.9307530608434863,0.9307530608434863,1.0,14,0,-0.3009679250044321,8,-1,0.8758235012783724
484032,504074,000000504074.jpg,FRONT,3,17,12525.3,283.7,-1,body7_self,rtmdet_ins_tiny,rtmdet_ins_tiny,8,0.8584,0.9248,0.9248,0,0.9195588110551488,0.9195588110551488,1.0,14,0,-0.2965476494626289,8,-1,0.8736398220062256
484032,504074,000000504074.jpg,FRONT,3,17,12525.3,283.7,-1,aic_coco_self,gt_box,gt_box,,,1.0,1.0,0,0.9753491777355894,0.9753491777355894,1.0,14,0,-0.33394684238794103,8,-1,0.8483541432548972
484032,504074,000000504074.jpg,FRONT,3,17,12525.3,283.7,-1,aic_coco_self,rtmdet_ins_tiny,rtmdet_ins_tiny,8,0.8584,0.9248,0.9248,0,0.9722889638153311,0.9722889638153311,1.0,14,0,-0.3326515750536188,8,-1,0.8551025040009442
484806,548246,000000548246.jpg,FRONT,3,12,28221.8,310.1,-1,body7_official,gt_box,gt_box,,,1.0,1.0,0,0.9714448582174166,0.9714448582174166,1.0,12,0,-0.4092381839118351,8,-1,0.7236586844219881
484806,548246,000000548246.jpg,FRONT,3,12,28221.8,310.1,-1,body7_official,rtmdet_ins_tiny,rtmdet_ins_tiny,23,0.8775,0.9720,0.9720,0,0.9712718696012422,0.9712718696012422,1.0,12,0,-0.4123145779313376,8,-1,0.7257692007457509
484806,548246,000000548246.jpg,FRONT,3,12,28221.8,310.1,-1,body7_self,gt_box,gt_box,,,1.0,1.0,0,0.9714448582174166,0.9714448582174166,1.0,12,0,-0.4092381839118351,8,-1,0.7236586379654267
484806,548246,000000548246.jpg,FRONT,3,12,28221.8,310.1,-1,body7_self,rtmdet_ins_tiny,rtmdet_ins_tiny,23,0.8775,0.9720,0.9720,0,0.9712718696012422,0.9712718696012422,1.0,12,0,-0.4123145779313376,8,-1,0.7257691551657284
484806,548246,000000548246.jpg,FRONT,3,12,28221.8,310.1,-1,aic_coco_self,gt_box,gt_box,,,1.0,1.0,0,0.966721246225104,0.966721246225104,1.0,12,0,-0.40859484232328935,8,-1,0.734310202738818
484806,548246,000000548246.jpg,FRONT,3,12,28221.8,310.1,-1,aic_coco_self,rtmdet_ins_tiny,rtmdet_ins_tiny,23,0.8775,0.9720,0.9720,0,0.9715543406550348,0.9715543406550348,1.0,12,0,-0.41596456648490626,8,-1,0.7354710251092911
485165,95155,000000095155.jpg,FRONT,3,16,5503.4,130.7,-1,body7_official,gt_box,gt_box,,,1.0,1.0,0,0.8739847411610472,0.8739847411610472,1.0,16,0,-0.3855169658301254,12,-1,0.7522971034049988
485165,95155,000000095155.jpg,FRONT,3,16,5503.4,130.7,-1,body7_official,rtmdet_ins_tiny,rtmdet_ins_tiny,3,0.7669,0.9557,0.9557,0,0.9086543699305225,0.9086543699305225,1.0,16,0,-0.38822320911547575,12,-1,0.7615118307225844
485165,95155,000000095155.jpg,FRONT,3,16,5503.4,130.7,-1,body7_self,gt_box,gt_box,,,1.0,1.0,0,0.8739847411610472,0.8739847411610472,1.0,16,0,-0.3855169658301254,12,-1,0.7522971034049988
485165,95155,000000095155.jpg,FRONT,3,16,5503.4,130.7,-1,body7_self,rtmdet_ins_tiny,rtmdet_ins_tiny,3,0.7669,0.9557,0.9557,0,0.9086543699305225,0.9086543699305225,1.0,16,0,-0.38822320911547575,12,-1,0.7615118482533623
485165,95155,000000095155.jpg,FRONT,3,16,5503.4,130.7,-1,aic_coco_self,gt_box,gt_box,,,1.0,1.0,0,0.898146530319088,0.898146530319088,1.0,16,0,-0.3962395001224167,12,-1,0.8207676691167495
485165,95155,000000095155.jpg,FRONT,3,16,5503.4,130.7,-1,aic_coco_self,rtmdet_ins_tiny,rtmdet_ins_tiny,3,0.7669,0.9557,0.9557,0,0.8910559355516628,0.8910559355516628,1.0,16,0,-0.39655007379275303,12,-1,0.8212980102090275
486087,152120,000000152120.jpg,OBLIQUE,2,11,28261.3,286.9,1,body7_official,gt_box,gt_box,,,1.0,1.0,0,0.9280988331092396,0.9280988331092396,1.0,11,0,-0.05666592092257328,4,1,0.6312358887756572
486087,152120,000000152120.jpg,OBLIQUE,2,11,28261.3,286.9,1,body7_official,rtmdet_ins_tiny,rtmdet_ins_tiny,4,0.7855,0.9398,0.9398,0,0.9353455157228587,0.9353455157228587,1.0,11,0,-0.03623488312037245,4,1,0.6501758606994853
486087,152120,000000152120.jpg,OBLIQUE,2,11,28261.3,286.9,1,body7_self,gt_box,gt_box,,,1.0,1.0,0,0.9280988331092396,0.9280988331092396,1.0,11,0,-0.05666592092257328,4,1,0.6312358940348906
486087,152120,000000152120.jpg,OBLIQUE,2,11,28261.3,286.9,1,body7_self,rtmdet_ins_tiny,rtmdet_ins_tiny,4,0.7855,0.9398,0.9398,0,0.9353455157228587,0.9353455157228587,1.0,11,0,-0.03623488312037245,4,1,0.6501758308971629
486087,152120,000000152120.jpg,OBLIQUE,2,11,28261.3,286.9,1,aic_coco_self,gt_box,gt_box,,,1.0,1.0,0,0.9510739171706452,0.9510739171706452,1.0,11,0,-0.03771518761790824,4,1,0.6528128332951489
486087,152120,000000152120.jpg,OBLIQUE,2,11,28261.3,286.9,1,aic_coco_self,rtmdet_ins_tiny,rtmdet_ins_tiny,4,0.7855,0.9398,0.9398,0,0.943413202195211,0.943413202195211,1.0,11,0,-0.016290450265925363,4,1,0.6641697094720953
487308,199551,000000199551.jpg,OBLIQUE,2,14,17304.2,101.4,-1,body7_official,gt_box,gt_box,,,1.0,1.0,0,0.8639314493715791,0.8639314493715791,1.0,14,0,-0.2974486652135426,10,-1,0.7347862808143392
487308,199551,000000199551.jpg,OBLIQUE,2,14,17304.2,101.4,-1,body7_official,rtmdet_ins_tiny,rtmdet_ins_tiny,17,0.6996,0.9110,0.9110,0,0.7953993975831425,0.7953993975831425,0.9285714285714286,14,0,-0.3062167235978254,10,-1,0.71896894363796
487308,199551,000000199551.jpg,OBLIQUE,2,14,17304.2,101.4,-1,body7_self,gt_box,gt_box,,,1.0,1.0,0,0.8639314493715791,0.8639314493715791,1.0,14,0,-0.2974486652135426,10,-1,0.734786273802028
487308,199551,000000199551.jpg,OBLIQUE,2,14,17304.2,101.4,-1,body7_self,rtmdet_ins_tiny,rtmdet_ins_tiny,17,0.6996,0.9110,0.9110,0,0.7953993975831425,0.7953993975831425,0.9285714285714286,14,0,-0.3062167235978254,10,-1,0.7189689313664156
487308,199551,000000199551.jpg,OBLIQUE,2,14,17304.2,101.4,-1,aic_coco_self,gt_box,gt_box,,,1.0,1.0,0,0.9460888984428246,0.9460888984428246,1.0,14,0,-0.30064753769186475,10,-1,0.7683621820281533
487308,199551,000000199551.jpg,OBLIQUE,2,14,17304.2,101.4,-1,aic_coco_self,rtmdet_ins_tiny,rtmdet_ins_tiny,17,0.6996,0.9110,0.9110,0,0.9082337104687989,0.9082337104687989,1.0,14,0,-0.30840998012843407,10,-1,0.7490398848758024
487701,33759,000000033759.jpg,FRONT,3,17,31595.8,393.3,-1,body7_official,gt_box,gt_box,,,1.0,1.0,0,0.9749516697366024,0.9749516697366024,1.0,17,0,-0.34658979394074074,12,-1,0.8736847954637864
487701,33759,000000033759.jpg,FRONT,3,17,31595.8,393.3,-1,body7_official,rtmdet_ins_tiny,rtmdet_ins_tiny,9,0.8923,0.9498,0.9498,0,0.9732506527723956,0.9732506527723956,1.0,17,0,-0.3417164750061894,12,-1,0.880192286827985
487701,33759,000000033759.jpg,FRONT,3,17,31595.8,393.3,-1,body7_self,gt_box,gt_box,,,1.0,1.0,0,0.9749516697366024,0.9749516697366024,1.0,17,0,-0.34658979394074074,12,-1,0.8736847919576308
487701,33759,000000033759.jpg,FRONT,3,17,31595.8,393.3,-1,body7_self,rtmdet_ins_tiny,rtmdet_ins_tiny,9,0.8923,0.9498,0.9498,0,0.9732506527723956,0.9732506527723956,1.0,17,0,-0.3417164750061894,12,-1,0.8801922096925623
487701,33759,000000033759.jpg,FRONT,3,17,31595.8,393.3,-1,aic_coco_self,gt_box,gt_box,,,1.0,1.0,0,0.9760898341826861,0.9760898341826861,1.0,17,0,-0.3498682583261164,12,-1,0.8721599193180308
487701,33759,000000033759.jpg,FRONT,3,17,31595.8,393.3,-1,aic_coco_self,rtmdet_ins_tiny,rtmdet_ins_tiny,9,0.8923,0.9498,0.9498,0,0.9814767183598292,0.9814767183598292,1.0,17,0,-0.35071415505962367,12,-1,0.8817978185765883
488552,295713,000000295713.jpg,FRONT,3,16,16821.3,269.1,-1,body7_official,gt_box,gt_box,,,1.0,1.0,0,0.9700610746627201,0.9700610746627201,1.0,16,0,-0.323593848737792,12,-1,0.8567104655153611
488552,295713,000000295713.jpg,FRONT,3,16,16821.3,269.1,-1,body7_official,rtmdet_ins_tiny,rtmdet_ins_tiny,2,0.8540,0.8558,0.8558,0,0.9527611040971128,0.9527611040971128,1.0,16,0,-0.3134186594987718,12,-1,0.8431693946613985
488552,295713,000000295713.jpg,FRONT,3,16,16821.3,269.1,-1,body7_self,gt_box,gt_box,,,1.0,1.0,0,0.9700610746627201,0.9700610746627201,1.0,16,0,-0.323593848737792,12,-1,0.8567103357876048
488552,295713,000000295713.jpg,FRONT,3,16,16821.3,269.1,-1,body7_self,rtmdet_ins_tiny,rtmdet_ins_tiny,2,0.8540,0.8558,0.8558,0,0.9527611040971128,0.9527611040971128,1.0,16,0,-0.3134186594987718,12,-1,0.8431694192044875
488552,295713,000000295713.jpg,FRONT,3,16,16821.3,269.1,-1,aic_coco_self,gt_box,gt_box,,,1.0,1.0,0,0.9742094998320481,0.9742094998320481,1.0,16,0,-0.3279637025519501,12,-1,0.8429364597096163
488552,295713,000000295713.jpg,FRONT,3,16,16821.3,269.1,-1,aic_coco_self,rtmdet_ins_tiny,rtmdet_ins_tiny,2,0.8540,0.8558,0.8558,0,0.9593711738331738,0.9593711738331738,1.0,16,0,-0.3308191516497435,12,-1,0.8459366384674522
489768,252219,000000252219.jpg,OBLIQUE,2,15,8349.3,226.4,-1,body7_official,gt_box,gt_box,,,1.0,1.0,0,0.9546526801881359,0.9546526801881359,1.0,15,0,-0.36335014258432025,12,-1,0.8744704688296598
489768,252219,000000252219.jpg,OBLIQUE,2,15,8349.3,226.4,-1,body7_official,rtmdet_ins_tiny,rtmdet_ins_tiny,12,0.9468,0.9352,0.9352,0,0.9543829938223981,0.9543829938223981,1.0,15,0,-0.3635675186817365,12,-1,0.8721239181125865
489768,252219,000000252219.jpg,OBLIQUE,2,15,8349.3,226.4,-1,body7_self,gt_box,gt_box,,,1.0,1.0,0,0.9546526801881359,0.9546526801881359,1.0,15,0,-0.36335014258432025,12,-1,0.8744704968789044
489768,252219,000000252219.jpg,OBLIQUE,2,15,8349.3,226.4,-1,body7_self,rtmdet_ins_tiny,rtmdet_ins_tiny,12,0.9468,0.9352,0.9352,0,0.9543829938223981,0.9543829938223981,1.0,15,0,-0.3635675186817365,12,-1,0.8721239286310533
489768,252219,000000252219.jpg,OBLIQUE,2,15,8349.3,226.4,-1,aic_coco_self,gt_box,gt_box,,,1.0,1.0,0,0.9527990795946449,0.9527990795946449,1.0,15,0,-0.36613814428722574,12,-1,0.8764689354335561
489768,252219,000000252219.jpg,OBLIQUE,2,15,8349.3,226.4,-1,aic_coco_self,rtmdet_ins_tiny,rtmdet_ins_tiny,12,0.9468,0.9352,0.9352,0,0.947449218955357,0.947449218955357,1.0,15,0,-0.3610059780104601,12,-1,0.8820163256981793
490790,22935,000000022935.jpg,FRONT,3,12,66005.6,448.7,-1,body7_official,gt_box,gt_box,,,1.0,1.0,0,0.9676554579407426,0.9676554579407426,1.0,10,0,-0.3595367082555758,4,-1,0.7450892311685225
490790,22935,000000022935.jpg,FRONT,3,12,66005.6,448.7,-1,body7_official,rtmdet_ins_tiny,rtmdet_ins_tiny,7,0.8450,0.9807,0.9807,0,0.9671981490558466,0.9671981490558466,1.0,10,0,-0.35916689068973795,4,-1,0.7438881782924428
490790,22935,000000022935.jpg,FRONT,3,12,66005.6,448.7,-1,body7_self,gt_box,gt_box,,,1.0,1.0,0,0.9676554579407426,0.9676554579407426,1.0,10,0,-0.3595367082555758,4,-1,0.7450891829588834
490790,22935,000000022935.jpg,FRONT,3,12,66005.6,448.7,-1,body7_self,rtmdet_ins_tiny,rtmdet_ins_tiny,7,0.8450,0.9807,0.9807,0,0.9671981490558466,0.9671981490558466,1.0,10,0,-0.35916689068973795,4,-1,0.7438882194897708
490790,22935,000000022935.jpg,FRONT,3,12,66005.6,448.7,-1,aic_coco_self,gt_box,gt_box,,,1.0,1.0,0,0.9684284005565338,0.9684284005565338,1.0,10,0,-0.34846271745256635,4,-1,0.7757967868271995
490790,22935,000000022935.jpg,FRONT,3,12,66005.6,448.7,-1,aic_coco_self,rtmdet_ins_tiny,rtmdet_ins_tiny,7,0.8450,0.9807,0.9807,0,0.968951684062041,0.968951684062041,1.0,10,0,-0.3476801520778963,4,-1,0.7765431535594604
491226,361730,000000361730.jpg,FRONT,3,14,2259.5,109.3,-1,body7_official,gt_box,gt_box,,,1.0,1.0,0,0.9514218097888811,0.9514218097888811,1.0,12,0,-0.09346686108334272,6,-1,0.7341326264774098
491226,361730,000000361730.jpg,FRONT,3,14,2259.5,109.3,-1,body7_official,rtmdet_ins_tiny,rtmdet_ins_tiny,60,0.8309,0.7959,0.7959,0,0.946093284066302,0.946093284066302,1.0,12,0,-0.0946794011910909,6,-1,0.7290264753734365
491226,361730,000000361730.jpg,FRONT,3,14,2259.5,109.3,-1,body7_self,gt_box,gt_box,,,1.0,1.0,0,0.9514218097888811,0.9514218097888811,1.0,12,0,-0.09346686108334272,6,-1,0.7341325563542983
491226,361730,000000361730.jpg,FRONT,3,14,2259.5,109.3,-1,body7_self,rtmdet_ins_tiny,rtmdet_ins_tiny,60,0.8309,0.7959,0.7959,0,0.946093284066302,0.946093284066302,1.0,12,0,-0.0946794011910909,6,-1,0.7290265770519481
491226,361730,000000361730.jpg,FRONT,3,14,2259.5,109.3,-1,aic_coco_self,gt_box,gt_box,,,1.0,1.0,0,0.9479309819585883,0.9479309819585883,1.0,12,0,-0.08275374501832923,6,-1,0.7337002859396093
491226,361730,000000361730.jpg,FRONT,3,14,2259.5,109.3,-1,aic_coco_self,rtmdet_ins_tiny,rtmdet_ins_tiny,60,0.8309,0.7959,0.7959,0,0.9427537625933784,0.9427537625933784,1.0,12,0,-0.08244422944272736,6,-1,0.725596498040592
492174,341681,000000341681.jpg,OBLIQUE,2,14,10386.7,180.8,1,body7_official,gt_box,gt_box,,,1.0,1.0,0,0.9664281774402899,0.9664281774402899,1.0,14,0,-0.7317859479045715,10,1,0.8029733195024378
492174,341681,000000341681.jpg,OBLIQUE,2,14,10386.7,180.8,1,body7_official,rtmdet_ins_tiny,rtmdet_ins_tiny,3,0.8987,0.9512,0.9512,0,0.9677836472121356,0.9677836472121356,1.0,14,0,-0.7268725766360613,10,1,0.7979734469862545
492174,341681,000000341681.jpg,OBLIQUE,2,14,10386.7,180.8,1,body7_self,gt_box,gt_box,,,1.0,1.0,0,0.9664281774402899,0.9664281774402899,1.0,14,0,-0.7317859479045715,10,1,0.8029733300209045
492174,341681,000000341681.jpg,OBLIQUE,2,14,10386.7,180.8,1,body7_self,rtmdet_ins_tiny,rtmdet_ins_tiny,3,0.8987,0.9512,0.9512,0,0.9677836472121356,0.9677836472121356,1.0,14,0,-0.7268725766360613,10,1,0.7979734504924101
492174,341681,000000341681.jpg,OBLIQUE,2,14,10386.7,180.8,1,aic_coco_self,gt_box,gt_box,,,1.0,1.0,0,0.9782630097181001,0.9782630097181001,1.0,14,0,-0.7410099024143436,10,1,0.8540893197059631
492174,341681,000000341681.jpg,OBLIQUE,2,14,10386.7,180.8,1,aic_coco_self,rtmdet_ins_tiny,rtmdet_ins_tiny,3,0.8987,0.9512,0.9512,0,0.9754912305617829,0.9754912305617829,1.0,14,0,-0.7427674292347182,10,1,0.8443756699562073
492563,62692,000000062692.jpg,FRONT,3,14,15659.7,268.4,1,body7_official,gt_box,gt_box,,,1.0,1.0,0,0.977690019958733,0.977690019958733,1.0,12,0,-0.4287709556583507,8,1,0.7542389245594249
492563,62692,000000062692.jpg,FRONT,3,14,15659.7,268.4,1,body7_official,rtmdet_ins_tiny,rtmdet_ins_tiny,2,0.9147,0.9341,0.9341,0,0.9828490973463934,0.9828490973463934,1.0,12,0,-0.431541618016546,8,1,0.7649298731018516
492563,62692,000000062692.jpg,FRONT,3,14,15659.7,268.4,1,body7_self,gt_box,gt_box,,,1.0,1.0,0,0.977690019958733,0.977690019958733,1.0,12,0,-0.4287709556583507,8,1,0.7542388789794024
492563,62692,000000062692.jpg,FRONT,3,14,15659.7,268.4,1,body7_self,rtmdet_ins_tiny,rtmdet_ins_tiny,2,0.9147,0.9341,0.9341,0,0.9828490973463934,0.9828490973463934,1.0,12,0,-0.431541618016546,8,1,0.7649297819418066
492563,62692,000000062692.jpg,FRONT,3,14,15659.7,268.4,1,aic_coco_self,gt_box,gt_box,,,1.0,1.0,0,0.9705265164460782,0.9705265164460782,1.0,12,0,-0.43973730563541774,8,1,0.8190379703746122
492563,62692,000000062692.jpg,FRONT,3,14,15659.7,268.4,1,aic_coco_self,rtmdet_ins_tiny,rtmdet_ins_tiny,2,0.9147,0.9341,0.9341,0,0.9743728018494179,0.9743728018494179,1.0,12,0,-0.44244166321718426,8,1,0.8173529084991006
492988,437351,000000437351.jpg,FRONT,3,15,53979.5,475.1,-1,body7_official,gt_box,gt_box,,,1.0,1.0,0,0.9561368303482772,0.9561368303482772,1.0,15,0,-0.30784271949980896,10,-1,0.749839170890696
492988,437351,000000437351.jpg,FRONT,3,15,53979.5,475.1,-1,body7_official,rtmdet_ins_tiny,rtmdet_ins_tiny,8,0.8105,0.9268,0.9268,0,0.9444083502865085,0.9444083502865085,1.0,15,0,-0.29253168509445215,10,-1,0.729802098344354
492988,437351,000000437351.jpg,FRONT,3,15,53979.5,475.1,-1,body7_self,gt_box,gt_box,,,1.0,1.0,0,0.9561368303482772,0.9561368303482772,1.0,15,0,-0.30784271949980896,10,-1,0.7498390446690952
492988,437351,000000437351.jpg,FRONT,3,15,53979.5,475.1,-1,body7_self,rtmdet_ins_tiny,rtmdet_ins_tiny,8,0.8105,0.9268,0.9268,0,0.9444083502865085,0.9444083502865085,1.0,15,0,-0.29253168509445215,10,-1,0.7298018862219418
492988,437351,000000437351.jpg,FRONT,3,15,53979.5,475.1,-1,aic_coco_self,gt_box,gt_box,,,1.0,1.0,0,0.9336742589034477,0.9336742589034477,1.0,15,0,-0.28374711268614666,10,-1,0.7680348911706139
492988,437351,000000437351.jpg,FRONT,3,15,53979.5,475.1,-1,aic_coco_self,rtmdet_ins_tiny,rtmdet_ins_tiny,8,0.8105,0.9268,0.9268,0,0.9527724518160883,0.9527724518160883,1.0,15,0,-0.2973040017888585,10,-1,0.7774221248486463
493807,161925,000000161925.jpg,OBLIQUE,2,11,64387.6,532.4,1,body7_official,gt_box,gt_box,,,1.0,1.0,0,0.7658950286476949,0.7658950286476949,0.8181818181818182,11,0,-0.03982369227280336,8,1,0.6431594210512498
493807,161925,000000161925.jpg,OBLIQUE,2,11,64387.6,532.4,1,body7_official,rtmdet_ins_tiny,rtmdet_ins_tiny,7,0.8977,0.0000,0.8836,1,6.016573095759487e-06,6.016573095759487e-06,0.0,11,0,-0.008446807525524958,8,1,0.7570972968550289
493807,161925,000000161925.jpg,OBLIQUE,2,11,64387.6,532.4,1,body7_self,gt_box,gt_box,,,1.0,1.0,0,0.7658950286476949,0.7658950286476949,0.8181818181818182,11,0,-0.03982369227280336,8,1,0.6431593982612386
493807,161925,000000161925.jpg,OBLIQUE,2,11,64387.6,532.4,1,body7_self,rtmdet_ins_tiny,rtmdet_ins_tiny,7,0.8977,0.0000,0.8836,1,6.016573095759487e-06,6.016573095759487e-06,0.0,11,0,-0.008446807525524958,8,1,0.7570972705588621
493807,161925,000000161925.jpg,OBLIQUE,2,11,64387.6,532.4,1,aic_coco_self,gt_box,gt_box,,,1.0,1.0,0,0.8099582429564353,0.8099582429564353,0.9090909090909091,11,0,-0.043527133357385145,8,1,0.7003278416745803
493807,161925,000000161925.jpg,OBLIQUE,2,11,64387.6,532.4,1,aic_coco_self,rtmdet_ins_tiny,rtmdet_ins_tiny,7,0.8977,0.0000,0.8836,1,7.022636106625935e-06,7.022636106625935e-06,0.0,11,0,-0.008376777164544325,8,1,0.7581252771265367
494159,179487,000000179487.jpg,FRONT,3,16,36409.5,358.6,-1,body7_official,gt_box,gt_box,,,1.0,1.0,0,0.9682801586859147,0.9682801586859147,1.0,16,0,-0.361758710911005,12,-1,0.7971830332980436
494159,179487,000000179487.jpg,FRONT,3,16,36409.5,358.6,-1,body7_official,rtmdet_ins_tiny,rtmdet_ins_tiny,48,0.8844,0.9513,0.9513,0,0.9650323460845559,0.9650323460845559,1.0,16,0,-0.36280677126832794,12,-1,0.7962176168666166
494159,179487,000000179487.jpg,FRONT,3,16,36409.5,358.6,-1,body7_self,gt_box,gt_box,,,1.0,1.0,0,0.9682801586859147,0.9682801586859147,1.0,16,0,-0.361758710911005,12,-1,0.7971829982364879
494159,179487,000000179487.jpg,FRONT,3,16,36409.5,358.6,-1,body7_self,rtmdet_ins_tiny,rtmdet_ins_tiny,48,0.8844,0.9513,0.9513,0,0.9650323460845559,0.9650323460845559,1.0,16,0,-0.36280677126832794,12,-1,0.7962176624466392
494159,179487,000000179487.jpg,FRONT,3,16,36409.5,358.6,-1,aic_coco_self,gt_box,gt_box,,,1.0,1.0,0,0.9749095388089827,0.9749095388089827,1.0,16,0,-0.3633884628882049,12,-1,0.8308309071204242
494159,179487,000000179487.jpg,FRONT,3,16,36409.5,358.6,-1,aic_coco_self,rtmdet_ins_tiny,rtmdet_ins_tiny,48,0.8844,0.9513,0.9513,0,0.9755935819474639,0.9755935819474639,1.0,16,0,-0.36218209594118916,12,-1,0.8311663410242867
494683,53626,000000053626.jpg,FRONT,3,17,8265.3,195.2,-1,body7_official,gt_box,gt_box,,,1.0,1.0,0,0.9717428172896343,0.9717428172896343,1.0,16,0,-0.3694415016917644,12,-1,0.8840563893318176
494683,53626,000000053626.jpg,FRONT,3,17,8265.3,195.2,-1,body7_official,rtmdet_ins_tiny,rtmdet_ins_tiny,12,0.8953,0.9550,0.9550,0,0.9846994211642766,0.9846994211642766,1.0,16,0,-0.3695691002799909,12,-1,0.9106982245164759
494683,53626,000000053626.jpg,FRONT,3,17,8265.3,195.2,-1,body7_self,gt_box,gt_box,,,1.0,1.0,0,0.9717428172896343,0.9717428172896343,1.0,16,0,-0.3694415016917644,12,-1,0.8840563998502844
494683,53626,000000053626.jpg,FRONT,3,17,8265.3,195.2,-1,body7_self,rtmdet_ins_tiny,rtmdet_ins_tiny,12,0.8953,0.9550,0.9550,0,0.9846994211642766,0.9846994211642766,1.0,16,0,-0.3695691002799909,12,-1,0.9106982350349426
494683,53626,000000053626.jpg,FRONT,3,17,8265.3,195.2,-1,aic_coco_self,gt_box,gt_box,,,1.0,1.0,0,0.9796519746034318,0.9796519746034318,1.0,16,0,-0.3677124077617944,12,-1,0.9192763742278603
494683,53626,000000053626.jpg,FRONT,3,17,8265.3,195.2,-1,aic_coco_self,rtmdet_ins_tiny,rtmdet_ins_tiny,12,0.8953,0.9550,0.9550,0,0.9796685827373854,0.9796685827373854,1.0,16,0,-0.3679868602046297,12,-1,0.9309302638558781
495199,153229,000000153229.jpg,REAR,0,13,16390.9,297.1,1,body7_official,gt_box,gt_box,,,1.0,1.0,0,0.9908990836358104,0.9908990836358104,1.0,12,0,-0.4531497913618269,8,1,0.7808828844743616
495199,153229,000000153229.jpg,REAR,0,13,16390.9,297.1,1,body7_official,rtmdet_ins_tiny,rtmdet_ins_tiny,59,0.9087,0.9323,0.9323,0,0.9938807583784577,0.9938807583784577,1.0,12,0,-0.45828007570359486,8,1,0.7901644356110517
495199,153229,000000153229.jpg,REAR,0,13,16390.9,297.1,1,body7_self,gt_box,gt_box,,,1.0,1.0,0,0.9908990836358104,0.9908990836358104,1.0,12,0,-0.4531497913618269,8,1,0.7808829318074619
495199,153229,000000153229.jpg,REAR,0,13,16390.9,297.1,1,body7_self,rtmdet_ins_tiny,rtmdet_ins_tiny,59,0.9087,0.9323,0.9323,0,0.9938807583784577,0.9938807583784577,1.0,12,0,-0.45828007570359486,8,1,0.7901645180057076
495199,153229,000000153229.jpg,REAR,0,13,16390.9,297.1,1,aic_coco_self,gt_box,gt_box,,,1.0,1.0,0,0.9792118079423622,0.9792118079423622,1.0,12,0,-0.44253981582392016,8,1,0.8420674204826355
495199,153229,000000153229.jpg,REAR,0,13,16390.9,297.1,1,aic_coco_self,rtmdet_ins_tiny,rtmdet_ins_tiny,59,0.9087,0.9323,0.9323,0,0.9861295624191477,0.9861295624191477,1.0,12,0,-0.45016320422037187,8,1,0.8416170232436236
496260,253742,000000253742.jpg,FRONT,3,14,6386.3,133.8,-1,body7_official,gt_box,gt_box,,,1.0,1.0,0,0.9167317172087363,0.9167317172087363,1.0,12,0,-0.47358813356836205,8,-1,0.6479688532212201
496260,253742,000000253742.jpg,FRONT,3,14,6386.3,133.8,-1,body7_official,rtmdet_ins_tiny,rtmdet_ins_tiny,22,0.7177,0.9109,0.9109,0,0.9107216943918414,0.9107216943918414,1.0,12,0,-0.47311617014370894,8,-1,0.6600840670220992
496260,253742,000000253742.jpg,FRONT,3,14,6386.3,133.8,-1,body7_self,gt_box,gt_box,,,1.0,1.0,0,0.9167317172087363,0.9167317172087363,1.0,12,0,-0.47358813356836205,8,-1,0.6479687366415473
496260,253742,000000253742.jpg,FRONT,3,14,6386.3,133.8,-1,body7_self,rtmdet_ins_tiny,rtmdet_ins_tiny,22,0.7177,0.9109,0.9109,0,0.9107216943918414,0.9107216943918414,1.0,12,0,-0.47311617014370894,8,-1,0.660084060009788
496260,253742,000000253742.jpg,FRONT,3,14,6386.3,133.8,-1,aic_coco_self,gt_box,gt_box,,,1.0,1.0,0,0.927130713708193,0.927130713708193,1.0,12,0,-0.4789662353608504,8,-1,0.6814511926735148
496260,253742,000000253742.jpg,FRONT,3,14,6386.3,133.8,-1,aic_coco_self,rtmdet_ins_tiny,rtmdet_ins_tiny,22,0.7177,0.9109,0.9109,0,0.9302326288461141,0.9302326288461141,1.0,12,0,-0.477695302920725,8,-1,0.6913529652006486
497069,441286,000000441286.jpg,FRONT,3,16,9583.2,150.7,-1,body7_official,gt_box,gt_box,,,1.0,1.0,0,0.908233167985573,0.908233167985573,1.0,14,0,-0.34165707600416356,8,-1,0.6650362698470845
497069,441286,000000441286.jpg,FRONT,3,16,9583.2,150.7,-1,body7_official,rtmdet_ins_tiny,rtmdet_ins_tiny,2,0.7684,0.8705,0.8705,0,0.9136466453988296,0.9136466453988296,1.0,14,0,-0.3481091462204216,8,-1,0.6732275047722984
497069,441286,000000441286.jpg,FRONT,3,16,9583.2,150.7,-1,body7_self,gt_box,gt_box,,,1.0,1.0,0,0.908233167985573,0.908233167985573,1.0,14,0,-0.34165707600416356,8,-1,0.6650362680940067
497069,441286,000000441286.jpg,FRONT,3,16,9583.2,150.7,-1,body7_self,rtmdet_ins_tiny,rtmdet_ins_tiny,2,0.7684,0.8705,0.8705,0,0.9136466453988296,0.9136466453988296,1.0,14,0,-0.3481091462204216,8,-1,0.6732275100315318
497069,441286,000000441286.jpg,FRONT,3,16,9583.2,150.7,-1,aic_coco_self,gt_box,gt_box,,,1.0,1.0,0,0.8797069824984118,0.8797069824984118,0.9285714285714286,14,0,-0.33682393000792366,8,-1,0.6862886285080629
497069,441286,000000441286.jpg,FRONT,3,16,9583.2,150.7,-1,aic_coco_self,rtmdet_ins_tiny,rtmdet_ins_tiny,2,0.7684,0.8705,0.8705,0,0.8803976157764651,0.8803976157764651,0.9285714285714286,14,0,-0.33781274508819265,8,-1,0.6968207946595024
498134,129945,000000129945.jpg,OBLIQUE,2,13,6353.4,107.8,1,body7_official,gt_box,gt_box,,,1.0,1.0,0,0.9087136684881182,0.9087136684881182,1.0,13,0,-0.13971856443610403,8,1,0.7168103754520416
498134,129945,000000129945.jpg,OBLIQUE,2,13,6353.4,107.8,1,body7_official,rtmdet_ins_tiny,rtmdet_ins_tiny,32,0.8778,0.8933,0.8933,0,0.8776657359284109,0.8776657359284109,1.0,13,0,-0.11832876674143482,8,1,0.7145869679310742
498134,129945,000000129945.jpg,OBLIQUE,2,13,6353.4,107.8,1,body7_self,gt_box,gt_box,,,1.0,1.0,0,0.9087136684881182,0.9087136684881182,1.0,13,0,-0.13971856443610403,8,1,0.7168103789581972
498134,129945,000000129945.jpg,OBLIQUE,2,13,6353.4,107.8,1,body7_self,rtmdet_ins_tiny,rtmdet_ins_tiny,32,0.8778,0.8933,0.8933,0,0.8776657359284109,0.8776657359284109,1.0,13,0,-0.11832876674143482,8,1,0.7145869749433854
498134,129945,000000129945.jpg,OBLIQUE,2,13,6353.4,107.8,1,aic_coco_self,gt_box,gt_box,,,1.0,1.0,0,0.9146951421058306,0.9146951421058306,1.0,13,0,-0.14119084558747225,8,1,0.7806438207626343
498134,129945,000000129945.jpg,OBLIQUE,2,13,6353.4,107.8,1,aic_coco_self,rtmdet_ins_tiny,rtmdet_ins_tiny,32,0.8778,0.8933,0.8933,0,0.921255548513587,0.921255548513587,1.0,13,0,-0.1506535325856373,8,1,0.7758295711349038
499478,467511,000000467511.jpg,OBLIQUE,2,15,23592.2,320.7,-1,body7_official,gt_box,gt_box,,,1.0,1.0,0,0.8064432374442745,0.8064432374442745,1.0,10,0,-0.4858158501888516,6,-1,0.5779036949662602
499478,467511,000000467511.jpg,OBLIQUE,2,15,23592.2,320.7,-1,body7_official,rtmdet_ins_tiny,rtmdet_ins_tiny,35,0.5335,0.9823,0.9823,0,0.821625887496427,0.821625887496427,1.0,10,0,-0.48715283470787385,6,-1,0.5744228240321664
499478,467511,000000467511.jpg,OBLIQUE,2,15,23592.2,320.7,-1,body7_self,gt_box,gt_box,,,1.0,1.0,0,0.8064432374442745,0.8064432374442745,1.0,10,0,-0.4858158501888516,6,-1,0.5779038264470941
499478,467511,000000467511.jpg,OBLIQUE,2,15,23592.2,320.7,-1,body7_self,rtmdet_ins_tiny,rtmdet_ins_tiny,35,0.5335,0.9823,0.9823,0,0.821625887496427,0.821625887496427,1.0,10,0,-0.48715283470787385,6,-1,0.5744227872175329
499478,467511,000000467511.jpg,OBLIQUE,2,15,23592.2,320.7,-1,aic_coco_self,gt_box,gt_box,,,1.0,1.0,0,0.8564255611745774,0.8564255611745774,1.0,10,0,-0.4682027763697205,6,-1,0.6153493260636049
499478,467511,000000467511.jpg,OBLIQUE,2,15,23592.2,320.7,-1,aic_coco_self,rtmdet_ins_tiny,rtmdet_ins_tiny,35,0.5335,0.9823,0.9823,0,0.841544790763751,0.841544790763751,1.0,10,0,-0.4714044119015169,6,-1,0.6218193874639624
500413,68387,000000068387.jpg,OBLIQUE,2,15,4154.5,133.9,-1,body7_official,gt_box,gt_box,,,1.0,1.0,0,0.9354877192529408,0.9354877192529408,1.0,15,0,-0.2712029167907214,12,-1,0.732874614350936
500413,68387,000000068387.jpg,OBLIQUE,2,15,4154.5,133.9,-1,body7_official,rtmdet_ins_tiny,rtmdet_ins_tiny,26,0.7871,0.0521,0.9435,1,2.1324268762142156e-08,2.1324268762142156e-08,0.0,15,0,-0.034244978092019096,12,-1,0.5471506995313308
500413,68387,000000068387.jpg,OBLIQUE,2,15,4154.5,133.9,-1,body7_self,gt_box,gt_box,,,1.0,1.0,0,0.9354877192529408,0.9354877192529408,1.0,15,0,-0.2712029167907214,12,-1,0.7328745863016914
500413,68387,000000068387.jpg,OBLIQUE,2,15,4154.5,133.9,-1,body7_self,rtmdet_ins_tiny,rtmdet_ins_tiny,26,0.7871,0.0521,0.9435,1,2.1324268762142156e-08,2.1324268762142156e-08,0.0,15,0,-0.034244978092019096,12,-1,0.5471508809748817
500413,68387,000000068387.jpg,OBLIQUE,2,15,4154.5,133.9,-1,aic_coco_self,gt_box,gt_box,,,1.0,1.0,0,0.9244870982607579,0.9244870982607579,1.0,15,0,-0.2710447743889995,12,-1,0.7731892150991103
500413,68387,000000068387.jpg,OBLIQUE,2,15,4154.5,133.9,-1,aic_coco_self,rtmdet_ins_tiny,rtmdet_ins_tiny,26,0.7871,0.0521,0.9435,1,1.8938782690511057e-08,1.8938782690511057e-08,0.0,15,0,-0.037726370690374766,12,-1,0.5929651225314421
501149,239537,000000239537.jpg,FRONT,3,16,35220.7,380.9,-1,body7_official,gt_box,gt_box,,,1.0,1.0,0,0.9806860704206017,0.9806860704206017,1.0,16,0,-0.6803947401974099,12,-1,0.9015381125842824
501149,239537,000000239537.jpg,FRONT,3,16,35220.7,380.9,-1,body7_official,rtmdet_ins_tiny,rtmdet_ins_tiny,2,0.9271,0.9650,0.9650,0,0.9738044555167166,0.9738044555167166,1.0,16,0,-0.6786297212961568,12,-1,0.9052114381509668
501149,239537,000000239537.jpg,FRONT,3,16,35220.7,380.9,-1,body7_self,gt_box,gt_box,,,1.0,1.0,0,0.9806860704206017,0.9806860704206017,1.0,16,0,-0.6803947401974099,12,-1,0.9015380915473489
501149,239537,000000239537.jpg,FRONT,3,16,35220.7,380.9,-1,body7_self,rtmdet_ins_tiny,rtmdet_ins_tiny,2,0.9271,0.9650,0.9650,0,0.9738044555167166,0.9738044555167166,1.0,16,0,-0.6786297212961568,12,-1,0.905211487237145
501149,239537,000000239537.jpg,FRONT,3,16,35220.7,380.9,-1,aic_coco_self,gt_box,gt_box,,,1.0,1.0,0,0.9765393323636695,0.9765393323636695,1.0,16,0,-0.6792251329110481,12,-1,0.9255305388394524
501149,239537,000000239537.jpg,FRONT,3,16,35220.7,380.9,-1,aic_coco_self,rtmdet_ins_tiny,rtmdet_ins_tiny,2,0.9271,0.9650,0.9650,0,0.9733335124896836,0.9733335124896836,1.0,16,0,-0.6796510673140354,12,-1,0.9265060565050911
501622,581357,000000581357.jpg,FRONT,3,16,18526.9,247.6,-1,body7_official,gt_box,gt_box,,,1.0,1.0,0,0.952718414878595,0.952718414878595,1.0,16,0,-0.6868416191801863,12,-1,0.8911585948046516
501622,581357,000000581357.jpg,FRONT,3,16,18526.9,247.6,-1,body7_official,rtmdet_ins_tiny,rtmdet_ins_tiny,1,0.8524,0.9190,0.9190,0,0.9540842495361779,0.9540842495361779,1.0,16,0,-0.6856755653960154,12,-1,0.8784775067778194
501622,581357,000000581357.jpg,FRONT,3,16,18526.9,247.6,-1,body7_self,gt_box,gt_box,,,1.0,1.0,0,0.952718414878595,0.952718414878595,1.0,16,0,-0.6868416191801863,12,-1,0.8911585807800293
501622,581357,000000581357.jpg,FRONT,3,16,18526.9,247.6,-1,body7_self,rtmdet_ins_tiny,rtmdet_ins_tiny,1,0.8524,0.9190,0.9190,0,0.9540842495361779,0.9540842495361779,1.0,16,0,-0.6856755653960154,12,-1,0.8784774962593528
501622,581357,000000581357.jpg,FRONT,3,16,18526.9,247.6,-1,aic_coco_self,gt_box,gt_box,,,1.0,1.0,0,0.9531390653400644,0.9531390653400644,1.0,16,0,-0.6857710207146771,12,-1,0.8772490760859322
501622,581357,000000581357.jpg,FRONT,3,16,18526.9,247.6,-1,aic_coco_self,rtmdet_ins_tiny,rtmdet_ins_tiny,1,0.8524,0.9190,0.9190,0,0.9555626771258694,0.9555626771258694,1.0,16,0,-0.6793416654456679,12,-1,0.8847216648214004
502300,465836,000000465836.jpg,FRONT,3,17,6231.2,192.1,-1,body7_official,gt_box,gt_box,,,1.0,1.0,0,0.918484957587571,0.918484957587571,1.0,15,0,-0.3454040287328572,10,-1,0.8774507115868961
502300,465836,000000465836.jpg,FRONT,3,17,6231.2,192.1,-1,body7_official,rtmdet_ins_tiny,rtmdet_ins_tiny,7,0.9073,0.9322,0.9322,0,0.9186606942447829,0.9186606942447829,1.0,15,0,-0.3407365436187514,10,-1,0.8730052078471464
502300,465836,000000465836.jpg,FRONT,3,17,6231.2,192.1,-1,body7_self,gt_box,gt_box,,,1.0,1.0,0,0.918484957587571,0.918484957587571,1.0,15,0,-0.3454040287328572,10,-1,0.8774506660068736
502300,465836,000000465836.jpg,FRONT,3,17,6231.2,192.1,-1,body7_self,rtmdet_ins_tiny,rtmdet_ins_tiny,7,0.9073,0.9322,0.9322,0,0.9186606942447829,0.9186606942447829,1.0,15,0,-0.3407365436187514,10,-1,0.8730051973286796
502300,465836,000000465836.jpg,FRONT,3,17,6231.2,192.1,-1,aic_coco_self,gt_box,gt_box,,,1.0,1.0,0,0.9154443017737306,0.9154443017737306,1.0,15,0,-0.3418467493500026,10,-1,0.8952414884286768
502300,465836,000000465836.jpg,FRONT,3,17,6231.2,192.1,-1,aic_coco_self,rtmdet_ins_tiny,rtmdet_ins_tiny,7,0.9073,0.9322,0.9322,0,0.9104915477232705,0.9104915477232705,1.0,15,0,-0.3417472319950904,10,-1,0.8928837776184082
502766,184978,000000184978.jpg,FRONT,3,16,10380.1,187.8,-1,body7_official,gt_box,gt_box,,,1.0,1.0,0,0.9370033550364696,0.9370033550364696,1.0,16,0,-0.3971695061228111,12,-1,0.7884326682371252
502766,184978,000000184978.jpg,FRONT,3,16,10380.1,187.8,-1,body7_official,rtmdet_ins_tiny,rtmdet_ins_tiny,1,0.8862,0.9661,0.9661,0,0.9362723710618635,0.9362723710618635,1.0,16,0,-0.39330671802073913,12,-1,0.7934214542893803
502766,184978,000000184978.jpg,FRONT,3,16,10380.1,187.8,-1,body7_self,gt_box,gt_box,,,1.0,1.0,0,0.9370033550364696,0.9370033550364696,1.0,16,0,-0.3971695061228111,12,-1,0.7884327383602366
502766,184978,000000184978.jpg,FRONT,3,16,10380.1,187.8,-1,body7_self,rtmdet_ins_tiny,rtmdet_ins_tiny,1,0.8862,0.9661,0.9661,0,0.9362723710618635,0.9362723710618635,1.0,16,0,-0.39330671802073913,12,-1,0.7934213526108685
502766,184978,000000184978.jpg,FRONT,3,16,10380.1,187.8,-1,aic_coco_self,gt_box,gt_box,,,1.0,1.0,0,0.963588707210264,0.963588707210264,1.0,16,0,-0.3949638971638087,12,-1,0.8178450991125668
502766,184978,000000184978.jpg,FRONT,3,16,10380.1,187.8,-1,aic_coco_self,rtmdet_ins_tiny,rtmdet_ins_tiny,1,0.8862,0.9661,0.9661,0,0.9625449167411022,0.9625449167411022,1.0,16,0,-0.39471032381809645,12,-1,0.8186648382860071
504367,66231,000000066231.jpg,REAR,0,12,3698.3,150.2,1,body7_official,gt_box,gt_box,,,1.0,1.0,0,0.9049150961853273,0.9049150961853273,1.0,12,0,-0.027272245419892427,10,1,0.6202957226949579
504367,66231,000000066231.jpg,REAR,0,12,3698.3,150.2,1,body7_official,rtmdet_ins_tiny,rtmdet_ins_tiny,30,0.7579,0.9010,0.9010,0,0.9230226817505917,0.9230226817505917,1.0,12,0,-0.036552765243359174,10,1,0.6273357149432687
504367,66231,000000066231.jpg,REAR,0,12,3698.3,150.2,1,body7_self,gt_box,gt_box,,,1.0,1.0,0,0.9049150961853273,0.9049150961853273,1.0,12,0,-0.027272245419892427,10,1,0.6202956455595353
504367,66231,000000066231.jpg,REAR,0,12,3698.3,150.2,1,body7_self,rtmdet_ins_tiny,rtmdet_ins_tiny,30,0.7579,0.9010,0.9010,0,0.9230226817505917,0.9230226817505917,1.0,12,0,-0.036552765243359174,10,1,0.6273355378824121
504367,66231,000000066231.jpg,REAR,0,12,3698.3,150.2,1,aic_coco_self,gt_box,gt_box,,,1.0,1.0,0,0.8818090537178241,0.8818090537178241,1.0,12,0,-0.022386922700238232,10,1,0.651470471830929
504367,66231,000000066231.jpg,REAR,0,12,3698.3,150.2,1,aic_coco_self,rtmdet_ins_tiny,rtmdet_ins_tiny,30,0.7579,0.9010,0.9010,0,0.9174128472374504,0.9174128472374504,1.0,12,0,-0.04068377295904675,10,1,0.6435822248458862
505029,537827,000000537827.jpg,OBLIQUE,2,13,12501.3,228.4,1,body7_official,gt_box,gt_box,,,1.0,1.0,0,0.9661834027525374,0.9661834027525374,1.0,13,0,-0.3996834302458662,8,1,0.8129528059678919
505029,537827,000000537827.jpg,OBLIQUE,2,13,12501.3,228.4,1,body7_official,rtmdet_ins_tiny,rtmdet_ins_tiny,4,0.9027,0.9257,0.9257,0,0.9741871522499126,0.9741871522499126,1.0,13,0,-0.39715581783807663,8,1,0.8106320114696727
505029,537827,000000537827.jpg,OBLIQUE,2,13,12501.3,228.4,1,body7_self,gt_box,gt_box,,,1.0,1.0,0,0.9661834027525374,0.9661834027525374,1.0,13,0,-0.3996834302458662,8,1,0.8129528059678919
505029,537827,000000537827.jpg,OBLIQUE,2,13,12501.3,228.4,1,body7_self,rtmdet_ins_tiny,rtmdet_ins_tiny,4,0.9027,0.9257,0.9257,0,0.9741871522499126,0.9741871522499126,1.0,13,0,-0.39715581783807663,8,1,0.8106320184819839
505029,537827,000000537827.jpg,OBLIQUE,2,13,12501.3,228.4,1,aic_coco_self,gt_box,gt_box,,,1.0,1.0,0,0.9777507771086753,0.9777507771086753,1.0,13,0,-0.39763001016023297,8,1,0.8422732142841115
505029,537827,000000537827.jpg,OBLIQUE,2,13,12501.3,228.4,1,aic_coco_self,rtmdet_ins_tiny,rtmdet_ins_tiny,4,0.9027,0.9257,0.9257,0,0.9776109559373164,0.9776109559373164,1.0,13,0,-0.39463349085733207,8,1,0.8518166822545669
505491,443969,000000443969.jpg,FRONT,3,17,26471.0,310.3,-1,body7_official,gt_box,gt_box,,,1.0,1.0,0,0.9849429175718234,0.9849429175718234,1.0,15,0,-0.33223730428869724,10,-1,0.7730092336149776
505491,443969,000000443969.jpg,FRONT,3,17,26471.0,310.3,-1,body7_official,rtmdet_ins_tiny,rtmdet_ins_tiny,46,0.6263,0.6405,0.6637,29,0.9748200969816719,0.9748200969816719,1.0,15,0,-0.33473457657309574,10,-1,0.7557180523872375
505491,443969,000000443969.jpg,FRONT,3,17,26471.0,310.3,-1,body7_self,gt_box,gt_box,,,1.0,1.0,0,0.9849429175718234,0.9849429175718234,1.0,15,0,-0.33223730428869724,10,-1,0.7730091424549327
505491,443969,000000443969.jpg,FRONT,3,17,26471.0,310.3,-1,body7_self,rtmdet_ins_tiny,rtmdet_ins_tiny,46,0.6263,0.6405,0.6637,29,0.9748200969816719,0.9748200969816719,1.0,15,0,-0.33473457657309574,10,-1,0.7557179296717924
505491,443969,000000443969.jpg,FRONT,3,17,26471.0,310.3,-1,aic_coco_self,gt_box,gt_box,,,1.0,1.0,0,0.9799630121471531,0.9799630121471531,1.0,15,0,-0.3425964298101106,10,-1,0.8390080297694487
505491,443969,000000443969.jpg,FRONT,3,17,26471.0,310.3,-1,aic_coco_self,rtmdet_ins_tiny,rtmdet_ins_tiny,46,0.6263,0.6405,0.6637,29,0.9798500156891122,0.9798500156891122,1.0,15,0,-0.34043562765751423,10,-1,0.8254111409187317
506755,87144,000000087144.jpg,FRONT,3,16,27362.7,338.7,-1,body7_official,gt_box,gt_box,,,1.0,1.0,0,0.9728448269030139,0.9728448269030139,1.0,15,0,-0.2754400632026426,10,-1,0.8596352899775785
506755,87144,000000087144.jpg,FRONT,3,16,27362.7,338.7,-1,body7_official,rtmdet_ins_tiny,rtmdet_ins_tiny,14,0.8317,0.9414,0.9414,0,0.9727055710786607,0.9727055710786607,1.0,15,0,-0.27476614601055727,10,-1,0.8751241459566004
506755,87144,000000087144.jpg,FRONT,3,16,27362.7,338.7,-1,body7_self,gt_box,gt_box,,,1.0,1.0,0,0.9728448269030139,0.9728448269030139,1.0,15,0,-0.2754400632026426,10,-1,0.859635261928334
506755,87144,000000087144.jpg,FRONT,3,16,27362.7,338.7,-1,body7_self,rtmdet_ins_tiny,rtmdet_ins_tiny,14,0.8317,0.9414,0.9414,0,0.9727055710786607,0.9727055710786607,1.0,15,0,-0.27476614601055727,10,-1,0.8751241880304673
506755,87144,000000087144.jpg,FRONT,3,16,27362.7,338.7,-1,aic_coco_self,gt_box,gt_box,,,1.0,1.0,0,0.9797699831976969,0.9797699831976969,1.0,15,0,-0.27948473228737103,10,-1,0.8824559274841758
506755,87144,000000087144.jpg,FRONT,3,16,27362.7,338.7,-1,aic_coco_self,rtmdet_ins_tiny,rtmdet_ins_tiny,14,0.8317,0.9414,0.9414,0,0.9811842188925286,0.9811842188925286,1.0,15,0,-0.2760293046944638,10,-1,0.8767976936172036
507448,109118,000000109118.jpg,FRONT,3,17,52231.1,564.1,-1,body7_official,gt_box,gt_box,,,1.0,1.0,0,0.8985404047566113,0.8985404047566113,1.0,16,0,-0.2731834294385454,10,-1,0.8684624082901898
507448,109118,000000109118.jpg,FRONT,3,17,52231.1,564.1,-1,body7_official,rtmdet_ins_tiny,rtmdet_ins_tiny,31,0.8934,0.1774,0.9403,1,0.007101972673583226,0.007101972673583226,0.0,16,0,-0.08184090383627884,10,-1,0.8748576115159428
507448,109118,000000109118.jpg,FRONT,3,17,52231.1,564.1,-1,body7_self,gt_box,gt_box,,,1.0,1.0,0,0.8985404047566113,0.8985404047566113,1.0,16,0,-0.2731834294385454,10,-1,0.8684624503640568
507448,109118,000000109118.jpg,FRONT,3,17,52231.1,564.1,-1,body7_self,rtmdet_ins_tiny,rtmdet_ins_tiny,31,0.8934,0.1774,0.9403,1,0.007101972673583226,0.007101972673583226,0.0,16,0,-0.08184090383627884,10,-1,0.874857625540565
507448,109118,000000109118.jpg,FRONT,3,17,52231.1,564.1,-1,aic_coco_self,gt_box,gt_box,,,1.0,1.0,0,0.9072823711490479,0.9072823711490479,1.0,16,0,-0.277627302566374,10,-1,0.8749835806734422
507448,109118,000000109118.jpg,FRONT,3,17,52231.1,564.1,-1,aic_coco_self,rtmdet_ins_tiny,rtmdet_ins_tiny,31,0.8934,0.1774,0.9403,1,0.006463523657228999,0.006463523657228999,0.0,16,0,-0.08175991320125542,10,-1,0.876518354696386
508136,406417,000000406417.jpg,FRONT,3,12,24175.4,347.1,-1,body7_official,gt_box,gt_box,,,1.0,1.0,0,0.9875319460541739,0.9875319460541739,1.0,12,0,-0.2988044367877359,6,-1,0.8106448475052329
508136,406417,000000406417.jpg,FRONT,3,12,24175.4,347.1,-1,body7_official,rtmdet_ins_tiny,rtmdet_ins_tiny,8,0.9187,0.9628,0.9628,0,0.9814996755251669,0.9814996755251669,1.0,12,0,-0.29760684860695447,6,-1,0.8071596832836375
508136,406417,000000406417.jpg,FRONT,3,12,24175.4,347.1,-1,body7_self,gt_box,gt_box,,,1.0,1.0,0,0.9875319460541739,0.9875319460541739,1.0,12,0,-0.2988044367877359,6,-1,0.8106448790606331
508136,406417,000000406417.jpg,FRONT,3,12,24175.4,347.1,-1,body7_self,rtmdet_ins_tiny,rtmdet_ins_tiny,8,0.9187,0.9628,0.9628,0,0.9814996755251669,0.9814996755251669,1.0,12,0,-0.29760684860695447,6,-1,0.8071597218513489
508136,406417,000000406417.jpg,FRONT,3,12,24175.4,347.1,-1,aic_coco_self,gt_box,gt_box,,,1.0,1.0,0,0.9829506912907161,0.9829506912907161,1.0,12,0,-0.2936438995965865,6,-1,0.8622116060817943
508136,406417,000000406417.jpg,FRONT,3,12,24175.4,347.1,-1,aic_coco_self,rtmdet_ins_tiny,rtmdet_ins_tiny,8,0.9187,0.9628,0.9628,0,0.9840169452924915,0.9840169452924915,1.0,12,0,-0.2944014239540199,6,-1,0.855369408341015
509616,416343,000000416343.jpg,FRONT,3,13,22654.5,373.3,-1,body7_official,gt_box,gt_box,,,1.0,1.0,0,0.9581891015111803,0.9581891015111803,1.0,13,0,-0.38962004338143674,4,-1,0.7484217373763814
509616,416343,000000416343.jpg,FRONT,3,13,22654.5,373.3,-1,body7_official,rtmdet_ins_tiny,rtmdet_ins_tiny,9,0.8506,0.2074,0.9313,1,0.00011426540256294022,0.00011426540256294022,0.0,13,0,-0.002792894647503541,4,-1,0.7301403774934656
509616,416343,000000416343.jpg,FRONT,3,13,22654.5,373.3,-1,body7_self,gt_box,gt_box,,,1.0,1.0,0,0.9581891015111803,0.9581891015111803,1.0,13,0,-0.38962004338143674,4,-1,0.7484217058209812
509616,416343,000000416343.jpg,FRONT,3,13,22654.5,373.3,-1,body7_self,rtmdet_ins_tiny,rtmdet_ins_tiny,9,0.8506,0.2074,0.9313,1,0.00011426540256294022,0.00011426540256294022,0.0,13,0,-0.002792894647503541,4,-1,0.7301404493696549
509616,416343,000000416343.jpg,FRONT,3,13,22654.5,373.3,-1,aic_coco_self,gt_box,gt_box,,,1.0,1.0,0,0.9667539363883364,0.9667539363883364,1.0,13,0,-0.4030147537542022,4,-1,0.7509210740818697
509616,416343,000000416343.jpg,FRONT,3,13,22654.5,373.3,-1,aic_coco_self,rtmdet_ins_tiny,rtmdet_ins_tiny,9,0.8506,0.2074,0.9313,1,8.811658430658204e-05,8.811658430658204e-05,0.0,13,0,-0.001957018854126691,4,-1,0.7516733828712913
510034,370270,000000370270.jpg,FRONT,3,17,24714.7,338.4,-1,body7_official,gt_box,gt_box,,,1.0,1.0,0,0.9779453279786227,0.9779453279786227,1.0,17,0,-0.2958498317853179,12,-1,0.8913325316765729
510034,370270,000000370270.jpg,FRONT,3,17,24714.7,338.4,-1,body7_official,rtmdet_ins_tiny,rtmdet_ins_tiny,9,0.8679,0.8940,0.8940,0,0.9796825753282071,0.9796825753282071,1.0,17,0,-0.297101895347675,12,-1,0.8930719424696529
510034,370270,000000370270.jpg,FRONT,3,17,24714.7,338.4,-1,body7_self,gt_box,gt_box,,,1.0,1.0,0,0.9779453279786227,0.9779453279786227,1.0,17,0,-0.2958498317853179,12,-1,0.8913325001211727
510034,370270,000000370270.jpg,FRONT,3,17,24714.7,338.4,-1,body7_self,rtmdet_ins_tiny,rtmdet_ins_tiny,9,0.8679,0.8940,0.8940,0,0.9796825753282071,0.9796825753282071,1.0,17,0,-0.297101895347675,12,-1,0.8930720196050757
510034,370270,000000370270.jpg,FRONT,3,17,24714.7,338.4,-1,aic_coco_self,gt_box,gt_box,,,1.0,1.0,0,0.9791987236907024,0.9791987236907024,1.0,17,0,-0.2935070437123477,12,-1,0.9059996008872986
510034,370270,000000370270.jpg,FRONT,3,17,24714.7,338.4,-1,aic_coco_self,rtmdet_ins_tiny,rtmdet_ins_tiny,9,0.8679,0.8940,0.8940,0,0.9811272134793512,0.9811272134793512,1.0,17,0,-0.29373154625821424,12,-1,0.8985950245576746
511443,119995,000000119995.jpg,FRONT,3,16,38158.6,473.2,1,body7_official,gt_box,gt_box,,,1.0,1.0,0,0.928875249052727,0.928875249052727,1.0,16,0,-0.34607594278123444,12,-1,0.8764516886542825
511443,119995,000000119995.jpg,FRONT,3,16,38158.6,473.2,1,body7_official,rtmdet_ins_tiny,rtmdet_ins_tiny,24,0.9076,0.9588,0.9588,0,0.941685504138378,0.941685504138378,1.0,16,0,-0.35108824702136693,12,-1,0.8801901831346399
511443,119995,000000119995.jpg,FRONT,3,16,38158.6,473.2,1,body7_self,gt_box,gt_box,,,1.0,1.0,0,0.928875249052727,0.928875249052727,1.0,16,0,-0.34607594278123444,12,-1,0.87645182539435
511443,119995,000000119995.jpg,FRONT,3,16,38158.6,473.2,1,body7_self,rtmdet_ins_tiny,rtmdet_ins_tiny,24,0.9076,0.9588,0.9588,0,0.941685504138378,0.941685504138378,1.0,16,0,-0.35108824702136693,12,-1,0.8801901620977065
511443,119995,000000119995.jpg,FRONT,3,16,38158.6,473.2,1,aic_coco_self,gt_box,gt_box,,,1.0,1.0,0,0.952868019065777,0.952868019065777,1.0,16,0,-0.35255122769911923,12,-1,0.8835897024940041
511443,119995,000000119995.jpg,FRONT,3,16,38158.6,473.2,1,aic_coco_self,rtmdet_ins_tiny,rtmdet_ins_tiny,24,0.9076,0.9588,0.9588,0,0.9572077292345478,0.9572077292345478,1.0,16,0,-0.35374415736616704,12,-1,0.8756798225290635
512629,33638,000000033638.jpg,OBLIQUE,2,13,13368.6,265.8,-1,body7_official,gt_box,gt_box,,,1.0,1.0,0,0.9718007867610118,0.9718007867610118,1.0,13,0,-0.16146045121832692,8,-1,0.8204898834228516
512629,33638,000000033638.jpg,OBLIQUE,2,13,13368.6,265.8,-1,body7_official,rtmdet_ins_tiny,rtmdet_ins_tiny,3,0.8888,0.9816,0.9816,0,0.9737702816851979,0.9737702816851979,1.0,13,0,-0.16294934862382032,8,-1,0.8318966276505414
512629,33638,000000033638.jpg,OBLIQUE,2,13,13368.6,265.8,-1,body7_self,gt_box,gt_box,,,1.0,1.0,0,0.9718007867610118,0.9718007867610118,1.0,13,0,-0.16146045121832692,8,-1,0.8204898203120512
512629,33638,000000033638.jpg,OBLIQUE,2,13,13368.6,265.8,-1,body7_self,rtmdet_ins_tiny,rtmdet_ins_tiny,3,0.8888,0.9816,0.9816,0,0.9737702816851979,0.9737702816851979,1.0,13,0,-0.16294934862382032,8,-1,0.8318966942674973
512629,33638,000000033638.jpg,OBLIQUE,2,13,13368.6,265.8,-1,aic_coco_self,gt_box,gt_box,,,1.0,1.0,0,0.9694588478879218,0.9694588478879218,1.0,13,0,-0.15788686524076395,8,-1,0.8399842626908246
512629,33638,000000033638.jpg,OBLIQUE,2,13,13368.6,265.8,-1,aic_coco_self,rtmdet_ins_tiny,rtmdet_ins_tiny,3,0.8888,0.9816,0.9816,0,0.9691132187292472,0.9691132187292472,1.0,13,0,-0.15880614442563176,8,-1,0.841145354158738
513830,508730,000000508730.jpg,FRONT,3,13,54056.8,353.7,-1,body7_official,gt_box,gt_box,,,1.0,1.0,0,0.941543356281371,0.941543356281371,1.0,13,0,-0.47697279502394263,8,-1,0.7959451079368591
513830,508730,000000508730.jpg,FRONT,3,13,54056.8,353.7,-1,body7_official,rtmdet_ins_tiny,rtmdet_ins_tiny,5,0.8080,0.9584,0.9584,0,0.9447326923102557,0.9447326923102557,1.0,13,0,-0.476864404148134,8,-1,0.7746956155580633
513830,508730,000000508730.jpg,FRONT,3,13,54056.8,353.7,-1,body7_self,gt_box,gt_box,,,1.0,1.0,0,0.941543356281371,0.941543356281371,1.0,13,0,-0.47697279502394263,8,-1,0.7959451202084037
513830,508730,000000508730.jpg,FRONT,3,13,54056.8,353.7,-1,body7_self,rtmdet_ins_tiny,rtmdet_ins_tiny,5,0.8080,0.9584,0.9584,0,0.9447326923102557,0.9447326923102557,1.0,13,0,-0.476864404148134,8,-1,0.7746956330888412
513830,508730,000000508730.jpg,FRONT,3,13,54056.8,353.7,-1,aic_coco_self,gt_box,gt_box,,,1.0,1.0,0,0.9526591262218088,0.9526591262218088,1.0,13,0,-0.47927300940706064,8,-1,0.8020840287208557
513830,508730,000000508730.jpg,FRONT,3,13,54056.8,353.7,-1,aic_coco_self,rtmdet_ins_tiny,rtmdet_ins_tiny,5,0.8080,0.9584,0.9584,0,0.955181704190057,0.955181704190057,1.0,13,0,-0.4760550315719817,8,-1,0.7887348252184251
514382,223738,000000223738.jpg,PROFILE,1,14,55136.2,517.8,-1,body7_official,gt_box,gt_box,,,1.0,1.0,0,0.9827209025437408,0.9827209025437408,1.0,14,0,-0.32262509559160646,12,-1,0.8437739891164443
514382,223738,000000223738.jpg,PROFILE,1,14,55136.2,517.8,-1,body7_official,rtmdet_ins_tiny,rtmdet_ins_tiny,31,0.9320,0.9179,0.9179,0,0.9849373040810622,0.9849373040810622,1.0,14,0,-0.32078374975189977,12,-1,0.8397454303853652
514382,223738,000000223738.jpg,PROFILE,1,14,55136.2,517.8,-1,body7_self,gt_box,gt_box,,,1.0,1.0,0,0.9827209025437408,0.9827209025437408,1.0,14,0,-0.32262509559160646,12,-1,0.8437740136595333
514382,223738,000000223738.jpg,PROFILE,1,14,55136.2,517.8,-1,body7_self,rtmdet_ins_tiny,rtmdet_ins_tiny,31,0.9320,0.9179,0.9179,0,0.9849373040810622,0.9849373040810622,1.0,14,0,-0.32078374975189977,12,-1,0.8397452761145199
514382,223738,000000223738.jpg,PROFILE,1,14,55136.2,517.8,-1,aic_coco_self,gt_box,gt_box,,,1.0,1.0,0,0.96700833776585,0.96700833776585,1.0,14,0,-0.32079112741837446,12,-1,0.8543865961187026
514382,223738,000000223738.jpg,PROFILE,1,14,55136.2,517.8,-1,aic_coco_self,rtmdet_ins_tiny,rtmdet_ins_tiny,31,0.9320,0.9179,0.9179,0,0.9718409808789802,0.9718409808789802,1.0,14,0,-0.3249722325277865,12,-1,0.8373521320960101
515063,278749,000000278749.jpg,REAR,0,13,3776.7,118.8,1,body7_official,gt_box,gt_box,,,1.0,1.0,0,0.9692544260508499,0.9692544260508499,1.0,13,0,-0.23397961480729024,12,1,0.6817883428405312
515063,278749,000000278749.jpg,REAR,0,13,3776.7,118.8,1,body7_official,rtmdet_ins_tiny,rtmdet_ins_tiny,13,0.8005,0.7697,0.7697,0,0.9731920295519669,0.9731920295519669,1.0,13,0,-0.23607274082332871,12,1,0.6931182251257055
515063,278749,000000278749.jpg,REAR,0,13,3776.7,118.8,1,body7_self,gt_box,gt_box,,,1.0,1.0,0,0.9692544260508499,0.9692544260508499,1.0,13,0,-0.23397961480729024,12,1,0.6817883919267094
515063,278749,000000278749.jpg,REAR,0,13,3776.7,118.8,1,body7_self,rtmdet_ins_tiny,rtmdet_ins_tiny,13,0.8005,0.7697,0.7697,0,0.9731920295519669,0.9731920295519669,1.0,13,0,-0.23607274082332871,12,1,0.6931181409779716
515063,278749,000000278749.jpg,REAR,0,13,3776.7,118.8,1,aic_coco_self,gt_box,gt_box,,,1.0,1.0,0,0.9692721317408887,0.9692721317408887,1.0,13,0,-0.23050760574861598,12,1,0.7200903366593754
515063,278749,000000278749.jpg,REAR,0,13,3776.7,118.8,1,aic_coco_self,rtmdet_ins_tiny,rtmdet_ins_tiny,13,0.8005,0.7697,0.7697,0,0.9765973593071109,0.9765973593071109,1.0,13,0,-0.2339507937916588,12,1,0.719224586206324
517471,323496,000000323496.jpg,FRONT,3,16,2280.8,110.3,-1,body7_official,gt_box,gt_box,,,1.0,1.0,0,0.9355225817103145,0.9355225817103145,1.0,13,0,-0.16698413411104412,8,-1,0.7712391229236827
517471,323496,000000323496.jpg,FRONT,3,16,2280.8,110.3,-1,body7_official,rtmdet_ins_tiny,rtmdet_ins_tiny,22,0.7968,0.0000,0.9186,1,1.9632745069047417e-06,1.9632745069047417e-06,0.0,13,0,-0.00016674186556453474,8,-1,0.5725190946284462
517471,323496,000000323496.jpg,FRONT,3,16,2280.8,110.3,-1,body7_self,gt_box,gt_box,,,1.0,1.0,0,0.9355225817103145,0.9355225817103145,1.0,13,0,-0.16698413411104412,8,-1,0.7712390878621269
517471,323496,000000323496.jpg,FRONT,3,16,2280.8,110.3,-1,body7_self,rtmdet_ins_tiny,rtmdet_ins_tiny,22,0.7968,0.0000,0.9186,1,1.9632745069047417e-06,1.9632745069047417e-06,0.0,13,0,-0.00016674186556453474,8,-1,0.5725191340726965
517471,323496,000000323496.jpg,FRONT,3,16,2280.8,110.3,-1,aic_coco_self,gt_box,gt_box,,,1.0,1.0,0,0.9492751033352639,0.9492751033352639,1.0,13,0,-0.16716613088458726,8,-1,0.773943354101742
517471,323496,000000323496.jpg,FRONT,3,16,2280.8,110.3,-1,aic_coco_self,rtmdet_ins_tiny,rtmdet_ins_tiny,22,0.7968,0.0000,0.9186,1,2.102416195900158e-06,3.8043003808881096e-05,0.0,13,1,0.00042764595641031633,8,-1,0.6065268797032973
518621,91495,000000091495.jpg,OBLIQUE,2,15,28598.4,327.3,-1,body7_official,gt_box,gt_box,,,1.0,1.0,0,0.9761819104410273,0.9761819104410273,1.0,15,0,-0.2740586017726964,12,-1,0.8105776520336375
518621,91495,000000091495.jpg,OBLIQUE,2,15,28598.4,327.3,-1,body7_official,rtmdet_ins_tiny,rtmdet_ins_tiny,32,0.8784,0.9494,0.9494,0,0.9743044597495959,0.9743044597495959,1.0,15,0,-0.2750064367155015,12,-1,0.8234680435236763
518621,91495,000000091495.jpg,OBLIQUE,2,15,28598.4,327.3,-1,body7_self,gt_box,gt_box,,,1.0,1.0,0,0.9761819104410273,0.9761819104410273,1.0,15,0,-0.2740586017726964,12,-1,0.8105777537121492
518621,91495,000000091495.jpg,OBLIQUE,2,15,28598.4,327.3,-1,body7_self,rtmdet_ins_tiny,rtmdet_ins_tiny,32,0.8784,0.9494,0.9494,0,0.9743044597495959,0.9743044597495959,1.0,15,0,-0.2750064367155015,12,-1,0.8234680400175207
518621,91495,000000091495.jpg,OBLIQUE,2,15,28598.4,327.3,-1,aic_coco_self,gt_box,gt_box,,,1.0,1.0,0,0.9857202319067843,0.9857202319067843,1.0,15,0,-0.284268194245233,12,-1,0.8267001018804663
518621,91495,000000091495.jpg,OBLIQUE,2,15,28598.4,327.3,-1,aic_coco_self,rtmdet_ins_tiny,rtmdet_ins_tiny,32,0.8784,0.9494,0.9494,0,0.9859870162390454,0.9859870162390454,1.0,15,0,-0.282726387262355,12,-1,0.8276551435975468
519833,480936,000000480936.jpg,FRONT,3,17,118157.2,631.5,-1,body7_official,gt_box,gt_box,,,1.0,1.0,0,0.9749717550248546,0.9749717550248546,1.0,17,0,-0.38699629701833776,12,-1,0.9387137469123391
519833,480936,000000480936.jpg,FRONT,3,17,118157.2,631.5,-1,body7_official,rtmdet_ins_tiny,rtmdet_ins_tiny,8,0.9185,0.9071,0.9071,0,0.9727799445977356,0.9727799445977356,1.0,17,0,-0.38598537735641447,12,-1,0.922442260910483
519833,480936,000000480936.jpg,FRONT,3,17,118157.2,631.5,-1,body7_self,gt_box,gt_box,,,1.0,1.0,0,0.9749717550248546,0.9749717550248546,1.0,17,0,-0.38699629701833776,12,-1,0.9387137153569389
519833,480936,000000480936.jpg,FRONT,3,17,118157.2,631.5,-1,body7_self,rtmdet_ins_tiny,rtmdet_ins_tiny,8,0.9185,0.9071,0.9071,0,0.9727799445977356,0.9727799445977356,1.0,17,0,-0.38598537735641447,12,-1,0.9224423135028166
519833,480936,000000480936.jpg,FRONT,3,17,118157.2,631.5,-1,aic_coco_self,gt_box,gt_box,,,1.0,1.0,0,0.9823456809570574,0.9823456809570574,1.0,17,0,-0.39675209559952995,12,-1,0.913329937878777
519833,480936,000000480936.jpg,FRONT,3,17,118157.2,631.5,-1,aic_coco_self,rtmdet_ins_tiny,rtmdet_ins_tiny,8,0.9185,0.9071,0.9071,0,0.9796060253597085,0.9796060253597085,1.0,17,0,-0.3931320313295889,12,-1,0.9003842332783867
521191,373353,000000373353.jpg,FRONT,3,14,1853.2,109.6,-1,body7_official,gt_box,gt_box,,,1.0,1.0,0,0.939589066256727,0.939589066256727,1.0,12,0,-0.1486079257943805,6,-1,0.6896674212287454
521191,373353,000000373353.jpg,FRONT,3,14,1853.2,109.6,-1,body7_official,rtmdet_ins_tiny,rtmdet_ins_tiny,21,0.7377,0.8055,0.8055,0,0.9317424298190216,0.9317424298190216,1.0,12,0,-0.1491561612204019,6,-1,0.667854575549855
521191,373353,000000373353.jpg,FRONT,3,14,1853.2,109.6,-1,body7_self,gt_box,gt_box,,,1.0,1.0,0,0.939589066256727,0.939589066256727,1.0,12,0,-0.1486079257943805,6,-1,0.6896675439441905
521191,373353,000000373353.jpg,FRONT,3,14,1853.2,109.6,-1,body7_self,rtmdet_ins_tiny,rtmdet_ins_tiny,21,0.7377,0.8055,0.8055,0,0.9317424298190216,0.9317424298190216,1.0,12,0,-0.1491561612204019,6,-1,0.6678546456729665
521191,373353,000000373353.jpg,FRONT,3,14,1853.2,109.6,-1,aic_coco_self,gt_box,gt_box,,,1.0,1.0,0,0.959697414884573,0.959697414884573,1.0,12,0,-0.15208234380272154,6,-1,0.6970608164282406
521191,373353,000000373353.jpg,FRONT,3,14,1853.2,109.6,-1,aic_coco_self,rtmdet_ins_tiny,rtmdet_ins_tiny,21,0.7377,0.8055,0.8055,0,0.9612840035937481,0.9612840035937481,1.0,12,0,-0.15362628354139957,6,-1,0.6897912130636328
522851,465836,000000465836.jpg,FRONT,3,15,7283.3,187.9,-1,body7_official,gt_box,gt_box,,,1.0,1.0,0,0.9772835874482293,0.9772835874482293,1.0,15,0,-0.3921498665658714,12,-1,0.9165088183739606
522851,465836,000000465836.jpg,FRONT,3,15,7283.3,187.9,-1,body7_official,rtmdet_ins_tiny,rtmdet_ins_tiny,4,0.9010,0.8961,0.8961,0,0.9768213502766009,0.9768213502766009,1.0,15,0,-0.39308585187456485,12,-1,0.9216164105078753
522851,465836,000000465836.jpg,FRONT,3,15,7283.3,187.9,-1,body7_self,gt_box,gt_box,,,1.0,1.0,0,0.9772835874482293,0.9772835874482293,1.0,15,0,-0.3921498665658714,12,-1,0.9165087552631602
522851,465836,000000465836.jpg,FRONT,3,15,7283.3,187.9,-1,body7_self,rtmdet_ins_tiny,rtmdet_ins_tiny,4,0.9010,0.8961,0.8961,0,0.9768213502766009,0.9768213502766009,1.0,15,0,-0.39308585187456485,12,-1,0.9216164490755867
522851,465836,000000465836.jpg,FRONT,3,15,7283.3,187.9,-1,aic_coco_self,gt_box,gt_box,,,1.0,1.0,0,0.9758435699160306,0.9758435699160306,1.0,15,0,-0.39071204338232135,12,-1,0.9183217041632709
522851,465836,000000465836.jpg,FRONT,3,15,7283.3,187.9,-1,aic_coco_self,rtmdet_ins_tiny,rtmdet_ins_tiny,4,0.9010,0.8961,0.8961,0,0.9758725652613004,0.9758725652613004,1.0,15,0,-0.3909838024647897,12,-1,0.931270182132721
524786,32570,000000032570.jpg,FRONT,3,16,5442.0,130.7,-1,body7_official,gt_box,gt_box,,,1.0,1.0,0,0.9397802549149064,0.9397802549149064,1.0,15,0,-0.8897447658464629,10,-1,0.8128698643516091
524786,32570,000000032570.jpg,FRONT,3,16,5442.0,130.7,-1,body7_official,rtmdet_ins_tiny,rtmdet_ins_tiny,3,0.7576,0.9368,0.9368,0,0.9419043154838956,0.9419043154838956,1.0,15,0,-0.888802928499029,10,-1,0.8169585045646218
524786,32570,000000032570.jpg,FRONT,3,16,5442.0,130.7,-1,body7_self,gt_box,gt_box,,,1.0,1.0,0,0.9397802549149064,0.9397802549149064,1.0,15,0,-0.8897447658464629,10,-1,0.8128698538331425
524786,32570,000000032570.jpg,FRONT,3,16,5442.0,130.7,-1,body7_self,rtmdet_ins_tiny,rtmdet_ins_tiny,3,0.7576,0.9368,0.9368,0,0.9419043154838956,0.9419043154838956,1.0,15,0,-0.888802928499029,10,-1,0.8169585220953998
524786,32570,000000032570.jpg,FRONT,3,16,5442.0,130.7,-1,aic_coco_self,gt_box,gt_box,,,1.0,1.0,0,0.921579967980126,0.921579967980126,0.9333333333333333,15,0,-0.8732932757684977,10,-1,0.9114020396681393
524786,32570,000000032570.jpg,FRONT,3,16,5442.0,130.7,-1,aic_coco_self,rtmdet_ins_tiny,rtmdet_ins_tiny,3,0.7576,0.9368,0.9368,0,0.938061040996331,0.938061040996331,1.0,15,0,-0.8822874994318725,10,-1,0.897031191517325
526791,447088,000000447088.jpg,FRONT,3,16,16162.0,301.6,-1,body7_official,gt_box,gt_box,,,1.0,1.0,0,0.9657409920344413,0.9657409920344413,1.0,16,0,-0.26452633843107454,12,-1,0.8367156912298763
526791,447088,000000447088.jpg,FRONT,3,16,16162.0,301.6,-1,body7_official,rtmdet_ins_tiny,rtmdet_ins_tiny,19,0.8936,0.9226,0.9226,0,0.9654747928958187,0.9654747928958187,1.0,16,0,-0.26060209101947385,12,-1,0.8330785947687486
526791,447088,000000447088.jpg,FRONT,3,16,16162.0,301.6,-1,body7_self,gt_box,gt_box,,,1.0,1.0,0,0.9657409920344413,0.9657409920344413,1.0,16,0,-0.26452633843107454,12,-1,0.8367157157729653
526791,447088,000000447088.jpg,FRONT,3,16,16162.0,301.6,-1,body7_self,rtmdet_ins_tiny,rtmdet_ins_tiny,19,0.8936,0.9226,0.9226,0,0.9654747928958187,0.9654747928958187,1.0,16,0,-0.26060209101947385,12,-1,0.8330785877564374
526791,447088,000000447088.jpg,FRONT,3,16,16162.0,301.6,-1,aic_coco_self,gt_box,gt_box,,,1.0,1.0,0,0.9688605102306569,0.9688605102306569,1.0,16,0,-0.268319697726198,12,-1,0.8649493315640617
526791,447088,000000447088.jpg,FRONT,3,16,16162.0,301.6,-1,aic_coco_self,rtmdet_ins_tiny,rtmdet_ins_tiny,19,0.8936,0.9226,0.9226,0,0.9701780975605949,0.9701780975605949,1.0,16,0,-0.2648762923657551,12,-1,0.8573108315467834
529004,150649,000000150649.jpg,FRONT,3,16,2696.3,107.7,-1,body7_official,gt_box,gt_box,,,1.0,1.0,0,0.9711873550791177,0.9711873550791177,1.0,16,0,-0.38147460879868617,12,-1,0.8091476559638977
529004,150649,000000150649.jpg,FRONT,3,16,2696.3,107.7,-1,body7_official,rtmdet_ins_tiny,rtmdet_ins_tiny,36,0.9001,0.9487,0.9487,0,0.972980172882129,0.972980172882129,1.0,16,0,-0.37900175173791967,12,-1,0.8102278358796063
529004,150649,000000150649.jpg,FRONT,3,16,2696.3,107.7,-1,body7_self,gt_box,gt_box,,,1.0,1.0,0,0.9711873550791177,0.9711873550791177,1.0,16,0,-0.38147460879868617,12,-1,0.8091477155685425
529004,150649,000000150649.jpg,FRONT,3,16,2696.3,107.7,-1,body7_self,rtmdet_ins_tiny,rtmdet_ins_tiny,36,0.9001,0.9487,0.9487,0,0.972980172882129,0.972980172882129,1.0,16,0,-0.37900175173791967,12,-1,0.8102278043242062
529004,150649,000000150649.jpg,FRONT,3,16,2696.3,107.7,-1,aic_coco_self,gt_box,gt_box,,,1.0,1.0,0,0.973003913592147,0.973003913592147,1.0,16,0,-0.37782747003576495,12,-1,0.8175966950023875
529004,150649,000000150649.jpg,FRONT,3,16,2696.3,107.7,-1,aic_coco_self,rtmdet_ins_tiny,rtmdet_ins_tiny,36,0.9001,0.9487,0.9487,0,0.9666642990000605,0.9666642990000605,1.0,16,0,-0.3799065555826938,12,-1,0.8397617515395669
529378,294695,000000294695.jpg,OBLIQUE,2,13,2825.9,117.4,-1,body7_official,gt_box,gt_box,,,1.0,1.0,0,0.9646771076907682,0.9646771076907682,1.0,13,0,-0.15117007705792057,8,-1,0.7572587027269251
529378,294695,000000294695.jpg,OBLIQUE,2,13,2825.9,117.4,-1,body7_official,rtmdet_ins_tiny,rtmdet_ins_tiny,12,0.8494,0.9309,0.9309,0,0.9591347844528451,0.9591347844528451,1.0,13,0,-0.14752015361759507,8,-1,0.7595679391832912
529378,294695,000000294695.jpg,OBLIQUE,2,13,2825.9,117.4,-1,body7_self,gt_box,gt_box,,,1.0,1.0,0,0.9646771076907682,0.9646771076907682,1.0,13,0,-0.15117007705792057,8,-1,0.7572586571469027
529378,294695,000000294695.jpg,OBLIQUE,2,13,2825.9,117.4,-1,body7_self,rtmdet_ins_tiny,rtmdet_ins_tiny,12,0.8494,0.9309,0.9309,0,0.9591347844528451,0.9591347844528451,1.0,13,0,-0.14752015361759507,8,-1,0.7595679514548358
529378,294695,000000294695.jpg,OBLIQUE,2,13,2825.9,117.4,-1,aic_coco_self,gt_box,gt_box,,,1.0,1.0,0,0.9754068700730202,0.9754068700730202,1.0,13,0,-0.14882245551048717,8,-1,0.7804233238977545
529378,294695,000000294695.jpg,OBLIQUE,2,13,2825.9,117.4,-1,aic_coco_self,rtmdet_ins_tiny,rtmdet_ins_tiny,12,0.8494,0.9309,0.9309,0,0.969548419992307,0.969548419992307,1.0,13,0,-0.14016861898157512,8,-1,0.8087605728822596
531914,197388,000000197388.jpg,FRONT,3,15,8914.0,223.4,-1,body7_official,gt_box,gt_box,,,1.0,1.0,0,0.9510977671115783,0.9510977671115783,1.0,13,0,-0.4744150414317015,6,-1,0.8152560100835913
531914,197388,000000197388.jpg,FRONT,3,15,8914.0,223.4,-1,body7_official,rtmdet_ins_tiny,rtmdet_ins_tiny,9,0.8013,0.8262,0.8262,0,0.9591764227512395,0.9591764227512395,1.0,13,0,-0.47914288017202855,6,-1,0.771983868935529
531914,197388,000000197388.jpg,FRONT,3,15,8914.0,223.4,-1,body7_self,gt_box,gt_box,,,1.0,1.0,0,0.9510977671115783,0.9510977671115783,1.0,13,0,-0.4744150414317015,6,-1,0.8152561187744141
531914,197388,000000197388.jpg,FRONT,3,15,8914.0,223.4,-1,body7_self,rtmdet_ins_tiny,rtmdet_ins_tiny,9,0.8013,0.8262,0.8262,0,0.9591764227512395,0.9591764227512395,1.0,13,0,-0.47914288017202855,6,-1,0.7719838654293734
531914,197388,000000197388.jpg,FRONT,3,15,8914.0,223.4,-1,aic_coco_self,gt_box,gt_box,,,1.0,1.0,0,0.9740622483096556,0.9740622483096556,1.0,13,0,-0.4755696839289672,6,-1,0.8470745297039256
531914,197388,000000197388.jpg,FRONT,3,15,8914.0,223.4,-1,aic_coco_self,rtmdet_ins_tiny,rtmdet_ins_tiny,9,0.8013,0.8262,0.8262,0,0.9681809012691526,0.9681809012691526,1.0,13,0,-0.4767027378210358,6,-1,0.814240855329177
533014,273715,000000273715.jpg,REAR,0,13,5057.5,147.2,-1,body7_official,gt_box,gt_box,,,1.0,1.0,0,0.9715876814162326,0.9715876814162326,1.0,13,0,-0.05842533806574156,12,0,0.7863078503047719
533014,273715,000000273715.jpg,REAR,0,13,5057.5,147.2,-1,body7_official,rtmdet_ins_tiny,rtmdet_ins_tiny,79,0.8634,0.8433,0.8433,0,0.9693854552487271,0.9693854552487271,1.0,13,0,-0.059837714528721685,12,1,0.772119287182303
533014,273715,000000273715.jpg,REAR,0,13,5057.5,147.2,-1,body7_self,gt_box,gt_box,,,1.0,1.0,0,0.9715876814162326,0.9715876814162326,1.0,13,0,-0.05842533806574156,12,0,0.7863077100585488
533014,273715,000000273715.jpg,REAR,0,13,5057.5,147.2,-1,body7_self,rtmdet_ins_tiny,rtmdet_ins_tiny,79,0.8634,0.8433,0.8433,0,0.9693854552487271,0.9693854552487271,1.0,13,0,-0.059837714528721685,12,1,0.7721192977007698
533014,273715,000000273715.jpg,REAR,0,13,5057.5,147.2,-1,aic_coco_self,gt_box,gt_box,,,1.0,1.0,0,0.9819282117442795,0.9819282117442795,1.0,13,0,-0.07305450429098456,12,-1,0.7837477116023793
533014,273715,000000273715.jpg,REAR,0,13,5057.5,147.2,-1,aic_coco_self,rtmdet_ins_tiny,rtmdet_ins_tiny,79,0.8634,0.8433,0.8433,0,0.9829793396247439,0.9829793396247439,1.0,13,0,-0.075173229411016,12,-1,0.7876204883351046
534985,160864,000000160864.jpg,FRONT,3,16,8732.2,212.4,-1,body7_official,gt_box,gt_box,,,1.0,1.0,0,0.9758889523296501,0.9758889523296501,1.0,14,0,-0.31818336705810896,10,-1,0.8804197556832257
534985,160864,000000160864.jpg,FRONT,3,16,8732.2,212.4,-1,body7_official,rtmdet_ins_tiny,rtmdet_ins_tiny,17,0.9097,0.2057,0.9145,1,0.01774669786834839,0.01774669786834839,0.0,14,0,-0.004608815483321038,10,-1,0.9143199605100295
534985,160864,000000160864.jpg,FRONT,3,16,8732.2,212.4,-1,body7_self,gt_box,gt_box,,,1.0,1.0,0,0.9758889523296501,0.9758889523296501,1.0,14,0,-0.31818336705810896,10,-1,0.8804196925724254
534985,160864,000000160864.jpg,FRONT,3,16,8732.2,212.4,-1,body7_self,rtmdet_ins_tiny,rtmdet_ins_tiny,17,0.9097,0.2057,0.9145,1,0.01774669786834839,0.01774669786834839,0.0,14,0,-0.004608815483321038,10,-1,0.91432005517623
534985,160864,000000160864.jpg,FRONT,3,16,8732.2,212.4,-1,aic_coco_self,gt_box,gt_box,,,1.0,1.0,0,0.9770172675087008,0.9770172675087008,1.0,14,0,-0.31445439387334334,10,-1,0.8787749199306264
534985,160864,000000160864.jpg,FRONT,3,16,8732.2,212.4,-1,aic_coco_self,rtmdet_ins_tiny,rtmdet_ins_tiny,17,0.9097,0.2057,0.9145,1,0.017701691685209353,0.017701691685209353,0.0,14,0,-0.004322252218731837,10,-1,0.8818723909995135
536047,230819,000000230819.jpg,FRONT,3,16,3486.8,121.2,-1,body7_official,gt_box,gt_box,,,1.0,1.0,0,0.9185623319838382,0.9185623319838382,1.0,16,0,-0.6106327613652913,12,-1,0.7764011831844554
536047,230819,000000230819.jpg,FRONT,3,16,3486.8,121.2,-1,body7_official,rtmdet_ins_tiny,rtmdet_ins_tiny,7,0.8057,0.9671,0.9671,0,0.9154308252886039,0.9154308252886039,1.0,16,0,-0.6100695310178871,12,-1,0.7725194552365471
536047,230819,000000230819.jpg,FRONT,3,16,3486.8,121.2,-1,body7_self,gt_box,gt_box,,,1.0,1.0,0,0.9185623319838382,0.9185623319838382,1.0,16,0,-0.6106327613652913,12,-1,0.7764011586413664
536047,230819,000000230819.jpg,FRONT,3,16,3486.8,121.2,-1,body7_self,rtmdet_ins_tiny,rtmdet_ins_tiny,7,0.8057,0.9671,0.9671,0,0.9154308252886039,0.9154308252886039,1.0,16,0,-0.6100695310178871,12,-1,0.7725193745949689
536047,230819,000000230819.jpg,FRONT,3,16,3486.8,121.2,-1,aic_coco_self,gt_box,gt_box,,,1.0,1.0,0,0.9300950945733703,0.9300950945733703,1.0,16,0,-0.6146284672701168,12,-1,0.8452106749310213
536047,230819,000000230819.jpg,FRONT,3,16,3486.8,121.2,-1,aic_coco_self,rtmdet_ins_tiny,rtmdet_ins_tiny,7,0.8057,0.9671,0.9671,0,0.9334977252326769,0.9334977252326769,1.0,16,0,-0.616254514422138,12,-1,0.8586657503071953
538502,2153,000000002153.jpg,REAR,0,13,4848.9,197.3,-1,body7_official,gt_box,gt_box,,,1.0,1.0,0,0.9513093214142532,0.9513093214142532,1.0,9,0,-0.2791673499737982,8,-1,0.742116440744961
538502,2153,000000002153.jpg,REAR,0,13,4848.9,197.3,-1,body7_official,rtmdet_ins_tiny,rtmdet_ins_tiny,44,0.7016,0.2714,0.8190,3,3.0706816051509916e-05,1.4908064739122897e-05,0.0,9,1,0.1073412131368332,8,1,0.7879808404866386
538502,2153,000000002153.jpg,REAR,0,13,4848.9,197.3,-1,body7_self,gt_box,gt_box,,,1.0,1.0,0,0.9513093214142532,0.9513093214142532,1.0,9,0,-0.2791673499737982,8,-1,0.7421165704727173
538502,2153,000000002153.jpg,REAR,0,13,4848.9,197.3,-1,body7_self,rtmdet_ins_tiny,rtmdet_ins_tiny,44,0.7016,0.2714,0.8190,3,3.0706816051509916e-05,1.4908064739122897e-05,0.0,9,1,0.1073412131368332,8,1,0.7879808159435496
538502,2153,000000002153.jpg,REAR,0,13,4848.9,197.3,-1,aic_coco_self,gt_box,gt_box,,,1.0,1.0,0,0.9641175105706092,0.9641175105706092,1.0,9,0,-0.2859657729012407,8,-1,0.717385519953335
538502,2153,000000002153.jpg,REAR,0,13,4848.9,197.3,-1,aic_coco_self,rtmdet_ins_tiny,rtmdet_ins_tiny,44,0.7016,0.2714,0.8190,3,2.279413405242202e-05,1.0322892773565349e-05,0.0,9,1,0.10654010210845244,8,1,0.8202615310164059
540911,509403,000000509403.jpg,FRONT,3,16,2212.9,107.6,-1,body7_official,gt_box,gt_box,,,1.0,1.0,0,0.9414901611555495,0.9414901611555495,1.0,16,0,-0.39336594132179115,12,-1,0.8340783259447884
540911,509403,000000509403.jpg,FRONT,3,16,2212.9,107.6,-1,body7_official,rtmdet_ins_tiny,rtmdet_ins_tiny,4,0.9122,0.9545,0.9545,0,0.9445127773043122,0.9445127773043122,1.0,16,0,-0.3929231918379855,12,-1,0.833258123958812
540911,509403,000000509403.jpg,FRONT,3,16,2212.9,107.6,-1,body7_self,gt_box,gt_box,,,1.0,1.0,0,0.9414901611555495,0.9414901611555495,1.0,16,0,-0.39336594132179115,12,-1,0.834078361006344
540911,509403,000000509403.jpg,FRONT,3,16,2212.9,107.6,-1,body7_self,rtmdet_ins_tiny,rtmdet_ins_tiny,4,0.9122,0.9545,0.9545,0,0.9445127773043122,0.9445127773043122,1.0,16,0,-0.3929231918379855,12,-1,0.8332581274649676
540911,509403,000000509403.jpg,FRONT,3,16,2212.9,107.6,-1,aic_coco_self,gt_box,gt_box,,,1.0,1.0,0,0.9362531241813271,0.9362531241813271,1.0,16,0,-0.3907991998681491,12,-1,0.8834930518094231
540911,509403,000000509403.jpg,FRONT,3,16,2212.9,107.6,-1,aic_coco_self,rtmdet_ins_tiny,rtmdet_ins_tiny,4,0.9122,0.9545,0.9545,0,0.9323767763160411,0.9323767763160411,1.0,16,0,-0.39193372430806617,12,-1,0.8859974601689506
541792,447187,000000447187.jpg,FRONT,3,17,4970.4,132.3,-1,body7_official,gt_box,gt_box,,,1.0,1.0,0,0.946138989116015,0.946138989116015,1.0,17,0,-0.5494576048120279,12,-1,0.7157125017222237
541792,447187,000000447187.jpg,FRONT,3,17,4970.4,132.3,-1,body7_official,rtmdet_ins_tiny,rtmdet_ins_tiny,47,0.6824,0.9663,0.9663,0,0.933410467959459,0.933410467959459,1.0,17,0,-0.5491019721610312,12,-1,0.7147632346433752
541792,447187,000000447187.jpg,FRONT,3,17,4970.4,132.3,-1,body7_self,gt_box,gt_box,,,1.0,1.0,0,0.946138989116015,0.946138989116015,1.0,17,0,-0.5494576048120279,12,-1,0.7157125473022461
541792,447187,000000447187.jpg,FRONT,3,17,4970.4,132.3,-1,body7_self,rtmdet_ins_tiny,rtmdet_ins_tiny,47,0.6824,0.9663,0.9663,0,0.933410467959459,0.933410467959459,1.0,17,0,-0.5491019721610312,12,-1,0.714763236396453
541792,447187,000000447187.jpg,FRONT,3,17,4970.4,132.3,-1,aic_coco_self,gt_box,gt_box,,,1.0,1.0,0,0.9516660773730448,0.9516660773730448,1.0,17,0,-0.5478775134319932,12,-1,0.7262472545399385
541792,447187,000000447187.jpg,FRONT,3,17,4970.4,132.3,-1,aic_coco_self,rtmdet_ins_tiny,rtmdet_ins_tiny,47,0.6824,0.9663,0.9663,0,0.939663369138436,0.939663369138436,1.0,17,0,-0.5424694630923852,12,-1,0.7347648494383868
543998,53626,000000053626.jpg,FRONT,3,17,9990.9,216.4,-1,body7_official,gt_box,gt_box,,,1.0,1.0,0,0.9734806012769617,0.9734806012769617,1.0,17,0,-0.33550233422575315,12,-1,0.8871585376122418
543998,53626,000000053626.jpg,FRONT,3,17,9990.9,216.4,-1,body7_official,rtmdet_ins_tiny,rtmdet_ins_tiny,10,0.9241,0.9611,0.9611,0,0.9709134746193291,0.9709134746193291,1.0,17,0,-0.33222949469872015,12,-1,0.9025932304999408
543998,53626,000000053626.jpg,FRONT,3,17,9990.9,216.4,-1,body7_self,gt_box,gt_box,,,1.0,1.0,0,0.9734806012769617,0.9734806012769617,1.0,17,0,-0.33550233422575315,12,-1,0.8871584850199082
543998,53626,000000053626.jpg,FRONT,3,17,9990.9,216.4,-1,body7_self,rtmdet_ins_tiny,rtmdet_ins_tiny,10,0.9241,0.9611,0.9611,0,0.9709134746193291,0.9709134746193291,1.0,17,0,-0.33222949469872015,12,-1,0.9025932725738076
543998,53626,000000053626.jpg,FRONT,3,17,9990.9,216.4,-1,aic_coco_self,gt_box,gt_box,,,1.0,1.0,0,0.9696017771329913,0.9696017771329913,1.0,17,0,-0.33610683872873004,12,-1,0.909769289633807
543998,53626,000000053626.jpg,FRONT,3,17,9990.9,216.4,-1,aic_coco_self,rtmdet_ins_tiny,rtmdet_ins_tiny,10,0.9241,0.9611,0.9611,0,0.9678522131073026,0.9678522131073026,1.0,17,0,-0.33479700674335566,12,-1,0.9085375596495235
544200,506707,000000506707.jpg,FRONT,3,17,6000.7,181.2,-1,body7_official,gt_box,gt_box,,,1.0,1.0,0,0.8174007671713751,0.8174007671713751,0.9230769230769231,13,0,-0.3235857348401578,8,-1,0.5590591816341176
544200,506707,000000506707.jpg,FRONT,3,17,6000.7,181.2,-1,body7_official,rtmdet_ins_tiny,rtmdet_ins_tiny,66,0.5062,0.0000,0.6797,7,1.8905377468788167e-07,1.8905377468788167e-07,0.0,13,0,-0.003648321021325396,8,-1,0.6675932442440706
544200,506707,000000506707.jpg,FRONT,3,17,6000.7,181.2,-1,body7_self,gt_box,gt_box,,,1.0,1.0,0,0.8174007671713751,0.8174007671713751,0.9230769230769231,13,0,-0.3235857348401578,8,-1,0.5590587275869706
544200,506707,000000506707.jpg,FRONT,3,17,6000.7,181.2,-1,body7_self,rtmdet_ins_tiny,rtmdet_ins_tiny,66,0.5062,0.0000,0.6797,7,1.8905377468788167e-07,1.8905377468788167e-07,0.0,13,0,-0.003648321021325396,8,-1,0.6675933599472046
544200,506707,000000506707.jpg,FRONT,3,17,6000.7,181.2,-1,aic_coco_self,gt_box,gt_box,,,1.0,1.0,0,0.8999569931700846,0.8999569931700846,1.0,13,0,-0.39564229232692943,8,-1,0.6308230950551874
544200,506707,000000506707.jpg,FRONT,3,17,6000.7,181.2,-1,aic_coco_self,rtmdet_ins_tiny,rtmdet_ins_tiny,66,0.5062,0.0000,0.6797,7,1.891873988956613e-07,1.891873988956613e-07,0.0,13,0,-0.003879084868488869,8,-1,0.7125033034997827
546200,4134,000000004134.jpg,OBLIQUE,2,13,6666.8,159.5,-1,body7_official,gt_box,gt_box,,,1.0,1.0,0,0.8661969131170256,0.8661969131170256,1.0,12,0,-0.10459534168548221,8,-1,0.6264903405133415
546200,4134,000000004134.jpg,OBLIQUE,2,13,6666.8,159.5,-1,body7_official,rtmdet_ins_tiny,rtmdet_ins_tiny,41,0.7915,0.8849,0.8849,0,0.814058665348175,0.814058665348175,0.9166666666666666,12,0,-0.10262599218786739,8,-1,0.6371440624489504
546200,4134,000000004134.jpg,OBLIQUE,2,13,6666.8,159.5,-1,body7_self,gt_box,gt_box,,,1.0,1.0,0,0.8661969131170256,0.8661969131170256,1.0,12,0,-0.10459534168548221,8,-1,0.6264902493532967
546200,4134,000000004134.jpg,OBLIQUE,2,13,6666.8,159.5,-1,body7_self,rtmdet_ins_tiny,rtmdet_ins_tiny,41,0.7915,0.8849,0.8849,0,0.814058665348175,0.814058665348175,0.9166666666666666,12,0,-0.10262599218786739,8,-1,0.6371440712143394
546200,4134,000000004134.jpg,OBLIQUE,2,13,6666.8,159.5,-1,aic_coco_self,gt_box,gt_box,,,1.0,1.0,0,0.8636999348556756,0.8636999348556756,1.0,12,0,-0.1024836706183913,8,-1,0.6199933395666235
546200,4134,000000004134.jpg,OBLIQUE,2,13,6666.8,159.5,-1,aic_coco_self,rtmdet_ins_tiny,rtmdet_ins_tiny,41,0.7915,0.8849,0.8849,0,0.8718910879895657,0.8718910879895657,1.0,12,0,-0.10312731398480784,8,-1,0.6094896232380587
548188,360960,000000360960.jpg,FRONT,3,13,13124.3,325.0,-1,body7_official,gt_box,gt_box,,,1.0,1.0,0,0.9535918847602451,0.9535918847602451,1.0,13,0,-0.1469063238129591,8,-1,0.7449958499740151
548188,360960,000000360960.jpg,FRONT,3,13,13124.3,325.0,-1,body7_official,rtmdet_ins_tiny,rtmdet_ins_tiny,47,0.7637,0.2090,0.8284,1,0.06515757744773326,0.018756895467901373,0.0,13,1,0.003855708511546929,8,1,0.6856787783258101
548188,360960,000000360960.jpg,FRONT,3,13,13124.3,325.0,-1,body7_self,gt_box,gt_box,,,1.0,1.0,0,0.9535918847602451,0.9535918847602451,1.0,13,0,-0.1469063238129591,8,-1,0.7449957588139702
548188,360960,000000360960.jpg,FRONT,3,13,13124.3,325.0,-1,body7_self,rtmdet_ins_tiny,rtmdet_ins_tiny,47,0.7637,0.2090,0.8284,1,0.06515757744773326,0.018756895467901373,0.0,13,1,0.003855708511546929,8,1,0.6856786678819096
548188,360960,000000360960.jpg,FRONT,3,13,13124.3,325.0,-1,aic_coco_self,gt_box,gt_box,,,1.0,1.0,0,0.9645818729309309,0.9645818729309309,1.0,13,0,-0.15223950707324296,8,-1,0.7264882063164431
548188,360960,000000360960.jpg,FRONT,3,13,13124.3,325.0,-1,aic_coco_self,rtmdet_ins_tiny,rtmdet_ins_tiny,47,0.7637,0.2090,0.8284,1,0.06661259141551946,0.020252438565358025,0.0,13,1,0.004117749717796881,8,1,0.7247204535147723
549749,412894,000000412894.jpg,REAR,0,9,4244.3,102.7,1,body7_official,gt_box,gt_box,,,1.0,1.0,0,0.9671515909110764,0.9671515909110764,1.0,9,0,-0.5113446269499193,6,1,0.5157919157953823
549749,412894,000000412894.jpg,REAR,0,9,4244.3,102.7,1,body7_official,rtmdet_ins_tiny,rtmdet_ins_tiny,20,0.8952,0.9412,0.9412,0,0.9634999324603286,0.9634999324603286,1.0,9,0,-0.5164180306340254,6,1,0.5212852389496916
549749,412894,000000412894.jpg,REAR,0,9,4244.3,102.7,1,body7_self,gt_box,gt_box,,,1.0,1.0,0,0.9671515909110764,0.9671515909110764,1.0,9,0,-0.5113446269499193,6,1,0.5157919324496213
549749,412894,000000412894.jpg,REAR,0,9,4244.3,102.7,1,body7_self,rtmdet_ins_tiny,rtmdet_ins_tiny,20,0.8952,0.9412,0.9412,0,0.9634999324603286,0.9634999324603286,1.0,9,0,-0.5164180306340254,6,1,0.5212851832894718
549749,412894,000000412894.jpg,REAR,0,9,4244.3,102.7,1,aic_coco_self,gt_box,gt_box,,,1.0,1.0,0,0.9816433839180522,0.9816433839180522,1.0,9,0,-0.5214725871849434,6,1,0.5773301632965312
549749,412894,000000412894.jpg,REAR,0,9,4244.3,102.7,1,aic_coco_self,rtmdet_ins_tiny,rtmdet_ins_tiny,20,0.8952,0.9412,0.9412,0,0.958523159768649,0.958523159768649,1.0,9,0,-0.5185389751183974,6,1,0.56358843515901
554422,23359,000000023359.jpg,FRONT,3,17,9191.5,170.8,-1,body7_official,gt_box,gt_box,,,1.0,1.0,0,0.9691190425162195,0.9691190425162195,1.0,17,0,-0.38477934156242877,12,-1,0.8012110836365643
554422,23359,000000023359.jpg,FRONT,3,17,9191.5,170.8,-1,body7_official,rtmdet_ins_tiny,rtmdet_ins_tiny,9,0.8854,0.9382,0.9382,0,0.9578135642376353,0.9578135642376353,1.0,17,0,-0.3811115424380422,12,-1,0.7839893242892098
554422,23359,000000023359.jpg,FRONT,3,17,9191.5,170.8,-1,body7_self,gt_box,gt_box,,,1.0,1.0,0,0.9691190425162195,0.9691190425162195,1.0,17,0,-0.38477934156242877,12,-1,0.8012110661057865
554422,23359,000000023359.jpg,FRONT,3,17,9191.5,170.8,-1,body7_self,rtmdet_ins_tiny,rtmdet_ins_tiny,9,0.8854,0.9382,0.9382,0,0.9578135642376353,0.9578135642376353,1.0,17,0,-0.3811115424380422,12,-1,0.7839893277953652
554422,23359,000000023359.jpg,FRONT,3,17,9191.5,170.8,-1,aic_coco_self,gt_box,gt_box,,,1.0,1.0,0,0.9693122631017941,0.9693122631017941,1.0,17,0,-0.38513285484998716,12,-1,0.8380462316905751
554422,23359,000000023359.jpg,FRONT,3,17,9191.5,170.8,-1,aic_coco_self,rtmdet_ins_tiny,rtmdet_ins_tiny,9,0.8854,0.9382,0.9382,0,0.9644084613011988,0.9644084613011988,1.0,17,0,-0.38306336421479464,12,-1,0.8284075645839467
558841,73946,000000073946.jpg,OBLIQUE,2,9,41987.8,329.4,-1,body7_official,gt_box,gt_box,,,1.0,1.0,0,0.955749233427592,0.955749233427592,1.0,9,0,-0.33789644078876374,4,-1,0.5986242522211636
558841,73946,000000073946.jpg,OBLIQUE,2,9,41987.8,329.4,-1,body7_official,rtmdet_ins_tiny,rtmdet_ins_tiny,17,0.7307,0.8930,0.8930,0,0.9528739621192314,0.9528739621192314,1.0,9,0,-0.34821090809044175,4,-1,0.6131328887799207
558841,73946,000000073946.jpg,OBLIQUE,2,9,41987.8,329.4,-1,body7_self,gt_box,gt_box,,,1.0,1.0,0,0.955749233427592,0.955749233427592,1.0,9,0,-0.33789644078876374,4,-1,0.5986242232953801
558841,73946,000000073946.jpg,OBLIQUE,2,9,41987.8,329.4,-1,body7_self,rtmdet_ins_tiny,rtmdet_ins_tiny,17,0.7307,0.8930,0.8930,0,0.9528739621192314,0.9528739621192314,1.0,9,0,-0.34821090809044175,4,-1,0.6131329501376432
558841,73946,000000073946.jpg,OBLIQUE,2,9,41987.8,329.4,-1,aic_coco_self,gt_box,gt_box,,,1.0,1.0,0,0.9638912321524872,0.9638912321524872,1.0,9,0,-0.3536115950556844,4,-1,0.6253094427725848
558841,73946,000000073946.jpg,OBLIQUE,2,9,41987.8,329.4,-1,aic_coco_self,rtmdet_ins_tiny,rtmdet_ins_tiny,17,0.7307,0.8930,0.8930,0,0.9655566859540977,0.9655566859540977,1.0,9,0,-0.3513600948157894,4,-1,0.6206337809562683
561171,248616,000000248616.jpg,FRONT,3,16,27138.2,328.6,-1,body7_official,gt_box,gt_box,,,1.0,1.0,0,0.9768150999025412,0.9768150999025412,1.0,16,0,-0.28779729240417573,12,-1,0.9125051393228418
561171,248616,000000248616.jpg,FRONT,3,16,27138.2,328.6,-1,body7_official,rtmdet_ins_tiny,rtmdet_ins_tiny,17,0.9068,0.9577,0.9577,0,0.9774287985602381,0.9774287985602381,1.0,16,0,-0.28808659862800706,12,-1,0.9151187539100647
561171,248616,000000248616.jpg,FRONT,3,16,27138.2,328.6,-1,body7_self,gt_box,gt_box,,,1.0,1.0,0,0.9768150999025412,0.9768150999025412,1.0,16,0,-0.28779729240417573,12,-1,0.9125050516689525
561171,248616,000000248616.jpg,FRONT,3,16,27138.2,328.6,-1,body7_self,rtmdet_ins_tiny,rtmdet_ins_tiny,17,0.9068,0.9577,0.9577,0,0.9774287985602381,0.9774287985602381,1.0,16,0,-0.28808659862800706,12,-1,0.9151186592438642
561171,248616,000000248616.jpg,FRONT,3,16,27138.2,328.6,-1,aic_coco_self,gt_box,gt_box,,,1.0,1.0,0,0.9795438232480178,0.9795438232480178,1.0,16,0,-0.288817654686502,12,-1,0.9004977766205283
561171,248616,000000248616.jpg,FRONT,3,16,27138.2,328.6,-1,aic_coco_self,rtmdet_ins_tiny,rtmdet_ins_tiny,17,0.9068,0.9577,0.9577,0,0.9805318682452355,0.9805318682452355,1.0,16,0,-0.28855755511842096,12,-1,0.9051833713755888
562976,224807,000000224807.jpg,PROFILE,1,10,3235.0,108.2,1,body7_official,gt_box,gt_box,,,1.0,1.0,0,0.9293473500898184,0.9293473500898184,1.0,9,0,-0.28993683179884433,4,1,0.5669104193939882
562976,224807,000000224807.jpg,PROFILE,1,10,3235.0,108.2,1,body7_official,rtmdet_ins_tiny,rtmdet_ins_tiny,41,0.7497,0.7364,0.7364,0,0.9545578071051981,0.9545578071051981,1.0,9,0,-0.30227935917652216,4,1,0.5704421365962309
562976,224807,000000224807.jpg,PROFILE,1,10,3235.0,108.2,1,body7_self,gt_box,gt_box,,,1.0,1.0,0,0.9293473500898184,0.9293473500898184,1.0,9,0,-0.28993683179884433,4,1,0.5669102826539207
562976,224807,000000224807.jpg,PROFILE,1,10,3235.0,108.2,1,body7_self,rtmdet_ins_tiny,rtmdet_ins_tiny,41,0.7497,0.7364,0.7364,0,0.9545578071051981,0.9545578071051981,1.0,9,0,-0.30227935917652216,4,1,0.5704420173869413
562976,224807,000000224807.jpg,PROFILE,1,10,3235.0,108.2,1,aic_coco_self,gt_box,gt_box,,,1.0,1.0,0,0.9521547281201433,0.9521547281201433,1.0,9,0,-0.2980232165840819,4,1,0.6053714401581708
562976,224807,000000224807.jpg,PROFILE,1,10,3235.0,108.2,1,aic_coco_self,rtmdet_ins_tiny,rtmdet_ins_tiny,41,0.7497,0.7364,0.7364,0,0.971127905300053,0.971127905300053,1.0,9,0,-0.3050647350426067,4,1,0.617092432344661
566288,359540,000000359540.jpg,OBLIQUE,2,15,6388.1,142.3,1,body7_official,gt_box,gt_box,,,1.0,1.0,0,0.9198546009535591,0.9198546009535591,1.0,14,0,-0.3444750562652467,10,1,0.6727649499388302
566288,359540,000000359540.jpg,OBLIQUE,2,15,6388.1,142.3,1,body7_official,rtmdet_ins_tiny,rtmdet_ins_tiny,24,0.7893,0.8023,0.8023,0,0.942394316651139,0.942394316651139,1.0,14,0,-0.3461559195696727,10,1,0.6554038962897133
566288,359540,000000359540.jpg,OBLIQUE,2,15,6388.1,142.3,1,body7_self,gt_box,gt_box,,,1.0,1.0,0,0.9198546009535591,0.9198546009535591,1.0,14,0,-0.3444750562652467,10,1,0.6727649289018968
566288,359540,000000359540.jpg,OBLIQUE,2,15,6388.1,142.3,1,body7_self,rtmdet_ins_tiny,rtmdet_ins_tiny,24,0.7893,0.8023,0.8023,0,0.942394316651139,0.942394316651139,1.0,14,0,-0.3461559195696727,10,1,0.6554039366105023
566288,359540,000000359540.jpg,OBLIQUE,2,15,6388.1,142.3,1,aic_coco_self,gt_box,gt_box,,,1.0,1.0,0,0.906755611379655,0.906755611379655,1.0,14,0,-0.3349739795477967,10,1,0.7269544636501986
566288,359540,000000359540.jpg,OBLIQUE,2,15,6388.1,142.3,1,aic_coco_self,rtmdet_ins_tiny,rtmdet_ins_tiny,24,0.7893,0.8023,0.8023,0,0.9188992107307089,0.9188992107307089,1.0,14,0,-0.3305243949421484,10,1,0.6971684641697827
1201609,401862,000000401862.jpg,REAR,0,12,9477.0,221.1,1,body7_official,gt_box,gt_box,,,1.0,1.0,0,0.9784415177641882,0.9784415177641882,1.0,11,0,-0.28782444157868875,10,1,0.7565306898425607
1201609,401862,000000401862.jpg,REAR,0,12,9477.0,221.1,1,body7_official,rtmdet_ins_tiny,rtmdet_ins_tiny,41,0.8245,0.0657,0.9048,1,0.03640084026076685,0.03640084026076685,0.0,11,0,-0.015786860737107666,10,1,0.6332587038769442
1201609,401862,000000401862.jpg,REAR,0,12,9477.0,221.1,1,body7_self,gt_box,gt_box,,,1.0,1.0,0,0.9784415177641882,0.9784415177641882,1.0,11,0,-0.28782444157868875,10,1,0.7565306670525495
1201609,401862,000000401862.jpg,REAR,0,12,9477.0,221.1,1,body7_self,rtmdet_ins_tiny,rtmdet_ins_tiny,41,0.8245,0.0657,0.9048,1,0.03640084026076685,0.03640084026076685,0.0,11,0,-0.015786860737107666,10,1,0.6332587477038888
1201609,401862,000000401862.jpg,REAR,0,12,9477.0,221.1,1,aic_coco_self,gt_box,gt_box,,,1.0,1.0,0,0.9832339281281871,0.9832339281281871,1.0,11,0,-0.28984061628070584,10,1,0.7741519423092112
1201609,401862,000000401862.jpg,REAR,0,12,9477.0,221.1,1,aic_coco_self,rtmdet_ins_tiny,rtmdet_ins_tiny,41,0.8245,0.0657,0.9048,1,0.09106443748321068,0.09106443748321068,0.09090909090909091,11,0,-0.007354011084375389,10,1,0.6497826716479134
1203196,331280,000000331280.jpg,REAR,0,11,6415.4,141.0,1,body7_official,gt_box,gt_box,,,1.0,1.0,0,0.9431544744823209,0.9431544744823209,1.0,11,0,-0.35306627882036845,8,1,0.6241928137400571
1203196,331280,000000331280.jpg,REAR,0,11,6415.4,141.0,1,body7_official,rtmdet_ins_tiny,rtmdet_ins_tiny,15,0.7056,0.8684,0.8684,0,0.941261664626585,0.941261664626585,1.0,11,0,-0.34190863649493863,8,1,0.6326667000265682
1203196,331280,000000331280.jpg,REAR,0,11,6415.4,141.0,1,body7_self,gt_box,gt_box,,,1.0,1.0,0,0.9431544744823209,0.9431544744823209,1.0,11,0,-0.35306627882036845,8,1,0.6241928672089296
1203196,331280,000000331280.jpg,REAR,0,11,6415.4,141.0,1,body7_self,rtmdet_ins_tiny,rtmdet_ins_tiny,15,0.7056,0.8684,0.8684,0,0.941261664626585,0.941261664626585,1.0,11,0,-0.34190863649493863,8,1,0.6326666544465458
1203196,331280,000000331280.jpg,REAR,0,11,6415.4,141.0,1,aic_coco_self,gt_box,gt_box,,,1.0,1.0,0,0.952158708606161,0.952158708606161,1.0,11,0,-0.35639399062778204,8,1,0.664664651541149
1203196,331280,000000331280.jpg,REAR,0,11,6415.4,141.0,1,aic_coco_self,rtmdet_ins_tiny,rtmdet_ins_tiny,15,0.7056,0.8684,0.8684,0,0.9630881363039406,0.9630881363039406,1.0,11,0,-0.3582660765444668,8,1,0.6775055641637129
1204623,119995,000000119995.jpg,OBLIQUE,2,15,10447.8,203.1,-1,body7_official,gt_box,gt_box,,,1.0,1.0,0,0.9754168381052161,0.9754168381052161,1.0,14,0,-0.3189008732839577,10,-1,0.8571801115484798
1204623,119995,000000119995.jpg,OBLIQUE,2,15,10447.8,203.1,-1,body7_official,rtmdet_ins_tiny,rtmdet_ins_tiny,38,0.8555,0.9104,0.9104,0,0.980271987561961,0.980271987561961,1.0,14,0,-0.31736199007838445,10,-1,0.8747328975621391
1204623,119995,000000119995.jpg,OBLIQUE,2,15,10447.8,203.1,-1,body7_self,gt_box,gt_box,,,1.0,1.0,0,0.9754168381052161,0.9754168381052161,1.0,14,0,-0.3189008732839577,10,-1,0.8571801045361687
1204623,119995,000000119995.jpg,OBLIQUE,2,15,10447.8,203.1,-1,body7_self,rtmdet_ins_tiny,rtmdet_ins_tiny,38,0.8555,0.9104,0.9104,0,0.980271987561961,0.980271987561961,1.0,14,0,-0.31736199007838445,10,-1,0.8747329887221841
1204623,119995,000000119995.jpg,OBLIQUE,2,15,10447.8,203.1,-1,aic_coco_self,gt_box,gt_box,,,1.0,1.0,0,0.9748678507461056,0.9748678507461056,1.0,14,0,-0.3186407536028433,10,-1,0.8737067475038416
1204623,119995,000000119995.jpg,OBLIQUE,2,15,10447.8,203.1,-1,aic_coco_self,rtmdet_ins_tiny,rtmdet_ins_tiny,38,0.8555,0.9104,0.9104,0,0.9724523310652803,0.9724523310652803,1.0,14,0,-0.3131837554423461,10,-1,0.8696439757066614
1207258,244496,000000244496.jpg,FRONT,3,11,84056.4,449.4,-1,body7_official,gt_box,gt_box,,,1.0,1.0,0,0.9774393017521846,0.9774393017521846,1.0,11,0,-0.5728779304523254,6,-1,0.7307486288687762
1207258,244496,000000244496.jpg,FRONT,3,11,84056.4,449.4,-1,body7_official,rtmdet_ins_tiny,rtmdet_ins_tiny,1,0.9002,0.9232,0.9232,0,0.9803618824012272,0.9803618824012272,1.0,11,0,-0.5723557575140734,6,-1,0.7239569644717609
1207258,244496,000000244496.jpg,FRONT,3,11,84056.4,449.4,-1,body7_self,gt_box,gt_box,,,1.0,1.0,0,0.9774393017521846,0.9774393017521846,1.0,11,0,-0.5728779304523254,6,-1,0.7307484745979309
1207258,244496,000000244496.jpg,FRONT,3,11,84056.4,449.4,-1,body7_self,rtmdet_ins_tiny,rtmdet_ins_tiny,1,0.9002,0.9232,0.9232,0,0.9803618824012272,0.9803618824012272,1.0,11,0,-0.5723557575140734,6,-1,0.7239569215213552
1207258,244496,000000244496.jpg,FRONT,3,11,84056.4,449.4,-1,aic_coco_self,gt_box,gt_box,,,1.0,1.0,0,0.9821899667533834,0.9821899667533834,1.0,11,0,-0.574732116873379,6,-1,0.681943474447026
1207258,244496,000000244496.jpg,FRONT,3,11,84056.4,449.4,-1,aic_coco_self,rtmdet_ins_tiny,rtmdet_ins_tiny,1,0.9002,0.9232,0.9232,0,0.9816621091644937,0.9816621091644937,1.0,11,0,-0.575164057212173,6,-1,0.6841592679128927
1208623,485480,000000485480.jpg,OBLIQUE,2,15,8380.7,166.6,-1,body7_official,gt_box,gt_box,,,1.0,1.0,0,0.9763638916980403,0.9763638916980403,1.0,15,0,-0.5632516616542127,12,-1,0.8389369775267208
1208623,485480,000000485480.jpg,OBLIQUE,2,15,8380.7,166.6,-1,body7_official,rtmdet_ins_tiny,rtmdet_ins_tiny,7,0.8777,0.9204,0.9204,0,0.9637896539460039,0.9637896539460039,1.0,15,0,-0.5662671208477923,12,-1,0.8392248854917639
1208623,485480,000000485480.jpg,OBLIQUE,2,15,8380.7,166.6,-1,body7_self,gt_box,gt_box,,,1.0,1.0,0,0.9763638916980403,0.9763638916980403,1.0,15,0,-0.5632516616542127,12,-1,0.8389369564897874
1208623,485480,000000485480.jpg,OBLIQUE,2,15,8380.7,166.6,-1,body7_self,rtmdet_ins_tiny,rtmdet_ins_tiny,7,0.8777,0.9204,0.9204,0,0.9637896539460039,0.9637896539460039,1.0,15,0,-0.5662671208477923,12,-1,0.8392248889979195
1208623,485480,000000485480.jpg,OBLIQUE,2,15,8380.7,166.6,-1,aic_coco_self,gt_box,gt_box,,,1.0,1.0,0,0.9789713376893165,0.9789713376893165,1.0,15,0,-0.5658982955659118,12,-1,0.8635245140861062
1208623,485480,000000485480.jpg,OBLIQUE,2,15,8380.7,166.6,-1,aic_coco_self,rtmdet_ins_tiny,rtmdet_ins_tiny,7,0.8777,0.9204,0.9204,0,0.9701398253360315,0.9701398253360315,1.0,15,0,-0.5667123839812017,12,-1,0.8747451761189629
1210807,559842,000000559842.jpg,FRONT,3,16,9390.7,222.6,-1,body7_official,gt_box,gt_box,,,1.0,1.0,0,0.9698663922876533,0.9698663922876533,1.0,16,0,-0.2762471561584841,12,-1,0.8110843616373399
1210807,559842,000000559842.jpg,FRONT,3,16,9390.7,222.6,-1,body7_official,rtmdet_ins_tiny,rtmdet_ins_tiny,43,0.8479,0.9740,0.9740,0,0.9745204158480129,0.9745204158480129,1.0,16,0,-0.2797314905876867,12,-1,0.8112521767616272
1210807,559842,000000559842.jpg,FRONT,3,16,9390.7,222.6,-1,body7_self,gt_box,gt_box,,,1.0,1.0,0,0.9698663922876533,0.9698663922876533,1.0,16,0,-0.2762471561584841,12,-1,0.8110842774896061
1210807,559842,000000559842.jpg,FRONT,3,16,9390.7,222.6,-1,body7_self,rtmdet_ins_tiny,rtmdet_ins_tiny,43,0.8479,0.9740,0.9740,0,0.9745204158480129,0.9745204158480129,1.0,16,0,-0.2797314905876867,12,-1,0.8112521136508268
1210807,559842,000000559842.jpg,FRONT,3,16,9390.7,222.6,-1,aic_coco_self,gt_box,gt_box,,,1.0,1.0,0,0.9728900303527527,0.9728900303527527,1.0,16,0,-0.27419119111050066,12,-1,0.8412961048238418
1210807,559842,000000559842.jpg,FRONT,3,16,9390.7,222.6,-1,aic_coco_self,rtmdet_ins_tiny,rtmdet_ins_tiny,43,0.8479,0.9740,0.9740,0,0.9742686348306604,0.9742686348306604,1.0,16,0,-0.2756812044534206,12,-1,0.8404626250267029
1212248,114907,000000114907.jpg,FRONT,3,14,10207.0,209.3,-1,body7_official,gt_box,gt_box,,,1.0,1.0,0,0.9038484610637897,0.9038484610637897,1.0,11,0,-0.5411832465043598,6,-1,0.8034070905517129
1212248,114907,000000114907.jpg,FRONT,3,14,10207.0,209.3,-1,body7_official,rtmdet_ins_tiny,rtmdet_ins_tiny,40,0.8039,0.9127,0.9127,0,0.91142134055541,0.91142134055541,1.0,11,0,-0.5443279468651336,6,-1,0.8195313443155849
1212248,114907,000000114907.jpg,FRONT,3,14,10207.0,209.3,-1,body7_self,gt_box,gt_box,,,1.0,1.0,0,0.9038484610637897,0.9038484610637897,1.0,11,0,-0.5411832465043598,6,-1,0.8034070975640241
1212248,114907,000000114907.jpg,FRONT,3,14,10207.0,209.3,-1,body7_self,rtmdet_ins_tiny,rtmdet_ins_tiny,40,0.8039,0.9127,0.9127,0,0.91142134055541,0.91142134055541,1.0,11,0,-0.5443279468651336,6,-1,0.8195312952294069
1212248,114907,000000114907.jpg,FRONT,3,14,10207.0,209.3,-1,aic_coco_self,gt_box,gt_box,,,1.0,1.0,0,0.9186056605320249,0.9186056605320249,1.0,11,0,-0.549918431878151,6,-1,0.7825490025913014
1212248,114907,000000114907.jpg,FRONT,3,14,10207.0,209.3,-1,aic_coco_self,rtmdet_ins_tiny,rtmdet_ins_tiny,40,0.8039,0.9127,0.9127,0,0.9152486327592496,0.9152486327592496,1.0,11,0,-0.5485489851035459,6,-1,0.7875271649921641
1214839,65798,000000065798.jpg,REAR,0,13,2682.1,109.7,1,body7_official,gt_box,gt_box,,,1.0,1.0,0,0.98678166239859,0.98678166239859,1.0,13,0,-0.39390345854914693,12,1,0.8159934387487524
1214839,65798,000000065798.jpg,REAR,0,13,2682.1,109.7,1,body7_official,rtmdet_ins_tiny,rtmdet_ins_tiny,66,0.9137,0.9632,0.9632,0,0.985033158832461,0.985033158832461,1.0,13,0,-0.39256968685547805,12,1,0.7928861134192523
1214839,65798,000000065798.jpg,REAR,0,13,2682.1,109.7,1,body7_self,gt_box,gt_box,,,1.0,1.0,0,0.98678166239859,0.98678166239859,1.0,13,0,-0.39390345854914693,12,1,0.8159933861564187
1214839,65798,000000065798.jpg,REAR,0,13,2682.1,109.7,1,body7_self,rtmdet_ins_tiny,rtmdet_ins_tiny,66,0.9137,0.9632,0.9632,0,0.985033158832461,0.985033158832461,1.0,13,0,-0.39256968685547805,12,1,0.7928861975669861
1214839,65798,000000065798.jpg,REAR,0,13,2682.1,109.7,1,aic_coco_self,gt_box,gt_box,,,1.0,1.0,0,0.9878317362664938,0.9878317362664938,1.0,13,0,-0.39644925037157125,12,1,0.8624953417217031
1214839,65798,000000065798.jpg,REAR,0,13,2682.1,109.7,1,aic_coco_self,rtmdet_ins_tiny,rtmdet_ins_tiny,66,0.9137,0.9632,0.9632,0,0.9876587559049079,0.9876587559049079,1.0,13,0,-0.397049006885511,12,1,0.8476212620735168
1217609,424135,000000424135.jpg,FRONT,3,16,4703.6,142.1,-1,body7_official,gt_box,gt_box,,,1.0,1.0,0,0.8590177171169292,0.8590177171169292,1.0,14,0,-0.19538127100603764,10,-1,0.6338692360064563
1217609,424135,000000424135.jpg,FRONT,3,16,4703.6,142.1,-1,body7_official,rtmdet_ins_tiny,rtmdet_ins_tiny,26,0.4191,0.9012,0.9012,0,0.8621074690184651,0.8621074690184651,1.0,14,0,-0.19194391048160747,10,-1,0.6537721577812644
1217609,424135,000000424135.jpg,FRONT,3,16,4703.6,142.1,-1,body7_self,gt_box,gt_box,,,1.0,1.0,0,0.8590177171169292,0.8590177171169292,1.0,14,0,-0.19538127100603764,10,-1,0.6338692798334009
1217609,424135,000000424135.jpg,FRONT,3,16,4703.6,142.1,-1,body7_self,rtmdet_ins_tiny,rtmdet_ins_tiny,26,0.4191,0.9012,0.9012,0,0.8621074690184651,0.8621074690184651,1.0,14,0,-0.19194391048160747,10,-1,0.6537724663229549
1217609,424135,000000424135.jpg,FRONT,3,16,4703.6,142.1,-1,aic_coco_self,gt_box,gt_box,,,1.0,1.0,0,0.8194538806773275,0.8194538806773275,1.0,14,0,-0.20398296503742097,10,-1,0.7077406399390277
1217609,424135,000000424135.jpg,FRONT,3,16,4703.6,142.1,-1,aic_coco_self,rtmdet_ins_tiny,rtmdet_ins_tiny,26,0.4191,0.9012,0.9012,0,0.8514601692916173,0.8514601692916173,1.0,14,0,-0.20386503974349668,10,-1,0.7099551944171681
1219153,292082,000000292082.jpg,FRONT,3,17,51583.1,412.8,-1,body7_official,gt_box,gt_box,,,1.0,1.0,0,0.9438628812658528,0.9438628812658528,1.0,16,0,-0.39328218174478585,10,-1,0.7060745603897992
1219153,292082,000000292082.jpg,FRONT,3,17,51583.1,412.8,-1,body7_official,rtmdet_ins_tiny,rtmdet_ins_tiny,11,0.7239,0.6752,0.6752,0,0.9404654719769927,0.9404654719769927,1.0,16,0,-0.3980851914819927,10,-1,0.6541516395176158
1219153,292082,000000292082.jpg,FRONT,3,17,51583.1,412.8,-1,body7_self,gt_box,gt_box,,,1.0,1.0,0,0.9438628812658528,0.9438628812658528,1.0,16,0,-0.39328218174478585,10,-1,0.706074455205132
1219153,292082,000000292082.jpg,FRONT,3,17,51583.1,412.8,-1,body7_self,rtmdet_ins_tiny,rtmdet_ins_tiny,11,0.7239,0.6752,0.6752,0,0.9404654719769927,0.9404654719769927,1.0,16,0,-0.3980851914819927,10,-1,0.6541516027029823
1219153,292082,000000292082.jpg,FRONT,3,17,51583.1,412.8,-1,aic_coco_self,gt_box,gt_box,,,1.0,1.0,0,0.9422131161881568,0.9422131161881568,1.0,16,0,-0.4040620448276779,10,-1,0.8233311842469608
1219153,292082,000000292082.jpg,FRONT,3,17,51583.1,412.8,-1,aic_coco_self,rtmdet_ins_tiny,rtmdet_ins_tiny,11,0.7239,0.6752,0.6752,0,0.9446568073336133,0.9446568073336133,1.0,16,0,-0.400981275748782,10,-1,0.7787374082733604
1220408,163057,000000163057.jpg,PROFILE,1,15,4247.3,134.5,-1,body7_official,gt_box,gt_box,,,1.0,1.0,0,0.9549940863326519,0.9549940863326519,1.0,14,0,-0.29234763826087223,12,-1,0.7916014369796304
1220408,163057,000000163057.jpg,PROFILE,1,15,4247.3,134.5,-1,body7_official,rtmdet_ins_tiny,rtmdet_ins_tiny,75,0.8153,0.7683,0.7683,0,0.9579706095921635,0.9579706095921635,1.0,14,0,-0.29024719677106053,12,-1,0.7819117307662964
1220408,163057,000000163057.jpg,PROFILE,1,15,4247.3,134.5,-1,body7_self,gt_box,gt_box,,,1.0,1.0,0,0.9549940863326519,0.9549940863326519,1.0,14,0,-0.29234763826087223,12,-1,0.7916013984119191
1220408,163057,000000163057.jpg,PROFILE,1,15,4247.3,134.5,-1,body7_self,rtmdet_ins_tiny,rtmdet_ins_tiny,75,0.8153,0.7683,0.7683,0,0.9579706095921635,0.9579706095921635,1.0,14,0,-0.29024719677106053,12,-1,0.7819117658278522
1220408,163057,000000163057.jpg,PROFILE,1,15,4247.3,134.5,-1,aic_coco_self,gt_box,gt_box,,,1.0,1.0,0,0.9605224731615258,0.9605224731615258,1.0,14,0,-0.29573228307740335,12,-1,0.8251114382463343
1220408,163057,000000163057.jpg,PROFILE,1,15,4247.3,134.5,-1,aic_coco_self,rtmdet_ins_tiny,rtmdet_ins_tiny,75,0.8153,0.7683,0.7683,0,0.9674239617168208,0.9674239617168208,1.0,14,0,-0.2948264613882241,12,-1,0.8209070458131678
1222877,236426,000000236426.jpg,FRONT,3,16,8990.9,217.0,-1,body7_official,gt_box,gt_box,,,1.0,1.0,0,0.978575146264379,0.978575146264379,1.0,16,0,-0.496681950012884,12,-1,0.8982581075500039
1222877,236426,000000236426.jpg,FRONT,3,16,8990.9,217.0,-1,body7_official,rtmdet_ins_tiny,rtmdet_ins_tiny,55,0.9182,0.9681,0.9681,0,0.9839346116764704,0.9839346116764704,1.0,16,0,-0.49602022423103453,12,-1,0.9031740321832544
1222877,236426,000000236426.jpg,FRONT,3,16,8990.9,217.0,-1,body7_self,gt_box,gt_box,,,1.0,1.0,0,0.978575146264379,0.978575146264379,1.0,16,0,-0.496681950012884,12,-1,0.8982580830069149
1222877,236426,000000236426.jpg,FRONT,3,16,8990.9,217.0,-1,body7_self,rtmdet_ins_tiny,rtmdet_ins_tiny,55,0.9182,0.9681,0.9681,0,0.9839346116764704,0.9839346116764704,1.0,16,0,-0.49602022423103453,12,-1,0.9031740567263435
1222877,236426,000000236426.jpg,FRONT,3,16,8990.9,217.0,-1,aic_coco_self,gt_box,gt_box,,,1.0,1.0,0,0.9761030870313184,0.9761030870313184,1.0,16,0,-0.49325501532841887,12,-1,0.9072538158472847
1222877,236426,000000236426.jpg,FRONT,3,16,8990.9,217.0,-1,aic_coco_self,rtmdet_ins_tiny,rtmdet_ins_tiny,55,0.9182,0.9681,0.9681,0,0.9757049284341099,0.9757049284341099,1.0,16,0,-0.4948266090080656,12,-1,0.9069922917029437
1224112,288685,000000288685.jpg,FRONT,3,17,3477.9,128.9,-1,body7_official,gt_box,gt_box,,,1.0,1.0,0,0.9391095723101893,0.9391095723101893,1.0,16,0,-0.3491279416799354,10,-1,0.6387467138907489
1224112,288685,000000288685.jpg,FRONT,3,17,3477.9,128.9,-1,body7_official,rtmdet_ins_tiny,rtmdet_ins_tiny,34,0.6695,0.0764,0.8125,4,6.463329291370909e-07,6.463329291370909e-07,0.0,16,0,-0.0742005941308228,10,-1,0.5341535911840551
1224112,288685,000000288685.jpg,FRONT,3,17,3477.9,128.9,-1,body7_self,gt_box,gt_box,,,1.0,1.0,0,0.9391095723101893,0.9391095723101893,1.0,16,0,-0.3491279416799354,10,-1,0.6387467664830825
1224112,288685,000000288685.jpg,FRONT,3,17,3477.9,128.9,-1,body7_self,rtmdet_ins_tiny,rtmdet_ins_tiny,34,0.6695,0.0764,0.8125,4,6.463329291370909e-07,6.463329291370909e-07,0.0,16,0,-0.0742005941308228,10,-1,0.5341535929371329
1224112,288685,000000288685.jpg,FRONT,3,17,3477.9,128.9,-1,aic_coco_self,gt_box,gt_box,,,1.0,1.0,0,0.9012092098410638,0.9012092098410638,1.0,16,0,-0.3570528899072279,10,-1,0.6880013679756838
1224112,288685,000000288685.jpg,FRONT,3,17,3477.9,128.9,-1,aic_coco_self,rtmdet_ins_tiny,rtmdet_ins_tiny,34,0.6695,0.0764,0.8125,4,7.176252988713581e-07,7.176252988713581e-07,0.0,16,0,-0.07545467490421465,10,-1,0.5486471933477065
1225044,142620,000000142620.jpg,OBLIQUE,2,13,76233.9,414.5,-1,body7_official,gt_box,gt_box,,,1.0,1.0,0,0.9691882214037103,0.9691882214037103,1.0,13,0,-0.21477046067553873,10,-1,0.6920220623998081
1225044,142620,000000142620.jpg,OBLIQUE,2,13,76233.9,414.5,-1,body7_official,rtmdet_ins_tiny,rtmdet_ins_tiny,2,0.8830,0.9699,0.9699,0,0.9711440454940475,0.9711440454940475,1.0,13,0,-0.2152889244928746,10,-1,0.6940285738776711
1225044,142620,000000142620.jpg,OBLIQUE,2,13,76233.9,414.5,-1,body7_self,gt_box,gt_box,,,1.0,1.0,0,0.9691882214037103,0.9691882214037103,1.0,13,0,-0.21477046067553873,10,-1,0.692021955462063
1225044,142620,000000142620.jpg,OBLIQUE,2,13,76233.9,414.5,-1,body7_self,rtmdet_ins_tiny,rtmdet_ins_tiny,2,0.8830,0.9699,0.9699,0,0.9711440454940475,0.9711440454940475,1.0,13,0,-0.2152889244928746,10,-1,0.6940285055076375
1225044,142620,000000142620.jpg,OBLIQUE,2,13,76233.9,414.5,-1,aic_coco_self,gt_box,gt_box,,,1.0,1.0,0,0.9683540977576091,0.9683540977576091,1.0,13,0,-0.21302517919186825,10,-1,0.7521483144339394
1225044,142620,000000142620.jpg,OBLIQUE,2,13,76233.9,414.5,-1,aic_coco_self,rtmdet_ins_tiny,rtmdet_ins_tiny,2,0.8830,0.9699,0.9699,0,0.9666980303419028,0.9666980303419028,1.0,13,0,-0.21176041908377036,10,-1,0.7380931096918443
1226196,386879,000000386879.jpg,FRONT,3,12,110461.5,591.0,-1,body7_official,gt_box,gt_box,,,1.0,1.0,0,0.9893891695890756,0.9893891695890756,1.0,10,0,-0.3796747942820753,4,-1,0.7967363666085636
1226196,386879,000000386879.jpg,FRONT,3,12,110461.5,591.0,-1,body7_official,rtmdet_ins_tiny,rtmdet_ins_tiny,3,0.8722,0.8691,0.8691,0,0.9811698124763873,0.9811698124763873,1.0,10,0,-0.3684895871149801,4,-1,0.7972590660347658
1226196,386879,000000386879.jpg,FRONT,3,12,110461.5,591.0,-1,body7_self,gt_box,gt_box,,,1.0,1.0,0,0.9893891695890756,0.9893891695890756,1.0,10,0,-0.3796747942820753,4,-1,0.7967364086824305
1226196,386879,000000386879.jpg,FRONT,3,12,110461.5,591.0,-1,body7_self,rtmdet_ins_tiny,rtmdet_ins_tiny,3,0.8722,0.8691,0.8691,0,0.9811698124763873,0.9811698124763873,1.0,10,0,-0.3684895871149801,4,-1,0.7972590449978324
1226196,386879,000000386879.jpg,FRONT,3,12,110461.5,591.0,-1,aic_coco_self,gt_box,gt_box,,,1.0,1.0,0,0.9914836172021915,0.9914836172021915,1.0,10,0,-0.3789146637738271,4,-1,0.7882863195503459
1226196,386879,000000386879.jpg,FRONT,3,12,110461.5,591.0,-1,aic_coco_self,rtmdet_ins_tiny,rtmdet_ins_tiny,3,0.8722,0.8691,0.8691,0,0.9876041286351211,0.9876041286351211,1.0,10,0,-0.37655417759547527,4,-1,0.7912706382134381
1226789,2299,000000002299.jpg,FRONT,3,17,4688.7,107.8,-1,body7_official,gt_box,gt_box,,,1.0,1.0,0,0.921154036316739,0.921154036316739,1.0,16,0,-0.48195231062803345,10,-1,0.751943100901211
1226789,2299,000000002299.jpg,FRONT,3,17,4688.7,107.8,-1,body7_official,rtmdet_ins_tiny,rtmdet_ins_tiny,39,0.7236,0.9418,0.9418,0,0.9288357215829104,0.9288357215829104,1.0,16,0,-0.4885518182464153,10,-1,0.7646836182650398
1226789,2299,000000002299.jpg,FRONT,3,17,4688.7,107.8,-1,body7_self,gt_box,gt_box,,,1.0,1.0,0,0.921154036316739,0.921154036316739,1.0,16,0,-0.48195231062803345,10,-1,0.7519431394689223
1226789,2299,000000002299.jpg,FRONT,3,17,4688.7,107.8,-1,body7_self,rtmdet_ins_tiny,rtmdet_ins_tiny,39,0.7236,0.9418,0.9418,0,0.9288357215829104,0.9288357215829104,1.0,16,0,-0.4885518182464153,10,-1,0.7646836778696846
1226789,2299,000000002299.jpg,FRONT,3,17,4688.7,107.8,-1,aic_coco_self,gt_box,gt_box,,,1.0,1.0,0,0.9156202373656491,0.9156202373656491,1.0,16,0,-0.47409125643549166,10,-1,0.7699540047084584
1226789,2299,000000002299.jpg,FRONT,3,17,4688.7,107.8,-1,aic_coco_self,rtmdet_ins_tiny,rtmdet_ins_tiny,39,0.7236,0.9418,0.9418,0,0.9204574621065512,0.9204574621065512,1.0,16,0,-0.46993499602527455,10,-1,0.7733285777709064
1229062,44279,000000044279.jpg,OBLIQUE,2,11,50142.7,359.6,-1,body7_official,gt_box,gt_box,,,1.0,1.0,0,0.9226983227415873,0.9226983227415873,1.0,11,0,-0.06515805598938762,8,1,0.6271592001704609
1229062,44279,000000044279.jpg,OBLIQUE,2,11,50142.7,359.6,-1,body7_official,rtmdet_ins_tiny,rtmdet_ins_tiny,2,0.8842,0.9458,0.9458,0,0.9226312172895944,0.9226312172895944,1.0,11,0,-0.06800263931517028,8,1,0.6337501485558117
1229062,44279,000000044279.jpg,OBLIQUE,2,11,50142.7,359.6,-1,body7_self,gt_box,gt_box,,,1.0,1.0,0,0.9226983227415873,0.9226983227415873,1.0,11,0,-0.06515805598938762,8,1,0.6271592834416557
1229062,44279,000000044279.jpg,OBLIQUE,2,11,50142.7,359.6,-1,body7_self,rtmdet_ins_tiny,rtmdet_ins_tiny,2,0.8842,0.9458,0.9458,0,0.9226312172895944,0.9226312172895944,1.0,11,0,-0.06800263931517028,8,1,0.6337501327781117
1229062,44279,000000044279.jpg,OBLIQUE,2,11,50142.7,359.6,-1,aic_coco_self,gt_box,gt_box,,,1.0,1.0,0,0.9584932861018395,0.9584932861018395,1.0,11,0,-0.10787484621070079,8,-1,0.6889403216979083
1229062,44279,000000044279.jpg,OBLIQUE,2,11,50142.7,359.6,-1,aic_coco_self,rtmdet_ins_tiny,rtmdet_ins_tiny,2,0.8842,0.9458,0.9458,0,0.9545440616394795,0.9545440616394795,1.0,11,0,-0.10842226895385919,8,-1,0.677875825587441
1230639,361551,000000361551.jpg,OBLIQUE,2,15,5462.1,164.8,-1,body7_official,gt_box,gt_box,,,1.0,1.0,0,0.9867636142273555,0.9867636142273555,1.0,15,0,-0.38840288079177065,12,-1,0.8628722394213957
1230639,361551,000000361551.jpg,OBLIQUE,2,15,5462.1,164.8,-1,body7_official,rtmdet_ins_tiny,rtmdet_ins_tiny,5,0.8678,0.9856,0.9856,0,0.9874614402618014,0.9874614402618014,1.0,15,0,-0.38785500148673974,12,-1,0.866918963544509
1230639,361551,000000361551.jpg,OBLIQUE,2,15,5462.1,164.8,-1,body7_self,gt_box,gt_box,,,1.0,1.0,0,0.9867636142273555,0.9867636142273555,1.0,15,0,-0.38840288079177065,12,-1,0.8628723551245296
1230639,361551,000000361551.jpg,OBLIQUE,2,15,5462.1,164.8,-1,body7_self,rtmdet_ins_tiny,rtmdet_ins_tiny,5,0.8678,0.9856,0.9856,0,0.9874614402618014,0.9874614402618014,1.0,15,0,-0.38785500148673974,12,-1,0.8669189249767977
1230639,361551,000000361551.jpg,OBLIQUE,2,15,5462.1,164.8,-1,aic_coco_self,gt_box,gt_box,,,1.0,1.0,0,0.9832495070186934,0.9832495070186934,1.0,15,0,-0.38371864958232427,12,-1,0.8978735103326685
1230639,361551,000000361551.jpg,OBLIQUE,2,15,5462.1,164.8,-1,aic_coco_self,rtmdet_ins_tiny,rtmdet_ins_tiny,5,0.8678,0.9856,0.9856,0,0.9846997355761876,0.9846997355761876,1.0,15,0,-0.3836594555832623,12,-1,0.9068560004234314
1234574,1000,000000001000.jpg,FRONT,3,17,8720.3,228.4,-1,body7_official,gt_box,gt_box,,,1.0,1.0,0,0.9723898495335135,0.9723898495335135,1.0,16,0,-0.32408889884460507,10,-1,0.9146484276827644
1234574,1000,000000001000.jpg,FRONT,3,17,8720.3,228.4,-1,body7_official,rtmdet_ins_tiny,rtmdet_ins_tiny,26,0.8817,0.9378,0.9378,0,0.9698110529105792,0.9698110529105792,1.0,16,0,-0.3251653140043283,10,-1,0.9226948513704187
1234574,1000,000000001000.jpg,FRONT,3,17,8720.3,228.4,-1,body7_self,gt_box,gt_box,,,1.0,1.0,0,0.9723898495335135,0.9723898495335135,1.0,16,0,-0.32408889884460507,10,-1,0.9146483785965863
1234574,1000,000000001000.jpg,FRONT,3,17,8720.3,228.4,-1,body7_self,rtmdet_ins_tiny,rtmdet_ins_tiny,26,0.8817,0.9378,0.9378,0,0.9698110529105792,0.9698110529105792,1.0,16,0,-0.3251653140043283,10,-1,0.9226947812473073
1234574,1000,000000001000.jpg,FRONT,3,17,8720.3,228.4,-1,aic_coco_self,gt_box,gt_box,,,1.0,1.0,0,0.9741035942145931,0.9741035942145931,1.0,16,0,-0.31859322814472885,10,-1,0.9251249677994672
1234574,1000,000000001000.jpg,FRONT,3,17,8720.3,228.4,-1,aic_coco_self,rtmdet_ins_tiny,rtmdet_ins_tiny,26,0.8817,0.9378,0.9378,0,0.9764364475625551,0.9764364475625551,1.0,16,0,-0.3183857673830266,10,-1,0.9232348308843725
1236186,455624,000000455624.jpg,FRONT,3,12,3952.4,168.0,-1,body7_official,gt_box,gt_box,,,1.0,1.0,0,0.9227459306366538,0.9227459306366538,1.0,12,0,-0.14359385834815058,4,-1,0.7559888573253856
1236186,455624,000000455624.jpg,FRONT,3,12,3952.4,168.0,-1,body7_official,rtmdet_ins_tiny,rtmdet_ins_tiny,51,0.7010,0.0913,0.8397,2,0.015854311161618107,0.00802740908937629,0.0,12,1,0.01916163764097778,4,1,0.6318118730012108
1236186,455624,000000455624.jpg,FRONT,3,12,3952.4,168.0,-1,body7_self,gt_box,gt_box,,,1.0,1.0,0,0.9227459306366538,0.9227459306366538,1.0,12,0,-0.14359385834815058,4,-1,0.7559887591530295
1236186,455624,000000455624.jpg,FRONT,3,12,3952.4,168.0,-1,body7_self,rtmdet_ins_tiny,rtmdet_ins_tiny,51,0.7010,0.0913,0.8397,2,0.015854311161618107,0.00802740908937629,0.0,12,1,0.01916163764097778,4,1,0.6318119536427891
1236186,455624,000000455624.jpg,FRONT,3,12,3952.4,168.0,-1,aic_coco_self,gt_box,gt_box,,,1.0,1.0,0,0.9074813125991517,0.9074813125991517,1.0,12,0,-0.13682426674970494,4,-1,0.7791470569722793
1236186,455624,000000455624.jpg,FRONT,3,12,3952.4,168.0,-1,aic_coco_self,rtmdet_ins_tiny,rtmdet_ins_tiny,51,0.7010,0.0913,0.8397,2,0.014167905914303251,0.007864013106095994,0.0,12,1,0.018499577983742466,4,1,0.6614931611453786
1238294,521259,000000521259.jpg,FRONT,3,17,21428.8,330.7,-1,body7_official,gt_box,gt_box,,,1.0,1.0,0,0.9849061571553219,0.9849061571553219,1.0,17,0,-0.34820794566515856,12,-1,0.9129675591693205
1238294,521259,000000521259.jpg,FRONT,3,17,21428.8,330.7,-1,body7_official,rtmdet_ins_tiny,rtmdet_ins_tiny,43,0.8882,0.0413,0.8609,1,0.03084465498621934,0.007818892440412423,0.0,17,1,0.0038800509584985265,12,1,0.7934131587252897
1238294,521259,000000521259.jpg,FRONT,3,17,21428.8,330.7,-1,body7_self,gt_box,gt_box,,,1.0,1.0,0,0.9849061571553219,0.9849061571553219,1.0,17,0,-0.34820794566515856,12,-1,0.9129675276139203
1238294,521259,000000521259.jpg,FRONT,3,17,21428.8,330.7,-1,body7_self,rtmdet_ins_tiny,rtmdet_ins_tiny,43,0.8882,0.0413,0.8609,1,0.03084465498621934,0.007818892440412423,0.0,17,1,0.0038800509584985265,12,1,0.7934132113176233
1238294,521259,000000521259.jpg,FRONT,3,17,21428.8,330.7,-1,aic_coco_self,gt_box,gt_box,,,1.0,1.0,0,0.9844708398831508,0.9844708398831508,1.0,17,0,-0.34823645547959864,12,-1,0.9086538167560801
1238294,521259,000000521259.jpg,FRONT,3,17,21428.8,330.7,-1,aic_coco_self,rtmdet_ins_tiny,rtmdet_ins_tiny,43,0.8882,0.0413,0.8609,1,0.02044904542304379,0.008042113551745176,0.0,17,1,0.0008568933274278878,12,1,0.8211900732096504
1239569,146667,000000146667.jpg,REAR,0,11,3014.9,119.0,1,body7_official,gt_box,gt_box,,,1.0,1.0,0,0.9166517882622394,0.9166517882622394,1.0,11,0,-0.31925875714316665,8,1,0.6665506941430709
1239569,146667,000000146667.jpg,REAR,0,11,3014.9,119.0,1,body7_official,rtmdet_ins_tiny,rtmdet_ins_tiny,56,0.7807,0.8714,0.8714,0,0.8964646324517113,0.8964646324517113,1.0,11,0,-0.32053496988118435,8,1,0.6445048223523533
1239569,146667,000000146667.jpg,REAR,0,11,3014.9,119.0,1,body7_self,gt_box,gt_box,,,1.0,1.0,0,0.9166517882622394,0.9166517882622394,1.0,11,0,-0.31925875714316665,8,1,0.6665507151800043
1239569,146667,000000146667.jpg,REAR,0,11,3014.9,119.0,1,body7_self,rtmdet_ins_tiny,rtmdet_ins_tiny,56,0.7807,0.8714,0.8714,0,0.8964646324517113,0.8964646324517113,1.0,11,0,-0.32053496988118435,8,1,0.6445049888947431
1239569,146667,000000146667.jpg,REAR,0,11,3014.9,119.0,1,aic_coco_self,gt_box,gt_box,,,1.0,1.0,0,0.9053275705396957,0.9053275705396957,1.0,11,0,-0.3193668469178694,8,1,0.6943289479788612
1239569,146667,000000146667.jpg,REAR,0,11,3014.9,119.0,1,aic_coco_self,rtmdet_ins_tiny,rtmdet_ins_tiny,56,0.7807,0.8714,0.8714,0,0.9189240552363104,0.9189240552363104,1.0,11,0,-0.31787760593497855,8,1,0.6936417362269234
1240819,146667,000000146667.jpg,OBLIQUE,2,10,1615.3,104.5,1,body7_official,gt_box,gt_box,,,1.0,1.0,0,0.7876255609969571,0.7876255609969571,1.0,9,0,-0.17925061361358277,4,1,0.6146751081242281
1240819,146667,000000146667.jpg,OBLIQUE,2,10,1615.3,104.5,1,body7_official,rtmdet_ins_tiny,rtmdet_ins_tiny,37,0.8155,0.0000,0.9183,2,0.0012870148533531758,6.308612326892061e-05,0.0,9,1,0.00672949507220677,4,-1,0.7455801753436818
1240819,146667,000000146667.jpg,OBLIQUE,2,10,1615.3,104.5,1,body7_self,gt_box,gt_box,,,1.0,1.0,0,0.7876255609969571,0.7876255609969571,1.0,9,0,-0.17925061361358277,4,1,0.6146750853342169
1240819,146667,000000146667.jpg,OBLIQUE,2,10,1615.3,104.5,1,body7_self,rtmdet_ins_tiny,rtmdet_ins_tiny,37,0.8155,0.0000,0.9183,2,0.0012870148533531758,6.308612326892061e-05,0.0,9,1,0.00672949507220677,4,-1,0.7455800876897924
1240819,146667,000000146667.jpg,OBLIQUE,2,10,1615.3,104.5,1,aic_coco_self,gt_box,gt_box,,,1.0,1.0,0,0.873426140425943,0.873426140425943,1.0,9,0,-0.17574630634789593,4,1,0.6610045555759879
1240819,146667,000000146667.jpg,OBLIQUE,2,10,1615.3,104.5,1,aic_coco_self,rtmdet_ins_tiny,rtmdet_ins_tiny,37,0.8155,0.0000,0.9183,2,0.0012891137747969724,5.85815646535514e-05,0.0,9,1,0.006556095453445154,4,-1,0.7539740976165322
1243079,420069,000000420069.jpg,REAR,0,13,18490.9,309.1,1,body7_official,gt_box,gt_box,,,1.0,1.0,0,0.9798977948019284,0.9798977948019284,1.0,13,0,-0.31603202236040007,10,1,0.7337644415743211
1243079,420069,000000420069.jpg,REAR,0,13,18490.9,309.1,1,body7_official,rtmdet_ins_tiny,rtmdet_ins_tiny,35,0.8428,0.9520,0.9520,0,0.98151820307127,0.98151820307127,1.0,13,0,-0.31852746058842096,10,1,0.7386782958227045
1243079,420069,000000420069.jpg,REAR,0,13,18490.9,309.1,1,body7_self,gt_box,gt_box,,,1.0,1.0,0,0.9798977948019284,0.9798977948019284,1.0,13,0,-0.31603202236040007,10,1,0.7337645292282104
1243079,420069,000000420069.jpg,REAR,0,13,18490.9,309.1,1,body7_self,rtmdet_ins_tiny,rtmdet_ins_tiny,35,0.8428,0.9520,0.9520,0,0.98151820307127,0.98151820307127,1.0,13,0,-0.31852746058842096,10,1,0.7386783799704384
1243079,420069,000000420069.jpg,REAR,0,13,18490.9,309.1,1,aic_coco_self,gt_box,gt_box,,,1.0,1.0,0,0.9819736728689674,0.9819736728689674,1.0,13,0,-0.32143745853653,10,1,0.8228377980344436
1243079,420069,000000420069.jpg,REAR,0,13,18490.9,309.1,1,aic_coco_self,rtmdet_ins_tiny,rtmdet_ins_tiny,35,0.8428,0.9520,0.9520,0,0.9833002778829413,0.9833002778829413,1.0,13,0,-0.32082041597389466,10,1,0.8243300599210402
1244473,439994,000000439994.jpg,REAR,0,14,5609.4,152.1,1,body7_official,gt_box,gt_box,,,1.0,1.0,0,0.9662599208377182,0.9662599208377182,1.0,14,0,-0.48427708378911,12,1,0.7927923728437984
1244473,439994,000000439994.jpg,REAR,0,14,5609.4,152.1,1,body7_official,rtmdet_ins_tiny,rtmdet_ins_tiny,62,0.8762,0.9319,0.9319,0,0.9629056585114181,0.9629056585114181,1.0,14,0,-0.4829614650009799,12,1,0.7767016081249013
1244473,439994,000000439994.jpg,REAR,0,14,5609.4,152.1,1,body7_self,gt_box,gt_box,,,1.0,1.0,0,0.9662599208377182,0.9662599208377182,1.0,14,0,-0.48427708378911,12,1,0.792792327263776
1244473,439994,000000439994.jpg,REAR,0,14,5609.4,152.1,1,body7_self,rtmdet_ins_tiny,rtmdet_ins_tiny,62,0.8762,0.9319,0.9319,0,0.9629056585114181,0.9629056585114181,1.0,14,0,-0.4829614650009799,12,1,0.7767016046187457
1244473,439994,000000439994.jpg,REAR,0,14,5609.4,152.1,1,aic_coco_self,gt_box,gt_box,,,1.0,1.0,0,0.9477210650854154,0.9477210650854154,1.0,14,0,-0.4776318672485264,12,1,0.8280510902404785
1244473,439994,000000439994.jpg,REAR,0,14,5609.4,152.1,1,aic_coco_self,rtmdet_ins_tiny,rtmdet_ins_tiny,62,0.8762,0.9319,0.9319,0,0.9552066546271358,0.9552066546271358,1.0,14,0,-0.47833862763562746,12,1,0.8375703797620886
1246664,82812,000000082812.jpg,REAR,0,8,3806.2,133.6,1,body7_official,gt_box,gt_box,,,1.0,1.0,0,0.9174079042753872,0.9174079042753872,1.0,7,0,-0.3144603397593804,4,1,0.6520146797685062
1246664,82812,000000082812.jpg,REAR,0,8,3806.2,133.6,1,body7_official,rtmdet_ins_tiny,rtmdet_ins_tiny,19,0.6370,0.8777,0.8777,0,0.9087114241991674,0.9087114241991674,1.0,7,0,-0.30287196606229916,4,1,0.668110332068275
1246664,82812,000000082812.jpg,REAR,0,8,3806.2,133.6,1,body7_self,gt_box,gt_box,,,1.0,1.0,0,0.9174079042753872,0.9174079042753872,1.0,7,0,-0.3144603397593804,4,1,0.6520145517938277
1246664,82812,000000082812.jpg,REAR,0,8,3806.2,133.6,1,body7_self,rtmdet_ins_tiny,rtmdet_ins_tiny,19,0.6370,0.8777,0.8777,0,0.9087114241991674,0.9087114241991674,1.0,7,0,-0.30287196606229916,4,1,0.6681105073760537
1246664,82812,000000082812.jpg,REAR,0,8,3806.2,133.6,1,aic_coco_self,gt_box,gt_box,,,1.0,1.0,0,0.9147480877408024,0.9147480877408024,1.0,7,0,-0.31024709974583425,4,1,0.6490147289107827
1246664,82812,000000082812.jpg,REAR,0,8,3806.2,133.6,1,aic_coco_self,rtmdet_ins_tiny,rtmdet_ins_tiny,19,0.6370,0.8777,0.8777,0,0.9270112775527732,0.9270112775527732,1.0,7,0,-0.30309825727332385,4,1,0.6884793008075041
1251120,458045,000000458045.jpg,REAR,0,11,2019.5,109.9,1,body7_official,gt_box,gt_box,,,1.0,1.0,0,0.9270164489462595,0.9270164489462595,1.0,10,0,-0.24059687955263587,6,1,0.6393390736159157
1251120,458045,000000458045.jpg,REAR,0,11,2019.5,109.9,1,body7_official,rtmdet_ins_tiny,rtmdet_ins_tiny,26,0.5593,0.8685,0.8685,0,0.937499549242372,0.937499549242372,1.0,10,0,-0.2479899673481531,6,1,0.6195584237575531
1251120,458045,000000458045.jpg,REAR,0,11,2019.5,109.9,1,body7_self,gt_box,gt_box,,,1.0,1.0,0,0.9270164489462595,0.9270164489462595,1.0,10,0,-0.24059687955263587,6,1,0.6393391297144049
1251120,458045,000000458045.jpg,REAR,0,11,2019.5,109.9,1,body7_self,rtmdet_ins_tiny,rtmdet_ins_tiny,26,0.5593,0.8685,0.8685,0,0.937499549242372,0.937499549242372,1.0,10,0,-0.2479899673481531,6,1,0.6195586253614986
1251120,458045,000000458045.jpg,REAR,0,11,2019.5,109.9,1,aic_coco_self,gt_box,gt_box,,,1.0,1.0,0,0.6873049401212764,0.6239197639272904,0.8,10,1,0.04576328583357492,6,-1,0.5761891971616184
1251120,458045,000000458045.jpg,REAR,0,11,2019.5,109.9,1,aic_coco_self,rtmdet_ins_tiny,rtmdet_ins_tiny,26,0.5593,0.8685,0.8685,0,0.8218645817235475,0.8218645817235475,0.9,10,0,-0.07574751886485251,6,1,0.5768317702938529
1253556,100624,000000100624.jpg,REAR,0,10,4942.5,188.4,1,body7_official,gt_box,gt_box,,,1.0,1.0,0,0.8998522930658888,0.9137081283858036,1.0,10,1,0.010491861051450849,8,-1,0.6430704874150893
1253556,100624,000000100624.jpg,REAR,0,10,4942.5,188.4,1,body7_official,rtmdet_ins_tiny,rtmdet_ins_tiny,36,0.6960,0.6216,0.8141,2,0.8202029822481439,0.8492183066930974,0.9,10,1,0.009458082214402835,8,1,0.6564647274858811
1253556,100624,000000100624.jpg,REAR,0,10,4942.5,188.4,1,body7_self,gt_box,gt_box,,,1.0,1.0,0,0.8998522930658888,0.9137081283858036,1.0,10,1,0.010491861051450849,8,-1,0.6430703874896554
1253556,100624,000000100624.jpg,REAR,0,10,4942.5,188.4,1,body7_self,rtmdet_ins_tiny,rtmdet_ins_tiny,36,0.6960,0.6216,0.8141,2,0.8202029822481439,0.8492183066930974,0.9,10,1,0.009458082214402835,8,1,0.6564645258819356
1253556,100624,000000100624.jpg,REAR,0,10,4942.5,188.4,1,aic_coco_self,gt_box,gt_box,,,1.0,1.0,0,0.8753774537300595,0.9251307527318392,1.0,10,1,0.02828491833985193,8,-1,0.6422424947514254
1253556,100624,000000100624.jpg,REAR,0,10,4942.5,188.4,1,aic_coco_self,rtmdet_ins_tiny,rtmdet_ins_tiny,36,0.6960,0.6216,0.8141,2,0.9323800630473068,0.9320748949889206,1.0,10,1,0.002077193051154419,8,1,0.6775267474791583
1255944,484351,000000484351.jpg,FRONT,3,17,5189.9,155.1,-1,body7_official,gt_box,gt_box,,,1.0,1.0,0,0.9699606593035585,0.9699606593035585,1.0,15,0,-0.35057915547260726,10,-1,0.845053444890415
1255944,484351,000000484351.jpg,FRONT,3,17,5189.9,155.1,-1,body7_official,rtmdet_ins_tiny,rtmdet_ins_tiny,13,0.8647,0.0000,0.9138,1,0.0006423681350366701,0.0006423681350366701,0.0,15,0,-0.0015645764264750062,10,-1,0.7798749348696541
1255944,484351,000000484351.jpg,FRONT,3,17,5189.9,155.1,-1,body7_self,gt_box,gt_box,,,1.0,1.0,0,0.9699606593035585,0.9699606593035585,1.0,15,0,-0.35057915547260726,10,-1,0.8450534589150372
1255944,484351,000000484351.jpg,FRONT,3,17,5189.9,155.1,-1,body7_self,rtmdet_ins_tiny,rtmdet_ins_tiny,13,0.8647,0.0000,0.9138,1,0.0006423681350366701,0.0006423681350366701,0.0,15,0,-0.0015645764264750062,10,-1,0.7798750190173879
1255944,484351,000000484351.jpg,FRONT,3,17,5189.9,155.1,-1,aic_coco_self,gt_box,gt_box,,,1.0,1.0,0,0.9695171839508434,0.9695171839508434,1.0,15,0,-0.35079263453943826,10,-1,0.865520294974832
1255944,484351,000000484351.jpg,FRONT,3,17,5189.9,155.1,-1,aic_coco_self,rtmdet_ins_tiny,rtmdet_ins_tiny,13,0.8647,0.0000,0.9138,1,0.0006280469618363482,0.0006280469618363482,0.0,15,0,-0.0015273307495896615,10,-1,0.7926567898077124
1256641,217285,000000217285.jpg,FRONT,3,16,12300.6,252.4,-1,body7_official,gt_box,gt_box,,,1.0,1.0,0,0.9516366680664581,0.9516366680664581,1.0,16,0,-0.35010455641349764,12,-1,0.8659863191492417
1256641,217285,000000217285.jpg,FRONT,3,16,12300.6,252.4,-1,body7_official,rtmdet_ins_tiny,rtmdet_ins_tiny,56,0.8927,0.9098,0.9098,0,0.9299003026390534,0.9299003026390534,1.0,16,0,-0.34775651752040043,12,-1,0.8604759468751795
1256641,217285,000000217285.jpg,FRONT,3,16,12300.6,252.4,-1,body7_self,gt_box,gt_box,,,1.0,1.0,0,0.9516366680664581,0.9516366680664581,1.0,16,0,-0.35010455641349764,12,-1,0.8659862946061527
1256641,217285,000000217285.jpg,FRONT,3,16,12300.6,252.4,-1,body7_self,rtmdet_ins_tiny,rtmdet_ins_tiny,56,0.8927,0.9098,0.9098,0,0.9299003026390534,0.9299003026390534,1.0,16,0,-0.34775651752040043,12,-1,0.8604758732459125
1256641,217285,000000217285.jpg,FRONT,3,16,12300.6,252.4,-1,aic_coco_self,gt_box,gt_box,,,1.0,1.0,0,0.967435243002196,0.967435243002196,1.0,16,0,-0.35025548093651215,12,-1,0.880775651511024
1256641,217285,000000217285.jpg,FRONT,3,16,12300.6,252.4,-1,aic_coco_self,rtmdet_ins_tiny,rtmdet_ins_tiny,56,0.8927,0.9098,0.9098,0,0.9616332289354658,0.9616332289354658,1.0,16,0,-0.34547183556410416,12,-1,0.8663395117310917
1257711,229601,000000229601.jpg,PROFILE,1,10,1436.4,101.1,1,body7_official,gt_box,gt_box,,,1.0,1.0,0,0.9079729494762385,0.9079729494762385,1.0,8,0,-0.30995821314764166,4,1,0.5282228466342477
1257711,229601,000000229601.jpg,PROFILE,1,10,1436.4,101.1,1,body7_official,rtmdet_ins_tiny,rtmdet_ins_tiny,30,0.7677,0.0000,0.8182,1,0.000247240259032982,1.7920015461087078e-06,0.0,8,1,0.007808814476083725,4,-1,0.7070388197898865
1257711,229601,000000229601.jpg,PROFILE,1,10,1436.4,101.1,1,body7_self,gt_box,gt_box,,,1.0,1.0,0,0.9079729494762385,0.9079729494762385,1.0,8,0,-0.30995821314764166,4,1,0.5282226976226357
1257711,229601,000000229601.jpg,PROFILE,1,10,1436.4,101.1,1,body7_self,rtmdet_ins_tiny,rtmdet_ins_tiny,30,0.7677,0.0000,0.8182,1,0.000247240259032982,1.7920015461087078e-06,0.0,8,1,0.007808814476083725,4,-1,0.7070388338145088
1257711,229601,000000229601.jpg,PROFILE,1,10,1436.4,101.1,1,aic_coco_self,gt_box,gt_box,,,1.0,1.0,0,0.9089217948186482,0.9089217948186482,1.0,8,0,-0.30687341646836036,4,1,0.48860030314501596
1257711,229601,000000229601.jpg,PROFILE,1,10,1436.4,101.1,1,aic_coco_self,rtmdet_ins_tiny,rtmdet_ins_tiny,30,0.7677,0.0000,0.8182,1,0.00023577663382744782,1.6695355099861916e-06,0.0,8,1,0.008356297131880464,4,-1,0.7808978277094224
1260194,279927,000000279927.jpg,REAR,0,10,3856.9,144.8,1,body7_official,gt_box,gt_box,,,1.0,1.0,0,0.9515492571116614,0.9515492571116614,1.0,10,0,-0.19517013018166968,8,1,0.6452093720436096
1260194,279927,000000279927.jpg,REAR,0,10,3856.9,144.8,1,body7_official,rtmdet_ins_tiny,rtmdet_ins_tiny,68,0.7915,0.0000,0.7633,39,6.874882234559045e-05,6.874882234559045e-05,0.0,10,0,-0.0019105061353266173,8,-1,0.6262221371426302
1260194,279927,000000279927.jpg,REAR,0,10,3856.9,144.8,1,body7_self,gt_box,gt_box,,,1.0,1.0,0,0.9515492571116614,0.9515492571116614,1.0,10,0,-0.19517013018166968,8,1,0.6452091301188749
1260194,279927,000000279927.jpg,REAR,0,10,3856.9,144.8,1,body7_self,rtmdet_ins_tiny,rtmdet_ins_tiny,68,0.7915,0.0000,0.7633,39,6.874882234559045e-05,6.874882234559045e-05,0.0,10,0,-0.0019105061353266173,8,-1,0.626222187981886
1260194,279927,000000279927.jpg,REAR,0,10,3856.9,144.8,1,aic_coco_self,gt_box,gt_box,,,1.0,1.0,0,0.9423270864657347,0.9423270864657347,1.0,10,0,-0.1913999955191043,8,1,0.6888397055513719
1260194,279927,000000279927.jpg,REAR,0,10,3856.9,144.8,1,aic_coco_self,rtmdet_ins_tiny,rtmdet_ins_tiny,68,0.7915,0.0000,0.7633,39,6.748029559913356e-05,6.748029559913356e-05,0.0,10,0,-0.0014616542058254467,8,-1,0.7035782863112057
1263422,96427,000000096427.jpg,REAR,0,8,4394.3,137.2,-1,body7_official,gt_box,gt_box,,,1.0,1.0,0,0.9626662595028365,0.9626662595028365,1.0,6,0,-0.25011523817064457,4,-1,0.47398727080401254
1263422,96427,000000096427.jpg,REAR,0,8,4394.3,137.2,-1,body7_official,rtmdet_ins_tiny,rtmdet_ins_tiny,5,0.5458,0.8464,0.8464,0,0.9652288178892988,0.9652288178892988,1.0,6,0,-0.2519636857790747,4,-1,0.43652603819089775
1263422,96427,000000096427.jpg,REAR,0,8,4394.3,137.2,-1,body7_self,gt_box,gt_box,,,1.0,1.0,0,0.9626662595028365,0.9626662595028365,1.0,6,0,-0.25011523817064457,4,-1,0.4739873181371128
1263422,96427,000000096427.jpg,REAR,0,8,4394.3,137.2,-1,body7_self,rtmdet_ins_tiny,rtmdet_ins_tiny,5,0.5458,0.8464,0.8464,0,0.9652288178892988,0.9652288178892988,1.0,6,0,-0.2519636857790747,4,-1,0.43652600312934203
1263422,96427,000000096427.jpg,REAR,0,8,4394.3,137.2,-1,aic_coco_self,gt_box,gt_box,,,1.0,1.0,0,0.9665929164729073,0.9665929164729073,1.0,6,0,-0.24757260183849694,4,-1,0.463371415348614
1263422,96427,000000096427.jpg,REAR,0,8,4394.3,137.2,-1,aic_coco_self,rtmdet_ins_tiny,rtmdet_ins_tiny,5,0.5458,0.8464,0.8464,0,0.9576948567975802,0.9576948567975802,1.0,6,0,-0.23939526019751003,4,-1,0.42020999771707196
1265285,521819,000000521819.jpg,OBLIQUE,2,13,2724.2,130.1,1,body7_official,gt_box,gt_box,,,1.0,1.0,0,0.850400880653138,0.850400880653138,1.0,13,0,-0.24833490724085833,8,1,0.7200849547105677
1265285,521819,000000521819.jpg,OBLIQUE,2,13,2724.2,130.1,1,body7_official,rtmdet_ins_tiny,rtmdet_ins_tiny,3,0.8498,0.9113,0.9113,0,0.8953517005315818,0.8953517005315818,1.0,13,0,-0.24337347119111197,8,1,0.7332789582364699
1265285,521819,000000521819.jpg,OBLIQUE,2,13,2724.2,130.1,1,body7_self,gt_box,gt_box,,,1.0,1.0,0,0.850400880653138,0.850400880653138,1.0,13,0,-0.24833490724085833,8,1,0.7200848933528451
1265285,521819,000000521819.jpg,OBLIQUE,2,13,2724.2,130.1,1,body7_self,rtmdet_ins_tiny,rtmdet_ins_tiny,3,0.8498,0.9113,0.9113,0,0.8953517005315818,0.8953517005315818,1.0,13,0,-0.24337347119111197,8,1,0.7332789722610923
1265285,521819,000000521819.jpg,OBLIQUE,2,13,2724.2,130.1,1,aic_coco_self,gt_box,gt_box,,,1.0,1.0,0,0.8844242594413387,0.8844242594413387,1.0,13,0,-0.23501681896028687,8,1,0.7507656549706179
1265285,521819,000000521819.jpg,OBLIQUE,2,13,2724.2,130.1,1,aic_coco_self,rtmdet_ins_tiny,rtmdet_ins_tiny,3,0.8498,0.9113,0.9113,0,0.8867574103562401,0.8867574103562401,1.0,13,0,-0.23784378803222866,8,1,0.7484324925086078
1268549,142238,000000142238.jpg,REAR,0,12,3806.8,173.2,1,body7_official,gt_box,gt_box,,,1.0,1.0,0,0.9528437474364306,0.9528437474364306,1.0,12,0,-0.21240394402849372,12,1,0.7277656688409693
1268549,142238,000000142238.jpg,REAR,0,12,3806.8,173.2,1,body7_official,rtmdet_ins_tiny,rtmdet_ins_tiny,91,0.8518,0.0706,0.8506,3,0.0073862451408126945,0.0073862451408126945,0.0,12,0,-0.012337784023064513,12,1,0.8028989434242249
1268549,142238,000000142238.jpg,REAR,0,12,3806.8,173.2,1,body7_self,gt_box,gt_box,,,1.0,1.0,0,0.9528437474364306,0.9528437474364306,1.0,12,0,-0.21240394402849372,12,1,0.7277657635071698
1268549,142238,000000142238.jpg,REAR,0,12,3806.8,173.2,1,body7_self,rtmdet_ins_tiny,rtmdet_ins_tiny,91,0.8518,0.0706,0.8506,3,0.0073862451408126945,0.0073862451408126945,0.0,12,0,-0.012337784023064513,12,1,0.8028988382395577
1268549,142238,000000142238.jpg,REAR,0,12,3806.8,173.2,1,aic_coco_self,gt_box,gt_box,,,1.0,1.0,0,0.9329838250398762,0.9329838250398762,1.0,12,0,-0.19705886886876864,12,1,0.771474582307479
1268549,142238,000000142238.jpg,REAR,0,12,3806.8,173.2,1,aic_coco_self,rtmdet_ins_tiny,rtmdet_ins_tiny,91,0.8518,0.0706,0.8506,3,0.007540372188519385,0.007540372188519385,0.0,12,0,-0.011885185661227649,12,1,0.8471178026760325
1270513,281409,000000281409.jpg,OBLIQUE,2,12,21513.4,295.5,1,body7_official,gt_box,gt_box,,,1.0,1.0,0,0.969173535829518,0.969173535829518,1.0,12,0,-0.5776619256118425,8,1,0.8003552871591905
1270513,281409,000000281409.jpg,OBLIQUE,2,12,21513.4,295.5,1,body7_official,rtmdet_ins_tiny,rtmdet_ins_tiny,5,0.9294,0.9553,0.9553,0,0.9856163194088322,0.9856163194088322,1.0,12,0,-0.5818716953628601,8,1,0.7866045166464413
1270513,281409,000000281409.jpg,OBLIQUE,2,12,21513.4,295.5,1,body7_self,gt_box,gt_box,,,1.0,1.0,0,0.969173535829518,0.969173535829518,1.0,12,0,-0.5776619256118425,8,1,0.8003553187145906
1270513,281409,000000281409.jpg,OBLIQUE,2,12,21513.4,295.5,1,body7_self,rtmdet_ins_tiny,rtmdet_ins_tiny,5,0.9294,0.9553,0.9553,0,0.9856163194088322,0.9856163194088322,1.0,12,0,-0.5818716953628601,8,1,0.7866045411895303
1270513,281409,000000281409.jpg,OBLIQUE,2,12,21513.4,295.5,1,aic_coco_self,gt_box,gt_box,,,1.0,1.0,0,0.976545341262201,0.976545341262201,1.0,12,0,-0.5770490530741741,8,1,0.7673936977105982
1270513,281409,000000281409.jpg,OBLIQUE,2,12,21513.4,295.5,1,aic_coco_self,rtmdet_ins_tiny,rtmdet_ins_tiny,5,0.9294,0.9553,0.9553,0,0.982853626968681,0.982853626968681,1.0,12,0,-0.5770203888212727,8,1,0.768918679041021
1275194,64523,000000064523.jpg,FRONT,3,17,14138.5,225.1,-1,body7_official,gt_box,gt_box,,,1.0,1.0,0,0.9617994493888368,0.9617994493888368,1.0,17,0,-0.3092491484969384,12,-1,0.7892075514092165
1275194,64523,000000064523.jpg,FRONT,3,17,14138.5,225.1,-1,body7_official,rtmdet_ins_tiny,rtmdet_ins_tiny,36,0.8785,0.0142,0.9640,2,0.0012040979548392475,0.0012040979548392475,0.0,17,0,-0.002718249918483351,12,-1,0.7990701216108659
1275194,64523,000000064523.jpg,FRONT,3,17,14138.5,225.1,-1,body7_self,gt_box,gt_box,,,1.0,1.0,0,0.9617994493888368,0.9617994493888368,1.0,17,0,-0.3092491484969384,12,-1,0.7892075531622943
1275194,64523,000000064523.jpg,FRONT,3,17,14138.5,225.1,-1,body7_self,rtmdet_ins_tiny,rtmdet_ins_tiny,36,0.8785,0.0142,0.9640,2,0.0012040979548392475,0.0012040979548392475,0.0,17,0,-0.002718249918483351,12,-1,0.7990700497346765
1275194,64523,000000064523.jpg,FRONT,3,17,14138.5,225.1,-1,aic_coco_self,gt_box,gt_box,,,1.0,1.0,0,0.9727331213017678,0.9727331213017678,1.0,17,0,-0.3203998371120956,12,-1,0.8028973761726829
1275194,64523,000000064523.jpg,FRONT,3,17,14138.5,225.1,-1,aic_coco_self,rtmdet_ins_tiny,rtmdet_ins_tiny,36,0.8785,0.0142,0.9640,2,0.001165904035657912,0.001165904035657912,0.0,17,0,-0.002701638048847488,12,-1,0.8251087560373194
1276297,328430,000000328430.jpg,FRONT,3,16,3193.1,111.6,-1,body7_official,gt_box,gt_box,,,1.0,1.0,0,0.9594969463473303,0.9594969463473303,1.0,16,0,-0.33768946318744086,12,-1,0.8207421618349412
1276297,328430,000000328430.jpg,FRONT,3,16,3193.1,111.6,-1,body7_official,rtmdet_ins_tiny,rtmdet_ins_tiny,32,0.8401,0.9028,0.9028,0,0.961031470415868,0.961031470415868,1.0,16,0,-0.34093973171207037,12,-1,0.830698171082665
1276297,328430,000000328430.jpg,FRONT,3,16,3193.1,111.6,-1,body7_self,gt_box,gt_box,,,1.0,1.0,0,0.9594969463473303,0.9594969463473303,1.0,16,0,-0.33768946318744086,12,-1,0.8207421478103188
1276297,328430,000000328430.jpg,FRONT,3,16,3193.1,111.6,-1,body7_self,rtmdet_ins_tiny,rtmdet_ins_tiny,32,0.8401,0.9028,0.9028,0,0.961031470415868,0.961031470415868,1.0,16,0,-0.34093973171207037,12,-1,0.8306982797734878
1276297,328430,000000328430.jpg,FRONT,3,16,3193.1,111.6,-1,aic_coco_self,gt_box,gt_box,,,1.0,1.0,0,0.9641924567037441,0.9641924567037441,1.0,16,0,-0.344918766463796,12,-1,0.861893867745119
1276297,328430,000000328430.jpg,FRONT,3,16,3193.1,111.6,-1,aic_coco_self,rtmdet_ins_tiny,rtmdet_ins_tiny,32,0.8401,0.9028,0.9028,0,0.9642452083268557,0.9642452083268557,1.0,16,0,-0.3455212727802035,12,-1,0.870447081678054
1278770,320743,000000320743.jpg,OBLIQUE,2,15,5422.4,150.4,-1,body7_official,gt_box,gt_box,,,1.0,1.0,0,0.9623602249562884,0.9623602249562884,1.0,14,0,-0.39386620647429893,10,-1,0.829574300962336
1278770,320743,000000320743.jpg,OBLIQUE,2,15,5422.4,150.4,-1,body7_official,rtmdet_ins_tiny,rtmdet_ins_tiny,13,0.7229,0.7600,0.7600,0,0.96520766123561,0.96520766123561,1.0,14,0,-0.39489083358100624,10,-1,0.7737055420875549
1278770,320743,000000320743.jpg,OBLIQUE,2,15,5422.4,150.4,-1,body7_self,gt_box,gt_box,,,1.0,1.0,0,0.9623602249562884,0.9623602249562884,1.0,14,0,-0.39386620647429893,10,-1,0.8295741835061241
1278770,320743,000000320743.jpg,OBLIQUE,2,15,5422.4,150.4,-1,body7_self,rtmdet_ins_tiny,rtmdet_ins_tiny,13,0.7229,0.7600,0.7600,0,0.96520766123561,0.96520766123561,1.0,14,0,-0.39489083358100624,10,-1,0.7737054439151988
1278770,320743,000000320743.jpg,OBLIQUE,2,15,5422.4,150.4,-1,aic_coco_self,gt_box,gt_box,,,1.0,1.0,0,0.9660990034364213,0.9660990034364213,1.0,14,0,-0.3880484421600869,10,-1,0.822084598681506
1278770,320743,000000320743.jpg,OBLIQUE,2,15,5422.4,150.4,-1,aic_coco_self,rtmdet_ins_tiny,rtmdet_ins_tiny,13,0.7229,0.7600,0.7600,0,0.9655321979751431,0.9655321979751431,1.0,14,0,-0.3884323948512803,10,-1,0.7805010343299192
