ann_id,image_id,file_name,orientation,face_visible,num_keypoints,area,bbox_h,gt_shoulder_sign,pose_model,box_source,detector,n_person_det,top1_score,top1_iou,best_iou,best_rank,pose_oks_raw,pose_oks_corrected,pose_pck02_corrected,pose_n_scored,pose_chirality_swapped,pose_chirality_margin,pose_n_chir,pose_pred_shoulder_sign,pose_conf_mean
183458,161609,000000161609.jpg,REAR,0,14,5112.6,152.3,1,body7_official,gt_box,gt_box,,,1.0,1.0,0,0.9560975580704333,0.9560975580704333,1.0,14,0,-0.37011917244871273,12,1,0.7725711044143228
183458,161609,000000161609.jpg,REAR,0,14,5112.6,152.3,1,body7_official,rtmdet_ins_tiny,rtmdet_ins_tiny,17,0.8700,0.9407,0.9407,0,0.9628784759982765,0.9628784759982765,1.0,14,0,-0.3724890839829037,12,1,0.76456319584566
183458,161609,000000161609.jpg,REAR,0,14,5112.6,152.3,1,body7_self,gt_box,gt_box,,,1.0,1.0,0,0.9560975580704333,0.9560975580704333,1.0,14,0,-0.37011917244871273,12,1,0.7725711219451007
183458,161609,000000161609.jpg,REAR,0,14,5112.6,152.3,1,body7_self,rtmdet_ins_tiny,rtmdet_ins_tiny,17,0.8700,0.9407,0.9407,0,0.9628784759982765,0.9628784759982765,1.0,14,0,-0.3724890839829037,12,1,0.7645632274010602
183458,161609,000000161609.jpg,REAR,0,14,5112.6,152.3,1,aic_coco_self,gt_box,gt_box,,,1.0,1.0,0,0.9573261806132445,0.9573261806132445,1.0,14,0,-0.37397421265753605,12,1,0.8249074185595793
183458,161609,000000161609.jpg,REAR,0,14,5112.6,152.3,1,aic_coco_self,rtmdet_ins_tiny,rtmdet_ins_tiny,17,0.8700,0.9407,0.9407,0,0.9589083903796309,0.9589083903796309,1.0,14,0,-0.37434310587485203,12,1,0.8194470966563505
183777,13177,000000013177.jpg,OBLIQUE,2,15,62508.0,351.5,-1,body7_official,gt_box,gt_box,,,1.0,1.0,0,0.9655705118910103,0.9655705118910103,1.0,15,0,-0.22963007467926694,12,-1,0.7718141078948975
183777,13177,000000013177.jpg,OBLIQUE,2,15,62508.0,351.5,-1,body7_official,rtmdet_ins_tiny,rtmdet_ins_tiny,9,0.8339,0.9217,0.9217,0,0.9668466724447085,0.9668466724447085,1.0,15,0,-0.2301540000473603,12,-1,0.7743122437421013
183777,13177,000000013177.jpg,OBLIQUE,2,15,62508.0,351.5,-1,body7_self,gt_box,gt_box,,,1.0,1.0,0,0.9655705118910103,0.9655705118910103,1.0,15,0,-0.22963007467926694,12,-1,0.7718141324379865
183777,13177,000000013177.jpg,OBLIQUE,2,15,62508.0,351.5,-1,body7_self,rtmdet_ins_tiny,rtmdet_ins_tiny,9,0.8339,0.9217,0.9217,0,0.9668466724447085,0.9668466724447085,1.0,15,0,-0.2301540000473603,12,-1,0.7743122647790348
183777,13177,000000013177.jpg,OBLIQUE,2,15,62508.0,351.5,-1,aic_coco_self,gt_box,gt_box,,,1.0,1.0,0,0.9646163400311423,0.9646163400311423,1.0,15,0,-0.2408057638138734,12,-1,0.7935699154348934
183777,13177,000000013177.jpg,OBLIQUE,2,15,62508.0,351.5,-1,aic_coco_self,rtmdet_ins_tiny,rtmdet_ins_tiny,9,0.8339,0.9217,0.9217,0,0.968262816743205,0.968262816743205,1.0,15,0,-0.24277066518547827,12,-1,0.7938415618503795
184136,184611,000000184611.jpg,REAR,0,11,2651.9,117.2,1,body7_official,gt_box,gt_box,,,1.0,1.0,0,0.904009939593966,0.904009939593966,1.0,11,0,-0.183039774993201,8,1,0.681278316413655
184136,184611,000000184611.jpg,REAR,0,11,2651.9,117.2,1,body7_official,rtmdet_ins_tiny,rtmdet_ins_tiny,16,0.8516,0.9079,0.9079,0,0.8814916214272657,0.8814916214272657,1.0,11,0,-0.1829636858145653,8,1,0.6754778886542601
184136,184611,000000184611.jpg,REAR,0,11,2651.9,117.2,1,body7_self,gt_box,gt_box,,,1.0,1.0,0,0.904009939593966,0.904009939593966,1.0,11,0,-0.183039774993201,8,1,0.6812784163390889
184136,184611,000000184611.jpg,REAR,0,11,2651.9,117.2,1,body7_self,rtmdet_ins_tiny,rtmdet_ins_tiny,16,0.8516,0.9079,0.9079,0,0.8814916214272657,0.8814916214272657,1.0,11,0,-0.1829636858145653,8,1,0.6754777711980483
184136,184611,000000184611.jpg,REAR,0,11,2651.9,117.2,1,aic_coco_self,gt_box,gt_box,,,1.0,1.0,0,0.8999051278316241,0.8999051278316241,1.0,11,0,-0.17980538170682966,8,1,0.6728178420487572
184136,184611,000000184611.jpg,REAR,0,11,2651.9,117.2,1,aic_coco_self,rtmdet_ins_tiny,rtmdet_ins_tiny,16,0.8516,0.9079,0.9079,0,0.8856515788794405,0.8856515788794405,0.9090909090909091,11,0,-0.1799526722737567,8,1,0.6652350741274217
184586,476215,000000476215.jpg,FRONT,3,16,2418.2,106.2,-1,body7_official,gt_box,gt_box,,,1.0,1.0,0,0.9649391141773579,0.9649391141773579,1.0,16,0,-0.2961797378008018,12,-1,0.7918994111173293
184586,476215,000000476215.jpg,FRONT,3,16,2418.2,106.2,-1,body7_official,rtmdet_ins_tiny,rtmdet_ins_tiny,6,0.1521,0.8714,0.8714,0,0.9651288729455367,0.9651288729455367,1.0,16,0,-0.29609692064809146,12,-1,0.7880432851174298
184586,476215,000000476215.jpg,FRONT,3,16,2418.2,106.2,-1,body7_self,gt_box,gt_box,,,1.0,1.0,0,0.9649391141773579,0.9649391141773579,1.0,16,0,-0.2961797378008018,12,-1,0.7918994672158185
184586,476215,000000476215.jpg,FRONT,3,16,2418.2,106.2,-1,body7_self,rtmdet_ins_tiny,rtmdet_ins_tiny,6,0.1521,0.8714,0.8714,0,0.9651288729455367,0.9651288729455367,1.0,16,0,-0.29609692064809146,12,-1,0.788043243043563
184586,476215,000000476215.jpg,FRONT,3,16,2418.2,106.2,-1,aic_coco_self,gt_box,gt_box,,,1.0,1.0,0,0.9596057541266996,0.9596057541266996,1.0,16,0,-0.29462582720873887,12,-1,0.7742773680125966
184586,476215,000000476215.jpg,FRONT,3,16,2418.2,106.2,-1,aic_coco_self,rtmdet_ins_tiny,rtmdet_ins_tiny,6,0.1521,0.8714,0.8714,0,0.963645592894222,0.963645592894222,1.0,16,0,-0.29724060121729734,12,-1,0.7715432538705713
186032,569972,000000569972.jpg,FRONT,3,16,5614.0,140.7,-1,body7_official,gt_box,gt_box,,,1.0,1.0,0,0.9551840541188554,0.9551840541188554,1.0,14,0,-0.3941662695358749,10,-1,0.8099019282004413
186032,569972,000000569972.jpg,FRONT,3,16,5614.0,140.7,-1,body7_official,rtmdet_ins_tiny,rtmdet_ins_tiny,4,0.8430,0.9425,0.9425,0,0.951961968678809,0.951961968678809,1.0,14,0,-0.3902516992283419,10,-1,0.8302125825601465
186032,569972,000000569972.jpg,FRONT,3,16,5614.0,140.7,-1,body7_self,gt_box,gt_box,,,1.0,1.0,0,0.9551840541188554,0.9551840541188554,1.0,14,0,-0.3941662695358749,10,-1,0.8099018966450411
186032,569972,000000569972.jpg,FRONT,3,16,5614.0,140.7,-1,body7_self,rtmdet_ins_tiny,rtmdet_ins_tiny,4,0.8430,0.9425,0.9425,0,0.951961968678809,0.951961968678809,1.0,14,0,-0.3902516992283419,10,-1,0.8302125720416799
186032,569972,000000569972.jpg,FRONT,3,16,5614.0,140.7,-1,aic_coco_self,gt_box,gt_box,,,1.0,1.0,0,0.9628035894970145,0.9628035894970145,1.0,14,0,-0.38951200983716283,10,-1,0.8084225128678715
186032,569972,000000569972.jpg,FRONT,3,16,5614.0,140.7,-1,aic_coco_self,rtmdet_ins_tiny,rtmdet_ins_tiny,4,0.8430,0.9425,0.9425,0,0.9644440604103668,0.9644440604103668,1.0,14,0,-0.3919696015735472,10,-1,0.8310377843239728
186530,455219,000000455219.jpg,PROFILE,1,15,5892.7,167.1,1,body7_official,gt_box,gt_box,,,1.0,1.0,0,0.9530800759305061,0.9530800759305061,1.0,14,0,-0.34747727499926107,12,1,0.758098700467278
186530,455219,000000455219.jpg,PROFILE,1,15,5892.7,167.1,1,body7_official,rtmdet_ins_tiny,rtmdet_ins_tiny,2,0.8611,0.9093,0.9093,0,0.9520509257391875,0.9520509257391875,1.0,14,0,-0.34417010770420753,12,1,0.7787263288217432
186530,455219,000000455219.jpg,PROFILE,1,15,5892.7,167.1,1,body7_self,gt_box,gt_box,,,1.0,1.0,0,0.9530800759305061,0.9530800759305061,1.0,14,0,-0.34747727499926107,12,1,0.7580987705903894
186530,455219,000000455219.jpg,PROFILE,1,15,5892.7,167.1,1,body7_self,rtmdet_ins_tiny,rtmdet_ins_tiny,2,0.8611,0.9093,0.9093,0,0.9520509257391875,0.9520509257391875,1.0,14,0,-0.34417010770420753,12,1,0.7787264234879437
186530,455219,000000455219.jpg,PROFILE,1,15,5892.7,167.1,1,aic_coco_self,gt_box,gt_box,,,1.0,1.0,0,0.965658465690059,0.965658465690059,1.0,14,0,-0.35384211469949944,12,1,0.7908540438203251
186530,455219,000000455219.jpg,PROFILE,1,15,5892.7,167.1,1,aic_coco_self,rtmdet_ins_tiny,rtmdet_ins_tiny,2,0.8611,0.9093,0.9093,0,0.9626327599151099,0.9626327599151099,1.0,14,0,-0.3548538834661509,12,1,0.8035516949260936
187166,303653,000000303653.jpg,OBLIQUE,2,13,6307.7,194.3,-1,body7_official,gt_box,gt_box,,,1.0,1.0,0,0.962856058822146,0.962856058822146,1.0,13,0,-0.21765652123537302,8,-1,0.7652075255618376
187166,303653,000000303653.jpg,OBLIQUE,2,13,6307.7,194.3,-1,body7_official,rtmdet_ins_tiny,rtmdet_ins_tiny,4,0.8135,0.9368,0.9368,0,0.9605952830339093,0.9605952830339093,1.0,13,0,-0.2167034527725819,8,-1,0.77822205249001
187166,303653,000000303653.jpg,OBLIQUE,2,13,6307.7,194.3,-1,body7_self,gt_box,gt_box,,,1.0,1.0,0,0.962856058822146,0.962856058822146,1.0,13,0,-0.21765652123537302,8,-1,0.7652075991911047
187166,303653,000000303653.jpg,OBLIQUE,2,13,6307.7,194.3,-1,body7_self,rtmdet_ins_tiny,rtmdet_ins_tiny,4,0.8135,0.9368,0.9368,0,0.9605952830339093,0.9605952830339093,1.0,13,0,-0.2167034527725819,8,-1,0.7782221261192771
187166,303653,000000303653.jpg,OBLIQUE,2,13,6307.7,194.3,-1,aic_coco_self,gt_box,gt_box,,,1.0,1.0,0,0.9626107627933902,0.9626107627933902,1.0,13,0,-0.2187898180110865,8,-1,0.7790352491771474
187166,303653,000000303653.jpg,OBLIQUE,2,13,6307.7,194.3,-1,aic_coco_self,rtmdet_ins_tiny,rtmdet_ins_tiny,4,0.8135,0.9368,0.9368,0,0.9453498469417622,0.9453498469417622,1.0,13,0,-0.217408771306851,8,-1,0.7894564691711875
187761,119516,000000119516.jpg,FRONT,3,15,3043.6,144.3,-1,body7_official,gt_box,gt_box,,,1.0,1.0,0,0.9517610643473821,0.9517610643473821,1.0,15,0,-0.19234018277193507,10,-1,0.7922428390559029
187761,119516,000000119516.jpg,FRONT,3,15,3043.6,144.3,-1,body7_official,rtmdet_ins_tiny,rtmdet_ins_tiny,16,0.8356,0.9054,0.9054,0,0.9408325188586567,0.9408325188586567,1.0,15,0,-0.1851188578093449,10,-1,0.8226460288552677
187761,119516,000000119516.jpg,FRONT,3,15,3043.6,144.3,-1,body7_self,gt_box,gt_box,,,1.0,1.0,0,0.9517610643473821,0.9517610643473821,1.0,15,0,-0.19234018277193507,10,-1,0.7922428951543921
187761,119516,000000119516.jpg,FRONT,3,15,3043.6,144.3,-1,body7_self,rtmdet_ins_tiny,rtmdet_ins_tiny,16,0.8356,0.9054,0.9054,0,0.9408325188586567,0.9408325188586567,1.0,15,0,-0.1851188578093449,10,-1,0.822645993793712
187761,119516,000000119516.jpg,FRONT,3,15,3043.6,144.3,-1,aic_coco_self,gt_box,gt_box,,,1.0,1.0,0,0.9558898787235003,0.9558898787235003,1.0,15,0,-0.18833936179405428,10,-1,0.7932185109923867
187761,119516,000000119516.jpg,FRONT,3,15,3043.6,144.3,-1,aic_coco_self,rtmdet_ins_tiny,rtmdet_ins_tiny,16,0.8356,0.9054,0.9054,0,0.9362155962109288,0.9362155962109288,1.0,15,0,-0.17868509682423128,10,-1,0.8280188721768996
188585,107339,000000107339.jpg,FRONT,3,15,1969.3,120.7,-1,body7_official,gt_box,gt_box,,,1.0,1.0,0,0.9561647261352969,0.9561647261352969,1.0,14,0,-0.40348253605627843,10,-1,0.8939062567318187
188585,107339,000000107339.jpg,FRONT,3,15,1969.3,120.7,-1,body7_official,rtmdet_ins_tiny,rtmdet_ins_tiny,5,0.7301,0.7452,0.7452,0,0.9663882559265058,0.9663882559265058,1.0,14,0,-0.4092286763563756,10,-1,0.8522624864297754
188585,107339,000000107339.jpg,FRONT,3,15,1969.3,120.7,-1,body7_self,gt_box,gt_box,,,1.0,1.0,0,0.9561647261352969,0.9561647261352969,1.0,14,0,-0.40348253605627843,10,-1,0.893906319842619
188585,107339,000000107339.jpg,FRONT,3,15,1969.3,120.7,-1,body7_self,rtmdet_ins_tiny,rtmdet_ins_tiny,5,0.7301,0.7452,0.7452,0,0.9663882559265058,0.9663882559265058,1.0,14,0,-0.4092286763563756,10,-1,0.8522624443559086
188585,107339,000000107339.jpg,FRONT,3,15,1969.3,120.7,-1,aic_coco_self,gt_box,gt_box,,,1.0,1.0,0,0.9622311940314991,0.9622311940314991,1.0,14,0,-0.40744262526367864,10,-1,0.8515304116641774
188585,107339,000000107339.jpg,FRONT,3,15,1969.3,120.7,-1,aic_coco_self,rtmdet_ins_tiny,rtmdet_ins_tiny,5,0.7301,0.7452,0.7452,0,0.9635999490155597,0.9635999490155597,1.0,14,0,-0.40948629098135864,10,-1,0.8114420841721928
190054,37751,000000037751.jpg,REAR,0,13,2163.7,102.9,1,body7_official,gt_box,gt_box,,,1.0,1.0,0,0.9338134839552708,0.9338134839552708,1.0,13,0,-0.5924463625115323,12,1,0.7069756809402915
190054,37751,000000037751.jpg,REAR,0,13,2163.7,102.9,1,body7_official,rtmdet_ins_tiny,rtmdet_ins_tiny,10,0.8736,0.9381,0.9381,0,0.9368567065433872,0.9368567065433872,1.0,13,0,-0.5980044818876169,12,1,0.720245345550425
190054,37751,000000037751.jpg,REAR,0,13,2163.7,102.9,1,body7_self,gt_box,gt_box,,,1.0,1.0,0,0.9338134839552708,0.9338134839552708,1.0,13,0,-0.5924463625115323,12,1,0.7069756967179915
190054,37751,000000037751.jpg,REAR,0,13,2163.7,102.9,1,body7_self,rtmdet_ins_tiny,rtmdet_ins_tiny,10,0.8736,0.9381,0.9381,0,0.9368567065433872,0.9368567065433872,1.0,13,0,-0.5980044818876169,12,1,0.7202454489820144
190054,37751,000000037751.jpg,REAR,0,13,2163.7,102.9,1,aic_coco_self,gt_box,gt_box,,,1.0,1.0,0,0.8826380509812098,0.8826380509812098,1.0,13,0,-0.5850391835562424,12,1,0.7737000935217914
190054,37751,000000037751.jpg,REAR,0,13,2163.7,102.9,1,aic_coco_self,rtmdet_ins_tiny,rtmdet_ins_tiny,10,0.8736,0.9381,0.9381,0,0.8936960246381814,0.8936960246381814,1.0,13,0,-0.5865823874331888,12,1,0.777138261234059
191529,456496,000000456496.jpg,REAR,0,13,19326.5,238.4,1,body7_official,gt_box,gt_box,,,1.0,1.0,0,0.8553959121459863,0.8553959121459863,0.9166666666666666,12,0,-0.01479263662481338,10,1,0.6242023215574377
191529,456496,000000456496.jpg,REAR,0,13,19326.5,238.4,1,body7_official,rtmdet_ins_tiny,rtmdet_ins_tiny,8,0.8105,0.9491,0.9491,0,0.8473116613539888,0.8473116613539888,0.9166666666666666,12,0,-0.00821861584450266,10,1,0.6182405729504192
191529,456496,000000456496.jpg,REAR,0,13,19326.5,238.4,1,body7_self,gt_box,gt_box,,,1.0,1.0,0,0.8553959121459863,0.8553959121459863,0.9166666666666666,12,0,-0.01479263662481338,10,1,0.6242024320013383
191529,456496,000000456496.jpg,REAR,0,13,19326.5,238.4,1,body7_self,rtmdet_ins_tiny,rtmdet_ins_tiny,8,0.8105,0.9491,0.9491,0,0.8473116613539888,0.8473116613539888,0.9166666666666666,12,0,-0.00821861584450266,10,1,0.6182406421969918
191529,456496,000000456496.jpg,REAR,0,13,19326.5,238.4,1,aic_coco_self,gt_box,gt_box,,,1.0,1.0,0,0.859213204418083,0.859213204418083,0.9166666666666666,12,0,-0.01503794779029409,10,1,0.6371302218998179
191529,456496,000000456496.jpg,REAR,0,13,19326.5,238.4,1,aic_coco_self,rtmdet_ins_tiny,rtmdet_ins_tiny,8,0.8105,0.9491,0.9491,0,0.8574206218162769,0.8574206218162769,0.9166666666666666,12,0,-0.012767406752804106,10,1,0.638054288485471
192465,455937,000000455937.jpg,FRONT,3,16,14119.9,208.2,1,body7_official,gt_box,gt_box,,,1.0,1.0,0,0.9471293110561909,0.9471293110561909,1.0,16,0,-0.18968355985800492,12,1,0.7550698974553276
192465,455937,000000455937.jpg,FRONT,3,16,14119.9,208.2,1,body7_official,rtmdet_ins_tiny,rtmdet_ins_tiny,2,0.8472,0.9410,0.9410,0,0.9473295945770719,0.9473295945770719,1.0,16,0,-0.19262096905996834,12,1,0.7649513728478375
192465,455937,000000455937.jpg,FRONT,3,16,14119.9,208.2,1,body7_self,gt_box,gt_box,,,1.0,1.0,0,0.9471293110561909,0.9471293110561909,1.0,16,0,-0.18968355985800492,12,1,0.755069886936861
192465,455937,000000455937.jpg,FRONT,3,16,14119.9,208.2,1,body7_self,rtmdet_ins_tiny,rtmdet_ins_tiny,2,0.8472,0.9410,0.9410,0,0.9473295945770719,0.9473295945770719,1.0,16,0,-0.19262096905996834,12,1,0.7649513833663043
192465,455937,000000455937.jpg,FRONT,3,16,14119.9,208.2,1,aic_coco_self,gt_box,gt_box,,,1.0,1.0,0,0.9640480302921368,0.9640480302921368,1.0,16,0,-0.19113195292151583,12,1,0.8006322979927063
192465,455937,000000455937.jpg,FRONT,3,16,14119.9,208.2,1,aic_coco_self,rtmdet_ins_tiny,rtmdet_ins_tiny,2,0.8472,0.9410,0.9410,0,0.9614170461407473,0.9614170461407473,1.0,16,0,-0.1917958349523568,12,1,0.8064191551769481
193826,161609,000000161609.jpg,REAR,0,13,3420.4,134.7,1,body7_official,gt_box,gt_box,,,1.0,1.0,0,0.9317287878397548,0.9317287878397548,1.0,11,0,-0.3035595607405123,8,1,0.6959148908362669
193826,161609,000000161609.jpg,REAR,0,13,3420.4,134.7,1,body7_official,rtmdet_ins_tiny,rtmdet_ins_tiny,25,0.8450,0.1027,0.9083,1,0.00022516970131024355,0.012652621392076987,0.0,11,1,0.004042428911966378,8,1,0.7526434554773218
193826,161609,000000161609.jpg,REAR,0,13,3420.4,134.7,1,body7_self,gt_box,gt_box,,,1.0,1.0,0,0.9317287878397548,0.9317287878397548,1.0,11,0,-0.3035595607405123,8,1,0.6959149907617008
193826,161609,000000161609.jpg,REAR,0,13,3420.4,134.7,1,body7_self,rtmdet_ins_tiny,rtmdet_ins_tiny,25,0.8450,0.1027,0.9083,1,0.00022516970131024355,0.012652621392076987,0.0,11,1,0.004042428911966378,8,1,0.752643462489633
193826,161609,000000161609.jpg,REAR,0,13,3420.4,134.7,1,aic_coco_self,gt_box,gt_box,,,1.0,1.0,0,0.9183792334262422,0.9183792334262422,1.0,11,0,-0.29559309047874766,8,1,0.7350704985506394
193826,161609,000000161609.jpg,REAR,0,13,3420.4,134.7,1,aic_coco_self,rtmdet_ins_tiny,rtmdet_ins_tiny,25,0.8450,0.1027,0.9083,1,0.00020718615245890912,0.013035165869725284,0.0,11,1,0.0031121996821033004,8,1,0.7994911004515255
194291,213033,000000213033.jpg,FRONT,3,14,58468.4,450.2,-1,body7_official,gt_box,gt_box,,,1.0,1.0,0,0.9785323267326155,0.9785323267326155,1.0,13,0,-0.44488549684143497,10,-1,0.8533474136801327
194291,213033,000000213033.jpg,FRONT,3,14,58468.4,450.2,-1,body7_official,rtmdet_ins_tiny,rtmdet_ins_tiny,3,0.9240,0.9439,0.9439,0,0.9722144512541779,0.9722144512541779,1.0,13,0,-0.438896128424031,10,-1,0.8614807514583364
194291,213033,000000213033.jpg,FRONT,3,14,58468.4,450.2,-1,body7_self,gt_box,gt_box,,,1.0,1.0,0,0.9785323267326155,0.9785323267326155,1.0,13,0,-0.44488549684143497,10,-1,0.853347427704755
194291,213033,000000213033.jpg,FRONT,3,14,58468.4,450.2,-1,body7_self,rtmdet_ins_tiny,rtmdet_ins_tiny,3,0.9240,0.9439,0.9439,0,0.9722144512541779,0.9722144512541779,1.0,13,0,-0.438896128424031,10,-1,0.8614806322490468
194291,213033,000000213033.jpg,FRONT,3,14,58468.4,450.2,-1,aic_coco_self,gt_box,gt_box,,,1.0,1.0,0,0.9702301640270666,0.9702301640270666,1.0,13,0,-0.44215228634865367,10,-1,0.848077258642982
194291,213033,000000213033.jpg,FRONT,3,14,58468.4,450.2,-1,aic_coco_self,rtmdet_ins_tiny,rtmdet_ins_tiny,3,0.9240,0.9439,0.9439,0,0.9726946198072705,0.9726946198072705,1.0,13,0,-0.44596429896905715,10,-1,0.844342077479643
196144,195842,000000195842.jpg,OBLIQUE,2,14,36326.0,425.9,1,body7_official,gt_box,gt_box,,,1.0,1.0,0,0.9449547173420092,0.9449547173420092,1.0,14,0,-0.09854286207550182,10,1,0.772682736901676
196144,195842,000000195842.jpg,OBLIQUE,2,14,36326.0,425.9,1,body7_official,rtmdet_ins_tiny,rtmdet_ins_tiny,5,0.9199,0.9453,0.9453,0,0.9436444065005836,0.9436444065005836,1.0,14,0,-0.10170460442973576,10,1,0.772163492791793
196144,195842,000000195842.jpg,OBLIQUE,2,14,36326.0,425.9,1,body7_self,gt_box,gt_box,,,1.0,1.0,0,0.9449547173420092,0.9449547173420092,1.0,14,0,-0.09854286207550182,10,1,0.7726827228770536
196144,195842,000000195842.jpg,OBLIQUE,2,14,36326.0,425.9,1,body7_self,rtmdet_ins_tiny,rtmdet_ins_tiny,5,0.9199,0.9453,0.9453,0,0.9436444065005836,0.9436444065005836,1.0,14,0,-0.10170460442973576,10,1,0.7721634542240816
196144,195842,000000195842.jpg,OBLIQUE,2,14,36326.0,425.9,1,aic_coco_self,gt_box,gt_box,,,1.0,1.0,0,0.9220685612083612,0.9220685612083612,1.0,14,0,-0.0869588504608493,10,1,0.7952512713039622
196144,195842,000000195842.jpg,OBLIQUE,2,14,36326.0,425.9,1,aic_coco_self,rtmdet_ins_tiny,rtmdet_ins_tiny,5,0.9199,0.9453,0.9453,0,0.9269348038519141,0.9269348038519141,1.0,14,0,-0.08791022449485494,10,1,0.784087012795841
197203,396863,000000396863.jpg,FRONT,3,17,12294.7,250.8,-1,body7_official,gt_box,gt_box,,,1.0,1.0,0,0.9627522183424271,0.9627522183424271,1.0,14,0,-0.3273362433978068,6,-1,0.8535196255235111
197203,396863,000000396863.jpg,FRONT,3,17,12294.7,250.8,-1,body7_official,rtmdet_ins_tiny,rtmdet_ins_tiny,19,0.7625,0.6716,0.6716,0,0.958674703943499,0.958674703943499,1.0,14,0,-0.32332525336151535,6,-1,0.8489072498153237
197203,396863,000000396863.jpg,FRONT,3,17,12294.7,250.8,-1,body7_self,gt_box,gt_box,,,1.0,1.0,0,0.9627522183424271,0.9627522183424271,1.0,14,0,-0.3273362433978068,6,-1,0.853519667597378
197203,396863,000000396863.jpg,FRONT,3,17,12294.7,250.8,-1,body7_self,rtmdet_ins_tiny,rtmdet_ins_tiny,19,0.7625,0.6716,0.6716,0,0.958674703943499,0.958674703943499,1.0,14,0,-0.32332525336151535,6,-1,0.8489071516429677
197203,396863,000000396863.jpg,FRONT,3,17,12294.7,250.8,-1,aic_coco_self,gt_box,gt_box,,,1.0,1.0,0,0.9601675665678339,0.9601675665678339,1.0,14,0,-0.32783353439453045,6,-1,0.8840954969911015
197203,396863,000000396863.jpg,FRONT,3,17,12294.7,250.8,-1,aic_coco_self,rtmdet_ins_tiny,rtmdet_ins_tiny,19,0.7625,0.6716,0.6716,0,0.9585776998729912,0.9585776998729912,1.0,14,0,-0.32240039120970054,6,-1,0.8664218362639932
197843,128372,000000128372.jpg,REAR,0,11,3000.6,127.8,1,body7_official,gt_box,gt_box,,,1.0,1.0,0,0.9705291355423558,0.9705291355423558,1.0,11,0,-0.13819711420236003,8,1,0.7258275046068079
197843,128372,000000128372.jpg,REAR,0,11,3000.6,127.8,1,body7_official,rtmdet_ins_tiny,rtmdet_ins_tiny,18,0.8212,0.0000,0.8693,3,1.1562766263793972e-05,1.3087083332079433e-06,0.0,11,1,0.0018634613765424746,8,-1,0.7312411455547109
197843,128372,000000128372.jpg,REAR,0,11,3000.6,127.8,1,body7_self,gt_box,gt_box,,,1.0,1.0,0,0.9705291355423558,0.9705291355423558,1.0,11,0,-0.13819711420236003,8,1,0.7258275519399082
197843,128372,000000128372.jpg,REAR,0,11,3000.6,127.8,1,body7_self,rtmdet_ins_tiny,rtmdet_ins_tiny,18,0.8212,0.0000,0.8693,3,1.1562766263793972e-05,1.3087083332079433e-06,0.0,11,1,0.0018634613765424746,8,-1,0.7312411630854887
197843,128372,000000128372.jpg,REAR,0,11,3000.6,127.8,1,aic_coco_self,gt_box,gt_box,,,1.0,1.0,0,0.9694855487435107,0.9694855487435107,1.0,11,0,-0.14158867547445286,8,1,0.7510608154184678
197843,128372,000000128372.jpg,REAR,0,11,3000.6,127.8,1,aic_coco_self,rtmdet_ins_tiny,rtmdet_ins_tiny,18,0.8212,0.0000,0.8693,3,1.193690794269284e-05,1.3752745411080453e-06,0.0,11,1,0.0018924906174861977,8,-1,0.8033374477835262
198910,80659,000000080659.jpg,PROFILE,1,13,4525.2,101.7,-1,body7_official,gt_box,gt_box,,,1.0,1.0,0,0.8589047488380112,0.8589047488380112,1.0,9,0,-0.08532713841944259,6,-1,0.602674919016221
198910,80659,000000080659.jpg,PROFILE,1,13,4525.2,101.7,-1,body7_official,rtmdet_ins_tiny,rtmdet_ins_tiny,16,0.3396,0.7358,0.7358,0,0.7890279206453094,0.7890279206453094,1.0,9,0,-0.09952873142264511,6,-1,0.6102826595306396
198910,80659,000000080659.jpg,PROFILE,1,13,4525.2,101.7,-1,body7_self,gt_box,gt_box,,,1.0,1.0,0,0.8589047488380112,0.8589047488380112,1.0,9,0,-0.08532713841944259,6,-1,0.6026748523992651
198910,80659,000000080659.jpg,PROFILE,1,13,4525.2,101.7,-1,body7_self,rtmdet_ins_tiny,rtmdet_ins_tiny,16,0.3396,0.7358,0.7358,0,0.7890279206453094,0.7890279206453094,1.0,9,0,-0.09952873142264511,6,-1,0.6102827051106621
198910,80659,000000080659.jpg,PROFILE,1,13,4525.2,101.7,-1,aic_coco_self,gt_box,gt_box,,,1.0,1.0,0,0.9207839315646296,0.9207839315646296,1.0,9,0,-0.09341567099324899,6,-1,0.6394495262819178
198910,80659,000000080659.jpg,PROFILE,1,13,4525.2,101.7,-1,aic_coco_self,rtmdet_ins_tiny,rtmdet_ins_tiny,16,0.3396,0.7358,0.7358,0,0.8927326635785745,0.8927326635785745,1.0,9,0,-0.07541689545210459,6,-1,0.6430818526183858
199991,140270,000000140270.jpg,PROFILE,1,11,3781.3,161.6,1,body7_official,gt_box,gt_box,,,1.0,1.0,0,0.9358408163272737,0.9358408163272737,1.0,10,0,-0.09715755620897655,4,1,0.7518426109762752
199991,140270,000000140270.jpg,PROFILE,1,11,3781.3,161.6,1,body7_official,rtmdet_ins_tiny,rtmdet_ins_tiny,5,0.7139,0.9320,0.9320,0,0.9359915701046736,0.9359915701046736,1.0,10,0,-0.09328285609367852,4,1,0.8038414401166579
199991,140270,000000140270.jpg,PROFILE,1,11,3781.3,161.6,1,body7_self,gt_box,gt_box,,,1.0,1.0,0,0.9358408163272737,0.9358408163272737,1.0,10,0,-0.09715755620897655,4,1,0.7518425829270307
199991,140270,000000140270.jpg,PROFILE,1,11,3781.3,161.6,1,body7_self,rtmdet_ins_tiny,rtmdet_ins_tiny,5,0.7139,0.9320,0.9320,0,0.9359915701046736,0.9359915701046736,1.0,10,0,-0.09328285609367852,4,1,0.8038415242643917
199991,140270,000000140270.jpg,PROFILE,1,11,3781.3,161.6,1,aic_coco_self,gt_box,gt_box,,,1.0,1.0,0,0.9473234028812014,0.9473234028812014,1.0,10,0,-0.09800611583227642,4,1,0.7433840422069325
199991,140270,000000140270.jpg,PROFILE,1,11,3781.3,161.6,1,aic_coco_self,rtmdet_ins_tiny,rtmdet_ins_tiny,5,0.7139,0.9320,0.9320,0,0.950691546452829,0.950691546452829,1.0,10,0,-0.09405621767103828,4,1,0.7496558532995337
200887,397133,000000397133.jpg,OBLIQUE,2,13,17376.9,277.6,1,body7_official,gt_box,gt_box,,,1.0,1.0,0,0.9721353859794554,0.9721353859794554,1.0,13,0,-0.4247191442231298,10,1,0.8106500962201286
200887,397133,000000397133.jpg,OBLIQUE,2,13,17376.9,277.6,1,body7_official,rtmdet_ins_tiny,rtmdet_ins_tiny,3,0.8854,0.9451,0.9451,0,0.9732265635263607,0.9732265635263607,1.0,13,0,-0.4230777431929122,10,1,0.8060312691856834
200887,397133,000000397133.jpg,OBLIQUE,2,13,17376.9,277.6,1,body7_self,gt_box,gt_box,,,1.0,1.0,0,0.9721353859794554,0.9721353859794554,1.0,13,0,-0.4247191442231298,10,1,0.8106500892078176
200887,397133,000000397133.jpg,OBLIQUE,2,13,17376.9,277.6,1,body7_self,rtmdet_ins_tiny,rtmdet_ins_tiny,3,0.8854,0.9451,0.9451,0,0.9732265635263607,0.9732265635263607,1.0,13,0,-0.4230777431929122,10,1,0.8060312446425942
200887,397133,000000397133.jpg,OBLIQUE,2,13,17376.9,277.6,1,aic_coco_self,gt_box,gt_box,,,1.0,1.0,0,0.9730333465351014,0.9730333465351014,1.0,13,0,-0.4164950219223176,10,1,0.8216913377537447
200887,397133,000000397133.jpg,OBLIQUE,2,13,17376.9,277.6,1,aic_coco_self,rtmdet_ins_tiny,rtmdet_ins_tiny,3,0.8854,0.9451,0.9451,0,0.9687014551087411,0.9687014551087411,1.0,13,0,-0.4173733832805356,10,1,0.8194614508572746
201291,372819,000000372819.jpg,FRONT,3,17,4745.3,129.8,-1,body7_official,gt_box,gt_box,,,1.0,1.0,0,0.934137477080984,0.934137477080984,1.0,15,0,-0.26852651267939504,12,-1,0.8024375210790073
201291,372819,000000372819.jpg,FRONT,3,17,4745.3,129.8,-1,body7_official,rtmdet_ins_tiny,rtmdet_ins_tiny,20,0.8361,0.9449,0.9449,0,0.9373946405682356,0.9373946405682356,1.0,15,0,-0.27336796108613926,12,-1,0.8220649449264302
201291,372819,000000372819.jpg,FRONT,3,17,4745.3,129.8,-1,body7_self,gt_box,gt_box,,,1.0,1.0,0,0.934137477080984,0.934137477080984,1.0,15,0,-0.26852651267939504,12,-1,0.8024375543874853
201291,372819,000000372819.jpg,FRONT,3,17,4745.3,129.8,-1,body7_self,rtmdet_ins_tiny,rtmdet_ins_tiny,20,0.8361,0.9449,0.9449,0,0.9373946405682356,0.9373946405682356,1.0,15,0,-0.27336796108613926,12,-1,0.8220650062841528
201291,372819,000000372819.jpg,FRONT,3,17,4745.3,129.8,-1,aic_coco_self,gt_box,gt_box,,,1.0,1.0,0,0.9424265784680267,0.9424265784680267,1.0,15,0,-0.27408663241387293,12,-1,0.7926166425733006
201291,372819,000000372819.jpg,FRONT,3,17,4745.3,129.8,-1,aic_coco_self,rtmdet_ins_tiny,rtmdet_ins_tiny,20,0.8361,0.9449,0.9449,0,0.9320904177883217,0.9320904177883217,1.0,15,0,-0.2673036108389499,12,-1,0.8100574191878823
201781,65350,000000065350.jpg,REAR,0,11,20567.1,220.2,1,body7_official,gt_box,gt_box,,,1.0,1.0,0,0.9606626651750522,0.9606626651750522,1.0,11,0,-0.457748475715784,6,1,0.5744453694890527
201781,65350,000000065350.jpg,REAR,0,11,20567.1,220.2,1,body7_official,rtmdet_ins_tiny,rtmdet_ins_tiny,23,0.7413,0.8451,0.8451,0,0.9512976815591698,0.9512976815591698,1.0,11,0,-0.45723194820488666,6,1,0.5507545067983515
201781,65350,000000065350.jpg,REAR,0,11,20567.1,220.2,1,body7_self,gt_box,gt_box,,,1.0,1.0,0,0.9606626651750522,0.9606626651750522,1.0,11,0,-0.457748475715784,6,1,0.5744453370571136
201781,65350,000000065350.jpg,REAR,0,11,20567.1,220.2,1,body7_self,rtmdet_ins_tiny,rtmdet_ins_tiny,23,0.7413,0.8451,0.8451,0,0.9512976815591698,0.9512976815591698,1.0,11,0,-0.45723194820488666,6,1,0.5507545260822072
201781,65350,000000065350.jpg,REAR,0,11,20567.1,220.2,1,aic_coco_self,gt_box,gt_box,,,1.0,1.0,0,0.9412410946172186,0.9412410946172186,1.0,11,0,-0.4600838330887946,6,1,0.6918286646113676
201781,65350,000000065350.jpg,REAR,0,11,20567.1,220.2,1,aic_coco_self,rtmdet_ins_tiny,rtmdet_ins_tiny,23,0.7413,0.8451,0.8451,0,0.921822559594731,0.921822559594731,1.0,11,0,-0.44815606955570136,6,1,0.7151107086854822
202891,227898,000000227898.jpg,FRONT,3,15,2837.6,105.4,-1,body7_official,gt_box,gt_box,,,1.0,1.0,0,0.9608093726420226,0.9608093726420226,1.0,13,0,-0.7848933451255541,8,-1,0.8190268365775838
202891,227898,000000227898.jpg,FRONT,3,15,2837.6,105.4,-1,body7_official,rtmdet_ins_tiny,rtmdet_ins_tiny,10,0.8091,0.8599,0.8599,0,0.9648749304331693,0.9648749304331693,1.0,13,0,-0.7829683600082659,8,-1,0.8079583452028387
202891,227898,000000227898.jpg,FRONT,3,15,2837.6,105.4,-1,body7_self,gt_box,gt_box,,,1.0,1.0,0,0.9608093726420226,0.9608093726420226,1.0,13,0,-0.7848933451255541,8,-1,0.8190267752198612
202891,227898,000000227898.jpg,FRONT,3,15,2837.6,105.4,-1,body7_self,rtmdet_ins_tiny,rtmdet_ins_tiny,10,0.8091,0.8599,0.8599,0,0.9648749304331693,0.9648749304331693,1.0,13,0,-0.7829683600082659,8,-1,0.8079584240913391
202891,227898,000000227898.jpg,FRONT,3,15,2837.6,105.4,-1,aic_coco_self,gt_box,gt_box,,,1.0,1.0,0,0.9601518855624561,0.9601518855624561,1.0,13,0,-0.7711784512091888,8,-1,0.8041037163313698
202891,227898,000000227898.jpg,FRONT,3,15,2837.6,105.4,-1,aic_coco_self,rtmdet_ins_tiny,rtmdet_ins_tiny,10,0.8091,0.8599,0.8599,0,0.9685576838944421,0.9685576838944421,1.0,13,0,-0.7770449306775533,8,-1,0.8116276018759784
204112,295478,000000295478.jpg,FRONT,3,16,55799.9,579.3,-1,body7_official,gt_box,gt_box,,,1.0,1.0,0,0.9881203783325634,0.9881203783325634,1.0,16,0,-0.3373595801627176,12,-1,0.9216988998300889
204112,295478,000000295478.jpg,FRONT,3,16,55799.9,579.3,-1,body7_official,rtmdet_ins_tiny,rtmdet_ins_tiny,2,0.8968,0.9525,0.9525,0,0.9843507109053868,0.9843507109053868,1.0,16,0,-0.33495323009496153,12,-1,0.9370300243882572
204112,295478,000000295478.jpg,FRONT,3,16,55799.9,579.3,-1,body7_self,gt_box,gt_box,,,1.0,1.0,0,0.9881203783325634,0.9881203783325634,1.0,16,0,-0.3373595801627176,12,-1,0.9216988507439109
204112,295478,000000295478.jpg,FRONT,3,16,55799.9,579.3,-1,body7_self,rtmdet_ins_tiny,rtmdet_ins_tiny,2,0.8968,0.9525,0.9525,0,0.9843507109053868,0.9843507109053868,1.0,16,0,-0.33495323009496153,12,-1,0.9370299823143903
204112,295478,000000295478.jpg,FRONT,3,16,55799.9,579.3,-1,aic_coco_self,gt_box,gt_box,,,1.0,1.0,0,0.9818696363642174,0.9818696363642174,1.0,16,0,-0.3314477922456958,12,-1,0.9072531742208144
204112,295478,000000295478.jpg,FRONT,3,16,55799.9,579.3,-1,aic_coco_self,rtmdet_ins_tiny,rtmdet_ins_tiny,2,0.8968,0.9525,0.9525,0,0.9769442653667956,0.9769442653667956,1.0,16,0,-0.33162192715144656,12,-1,0.9177046207820668
205732,319100,000000319100.jpg,FRONT,3,14,31177.2,279.3,-1,body7_official,gt_box,gt_box,,,1.0,1.0,0,0.9844485819347693,0.9844485819347693,1.0,13,0,-0.5070912744062124,8,-1,0.8368419163367328
205732,319100,000000319100.jpg,FRONT,3,14,31177.2,279.3,-1,body7_official,rtmdet_ins_tiny,rtmdet_ins_tiny,5,0.8682,0.9356,0.9356,0,0.9818024332150959,0.9818024332150959,1.0,13,0,-0.5060007459904059,8,-1,0.8266446800792918
205732,319100,000000319100.jpg,FRONT,3,14,31177.2,279.3,-1,body7_self,gt_box,gt_box,,,1.0,1.0,0,0.9844485819347693,0.9844485819347693,1.0,13,0,-0.5070912744062124,8,-1,0.8368419338675106
205732,319100,000000319100.jpg,FRONT,3,14,31177.2,279.3,-1,body7_self,rtmdet_ins_tiny,rtmdet_ins_tiny,5,0.8682,0.9356,0.9356,0,0.9818024332150959,0.9818024332150959,1.0,13,0,-0.5060007459904059,8,-1,0.8266445854130913
205732,319100,000000319100.jpg,FRONT,3,14,31177.2,279.3,-1,aic_coco_self,gt_box,gt_box,,,1.0,1.0,0,0.9783930377221883,0.9783930377221883,1.0,13,0,-0.49140338945332984,8,-1,0.8178375433473026
205732,319100,000000319100.jpg,FRONT,3,14,31177.2,279.3,-1,aic_coco_self,rtmdet_ins_tiny,rtmdet_ins_tiny,5,0.8682,0.9356,0.9356,0,0.9781736354110184,0.9781736354110184,1.0,13,0,-0.4925948690551883,8,-1,0.8017642918755027
206977,214192,000000214192.jpg,REAR,0,14,14549.9,217.9,1,body7_official,gt_box,gt_box,,,1.0,1.0,0,0.8657634844424269,0.8657634844424269,1.0,13,0,-0.5953884768503974,10,1,0.7304237590116613
206977,214192,000000214192.jpg,REAR,0,14,14549.9,217.9,1,body7_official,rtmdet_ins_tiny,rtmdet_ins_tiny,3,0.4085,0.9094,0.9094,0,0.8660617433414045,0.8660617433414045,1.0,13,0,-0.5951090042972922,10,1,0.7287777995362001
206977,214192,000000214192.jpg,REAR,0,14,14549.9,217.9,1,body7_self,gt_box,gt_box,,,1.0,1.0,0,0.8657634844424269,0.8657634844424269,1.0,13,0,-0.5953884768503974,10,1,0.7304236836293164
206977,214192,000000214192.jpg,REAR,0,14,14549.9,217.9,1,body7_self,rtmdet_ins_tiny,rtmdet_ins_tiny,3,0.4085,0.9094,0.9094,0,0.8660617433414045,0.8660617433414045,1.0,13,0,-0.5951090042972922,10,1,0.728777841610067
206977,214192,000000214192.jpg,REAR,0,14,14549.9,217.9,1,aic_coco_self,gt_box,gt_box,,,1.0,1.0,0,0.8724492818951881,0.8724492818951881,1.0,13,0,-0.6085683565995967,10,1,0.7705869779867285
206977,214192,000000214192.jpg,REAR,0,14,14549.9,217.9,1,aic_coco_self,rtmdet_ins_tiny,rtmdet_ins_tiny,3,0.4085,0.9094,0.9094,0,0.8810630851016052,0.8810630851016052,1.0,13,0,-0.6108264417228616,10,1,0.7122761221492991
208157,115870,000000115870.jpg,PROFILE,1,14,13136.1,293.2,-1,body7_official,gt_box,gt_box,,,1.0,1.0,0,0.9806797738461046,0.9806797738461046,1.0,13,0,-0.1407616076330237,10,-1,0.7659587369245642
208157,115870,000000115870.jpg,PROFILE,1,14,13136.1,293.2,-1,body7_official,rtmdet_ins_tiny,rtmdet_ins_tiny,21,0.8209,0.8735,0.8735,0,0.949419091217215,0.949419091217215,1.0,13,0,-0.1209672496301189,10,-1,0.7885358508895425
208157,115870,000000115870.jpg,PROFILE,1,14,13136.1,293.2,-1,body7_self,gt_box,gt_box,,,1.0,1.0,0,0.9806797738461046,0.9806797738461046,1.0,13,0,-0.1407616076330237,10,-1,0.7659587439368752
208157,115870,000000115870.jpg,PROFILE,1,14,13136.1,293.2,-1,body7_self,rtmdet_ins_tiny,rtmdet_ins_tiny,21,0.8209,0.8735,0.8735,0,0.949419091217215,0.949419091217215,1.0,13,0,-0.1209672496301189,10,-1,0.7885358999757206
208157,115870,000000115870.jpg,PROFILE,1,14,13136.1,293.2,-1,aic_coco_self,gt_box,gt_box,,,1.0,1.0,0,0.9804004573011847,0.9804004573011847,1.0,13,0,-0.13760546041834645,10,-1,0.8128045446732465
208157,115870,000000115870.jpg,PROFILE,1,14,13136.1,293.2,-1,aic_coco_self,rtmdet_ins_tiny,rtmdet_ins_tiny,21,0.8209,0.8735,0.8735,0,0.9635085333123425,0.9635085333123425,1.0,13,0,-0.11697256971514167,10,-1,0.8114484373260947
209965,255749,000000255749.jpg,FRONT,3,16,3155.8,140.8,-1,body7_official,gt_box,gt_box,,,1.0,1.0,0,0.933202462817309,0.933202462817309,1.0,16,0,-0.09389012965593388,12,-1,0.7315441930995268
209965,255749,000000255749.jpg,FRONT,3,16,3155.8,140.8,-1,body7_official,rtmdet_ins_tiny,rtmdet_ins_tiny,35,0.6844,0.9249,0.9249,0,0.9305661365398292,0.9305661365398292,1.0,16,0,-0.09699459592801918,12,-1,0.7307100401205175
209965,255749,000000255749.jpg,FRONT,3,16,3155.8,140.8,-1,body7_self,gt_box,gt_box,,,1.0,1.0,0,0.933202462817309,0.933202462817309,1.0,16,0,-0.09389012965593388,12,-1,0.7315441615441266
209965,255749,000000255749.jpg,FRONT,3,16,3155.8,140.8,-1,body7_self,rtmdet_ins_tiny,rtmdet_ins_tiny,35,0.6844,0.9249,0.9249,0,0.9305661365398292,0.9305661365398292,1.0,16,0,-0.09699459592801918,12,-1,0.7307099559727837
209965,255749,000000255749.jpg,FRONT,3,16,3155.8,140.8,-1,aic_coco_self,gt_box,gt_box,,,1.0,1.0,0,0.9317444796767325,0.9317444796767325,1.0,16,0,-0.09176530409571093,12,-1,0.6987724865184111
209965,255749,000000255749.jpg,FRONT,3,16,3155.8,140.8,-1,aic_coco_self,rtmdet_ins_tiny,rtmdet_ins_tiny,35,0.6844,0.9249,0.9249,0,0.9502913425645134,0.9502913425645134,1.0,16,0,-0.10702643003133867,12,-1,0.6889595073812148
210782,488592,000000488592.jpg,REAR,0,12,1707.0,110.6,1,body7_official,gt_box,gt_box,,,1.0,1.0,0,0.761567128866849,0.761567128866849,1.0,9,0,-0.3093169598122054,4,1,0.6844129842870376
210782,488592,000000488592.jpg,REAR,0,12,1707.0,110.6,1,body7_official,rtmdet_ins_tiny,rtmdet_ins_tiny,53,0.7349,0.0235,0.9028,2,7.8663884921934e-05,9.861780562073026e-07,0.0,9,1,0.00825925785282644,4,-1,0.6018262996393091
210782,488592,000000488592.jpg,REAR,0,12,1707.0,110.6,1,body7_self,gt_box,gt_box,,,1.0,1.0,0,0.761567128866849,0.761567128866849,1.0,9,0,-0.3093169598122054,4,1,0.6844129422131706
210782,488592,000000488592.jpg,REAR,0,12,1707.0,110.6,1,body7_self,rtmdet_ins_tiny,rtmdet_ins_tiny,53,0.7349,0.0235,0.9028,2,7.8663884921934e-05,9.861780562073026e-07,0.0,9,1,0.00825925785282644,4,-1,0.6018263311947093
210782,488592,000000488592.jpg,REAR,0,12,1707.0,110.6,1,aic_coco_self,gt_box,gt_box,,,1.0,1.0,0,0.7130740115835456,0.7130740115835456,0.7777777777777778,9,0,-0.2935389592737272,4,1,0.6580662850071403
210782,488592,000000488592.jpg,REAR,0,12,1707.0,110.6,1,aic_coco_self,rtmdet_ins_tiny,rtmdet_ins_tiny,53,0.7349,0.0235,0.9028,2,9.078606317756356e-05,9.624720742979968e-07,0.0,9,1,0.007840930392221113,4,-1,0.6949745311456568
212652,392722,000000392722.jpg,PROFILE,1,14,2710.7,116.9,1,body7_official,gt_box,gt_box,,,1.0,1.0,0,0.9539984752336707,0.9539984752336707,1.0,14,0,-0.3294947459244541,12,1,0.7971102595329285
212652,392722,000000392722.jpg,PROFILE,1,14,2710.7,116.9,1,body7_official,rtmdet_ins_tiny,rtmdet_ins_tiny,55,0.8890,0.0018,0.9519,1,8.188636707448895e-06,8.188636707448895e-06,0.0,14,0,-0.007130800992576902,12,1,0.757863511057461
212652,392722,000000392722.jpg,PROFILE,1,14,2710.7,116.9,1,body7_self,gt_box,gt_box,,,1.0,1.0,0,0.9539984752336707,0.9539984752336707,1.0,14,0,-0.3294947459244541,12,1,0.7971102560267729
212652,392722,000000392722.jpg,PROFILE,1,14,2710.7,116.9,1,body7_self,rtmdet_ins_tiny,rtmdet_ins_tiny,55,0.8890,0.0018,0.9519,1,8.188636707448895e-06,8.188636707448895e-06,0.0,14,0,-0.007130800992576902,12,1,0.7578634830082164
212652,392722,000000392722.jpg,PROFILE,1,14,2710.7,116.9,1,aic_coco_self,gt_box,gt_box,,,1.0,1.0,0,0.9635324653778881,0.9635324653778881,1.0,14,0,-0.33119170737765924,12,1,0.8000971709980684
212652,392722,000000392722.jpg,PROFILE,1,14,2710.7,116.9,1,aic_coco_self,rtmdet_ins_tiny,rtmdet_ins_tiny,55,0.8890,0.0018,0.9519,1,8.286710449619785e-06,8.286710449619785e-06,0.0,14,0,-0.007718932266990941,12,1,0.783658504486084
213188,534605,000000534605.jpg,REAR,0,12,19606.2,322.7,1,body7_official,gt_box,gt_box,,,1.0,1.0,0,0.9615568238020954,0.9615568238020954,1.0,12,0,-0.24686805359755534,10,1,0.7367143052465775
213188,534605,000000534605.jpg,REAR,0,12,19606.2,322.7,1,body7_official,rtmdet_ins_tiny,rtmdet_ins_tiny,25,0.9026,0.9306,0.9306,0,0.9630538232207756,0.9630538232207756,1.0,12,0,-0.24792581642680497,10,1,0.7283811428967644
213188,534605,000000534605.jpg,REAR,0,12,19606.2,322.7,1,body7_self,gt_box,gt_box,,,1.0,1.0,0,0.9615568238020954,0.9615568238020954,1.0,12,0,-0.24686805359755534,10,1,0.736714186037288
213188,534605,000000534605.jpg,REAR,0,12,19606.2,322.7,1,body7_self,rtmdet_ins_tiny,rtmdet_ins_tiny,25,0.9026,0.9306,0.9306,0,0.9630538232207756,0.9630538232207756,1.0,12,0,-0.24792581642680497,10,1,0.7283811674398535
213188,534605,000000534605.jpg,REAR,0,12,19606.2,322.7,1,aic_coco_self,gt_box,gt_box,,,1.0,1.0,0,0.9625783325562094,0.9625783325562094,1.0,12,0,-0.2487873955199034,10,1,0.792200596893535
213188,534605,000000534605.jpg,REAR,0,12,19606.2,322.7,1,aic_coco_self,rtmdet_ins_tiny,rtmdet_ins_tiny,25,0.9026,0.9306,0.9306,0,0.9656384419338621,0.9656384419338621,1.0,12,0,-0.2502728195800453,10,1,0.8081459367976469
214254,563267,000000563267.jpg,FRONT,3,10,4809.9,152.5,-1,body7_official,gt_box,gt_box,,,1.0,1.0,0,0.9749284615652065,0.9749284615652065,1.0,10,0,-0.23704940572951466,4,-1,0.6578321877647849
214254,563267,000000563267.jpg,FRONT,3,10,4809.9,152.5,-1,body7_official,rtmdet_ins_tiny,rtmdet_ins_tiny,17,0.6518,0.8495,0.8495,0,0.9661635076176637,0.9661635076176637,1.0,10,0,-0.2397660620806868,4,-1,0.6966767205911524
214254,563267,000000563267.jpg,FRONT,3,10,4809.9,152.5,-1,body7_self,gt_box,gt_box,,,1.0,1.0,0,0.9749284615652065,0.9749284615652065,1.0,10,0,-0.23704940572951466,4,-1,0.6578321597155403
214254,563267,000000563267.jpg,FRONT,3,10,4809.9,152.5,-1,body7_self,rtmdet_ins_tiny,rtmdet_ins_tiny,17,0.6518,0.8495,0.8495,0,0.9661635076176637,0.9661635076176637,1.0,10,0,-0.2397660620806868,4,-1,0.696676657480352
214254,563267,000000563267.jpg,FRONT,3,10,4809.9,152.5,-1,aic_coco_self,gt_box,gt_box,,,1.0,1.0,0,0.9757827880660594,0.9757827880660594,1.0,10,0,-0.2386224458043913,4,-1,0.6466508928467246
214254,563267,000000563267.jpg,FRONT,3,10,4809.9,152.5,-1,aic_coco_self,rtmdet_ins_tiny,rtmdet_ins_tiny,17,0.6518,0.8495,0.8495,0,0.9755737199692833,0.9755737199692833,1.0,10,0,-0.2442661824059933,4,-1,0.6725017901729134
215168,303653,000000303653.jpg,FRONT,3,15,5244.6,163.3,-1,body7_official,gt_box,gt_box,,,1.0,1.0,0,0.9112064716002783,0.9112064716002783,1.0,13,0,-0.29999905686783485,8,-1,0.7493757956168231
215168,303653,000000303653.jpg,FRONT,3,15,5244.6,163.3,-1,body7_official,rtmdet_ins_tiny,rtmdet_ins_tiny,23,0.7457,0.8634,0.8634,0,0.910973922329214,0.910973922329214,1.0,13,0,-0.2965043823745544,8,-1,0.7109019335578469
215168,303653,000000303653.jpg,FRONT,3,15,5244.6,163.3,-1,body7_self,gt_box,gt_box,,,1.0,1.0,0,0.9112064716002783,0.9112064716002783,1.0,13,0,-0.29999905686783485,8,-1,0.7493757605552673
215168,303653,000000303653.jpg,FRONT,3,15,5244.6,163.3,-1,body7_self,rtmdet_ins_tiny,rtmdet_ins_tiny,23,0.7457,0.8634,0.8634,0,0.910973922329214,0.910973922329214,1.0,13,0,-0.2965043823745544,8,-1,0.7109019160270691
215168,303653,000000303653.jpg,FRONT,3,15,5244.6,163.3,-1,aic_coco_self,gt_box,gt_box,,,1.0,1.0,0,0.937872034197944,0.937872034197944,1.0,13,0,-0.2965884224114982,8,-1,0.7086093601058511
215168,303653,000000303653.jpg,FRONT,3,15,5244.6,163.3,-1,aic_coco_self,rtmdet_ins_tiny,rtmdet_ins_tiny,23,0.7457,0.8634,0.8634,0,0.9555428239567203,0.9555428239567203,1.0,13,0,-0.29938277341677044,8,-1,0.7021212875843048
216588,105264,000000105264.jpg,PROFILE,1,15,2239.9,113.8,1,body7_official,gt_box,gt_box,,,1.0,1.0,0,0.9607188263584039,0.9607188263584039,1.0,14,0,-0.2948147138575639,12,1,0.7790770039838903
216588,105264,000000105264.jpg,PROFILE,1,15,2239.9,113.8,1,body7_official,rtmdet_ins_tiny,rtmdet_ins_tiny,28,0.8658,0.0000,0.9236,1,2.0396696458254455e-06,2.676619444703445e-07,0.0,14,1,0.009280025474201592,12,-1,0.66427761666915
216588,105264,000000105264.jpg,PROFILE,1,15,2239.9,113.8,1,body7_self,gt_box,gt_box,,,1.0,1.0,0,0.9607188263584039,0.9607188263584039,1.0,14,0,-0.2948147138575639,12,1,0.7790769724284902
216588,105264,000000105264.jpg,PROFILE,1,15,2239.9,113.8,1,body7_self,rtmdet_ins_tiny,rtmdet_ins_tiny,28,0.8658,0.0000,0.9236,1,2.0396696458254455e-06,2.676619444703445e-07,0.0,14,1,0.009280025474201592,12,-1,0.6642776482245502
216588,105264,000000105264.jpg,PROFILE,1,15,2239.9,113.8,1,aic_coco_self,gt_box,gt_box,,,1.0,1.0,0,0.9545708193927654,0.9545708193927654,1.0,14,0,-0.29325987465037817,12,1,0.7878444966147927
216588,105264,000000105264.jpg,PROFILE,1,15,2239.9,113.8,1,aic_coco_self,rtmdet_ins_tiny,rtmdet_ins_tiny,28,0.8658,0.0000,0.9236,1,2.8795325981153494e-06,3.7061054487275694e-07,0.0,14,1,0.009051874822328498,12,-1,0.7169340919045841
217758,377723,000000377723.jpg,REAR,0,10,1735.7,105.4,-1,body7_official,gt_box,gt_box,,,1.0,1.0,0,0.9489558466051893,0.9489558466051893,1.0,10,0,-0.13859104012571577,8,-1,0.669189593371223
217758,377723,000000377723.jpg,REAR,0,10,1735.7,105.4,-1,body7_official,rtmdet_ins_tiny,rtmdet_ins_tiny,69,0.8267,0.0845,0.9035,2,0.10097692773322135,0.004543927361108995,0.0,10,1,0.0010685514496490134,8,1,0.6669231512967277
217758,377723,000000377723.jpg,REAR,0,10,1735.7,105.4,-1,body7_self,gt_box,gt_box,,,1.0,1.0,0,0.9489558466051893,0.9489558466051893,1.0,10,0,-0.13859104012571577,8,-1,0.6691896266797009
217758,377723,000000377723.jpg,REAR,0,10,1735.7,105.4,-1,body7_self,rtmdet_ins_tiny,rtmdet_ins_tiny,69,0.8267,0.0845,0.9035,2,0.10097692773322135,0.004543927361108995,0.0,10,1,0.0010685514496490134,8,1,0.6669231548028833
217758,377723,000000377723.jpg,REAR,0,10,1735.7,105.4,-1,aic_coco_self,gt_box,gt_box,,,1.0,1.0,0,0.9401864850159564,0.9401864850159564,1.0,10,0,-0.14625266353558608,8,-1,0.6820157678688273
217758,377723,000000377723.jpg,REAR,0,10,1735.7,105.4,-1,aic_coco_self,rtmdet_ins_tiny,rtmdet_ins_tiny,69,0.8267,0.0845,0.9035,2,0.09903976443344667,0.0045105460007567955,0.0,10,1,0.0008840065031521238,8,1,0.6888902345124412
219454,9483,000000009483.jpg,FRONT,3,16,36880.9,417.5,-1,body7_official,gt_box,gt_box,,,1.0,1.0,0,0.961398924138408,0.961398924138408,1.0,16,0,-0.3066444586286625,10,-1,0.8648663548862233
219454,9483,000000009483.jpg,FRONT,3,16,36880.9,417.5,-1,body7_official,rtmdet_ins_tiny,rtmdet_ins_tiny,3,0.9074,0.9655,0.9655,0,0.9568046228707934,0.9568046228707934,1.0,16,0,-0.3068298432567824,10,-1,0.8749304273549248
219454,9483,000000009483.jpg,FRONT,3,16,36880.9,417.5,-1,body7_self,gt_box,gt_box,,,1.0,1.0,0,0.961398924138408,0.961398924138408,1.0,16,0,-0.3066444586286625,10,-1,0.8648663794293123
219454,9483,000000009483.jpg,FRONT,3,16,36880.9,417.5,-1,body7_self,rtmdet_ins_tiny,rtmdet_ins_tiny,3,0.9074,0.9655,0.9655,0,0.9568046228707934,0.9568046228707934,1.0,16,0,-0.3068298432567824,10,-1,0.8749304343672359
219454,9483,000000009483.jpg,FRONT,3,16,36880.9,417.5,-1,aic_coco_self,gt_box,gt_box,,,1.0,1.0,0,0.9692342562927032,0.9692342562927032,1.0,16,0,-0.3098466525124678,10,-1,0.886554900337668
219454,9483,000000009483.jpg,FRONT,3,16,36880.9,417.5,-1,aic_coco_self,rtmdet_ins_tiny,rtmdet_ins_tiny,3,0.9074,0.9655,0.9655,0,0.9688991504260547,0.9688991504260547,1.0,16,0,-0.3108207449545951,10,-1,0.8896635034505058
221034,183675,000000183675.jpg,FRONT,3,13,37013.4,390.8,-1,body7_official,gt_box,gt_box,,,1.0,1.0,0,0.9791313082560807,0.9791313082560807,1.0,13,0,-0.27847986970661787,8,-1,0.7471205451909233
221034,183675,000000183675.jpg,FRONT,3,13,37013.4,390.8,-1,body7_official,rtmdet_ins_tiny,rtmdet_ins_tiny,3,0.8296,0.9517,0.9517,0,0.983427325802645,0.983427325802645,1.0,13,0,-0.28066786283761536,8,-1,0.7654266708037433
221034,183675,000000183675.jpg,FRONT,3,13,37013.4,390.8,-1,body7_self,gt_box,gt_box,,,1.0,1.0,0,0.9791313082560807,0.9791313082560807,1.0,13,0,-0.27847986970661787,8,-1,0.7471205118824454
221034,183675,000000183675.jpg,FRONT,3,13,37013.4,390.8,-1,body7_self,rtmdet_ins_tiny,rtmdet_ins_tiny,3,0.8296,0.9517,0.9517,0,0.983427325802645,0.983427325802645,1.0,13,0,-0.28066786283761536,8,-1,0.7654267794945661
221034,183675,000000183675.jpg,FRONT,3,13,37013.4,390.8,-1,aic_coco_self,gt_box,gt_box,,,1.0,1.0,0,0.9709852267240009,0.9709852267240009,1.0,13,0,-0.2753463078071521,8,-1,0.7289980369455674
221034,183675,000000183675.jpg,FRONT,3,13,37013.4,390.8,-1,aic_coco_self,rtmdet_ins_tiny,rtmdet_ins_tiny,3,0.8296,0.9517,0.9517,0,0.9729754986785265,0.9729754986785265,1.0,13,0,-0.274055661638527,8,-1,0.7333321851842544
222088,534827,000000534827.jpg,OBLIQUE,2,15,8169.9,189.5,-1,body7_official,gt_box,gt_box,,,1.0,1.0,0,0.9714069152353305,0.9714069152353305,1.0,14,0,-0.13943213062195917,10,-1,0.7590614452081568
222088,534827,000000534827.jpg,OBLIQUE,2,15,8169.9,189.5,-1,body7_official,rtmdet_ins_tiny,rtmdet_ins_tiny,54,0.6929,0.8923,0.8923,0,0.9539579822545871,0.9539579822545871,1.0,14,0,-0.12578702935475597,10,-1,0.7866322713739732
222088,534827,000000534827.jpg,OBLIQUE,2,15,8169.9,189.5,-1,body7_self,gt_box,gt_box,,,1.0,1.0,0,0.9714069152353305,0.9714069152353305,1.0,14,0,-0.13943213062195917,10,-1,0.7590614417020012
222088,534827,000000534827.jpg,OBLIQUE,2,15,8169.9,189.5,-1,body7_self,rtmdet_ins_tiny,rtmdet_ins_tiny,54,0.6929,0.8923,0.8923,0,0.9539579822545871,0.9539579822545871,1.0,14,0,-0.12578702935475597,10,-1,0.7866322538431954
222088,534827,000000534827.jpg,OBLIQUE,2,15,8169.9,189.5,-1,aic_coco_self,gt_box,gt_box,,,1.0,1.0,0,0.9510956778006248,0.9510956778006248,1.0,14,0,-0.12581411291962857,10,-1,0.7760814288083244
222088,534827,000000534827.jpg,OBLIQUE,2,15,8169.9,189.5,-1,aic_coco_self,rtmdet_ins_tiny,rtmdet_ins_tiny,54,0.6929,0.8923,0.8923,0,0.9676066078993898,0.9676066078993898,1.0,14,0,-0.13750079099851042,10,-1,0.7884860845173106
222688,353180,000000353180.jpg,REAR,0,10,8598.0,208.7,1,body7_official,gt_box,gt_box,,,1.0,1.0,0,0.92428956733748,0.92428956733748,1.0,10,0,-0.2661209496122228,8,1,0.6367335161742043
222688,353180,000000353180.jpg,REAR,0,10,8598.0,208.7,1,body7_official,rtmdet_ins_tiny,rtmdet_ins_tiny,41,0.6992,0.0347,0.8139,2,0.010161773981241516,0.010161773981241516,0.0,10,0,-0.004023173557658577,8,1,0.6253033683580511
222688,353180,000000353180.jpg,REAR,0,10,8598.0,208.7,1,body7_self,gt_box,gt_box,,,1.0,1.0,0,0.92428956733748,0.92428956733748,1.0,10,0,-0.2661209496122228,8,1,0.6367335529888377
222688,353180,000000353180.jpg,REAR,0,10,8598.0,208.7,1,body7_self,rtmdet_ins_tiny,rtmdet_ins_tiny,41,0.6992,0.0347,0.8139,2,0.010161773981241516,0.010161773981241516,0.0,10,0,-0.004023173557658577,8,1,0.6253035138635075
222688,353180,000000353180.jpg,REAR,0,10,8598.0,208.7,1,aic_coco_self,gt_box,gt_box,,,1.0,1.0,0,0.8802082720853373,0.8802082720853373,1.0,10,0,-0.26969986591983874,8,1,0.6597207223667818
222688,353180,000000353180.jpg,REAR,0,10,8598.0,208.7,1,aic_coco_self,rtmdet_ins_tiny,rtmdet_ins_tiny,41,0.6992,0.0347,0.8139,2,0.009832811932818705,0.009832811932818705,0.0,10,0,-0.007997838156636239,8,1,0.5854559663464042
225264,89296,000000089296.jpg,OBLIQUE,2,14,20877.5,317.8,1,body7_official,gt_box,gt_box,,,1.0,1.0,0,0.9705880113359422,0.9705880113359422,1.0,14,0,-0.5261772617894842,8,1,0.8039902518777287
225264,89296,000000089296.jpg,OBLIQUE,2,14,20877.5,317.8,1,body7_official,rtmdet_ins_tiny,rtmdet_ins_tiny,14,0.9134,0.9580,0.9580,0,0.9826259110427984,0.9826259110427984,1.0,14,0,-0.5259963043957463,8,1,0.7955695320578182
225264,89296,000000089296.jpg,OBLIQUE,2,14,20877.5,317.8,1,body7_self,gt_box,gt_box,,,1.0,1.0,0,0.9705880113359422,0.9705880113359422,1.0,14,0,-0.5261772617894842,8,1,0.8039900800761055
225264,89296,000000089296.jpg,OBLIQUE,2,14,20877.5,317.8,1,body7_self,rtmdet_ins_tiny,rtmdet_ins_tiny,14,0.9134,0.9580,0.9580,0,0.9826259110427984,0.9826259110427984,1.0,14,0,-0.5259963043957463,8,1,0.7955695846501518
225264,89296,000000089296.jpg,OBLIQUE,2,14,20877.5,317.8,1,aic_coco_self,gt_box,gt_box,,,1.0,1.0,0,0.9794910819200812,0.9794910819200812,1.0,14,0,-0.52543075710467,8,1,0.8406268358230591
225264,89296,000000089296.jpg,OBLIQUE,2,14,20877.5,317.8,1,aic_coco_self,rtmdet_ins_tiny,rtmdet_ins_tiny,14,0.9134,0.9580,0.9580,0,0.9793011952152169,0.9793011952152169,1.0,14,0,-0.5246088151857538,8,1,0.8348115928032819
226563,463730,000000463730.jpg,PROFILE,1,13,1590.8,101.3,-1,body7_official,gt_box,gt_box,,,1.0,1.0,0,0.9385101359379678,0.9385101359379678,1.0,12,0,-0.12261848961337733,8,-1,0.7133024475153755
226563,463730,000000463730.jpg,PROFILE,1,13,1590.8,101.3,-1,body7_official,rtmdet_ins_tiny,rtmdet_ins_tiny,18,0.7747,0.9366,0.9366,0,0.9289717104979642,0.9289717104979642,1.0,12,0,-0.11437011610310394,8,-1,0.6974092441446641
226563,463730,000000463730.jpg,PROFILE,1,13,1590.8,101.3,-1,body7_self,gt_box,gt_box,,,1.0,1.0,0,0.9385101359379678,0.9385101359379678,1.0,12,0,-0.12261848961337733,8,-1,0.7133024440092199
226563,463730,000000463730.jpg,PROFILE,1,13,1590.8,101.3,-1,body7_self,rtmdet_ins_tiny,rtmdet_ins_tiny,18,0.7747,0.9366,0.9366,0,0.9289717104979642,0.9289717104979642,1.0,12,0,-0.11437011610310394,8,-1,0.6974092441446641
226563,463730,000000463730.jpg,PROFILE,1,13,1590.8,101.3,-1,aic_coco_self,gt_box,gt_box,,,1.0,1.0,0,0.9476075137550509,0.9476075137550509,1.0,12,0,-0.12185747488812182,8,-1,0.7223983827759238
226563,463730,000000463730.jpg,PROFILE,1,13,1590.8,101.3,-1,aic_coco_self,rtmdet_ins_tiny,rtmdet_ins_tiny,18,0.7747,0.9366,0.9366,0,0.9421334860635867,0.9421334860635867,1.0,12,0,-0.12002961527197481,8,-1,0.716977480579825
228795,357978,000000357978.jpg,FRONT,3,14,6039.6,178.6,1,body7_official,gt_box,gt_box,,,1.0,1.0,0,0.9423696764794826,0.9423696764794826,1.0,14,0,-0.21595851402998237,8,1,0.7718135328853831
228795,357978,000000357978.jpg,FRONT,3,14,6039.6,178.6,1,body7_official,rtmdet_ins_tiny,rtmdet_ins_tiny,9,0.8491,0.9663,0.9663,0,0.939489831117305,0.939489831117305,1.0,14,0,-0.21554499971316637,8,1,0.7680597726036521
228795,357978,000000357978.jpg,FRONT,3,14,6039.6,178.6,1,body7_self,gt_box,gt_box,,,1.0,1.0,0,0.9423696764794826,0.9423696764794826,1.0,14,0,-0.21595851402998237,8,1,0.7718134837992051
228795,357978,000000357978.jpg,FRONT,3,14,6039.6,178.6,1,body7_self,rtmdet_ins_tiny,rtmdet_ins_tiny,9,0.8491,0.9663,0.9663,0,0.939489831117305,0.939489831117305,1.0,14,0,-0.21554499971316637,8,1,0.7680597726036521
228795,357978,000000357978.jpg,FRONT,3,14,6039.6,178.6,1,aic_coco_self,gt_box,gt_box,,,1.0,1.0,0,0.9464778211254714,0.9464778211254714,1.0,14,0,-0.213465263004291,8,1,0.7985223461599911
228795,357978,000000357978.jpg,FRONT,3,14,6039.6,178.6,1,aic_coco_self,rtmdet_ins_tiny,rtmdet_ins_tiny,9,0.8491,0.9663,0.9663,0,0.9456480909923302,0.9456480909923302,1.0,14,0,-0.2149231353123251,8,1,0.7930369692690232
230567,545219,000000545219.jpg,FRONT,3,11,11989.7,171.1,-1,body7_official,gt_box,gt_box,,,1.0,1.0,0,0.9697289593632544,0.9697289593632544,1.0,11,0,-0.5556571850737032,6,-1,0.5686061176307061
230567,545219,000000545219.jpg,FRONT,3,11,11989.7,171.1,-1,body7_official,rtmdet_ins_tiny,rtmdet_ins_tiny,10,0.6381,0.9063,0.9063,0,0.9649477682051516,0.9649477682051516,1.0,11,0,-0.5566383033352329,6,-1,0.5814079800072838
230567,545219,000000545219.jpg,FRONT,3,11,11989.7,171.1,-1,body7_self,gt_box,gt_box,,,1.0,1.0,0,0.9697289593632544,0.9697289593632544,1.0,11,0,-0.5556571850737032,6,-1,0.5686061110566644
230567,545219,000000545219.jpg,FRONT,3,11,11989.7,171.1,-1,body7_self,rtmdet_ins_tiny,rtmdet_ins_tiny,10,0.6381,0.9063,0.9063,0,0.9649477682051516,0.9649477682051516,1.0,11,0,-0.5566383033352329,6,-1,0.5814078629893416
230567,545219,000000545219.jpg,FRONT,3,11,11989.7,171.1,-1,aic_coco_self,gt_box,gt_box,,,1.0,1.0,0,0.9667760363182836,0.9667760363182836,1.0,11,0,-0.5546544646708554,6,-1,0.6211761157302296
230567,545219,000000545219.jpg,FRONT,3,11,11989.7,171.1,-1,aic_coco_self,rtmdet_ins_tiny,rtmdet_ins_tiny,10,0.6381,0.9063,0.9063,0,0.9707257220953601,0.9707257220953601,1.0,11,0,-0.5568949188874787,6,-1,0.6254609954707763
232781,554579,000000554579.jpg,FRONT,3,17,34210.9,370.2,-1,body7_official,gt_box,gt_box,,,1.0,1.0,0,0.9553223859989913,0.9553223859989913,1.0,15,0,-0.3042617297430915,10,-1,0.7849958994809318
232781,554579,000000554579.jpg,FRONT,3,17,34210.9,370.2,-1,body7_official,rtmdet_ins_tiny,rtmdet_ins_tiny,17,0.8773,0.9398,0.9398,0,0.9594387843415491,0.9594387843415491,1.0,15,0,-0.3066807458848465,10,-1,0.7888122621704551
232781,554579,000000554579.jpg,FRONT,3,17,34210.9,370.2,-1,body7_self,gt_box,gt_box,,,1.0,1.0,0,0.9553223859989913,0.9553223859989913,1.0,15,0,-0.3042617297430915,10,-1,0.7849958784439984
232781,554579,000000554579.jpg,FRONT,3,17,34210.9,370.2,-1,body7_self,rtmdet_ins_tiny,rtmdet_ins_tiny,17,0.8773,0.9398,0.9398,0,0.9594387843415491,0.9594387843415491,1.0,15,0,-0.3066807458848465,10,-1,0.7888122551581439
232781,554579,000000554579.jpg,FRONT,3,17,34210.9,370.2,-1,aic_coco_self,gt_box,gt_box,,,1.0,1.0,0,0.9560042308882326,0.9560042308882326,1.0,15,0,-0.2951009509947809,10,-1,0.8021587133407593
232781,554579,000000554579.jpg,FRONT,3,17,34210.9,370.2,-1,aic_coco_self,rtmdet_ins_tiny,rtmdet_ins_tiny,17,0.8773,0.9398,0.9398,0,0.9571066444448649,0.9571066444448649,1.0,15,0,-0.294283048555518,10,-1,0.7956896284047295
234292,392722,000000392722.jpg,REAR,0,12,3435.7,130.2,1,body7_official,gt_box,gt_box,,,1.0,1.0,0,0.9650537326209427,0.9650537326209427,1.0,10,0,-0.2959410099526505,8,1,0.7478217202074388
234292,392722,000000392722.jpg,REAR,0,12,3435.7,130.2,1,body7_official,rtmdet_ins_tiny,rtmdet_ins_tiny,25,0.8908,0.0000,0.8309,1,4.51402296271106e-05,4.51402296271106e-05,0.0,10,0,-0.0006378139241576264,8,1,0.8058814581702737
234292,392722,000000392722.jpg,REAR,0,12,3435.7,130.2,1,body7_self,gt_box,gt_box,,,1.0,1.0,0,0.9650537326209427,0.9650537326209427,1.0,10,0,-0.2959410099526505,8,1,0.747821611516616
234292,392722,000000392722.jpg,REAR,0,12,3435.7,130.2,1,body7_self,rtmdet_ins_tiny,rtmdet_ins_tiny,25,0.8908,0.0000,0.8309,1,4.51402296271106e-05,4.51402296271106e-05,0.0,10,0,-0.0006378139241576264,8,1,0.8058813670102287
234292,392722,000000392722.jpg,REAR,0,12,3435.7,130.2,1,aic_coco_self,gt_box,gt_box,,,1.0,1.0,0,0.9585413538377499,0.9585413538377499,1.0,10,0,-0.2926570599813054,8,1,0.758861829252804
234292,392722,000000392722.jpg,REAR,0,12,3435.7,130.2,1,aic_coco_self,rtmdet_ins_tiny,rtmdet_ins_tiny,25,0.8908,0.0000,0.8309,1,4.215712537164805e-05,4.215712537164805e-05,0.0,10,0,-0.0006797765206507655,8,1,0.8105538417311275
235484,377723,000000377723.jpg,OBLIQUE,2,13,1599.7,102.9,-1,body7_official,gt_box,gt_box,,,1.0,1.0,0,0.8160893480842439,0.8160893480842439,0.9166666666666666,12,0,-0.09566406747170673,6,-1,0.6375580903361825
235484,377723,000000377723.jpg,OBLIQUE,2,13,1599.7,102.9,-1,body7_official,rtmdet_ins_tiny,rtmdet_ins_tiny,23,0.8281,0.0000,0.9401,1,8.71370610402192e-08,4.5572664691429925e-06,0.0,12,1,0.00016209441721581896,6,-1,0.749620143105002
235484,377723,000000377723.jpg,OBLIQUE,2,13,1599.7,102.9,-1,body7_self,gt_box,gt_box,,,1.0,1.0,0,0.8160893480842439,0.8160893480842439,0.9166666666666666,12,0,-0.09566406747170673,6,-1,0.6375582568785724
235484,377723,000000377723.jpg,OBLIQUE,2,13,1599.7,102.9,-1,body7_self,rtmdet_ins_tiny,rtmdet_ins_tiny,23,0.8281,0.0000,0.9401,1,8.71370610402192e-08,4.5572664691429925e-06,0.0,12,1,0.00016209441721581896,6,-1,0.7496200799942017
235484,377723,000000377723.jpg,OBLIQUE,2,13,1599.7,102.9,-1,aic_coco_self,gt_box,gt_box,,,1.0,1.0,0,0.78555970469464,0.78555970469464,0.9166666666666666,12,0,-0.09715165871043531,6,-1,0.6996297696057487
235484,377723,000000377723.jpg,OBLIQUE,2,13,1599.7,102.9,-1,aic_coco_self,rtmdet_ins_tiny,rtmdet_ins_tiny,23,0.8281,0.0000,0.9401,1,7.089026753187253e-08,3.6955142893716968e-06,0.0,12,1,0.00018277627876228664,6,-1,0.7659838620354148
236688,548780,000000548780.jpg,REAR,0,13,12139.5,210.1,1,body7_official,gt_box,gt_box,,,1.0,1.0,0,0.9318914369852019,0.9318914369852019,1.0,11,0,-0.35612921230351574,8,1,0.6457010998445398
236688,548780,000000548780.jpg,REAR,0,13,12139.5,210.1,1,body7_official,rtmdet_ins_tiny,rtmdet_ins_tiny,44,0.6837,0.1334,0.8865,2,0.001656814628111359,0.001656814628111359,0.0,11,0,-0.0002637821038824484,8,1,0.6229372901075027
236688,548780,000000548780.jpg,REAR,0,13,12139.5,210.1,1,body7_self,gt_box,gt_box,,,1.0,1.0,0,0.9318914369852019,0.9318914369852019,1.0,11,0,-0.35612921230351574,8,1,0.645701140165329
236688,548780,000000548780.jpg,REAR,0,13,12139.5,210.1,1,body7_self,rtmdet_ins_tiny,rtmdet_ins_tiny,44,0.6837,0.1334,0.8865,2,0.001656814628111359,0.001656814628111359,0.0,11,0,-0.0002637821038824484,8,1,0.6229371393428129
236688,548780,000000548780.jpg,REAR,0,13,12139.5,210.1,1,aic_coco_self,gt_box,gt_box,,,1.0,1.0,0,0.9161853283807695,0.9161853283807695,1.0,11,0,-0.3605630151696338,8,1,0.6869696799446555
236688,548780,000000548780.jpg,REAR,0,13,12139.5,210.1,1,aic_coco_self,rtmdet_ins_tiny,rtmdet_ins_tiny,44,0.6837,0.1334,0.8865,2,0.0015527333766928114,0.0015527333766928114,0.0,11,0,-0.0009896202510413232,8,1,0.6874505667125478
237158,448076,000000448076.jpg,OBLIQUE,2,15,5229.5,178.0,-1,body7_official,gt_box,gt_box,,,1.0,1.0,0,0.9557296509874044,0.9557296509874044,1.0,14,0,-0.24726150963734456,8,-1,0.8318853308172787
237158,448076,000000448076.jpg,OBLIQUE,2,15,5229.5,178.0,-1,body7_official,rtmdet_ins_tiny,rtmdet_ins_tiny,16,0.8573,0.9546,0.9546,0,0.9537208075072189,0.9537208075072189,1.0,14,0,-0.24368235728850485,8,-1,0.8370550976080053
237158,448076,000000448076.jpg,OBLIQUE,2,15,5229.5,178.0,-1,body7_self,gt_box,gt_box,,,1.0,1.0,0,0.9557296509874044,0.9557296509874044,1.0,14,0,-0.24726150963734456,8,-1,0.8318853343234343
237158,448076,000000448076.jpg,OBLIQUE,2,15,5229.5,178.0,-1,body7_self,rtmdet_ins_tiny,rtmdet_ins_tiny,16,0.8573,0.9546,0.9546,0,0.9537208075072189,0.9537208075072189,1.0,14,0,-0.24368235728850485,8,-1,0.837055059040294
237158,448076,000000448076.jpg,OBLIQUE,2,15,5229.5,178.0,-1,aic_coco_self,gt_box,gt_box,,,1.0,1.0,0,0.9610145912177044,0.9610145912177044,1.0,14,0,-0.24351706275792603,8,-1,0.8124425691716811
237158,448076,000000448076.jpg,OBLIQUE,2,15,5229.5,178.0,-1,aic_coco_self,rtmdet_ins_tiny,rtmdet_ins_tiny,16,0.8573,0.9546,0.9546,0,0.9653203922548859,0.9653203922548859,1.0,14,0,-0.24499571920244162,8,-1,0.8246685897602755
253389,139099,000000139099.jpg,OBLIQUE,2,15,4689.9,144.9,-1,body7_official,gt_box,gt_box,,,1.0,1.0,0,0.9656460445662407,0.9656460445662407,1.0,15,0,-0.37300843873124195,12,-1,0.8081147565561182
253389,139099,000000139099.jpg,OBLIQUE,2,15,4689.9,144.9,-1,body7_official,rtmdet_ins_tiny,rtmdet_ins_tiny,29,0.8970,0.8870,0.8870,0,0.9611450627978947,0.9611450627978947,1.0,15,0,-0.37284229599687435,12,-1,0.8226984213380253
253389,139099,000000139099.jpg,OBLIQUE,2,15,4689.9,144.9,-1,body7_self,gt_box,gt_box,,,1.0,1.0,0,0.9656460445662407,0.9656460445662407,1.0,15,0,-0.37300843873124195,12,-1,0.8081147951238296
253389,139099,000000139099.jpg,OBLIQUE,2,15,4689.9,144.9,-1,body7_self,rtmdet_ins_tiny,rtmdet_ins_tiny,29,0.8970,0.8870,0.8870,0,0.9611450627978947,0.9611450627978947,1.0,15,0,-0.37284229599687435,12,-1,0.8226983512149137
253389,139099,000000139099.jpg,OBLIQUE,2,15,4689.9,144.9,-1,aic_coco_self,gt_box,gt_box,,,1.0,1.0,0,0.972407054242526,0.972407054242526,1.0,15,0,-0.37152012252612077,12,-1,0.8552287326139563
253389,139099,000000139099.jpg,OBLIQUE,2,15,4689.9,144.9,-1,aic_coco_self,rtmdet_ins_tiny,rtmdet_ins_tiny,29,0.8970,0.8870,0.8870,0,0.973717385281124,0.973717385281124,1.0,15,0,-0.3751724501086063,12,-1,0.8573057335965774
258087,199236,000000199236.jpg,FRONT,3,17,1555.8,117.7,-1,body7_official,gt_box,gt_box,,,1.0,1.0,0,0.7281482149782832,0.7281482149782832,0.7857142857142857,14,0,-0.20132469192128455,8,-1,0.7141906023025513
258087,199236,000000199236.jpg,FRONT,3,17,1555.8,117.7,-1,body7_official,rtmdet_ins_tiny,rtmdet_ins_tiny,43,0.7760,0.0038,0.5509,1,0.0014824210525239984,0.0014824210525239984,0.0,14,0,-0.0009994559535861924,8,-1,0.714183930088492
258087,199236,000000199236.jpg,FRONT,3,17,1555.8,117.7,-1,body7_self,gt_box,gt_box,,,1.0,1.0,0,0.7281482149782832,0.7281482149782832,0.7857142857142857,14,0,-0.20132469192128455,8,-1,0.7141905725002289
258087,199236,000000199236.jpg,FRONT,3,17,1555.8,117.7,-1,body7_self,rtmdet_ins_tiny,rtmdet_ins_tiny,43,0.7760,0.0038,0.5509,1,0.0014824210525239984,0.0014824210525239984,0.0,14,0,-0.0009994559535861924,8,-1,0.7141838792492362
258087,199236,000000199236.jpg,FRONT,3,17,1555.8,117.7,-1,aic_coco_self,gt_box,gt_box,,,1.0,1.0,0,0.688680656884541,0.688680656884541,0.7857142857142857,14,0,-0.20388814459478988,8,-1,0.7617260322851294
258087,199236,000000199236.jpg,FRONT,3,17,1555.8,117.7,-1,aic_coco_self,rtmdet_ins_tiny,rtmdet_ins_tiny,43,0.7760,0.0038,0.5509,1,0.0014664682431878588,0.0014664682431878588,0.0,14,0,-0.0011261668243162104,8,-1,0.7232411714161143
261724,177934,000000177934.jpg,FRONT,3,17,3553.8,127.3,-1,body7_official,gt_box,gt_box,,,1.0,1.0,0,0.9316853824249276,0.9316853824249276,1.0,16,0,-0.3321656837329397,10,-1,0.7594783586614272
261724,177934,000000177934.jpg,FRONT,3,17,3553.8,127.3,-1,body7_official,rtmdet_ins_tiny,rtmdet_ins_tiny,11,0.8670,0.8986,0.8986,0,0.931206344841812,0.931206344841812,1.0,16,0,-0.3317754774112271,10,-1,0.7471620124929091
261724,177934,000000177934.jpg,FRONT,3,17,3553.8,127.3,-1,body7_self,gt_box,gt_box,,,1.0,1.0,0,0.9316853824249276,0.9316853824249276,1.0,16,0,-0.3321656837329397,10,-1,0.7594782815260046
261724,177934,000000177934.jpg,FRONT,3,17,3553.8,127.3,-1,body7_self,rtmdet_ins_tiny,rtmdet_ins_tiny,11,0.8670,0.8986,0.8986,0,0.931206344841812,0.931206344841812,1.0,16,0,-0.3317754774112271,10,-1,0.7471620019744424
261724,177934,000000177934.jpg,FRONT,3,17,3553.8,127.3,-1,aic_coco_self,gt_box,gt_box,,,1.0,1.0,0,0.9351078468954628,0.9351078468954628,1.0,16,0,-0.33177369247996946,10,-1,0.8068120584768408
261724,177934,000000177934.jpg,FRONT,3,17,3553.8,127.3,-1,aic_coco_self,rtmdet_ins_tiny,rtmdet_ins_tiny,11,0.8670,0.8986,0.8986,0,0.9439778204786426,0.9439778204786426,1.0,16,0,-0.33432758503649185,10,-1,0.7929730941267574
421203,453001,000000453001.jpg,OBLIQUE,2,15,32287.5,450.8,1,body7_official,gt_box,gt_box,,,1.0,1.0,0,0.9207257891973336,0.9207257891973336,1.0,15,0,-0.23391088915443212,12,1,0.7653668067034554
421203,453001,000000453001.jpg,OBLIQUE,2,15,32287.5,450.8,1,body7_official,rtmdet_ins_tiny,rtmdet_ins_tiny,3,0.8695,0.9663,0.9663,0,0.9280748414562641,0.9280748414562641,1.0,15,0,-0.23462111247019818,12,1,0.7652051974745357
421203,453001,000000453001.jpg,OBLIQUE,2,15,32287.5,450.8,1,body7_self,gt_box,gt_box,,,1.0,1.0,0,0.9207257891973336,0.9207257891973336,1.0,15,0,-0.23391088915443212,12,1,0.7653667751480552
421203,453001,000000453001.jpg,OBLIQUE,2,15,32287.5,450.8,1,body7_self,rtmdet_ins_tiny,rtmdet_ins_tiny,3,0.8695,0.9663,0.9663,0,0.9280748414562641,0.9280748414562641,1.0,15,0,-0.23462111247019818,12,1,0.7652051448822021
421203,453001,000000453001.jpg,OBLIQUE,2,15,32287.5,450.8,1,aic_coco_self,gt_box,gt_box,,,1.0,1.0,0,0.9178999165654443,0.9178999165654443,1.0,15,0,-0.23024109761815378,12,1,0.8072533221805797
421203,453001,000000453001.jpg,OBLIQUE,2,15,32287.5,450.8,1,aic_coco_self,rtmdet_ins_tiny,rtmdet_ins_tiny,3,0.8695,0.9663,0.9663,0,0.9245944239255631,0.9245944239255631,1.0,15,0,-0.23344947807216135,12,1,0.8262791843975291
421607,237071,000000237071.jpg,FRONT,3,14,34945.9,323.1,-1,body7_official,gt_box,gt_box,,,1.0,1.0,0,0.9882253854055164,0.9882253854055164,1.0,14,0,-0.7245155252653946,8,-1,0.8328904053744148
421607,237071,000000237071.jpg,FRONT,3,14,34945.9,323.1,-1,body7_official,rtmdet_ins_tiny,rtmdet_ins_tiny,4,0.8748,0.9611,0.9611,0,0.9876783929005154,0.9876783929005154,1.0,14,0,-0.724557102065621,8,-1,0.8424624239697176
421607,237071,000000237071.jpg,FRONT,3,14,34945.9,323.1,-1,body7_self,gt_box,gt_box,,,1.0,1.0,0,0.9882253854055164,0.9882253854055164,1.0,14,0,-0.7245155252653946,8,-1,0.8328904544605928
421607,237071,000000237071.jpg,FRONT,3,14,34945.9,323.1,-1,body7_self,rtmdet_ins_tiny,rtmdet_ins_tiny,4,0.8748,0.9611,0.9611,0,0.9876783929005154,0.9876783929005154,1.0,14,0,-0.724557102065621,8,-1,0.8424623538466061
421607,237071,000000237071.jpg,FRONT,3,14,34945.9,323.1,-1,aic_coco_self,gt_box,gt_box,,,1.0,1.0,0,0.9858979512646541,0.9858979512646541,1.0,14,0,-0.7187734142775308,8,-1,0.8619880571084864
421607,237071,000000237071.jpg,FRONT,3,14,34945.9,323.1,-1,aic_coco_self,rtmdet_ins_tiny,rtmdet_ins_tiny,4,0.8748,0.9611,0.9611,0,0.9844882502231559,0.9844882502231559,1.0,14,0,-0.7176909866483306,8,-1,0.8605522934128257
421918,493864,000000493864.jpg,FRONT,3,16,39740.2,478.2,-1,body7_official,gt_box,gt_box,,,1.0,1.0,0,0.9800015541161292,0.9800015541161292,1.0,15,0,-0.3785245514751607,8,-1,0.9083951290915994
421918,493864,000000493864.jpg,FRONT,3,16,39740.2,478.2,-1,body7_official,rtmdet_ins_tiny,rtmdet_ins_tiny,15,0.8902,0.9878,0.9878,0,0.9829907227347586,0.9829907227347586,1.0,15,0,-0.3806564442989162,8,-1,0.9111097349840052
421918,493864,000000493864.jpg,FRONT,3,16,39740.2,478.2,-1,body7_self,gt_box,gt_box,,,1.0,1.0,0,0.9800015541161292,0.9800015541161292,1.0,15,0,-0.3785245514751607,8,-1,0.9083951851900887
421918,493864,000000493864.jpg,FRONT,3,16,39740.2,478.2,-1,body7_self,rtmdet_ins_tiny,rtmdet_ins_tiny,15,0.8902,0.9878,0.9878,0,0.9829907227347586,0.9829907227347586,1.0,15,0,-0.3806564442989162,8,-1,0.9111097770578721
421918,493864,000000493864.jpg,FRONT,3,16,39740.2,478.2,-1,aic_coco_self,gt_box,gt_box,,,1.0,1.0,0,0.9860778856297494,0.9860778856297494,1.0,15,0,-0.3853294534742457,8,-1,0.8823943401084227
421918,493864,000000493864.jpg,FRONT,3,16,39740.2,478.2,-1,aic_coco_self,rtmdet_ins_tiny,rtmdet_ins_tiny,15,0.8902,0.9878,0.9878,0,0.9831565629738321,0.9831565629738321,1.0,15,0,-0.3830368698030463,8,-1,0.8826278448104858
422442,325991,000000325991.jpg,FRONT,3,14,22056.9,290.8,-1,body7_official,gt_box,gt_box,,,1.0,1.0,0,0.9409949618416412,0.9409949618416412,1.0,14,0,-0.24187311345409926,10,-1,0.7525285324629616
422442,325991,000000325991.jpg,FRONT,3,14,22056.9,290.8,-1,body7_official,rtmdet_ins_tiny,rtmdet_ins_tiny,9,0.9018,0.9449,0.9449,0,0.9414862639064572,0.9414862639064572,1.0,14,0,-0.24355000046852188,10,-1,0.757313040249488
422442,325991,000000325991.jpg,FRONT,3,14,22056.9,290.8,-1,body7_self,gt_box,gt_box,,,1.0,1.0,0,0.9409949618416412,0.9409949618416412,1.0,14,0,-0.24187311345409926,10,-1,0.7525285359691171
422442,325991,000000325991.jpg,FRONT,3,14,22056.9,290.8,-1,body7_self,rtmdet_ins_tiny,rtmdet_ins_tiny,9,0.9018,0.9449,0.9449,0,0.9414862639064572,0.9414862639064572,1.0,14,0,-0.24355000046852188,10,-1,0.7573130954714382
422442,325991,000000325991.jpg,FRONT,3,14,22056.9,290.8,-1,aic_coco_self,gt_box,gt_box,,,1.0,1.0,0,0.938210655583008,0.938210655583008,1.0,14,0,-0.2427412054348725,10,-1,0.7594096099629122
422442,325991,000000325991.jpg,FRONT,3,14,22056.9,290.8,-1,aic_coco_self,rtmdet_ins_tiny,rtmdet_ins_tiny,9,0.9018,0.9449,0.9449,0,0.9436446195229096,0.9436446195229096,1.0,14,0,-0.2471185055972464,10,-1,0.7557453609564725
423295,492362,000000492362.jpg,OBLIQUE,2,15,38494.8,452.5,-1,body7_official,gt_box,gt_box,,,1.0,1.0,0,0.9501169047140211,0.9501169047140211,1.0,15,0,-0.2868366414367401,12,-1,0.8382076656117159
423295,492362,000000492362.jpg,OBLIQUE,2,15,38494.8,452.5,-1,body7_official,rtmdet_ins_tiny,rtmdet_ins_tiny,17,0.8948,0.9641,0.9641,0,0.9512918912135037,0.9512918912135037,1.0,15,0,-0.28851349685483985,12,-1,0.8334063957719242
423295,492362,000000492362.jpg,OBLIQUE,2,15,38494.8,452.5,-1,body7_self,gt_box,gt_box,,,1.0,1.0,0,0.9501169047140211,0.9501169047140211,1.0,15,0,-0.2868366414367401,12,-1,0.8382076901548049
423295,492362,000000492362.jpg,OBLIQUE,2,15,38494.8,452.5,-1,body7_self,rtmdet_ins_tiny,rtmdet_ins_tiny,17,0.8948,0.9641,0.9641,0,0.9512918912135037,0.9512918912135037,1.0,15,0,-0.28851349685483985,12,-1,0.83340643083348
423295,492362,000000492362.jpg,OBLIQUE,2,15,38494.8,452.5,-1,aic_coco_self,gt_box,gt_box,,,1.0,1.0,0,0.9719370421946558,0.9719370421946558,1.0,15,0,-0.2921131202201349,12,-1,0.8787234811221852
423295,492362,000000492362.jpg,OBLIQUE,2,15,38494.8,452.5,-1,aic_coco_self,rtmdet_ins_tiny,rtmdet_ins_tiny,17,0.8948,0.9641,0.9641,0,0.974373730051191,0.974373730051191,1.0,15,0,-0.29824947047652295,12,-1,0.8747966254458708
423685,517069,000000517069.jpg,FRONT,3,12,16604.7,244.9,1,body7_official,gt_box,gt_box,,,1.0,1.0,0,0.8691741248932492,0.8691741248932492,1.0,12,0,-0.011408376519308677,6,1,0.6035905883592718
423685,517069,000000517069.jpg,FRONT,3,12,16604.7,244.9,1,body7_official,rtmdet_ins_tiny,rtmdet_ins_tiny,23,0.7931,0.8444,0.8444,0,0.8584728426128795,0.8584728426128795,1.0,12,0,-0.010122402207095857,6,1,0.619360055993585
423685,517069,000000517069.jpg,FRONT,3,12,16604.7,244.9,1,body7_self,gt_box,gt_box,,,1.0,1.0,0,0.8691741248932492,0.8691741248932492,1.0,12,0,-0.011408376519308677,6,1,0.6035905024584602
423685,517069,000000517069.jpg,FRONT,3,12,16604.7,244.9,1,body7_self,rtmdet_ins_tiny,rtmdet_ins_tiny,23,0.7931,0.8444,0.8444,0,0.8584728426128795,0.8584728426128795,1.0,12,0,-0.010122402207095857,6,1,0.6193600437220406
423685,517069,000000517069.jpg,FRONT,3,12,16604.7,244.9,1,aic_coco_self,gt_box,gt_box,,,1.0,1.0,0,0.8992217643127888,0.8992217643127888,1.0,12,0,-0.015906469539029203,6,1,0.5902304342564415
423685,517069,000000517069.jpg,FRONT,3,12,16604.7,244.9,1,aic_coco_self,rtmdet_ins_tiny,rtmdet_ins_tiny,23,0.7931,0.8444,0.8444,0,0.9152894124953476,0.9152894124953476,1.0,12,0,-0.018453737484485602,6,1,0.6197431858848123
424655,485027,000000485027.jpg,FRONT,3,16,23863.6,439.7,-1,body7_official,gt_box,gt_box,,,1.0,1.0,0,0.9721252814801659,0.9721252814801659,1.0,16,0,-0.37217539010757655,12,-1,0.867432555731605
424655,485027,000000485027.jpg,FRONT,3,16,23863.6,439.7,-1,body7_official,rtmdet_ins_tiny,rtmdet_ins_tiny,3,0.9112,0.9485,0.9485,0,0.9681249571867637,0.9681249571867637,1.0,16,0,-0.3718371801938238,12,-1,0.8663413629812353
424655,485027,000000485027.jpg,FRONT,3,16,23863.6,439.7,-1,body7_self,gt_box,gt_box,,,1.0,1.0,0,0.9721252814801659,0.9721252814801659,1.0,16,0,-0.37217539010757655,12,-1,0.8674326854593614
424655,485027,000000485027.jpg,FRONT,3,16,23863.6,439.7,-1,body7_self,rtmdet_ins_tiny,rtmdet_ins_tiny,3,0.9112,0.9485,0.9485,0,0.9681249571867637,0.9681249571867637,1.0,16,0,-0.3718371801938238,12,-1,0.8663414997213027
424655,485027,000000485027.jpg,FRONT,3,16,23863.6,439.7,-1,aic_coco_self,gt_box,gt_box,,,1.0,1.0,0,0.9588344327899445,0.9588344327899445,1.0,16,0,-0.37081273383845853,12,-1,0.8599207506460302
424655,485027,000000485027.jpg,FRONT,3,16,23863.6,439.7,-1,aic_coco_self,rtmdet_ins_tiny,rtmdet_ins_tiny,3,0.9112,0.9485,0.9485,0,0.9580175678872735,0.9580175678872735,1.0,16,0,-0.36936755452460357,12,-1,0.8688723409877104
424939,512985,000000512985.jpg,REAR,0,14,8145.0,216.8,1,body7_official,gt_box,gt_box,,,1.0,1.0,0,0.9584734447456862,0.9584734447456862,1.0,14,0,-0.2781274965491872,12,1,0.8136557305560392
424939,512985,000000512985.jpg,REAR,0,14,8145.0,216.8,1,body7_official,rtmdet_ins_tiny,rtmdet_ins_tiny,15,0.8678,0.8524,0.8524,0,0.9566197595600615,0.9566197595600615,1.0,14,0,-0.27854254183228067,12,1,0.7987368808073156
424939,512985,000000512985.jpg,REAR,0,14,8145.0,216.8,1,body7_self,gt_box,gt_box,,,1.0,1.0,0,0.9584734447456862,0.9584734447456862,1.0,14,0,-0.2781274965491872,12,1,0.813655716531417
424939,512985,000000512985.jpg,REAR,0,14,8145.0,216.8,1,body7_self,rtmdet_ins_tiny,rtmdet_ins_tiny,15,0.8678,0.8524,0.8524,0,0.9566197595600615,0.9566197595600615,1.0,14,0,-0.27854254183228067,12,1,0.7987369509304271
424939,512985,000000512985.jpg,REAR,0,14,8145.0,216.8,1,aic_coco_self,gt_box,gt_box,,,1.0,1.0,0,0.9714723096786716,0.9714723096786716,1.0,14,0,-0.29364537402043406,12,1,0.8208882247700411
424939,512985,000000512985.jpg,REAR,0,14,8145.0,216.8,1,aic_coco_self,rtmdet_ins_tiny,rtmdet_ins_tiny,15,0.8678,0.8524,0.8524,0,0.970905262302449,0.970905262302449,1.0,14,0,-0.2924577893641618,12,1,0.8207200134501738
425326,518770,000000518770.jpg,FRONT,3,16,6161.9,188.3,-1,body7_official,gt_box,gt_box,,,1.0,1.0,0,0.9533890494631893,0.9533890494631893,1.0,15,0,-0.3421652343678261,10,-1,0.8318138227743261
425326,518770,000000518770.jpg,FRONT,3,16,6161.9,188.3,-1,body7_official,rtmdet_ins_tiny,rtmdet_ins_tiny,21,0.8661,0.9150,0.9150,0,0.9560033750232219,0.9560033750232219,1.0,15,0,-0.34230998573368465,10,-1,0.8247667025117313
425326,518770,000000518770.jpg,FRONT,3,16,6161.9,188.3,-1,body7_self,gt_box,gt_box,,,1.0,1.0,0,0.9533890494631893,0.9533890494631893,1.0,15,0,-0.3421652343678261,10,-1,0.8318138928974376
425326,518770,000000518770.jpg,FRONT,3,16,6161.9,188.3,-1,body7_self,rtmdet_ins_tiny,rtmdet_ins_tiny,21,0.8661,0.9150,0.9150,0,0.9560033750232219,0.9560033750232219,1.0,15,0,-0.34230998573368465,10,-1,0.8247667165363536
425326,518770,000000518770.jpg,FRONT,3,16,6161.9,188.3,-1,aic_coco_self,gt_box,gt_box,,,1.0,1.0,0,0.9444047933099899,0.9444047933099899,1.0,15,0,-0.3429579007298876,10,-1,0.8385903379496407
425326,518770,000000518770.jpg,FRONT,3,16,6161.9,188.3,-1,aic_coco_self,rtmdet_ins_tiny,rtmdet_ins_tiny,21,0.8661,0.9150,0.9150,0,0.9539253001499947,0.9539253001499947,1.0,15,0,-0.34212294614247063,10,-1,0.8505623130237355
425691,89078,000000089078.jpg,FRONT,3,16,73807.2,573.8,-1,body7_official,gt_box,gt_box,,,1.0,1.0,0,0.9843116736661279,0.9843116736661279,1.0,16,0,-0.2382846903039134,12,-1,0.8635590041384977
425691,89078,000000089078.jpg,FRONT,3,16,73807.2,573.8,-1,body7_official,rtmdet_ins_tiny,rtmdet_ins_tiny,6,0.8869,0.8944,0.8944,0,0.9871362356043641,0.9871362356043641,1.0,16,0,-0.23968028553846316,12,-1,0.8707326510373283
425691,89078,000000089078.jpg,FRONT,3,16,73807.2,573.8,-1,body7_self,gt_box,gt_box,,,1.0,1.0,0,0.9843116736661279,0.9843116736661279,1.0,16,0,-0.2382846903039134,12,-1,0.8635590076446533
425691,89078,000000089078.jpg,FRONT,3,16,73807.2,573.8,-1,body7_self,rtmdet_ins_tiny,rtmdet_ins_tiny,6,0.8869,0.8944,0.8944,0,0.9871362356043641,0.9871362356043641,1.0,16,0,-0.23968028553846316,12,-1,0.8707326825927285
425691,89078,000000089078.jpg,FRONT,3,16,73807.2,573.8,-1,aic_coco_self,gt_box,gt_box,,,1.0,1.0,0,0.9864541104503741,0.9864541104503741,1.0,16,0,-0.23442790363874033,12,-1,0.8871345134342418
425691,89078,000000089078.jpg,FRONT,3,16,73807.2,573.8,-1,aic_coco_self,rtmdet_ins_tiny,rtmdet_ins_tiny,6,0.8869,0.8944,0.8944,0,0.9853196751761766,0.9853196751761766,1.0,16,0,-0.23501196295564958,12,-1,0.886948354103986
426279,72281,000000072281.jpg,FRONT,3,17,49565.4,486.5,-1,body7_official,gt_box,gt_box,,,1.0,1.0,0,0.9292002541745891,0.9292002541745891,1.0,17,0,-0.5640755993744866,12,-1,0.8973566504085765
426279,72281,000000072281.jpg,FRONT,3,17,49565.4,486.5,-1,body7_official,rtmdet_ins_tiny,rtmdet_ins_tiny,7,0.8721,0.9413,0.9413,0,0.9242561159199336,0.9242561159199336,1.0,17,0,-0.5619847386547897,12,-1,0.887162843171288
426279,72281,000000072281.jpg,FRONT,3,17,49565.4,486.5,-1,body7_self,gt_box,gt_box,,,1.0,1.0,0,0.9292002541745891,0.9292002541745891,1.0,17,0,-0.5640755993744866,12,-1,0.8973566749516655
426279,72281,000000072281.jpg,FRONT,3,17,49565.4,486.5,-1,body7_self,rtmdet_ins_tiny,rtmdet_ins_tiny,7,0.8721,0.9413,0.9413,0,0.9242561159199336,0.9242561159199336,1.0,17,0,-0.5619847386547897,12,-1,0.8871630780837115
426279,72281,000000072281.jpg,FRONT,3,17,49565.4,486.5,-1,aic_coco_self,gt_box,gt_box,,,1.0,1.0,0,0.9186785318608289,0.9186785318608289,1.0,17,0,-0.565478631250552,12,-1,0.9032654622021843
426279,72281,000000072281.jpg,FRONT,3,17,49565.4,486.5,-1,aic_coco_self,rtmdet_ins_tiny,rtmdet_ins_tiny,7,0.8721,0.9413,0.9413,0,0.9187351076694413,0.9187351076694413,1.0,17,0,-0.5671754187922375,12,-1,0.9086854422793669
427080,121673,000000121673.jpg,FRONT,3,16,8441.8,159.5,-1,body7_official,gt_box,gt_box,,,1.0,1.0,0,0.9155518353094748,0.9155518353094748,1.0,14,0,-0.7178796291662702,10,-1,0.850369442911709
427080,121673,000000121673.jpg,FRONT,3,16,8441.8,159.5,-1,body7_official,rtmdet_ins_tiny,rtmdet_ins_tiny,3,0.9067,0.8654,0.8654,0,0.9486932969738897,0.9486932969738897,1.0,14,0,-0.7197880936426373,10,-1,0.8553059697151184
427080,121673,000000121673.jpg,FRONT,3,16,8441.8,159.5,-1,body7_self,gt_box,gt_box,,,1.0,1.0,0,0.9155518353094748,0.9155518353094748,1.0,14,0,-0.7178796291662702,10,-1,0.8503694639486425
427080,121673,000000121673.jpg,FRONT,3,16,8441.8,159.5,-1,body7_self,rtmdet_ins_tiny,rtmdet_ins_tiny,3,0.9067,0.8654,0.8654,0,0.9486932969738897,0.9486932969738897,1.0,14,0,-0.7197880936426373,10,-1,0.8553058785550735
427080,121673,000000121673.jpg,FRONT,3,16,8441.8,159.5,-1,aic_coco_self,gt_box,gt_box,,,1.0,1.0,0,0.9397598951051122,0.9397598951051122,1.0,14,0,-0.7212806612569623,10,-1,0.899940550327301
427080,121673,000000121673.jpg,FRONT,3,16,8441.8,159.5,-1,aic_coco_self,rtmdet_ins_tiny,rtmdet_ins_tiny,3,0.9067,0.8654,0.8654,0,0.9737223730935503,0.9737223730935503,1.0,14,0,-0.7250949436584511,10,-1,0.910828923477846
427472,549055,000000549055.jpg,REAR,0,12,11900.1,173.6,-1,body7_official,gt_box,gt_box,,,1.0,1.0,0,0.9693499805926982,0.9693499805926982,1.0,10,0,-0.5679102231541321,10,-1,0.71650770481895
427472,549055,000000549055.jpg,REAR,0,12,11900.1,173.6,-1,body7_official,rtmdet_ins_tiny,rtmdet_ins_tiny,15,0.5520,0.9804,0.9804,0,0.969983411516125,0.969983411516125,1.0,10,0,-0.5684996150769557,10,-1,0.6923631990657133
427472,549055,000000549055.jpg,REAR,0,12,11900.1,173.6,-1,body7_self,gt_box,gt_box,,,1.0,1.0,0,0.9693499805926982,0.9693499805926982,1.0,10,0,-0.5679102231541321,10,-1,0.7165077100781834
427472,549055,000000549055.jpg,REAR,0,12,11900.1,173.6,-1,body7_self,rtmdet_ins_tiny,rtmdet_ins_tiny,15,0.5520,0.9804,0.9804,0,0.969983411516125,0.969983411516125,1.0,10,0,-0.5684996150769557,10,-1,0.6923630658318015
427472,549055,000000549055.jpg,REAR,0,12,11900.1,173.6,-1,aic_coco_self,gt_box,gt_box,,,1.0,1.0,0,0.9646946535782014,0.9646946535782014,1.0,10,0,-0.5668734212984382,10,-1,0.7390973322531756
427472,549055,000000549055.jpg,REAR,0,12,11900.1,173.6,-1,aic_coco_self,rtmdet_ins_tiny,rtmdet_ins_tiny,15,0.5520,0.9804,0.9804,0,0.9669179209528964,0.9669179209528964,1.0,10,0,-0.56815076098862,10,-1,0.7510546410785002
428339,289059,000000289059.jpg,FRONT,3,14,91978.1,435.6,-1,body7_official,gt_box,gt_box,,,1.0,1.0,0,0.972612334936917,0.972612334936917,1.0,14,0,-0.4710342002725585,10,-1,0.7592767801354913
428339,289059,000000289059.jpg,FRONT,3,14,91978.1,435.6,-1,body7_official,rtmdet_ins_tiny,rtmdet_ins_tiny,16,0.8685,0.9482,0.9482,0,0.9618143193679348,0.9618143193679348,1.0,14,0,-0.4697821218760302,10,-1,0.7672868800513885
428339,289059,000000289059.jpg,FRONT,3,14,91978.1,435.6,-1,body7_self,gt_box,gt_box,,,1.0,1.0,0,0.972612334936917,0.972612334936917,1.0,14,0,-0.4710342002725585,10,-1,0.7592767792589524
428339,289059,000000289059.jpg,FRONT,3,14,91978.1,435.6,-1,body7_self,rtmdet_ins_tiny,rtmdet_ins_tiny,16,0.8685,0.9482,0.9482,0,0.9618143193679348,0.9618143193679348,1.0,14,0,-0.4697821218760302,10,-1,0.7672869133598664
428339,289059,000000289059.jpg,FRONT,3,14,91978.1,435.6,-1,aic_coco_self,gt_box,gt_box,,,1.0,1.0,0,0.9741964999246687,0.9741964999246687,1.0,14,0,-0.47189231726068986,10,-1,0.7739966713330325
428339,289059,000000289059.jpg,FRONT,3,14,91978.1,435.6,-1,aic_coco_self,rtmdet_ins_tiny,rtmdet_ins_tiny,16,0.8685,0.9482,0.9482,0,0.9690687503336292,0.9690687503336292,1.0,14,0,-0.4704850913024733,10,-1,0.776447140118655
428692,19432,000000019432.jpg,FRONT,3,16,30702.0,404.1,-1,body7_official,gt_box,gt_box,,,1.0,1.0,0,0.9876800895410269,0.9876800895410269,1.0,16,0,-0.2961690016437166,12,-1,0.8537560245570015
428692,19432,000000019432.jpg,FRONT,3,16,30702.0,404.1,-1,body7_official,rtmdet_ins_tiny,rtmdet_ins_tiny,1,0.8545,0.9539,0.9539,0,0.9904753636746635,0.9904753636746635,1.0,16,0,-0.29628804315438595,12,-1,0.8588502652504865
428692,19432,000000019432.jpg,FRONT,3,16,30702.0,404.1,-1,body7_self,gt_box,gt_box,,,1.0,1.0,0,0.9876800895410269,0.9876800895410269,1.0,16,0,-0.2961690016437166,12,-1,0.8537560701370239
428692,19432,000000019432.jpg,FRONT,3,16,30702.0,404.1,-1,body7_self,rtmdet_ins_tiny,rtmdet_ins_tiny,1,0.8545,0.9539,0.9539,0,0.9904753636746635,0.9904753636746635,1.0,16,0,-0.29628804315438595,12,-1,0.8588502897935755
428692,19432,000000019432.jpg,FRONT,3,16,30702.0,404.1,-1,aic_coco_self,gt_box,gt_box,,,1.0,1.0,0,0.9879660341781201,0.9879660341781201,1.0,16,0,-0.2950104742037236,12,-1,0.863690015147714
428692,19432,000000019432.jpg,FRONT,3,16,30702.0,404.1,-1,aic_coco_self,rtmdet_ins_tiny,rtmdet_ins_tiny,1,0.8545,0.9539,0.9539,0,0.9921088777748792,0.9921088777748792,1.0,16,0,-0.2959521969307702,12,-1,0.8733341623755062
429154,560911,000000560911.jpg,FRONT,3,16,81308.3,559.6,-1,body7_official,gt_box,gt_box,,,1.0,1.0,0,0.7526248710578733,0.7526248710578733,0.6875,16,0,-0.09987411236052465,10,-1,0.7042091664145974
429154,560911,000000560911.jpg,FRONT,3,16,81308.3,559.6,-1,body7_official,rtmdet_ins_tiny,rtmdet_ins_tiny,8,0.6002,0.7531,0.7531,0,0.7354773338590125,0.7354773338590125,0.6875,16,0,-0.09429016743518931,10,-1,0.7285445087096271
429154,560911,000000560911.jpg,FRONT,3,16,81308.3,559.6,-1,body7_self,gt_box,gt_box,,,1.0,1.0,0,0.7526248710578733,0.7526248710578733,0.6875,16,0,-0.09987411236052465,10,-1,0.7042092488092535
429154,560911,000000560911.jpg,FRONT,3,16,81308.3,559.6,-1,body7_self,rtmdet_ins_tiny,rtmdet_ins_tiny,8,0.6002,0.7531,0.7531,0,0.7354773338590125,0.7354773338590125,0.6875,16,0,-0.09429016743518931,10,-1,0.728544706807417
429154,560911,000000560911.jpg,FRONT,3,16,81308.3,559.6,-1,aic_coco_self,gt_box,gt_box,,,1.0,1.0,0,0.7383237706117904,0.7383237706117904,0.75,16,0,-0.09151825180423326,10,-1,0.7143858478349798
429154,560911,000000560911.jpg,FRONT,3,16,81308.3,559.6,-1,aic_coco_self,rtmdet_ins_tiny,rtmdet_ins_tiny,8,0.6002,0.7531,0.7531,0,0.8993898134400525,0.8993898134400525,1.0,16,0,-0.254470707893858,10,-1,0.7110504753449384
429749,520832,000000520832.jpg,REAR,0,13,9605.0,221.0,1,body7_official,gt_box,gt_box,,,1.0,1.0,0,0.925043880664774,0.925043880664774,1.0,11,0,-0.33923097352242576,10,1,0.7671533612643971
429749,520832,000000520832.jpg,REAR,0,13,9605.0,221.0,1,body7_official,rtmdet_ins_tiny,rtmdet_ins_tiny,5,0.8421,0.9329,0.9329,0,0.9113376652436277,0.9113376652436277,1.0,11,0,-0.34020934505854783,10,1,0.7540159891633427
429749,520832,000000520832.jpg,REAR,0,13,9605.0,221.0,1,body7_self,gt_box,gt_box,,,1.0,1.0,0,0.925043880664774,0.925043880664774,1.0,11,0,-0.33923097352242576,10,1,0.7671532771166634
429749,520832,000000520832.jpg,REAR,0,13,9605.0,221.0,1,body7_self,rtmdet_ins_tiny,rtmdet_ins_tiny,5,0.8421,0.9329,0.9329,0,0.9113376652436277,0.9113376652436277,1.0,11,0,-0.34020934505854783,10,1,0.7540160172125873
429749,520832,000000520832.jpg,REAR,0,13,9605.0,221.0,1,aic_coco_self,gt_box,gt_box,,,1.0,1.0,0,0.9398269556811717,0.9398269556811717,1.0,11,0,-0.3379273750969523,10,1,0.7791032826199251
429749,520832,000000520832.jpg,REAR,0,13,9605.0,221.0,1,aic_coco_self,rtmdet_ins_tiny,rtmdet_ins_tiny,5,0.8421,0.9329,0.9329,0,0.9333917139802861,0.9333917139802861,1.0,11,0,-0.33990859116266414,10,1,0.7843704048325034
430174,132796,000000132796.jpg,OBLIQUE,2,15,16628.0,331.7,-1,body7_official,gt_box,gt_box,,,1.0,1.0,0,0.9563034264469027,0.9563034264469027,1.0,12,0,-0.26660867279430395,6,-1,0.7813395086456748
430174,132796,000000132796.jpg,OBLIQUE,2,15,16628.0,331.7,-1,body7_official,rtmdet_ins_tiny,rtmdet_ins_tiny,24,0.8554,0.9419,0.9419,0,0.9381661631817577,0.9381661631817577,1.0,12,0,-0.2709811297773759,6,-1,0.782634370467242
430174,132796,000000132796.jpg,OBLIQUE,2,15,16628.0,331.7,-1,body7_self,gt_box,gt_box,,,1.0,1.0,0,0.9563034264469027,0.9563034264469027,1.0,12,0,-0.26660867279430395,6,-1,0.7813395139049081
430174,132796,000000132796.jpg,OBLIQUE,2,15,16628.0,331.7,-1,body7_self,rtmdet_ins_tiny,rtmdet_ins_tiny,24,0.8554,0.9419,0.9419,0,0.9381661631817577,0.9381661631817577,1.0,12,0,-0.2709811297773759,6,-1,0.7826343108625973
430174,132796,000000132796.jpg,OBLIQUE,2,15,16628.0,331.7,-1,aic_coco_self,gt_box,gt_box,,,1.0,1.0,0,0.9693640697782439,0.9693640697782439,1.0,12,0,-0.26843435469600496,6,-1,0.7884268410065595
430174,132796,000000132796.jpg,OBLIQUE,2,15,16628.0,331.7,-1,aic_coco_self,rtmdet_ins_tiny,rtmdet_ins_tiny,24,0.8554,0.9419,0.9419,0,0.9619358194764492,0.9619358194764492,1.0,12,0,-0.26805820636923716,6,-1,0.7777448191362268
430662,188592,000000188592.jpg,FRONT,3,16,95392.6,512.1,-1,body7_official,gt_box,gt_box,,,1.0,1.0,0,0.956615249523673,0.956615249523673,1.0,16,0,-0.4738284337009278,12,-1,0.8016920703298905
430662,188592,000000188592.jpg,FRONT,3,16,95392.6,512.1,-1,body7_official,rtmdet_ins_tiny,rtmdet_ins_tiny,4,0.8574,0.9239,0.9239,0,0.978774730068848,0.978774730068848,1.0,16,0,-0.5010637794297976,12,-1,0.8236475797260508
430662,188592,000000188592.jpg,FRONT,3,16,95392.6,512.1,-1,body7_self,gt_box,gt_box,,,1.0,1.0,0,0.956615249523673,0.956615249523673,1.0,16,0,-0.4738284337009278,12,-1,0.8016920072190902
430662,188592,000000188592.jpg,FRONT,3,16,95392.6,512.1,-1,body7_self,rtmdet_ins_tiny,rtmdet_ins_tiny,4,0.8574,0.9239,0.9239,0,0.978774730068848,0.978774730068848,1.0,16,0,-0.5010637794297976,12,-1,0.8236474920721615
430662,188592,000000188592.jpg,FRONT,3,16,95392.6,512.1,-1,aic_coco_self,gt_box,gt_box,,,1.0,1.0,0,0.9372460458763057,0.9372460458763057,0.9375,16,0,-0.460258073733041,12,-1,0.8448866079835331
430662,188592,000000188592.jpg,FRONT,3,16,95392.6,512.1,-1,aic_coco_self,rtmdet_ins_tiny,rtmdet_ins_tiny,4,0.8574,0.9239,0.9239,0,0.9716230386758762,0.9716230386758762,1.0,16,0,-0.49087728290799737,12,-1,0.8432220711427576
431114,378454,000000378454.jpg,REAR,0,12,10891.7,141.2,1,body7_official,gt_box,gt_box,,,1.0,1.0,0,0.8644038869423749,0.8644038869423749,0.9090909090909091,11,0,-0.4932381283242328,10,1,0.6544892507440904
431114,378454,000000378454.jpg,REAR,0,12,10891.7,141.2,1,body7_official,rtmdet_ins_tiny,rtmdet_ins_tiny,1,0.7945,0.9594,0.9594,0,0.861429346498631,0.861429346498631,0.9090909090909091,11,0,-0.492260351009843,10,1,0.6521872089189642
431114,378454,000000378454.jpg,REAR,0,12,10891.7,141.2,1,body7_self,gt_box,gt_box,,,1.0,1.0,0,0.8644038869423749,0.8644038869423749,0.9090909090909091,11,0,-0.4932381283242328,10,1,0.6544891315348008
431114,378454,000000378454.jpg,REAR,0,12,10891.7,141.2,1,body7_self,rtmdet_ins_tiny,rtmdet_ins_tiny,1,0.7945,0.9594,0.9594,0,0.861429346498631,0.861429346498631,0.9090909090909091,11,0,-0.492260351009843,10,1,0.65218725975822
431114,378454,000000378454.jpg,REAR,0,12,10891.7,141.2,1,aic_coco_self,gt_box,gt_box,,,1.0,1.0,0,0.9248119089823595,0.9248119089823595,1.0,11,0,-0.5234129407435498,10,1,0.7220432916108299
431114,378454,000000378454.jpg,REAR,0,12,10891.7,141.2,1,aic_coco_self,rtmdet_ins_tiny,rtmdet_ins_tiny,1,0.7945,0.9594,0.9594,0,0.9314542502442203,0.9314542502442203,1.0,11,0,-0.524294916581582,10,1,0.7282812700552099
431516,477288,000000477288.jpg,REAR,0,8,41118.3,327.9,1,body7_official,gt_box,gt_box,,,1.0,1.0,0,0.9746626501029778,0.9746626501029778,1.0,8,0,-0.3759654213866538,4,1,0.6040478751939886
431516,477288,000000477288.jpg,REAR,0,8,41118.3,327.9,1,body7_official,rtmdet_ins_tiny,rtmdet_ins_tiny,67,0.8138,0.9487,0.9487,0,0.9641337604580424,0.9641337604580424,1.0,8,0,-0.37140105133796114,4,1,0.6045236307031968
431516,477288,000000477288.jpg,REAR,0,8,41118.3,327.9,1,body7_self,gt_box,gt_box,,,1.0,1.0,0,0.9746626501029778,0.9746626501029778,1.0,8,0,-0.3759654213866538,4,1,0.60404773144161
431516,477288,000000477288.jpg,REAR,0,8,41118.3,327.9,1,body7_self,rtmdet_ins_tiny,rtmdet_ins_tiny,67,0.8138,0.9487,0.9487,0,0.9641337604580424,0.9641337604580424,1.0,8,0,-0.37140105133796114,4,1,0.6045235675923964
431516,477288,000000477288.jpg,REAR,0,8,41118.3,327.9,1,aic_coco_self,gt_box,gt_box,,,1.0,1.0,0,0.9575732072934928,0.9575732072934928,1.0,8,0,-0.3681354082909729,4,1,0.6523540309246849
431516,477288,000000477288.jpg,REAR,0,8,41118.3,327.9,1,aic_coco_self,rtmdet_ins_tiny,rtmdet_ins_tiny,67,0.8138,0.9487,0.9487,0,0.9656728486864663,0.9656728486864663,1.0,8,0,-0.37865640865860817,4,1,0.6520558788495905
431990,369037,000000369037.jpg,FRONT,3,11,52817.1,409.9,-1,body7_official,gt_box,gt_box,,,1.0,1.0,0,0.9536322405615719,0.9536322405615719,1.0,10,0,-0.324575832387487,4,-1,0.8075544413398293
431990,369037,000000369037.jpg,FRONT,3,11,52817.1,409.9,-1,body7_official,rtmdet_ins_tiny,rtmdet_ins_tiny,33,0.8785,0.9345,0.9345,0,0.9487967494525398,0.9487967494525398,1.0,10,0,-0.32359964750197834,4,-1,0.8193983926492578
431990,369037,000000369037.jpg,FRONT,3,11,52817.1,409.9,-1,body7_self,gt_box,gt_box,,,1.0,1.0,0,0.9536322405615719,0.9536322405615719,1.0,10,0,-0.324575832387487,4,-1,0.8075544378336739
431990,369037,000000369037.jpg,FRONT,3,11,52817.1,409.9,-1,body7_self,rtmdet_ins_tiny,rtmdet_ins_tiny,33,0.8785,0.9345,0.9345,0,0.9487967494525398,0.9487967494525398,1.0,10,0,-0.32359964750197834,4,-1,0.8193984767969917
431990,369037,000000369037.jpg,FRONT,3,11,52817.1,409.9,-1,aic_coco_self,gt_box,gt_box,,,1.0,1.0,0,0.9627044738143853,0.9627044738143853,1.0,10,0,-0.3326139663515681,4,-1,0.7693273390040678
431990,369037,000000369037.jpg,FRONT,3,11,52817.1,409.9,-1,aic_coco_self,rtmdet_ins_tiny,rtmdet_ins_tiny,33,0.8785,0.9345,0.9345,0,0.9707684676720504,0.9707684676720504,1.0,10,0,-0.3325045009308251,4,-1,0.7819268160006579
432223,117197,000000117197.jpg,PROFILE,1,16,22532.9,233.4,-1,body7_official,gt_box,gt_box,,,1.0,1.0,0,0.9746663697639834,0.9746663697639834,1.0,14,0,-0.45236538617045274,12,-1,0.7793796132592594
432223,117197,000000117197.jpg,PROFILE,1,16,22532.9,233.4,-1,body7_official,rtmdet_ins_tiny,rtmdet_ins_tiny,3,0.7967,0.8990,0.8990,0,0.9785983382315001,0.9785983382315001,1.0,14,0,-0.44739420287832055,12,-1,0.7908347424338845
432223,117197,000000117197.jpg,PROFILE,1,16,22532.9,233.4,-1,body7_self,gt_box,gt_box,,,1.0,1.0,0,0.9746663697639834,0.9746663697639834,1.0,14,0,-0.45236538617045274,12,-1,0.7793795676792369
432223,117197,000000117197.jpg,PROFILE,1,16,22532.9,233.4,-1,body7_self,rtmdet_ins_tiny,rtmdet_ins_tiny,3,0.7967,0.8990,0.8990,0,0.9785983382315001,0.9785983382315001,1.0,14,0,-0.44739420287832055,12,-1,0.7908347424338845
432223,117197,000000117197.jpg,PROFILE,1,16,22532.9,233.4,-1,aic_coco_self,gt_box,gt_box,,,1.0,1.0,0,0.9837917966558863,0.9837917966558863,1.0,14,0,-0.45335263187000585,12,-1,0.8119442287613364
432223,117197,000000117197.jpg,PROFILE,1,16,22532.9,233.4,-1,aic_coco_self,rtmdet_ins_tiny,rtmdet_ins_tiny,3,0.7967,0.8990,0.8990,0,0.9741078049498105,0.9741078049498105,1.0,14,0,-0.4506525747084682,12,-1,0.8176043769892525
433470,253742,000000253742.jpg,FRONT,3,14,5913.7,140.8,-1,body7_official,gt_box,gt_box,,,1.0,1.0,0,0.9843071834076759,0.9843071834076759,1.0,12,0,-0.5086329433458582,8,-1,0.7349303960800171
433470,253742,000000253742.jpg,FRONT,3,14,5913.7,140.8,-1,body7_official,rtmdet_ins_tiny,rtmdet_ins_tiny,20,0.8509,0.9490,0.9490,0,0.9823793770779249,0.9823793770779249,1.0,12,0,-0.5084661811357645,8,-1,0.7446864387568306
433470,253742,000000253742.jpg,FRONT,3,14,5913.7,140.8,-1,body7_self,gt_box,gt_box,,,1.0,1.0,0,0.9843071834076759,0.9843071834076759,1.0,12,0,-0.5086329433458582,8,-1,0.7349304591908175
433470,253742,000000253742.jpg,FRONT,3,14,5913.7,140.8,-1,body7_self,rtmdet_ins_tiny,rtmdet_ins_tiny,20,0.8509,0.9490,0.9490,0,0.9823793770779249,0.9823793770779249,1.0,12,0,-0.5084661811357645,8,-1,0.7446864334975972
433470,253742,000000253742.jpg,FRONT,3,14,5913.7,140.8,-1,aic_coco_self,gt_box,gt_box,,,1.0,1.0,0,0.9772756144112275,0.9772756144112275,1.0,12,0,-0.5140639325421406,8,-1,0.7455565578797284
433470,253742,000000253742.jpg,FRONT,3,14,5913.7,140.8,-1,aic_coco_self,rtmdet_ins_tiny,rtmdet_ins_tiny,20,0.8509,0.9490,0.9490,0,0.9757254786370432,0.9757254786370432,1.0,12,0,-0.512092509542349,8,-1,0.7513537924079334
434274,132931,000000132931.jpg,FRONT,3,16,19561.3,293.0,-1,body7_official,gt_box,gt_box,,,1.0,1.0,0,0.965804702457483,0.965804702457483,1.0,16,0,-0.45671149633562946,12,-1,0.9168297508183647
434274,132931,000000132931.jpg,FRONT,3,16,19561.3,293.0,-1,body7_official,rtmdet_ins_tiny,rtmdet_ins_tiny,15,0.8940,0.9798,0.9798,0,0.9705843550934256,0.9705843550934256,1.0,16,0,-0.4559208394920028,12,-1,0.9138929212794584
434274,132931,000000132931.jpg,FRONT,3,16,19561.3,293.0,-1,body7_self,gt_box,gt_box,,,1.0,1.0,0,0.965804702457483,0.965804702457483,1.0,16,0,-0.45671149633562946,12,-1,0.9168297052383423
434274,132931,000000132931.jpg,FRONT,3,16,19561.3,293.0,-1,body7_self,rtmdet_ins_tiny,rtmdet_ins_tiny,15,0.8940,0.9798,0.9798,0,0.9705843550934256,0.9705843550934256,1.0,16,0,-0.4559208394920028,12,-1,0.9138930194518146
434274,132931,000000132931.jpg,FRONT,3,16,19561.3,293.0,-1,aic_coco_self,gt_box,gt_box,,,1.0,1.0,0,0.9723639029607236,0.9723639029607236,1.0,16,0,-0.45462073297901073,12,-1,0.912224738036885
434274,132931,000000132931.jpg,FRONT,3,16,19561.3,293.0,-1,aic_coco_self,rtmdet_ins_tiny,rtmdet_ins_tiny,15,0.8940,0.9798,0.9798,0,0.9724944954439214,0.9724944954439214,1.0,16,0,-0.4523613780819147,12,-1,0.9139892634223489
434569,504389,000000504389.jpg,OBLIQUE,2,15,2269.1,112.1,-1,body7_official,gt_box,gt_box,,,1.0,1.0,0,0.929563286614322,0.929563286614322,1.0,15,0,-0.236064301276869,12,-1,0.7627158007201027
434569,504389,000000504389.jpg,OBLIQUE,2,15,2269.1,112.1,-1,body7_official,rtmdet_ins_tiny,rtmdet_ins_tiny,24,0.8652,0.9510,0.9510,0,0.9276526202606735,0.9276526202606735,1.0,15,0,-0.23558653048619882,12,-1,0.7725609891554889
434569,504389,000000504389.jpg,OBLIQUE,2,15,2269.1,112.1,-1,body7_self,gt_box,gt_box,,,1.0,1.0,0,0.929563286614322,0.929563286614322,1.0,15,0,-0.236064301276869,12,-1,0.762715781436247
434569,504389,000000504389.jpg,OBLIQUE,2,15,2269.1,112.1,-1,body7_self,rtmdet_ins_tiny,rtmdet_ins_tiny,24,0.8652,0.9510,0.9510,0,0.9276526202606735,0.9276526202606735,1.0,15,0,-0.23558653048619882,12,-1,0.7725609523408553
434569,504389,000000504389.jpg,OBLIQUE,2,15,2269.1,112.1,-1,aic_coco_self,gt_box,gt_box,,,1.0,1.0,0,0.9196614530064705,0.9196614530064705,1.0,15,0,-0.233879530857584,12,-1,0.7929807305335999
434569,504389,000000504389.jpg,OBLIQUE,2,15,2269.1,112.1,-1,aic_coco_self,rtmdet_ins_tiny,rtmdet_ins_tiny,24,0.8652,0.9510,0.9510,0,0.9168945900040008,0.9168945900040008,1.0,15,0,-0.23516619019057086,12,-1,0.8053596230114207
435143,163257,000000163257.jpg,FRONT,3,16,87366.6,632.8,-1,body7_official,gt_box,gt_box,,,1.0,1.0,0,0.9781308319916105,0.9781308319916105,1.0,16,0,-0.4214521157412452,12,-1,0.8790585153243121
435143,163257,000000163257.jpg,FRONT,3,16,87366.6,632.8,-1,body7_official,rtmdet_ins_tiny,rtmdet_ins_tiny,23,0.8947,0.8933,0.8933,0,0.9815249587733202,0.9815249587733202,1.0,16,0,-0.4214644398483423,12,-1,0.899717323920306
435143,163257,000000163257.jpg,FRONT,3,16,87366.6,632.8,-1,body7_self,gt_box,gt_box,,,1.0,1.0,0,0.9781308319916105,0.9781308319916105,1.0,16,0,-0.4214521157412452,12,-1,0.8790586134966683
435143,163257,000000163257.jpg,FRONT,3,16,87366.6,632.8,-1,body7_self,rtmdet_ins_tiny,rtmdet_ins_tiny,23,0.8947,0.8933,0.8933,0,0.9815249587733202,0.9815249587733202,1.0,16,0,-0.4214644398483423,12,-1,0.8997172958710614
435143,163257,000000163257.jpg,FRONT,3,16,87366.6,632.8,-1,aic_coco_self,gt_box,gt_box,,,1.0,1.0,0,0.9796650538583739,0.9796650538583739,1.0,16,0,-0.4176522310847833,12,-1,0.8863850235939026
435143,163257,000000163257.jpg,FRONT,3,16,87366.6,632.8,-1,aic_coco_self,rtmdet_ins_tiny,rtmdet_ins_tiny,23,0.8947,0.8933,0.8933,0,0.9833368493531023,0.9833368493531023,1.0,16,0,-0.4202734525582212,12,-1,0.8867112889009363
435735,51314,000000051314.jpg,FRONT,3,16,35403.1,305.3,-1,body7_official,gt_box,gt_box,,,1.0,1.0,0,0.9709604532355753,0.9709604532355753,1.0,14,0,-0.6257258787220293,10,-1,0.7697231489069322
435735,51314,000000051314.jpg,FRONT,3,16,35403.1,305.3,-1,body7_official,rtmdet_ins_tiny,rtmdet_ins_tiny,2,0.7978,0.9422,0.9422,0,0.9732830207508221,0.9732830207508221,1.0,14,0,-0.6247170203512583,10,-1,0.7660986132481519
435735,51314,000000051314.jpg,FRONT,3,16,35403.1,305.3,-1,body7_self,gt_box,gt_box,,,1.0,1.0,0,0.9709604532355753,0.9709604532355753,1.0,14,0,-0.6257258787220293,10,-1,0.7697232611039105
435735,51314,000000051314.jpg,FRONT,3,16,35403.1,305.3,-1,body7_self,rtmdet_ins_tiny,rtmdet_ins_tiny,2,0.7978,0.9422,0.9422,0,0.9732830207508221,0.9732830207508221,1.0,14,0,-0.6247170203512583,10,-1,0.7660985729273628
435735,51314,000000051314.jpg,FRONT,3,16,35403.1,305.3,-1,aic_coco_self,gt_box,gt_box,,,1.0,1.0,0,0.9717703105828404,0.9717703105828404,1.0,14,0,-0.6295720200110575,10,-1,0.7796912263421452
435735,51314,000000051314.jpg,FRONT,3,16,35403.1,305.3,-1,aic_coco_self,rtmdet_ins_tiny,rtmdet_ins_tiny,2,0.7978,0.9422,0.9422,0,0.9728078542533092,0.9728078542533092,1.0,14,0,-0.6299162210500103,10,-1,0.7812959306380328
436573,88970,000000088970.jpg,OBLIQUE,2,15,22057.5,336.0,1,body7_official,gt_box,gt_box,,,1.0,1.0,0,0.9364091242546803,0.9364091242546803,1.0,15,0,-0.44215906875328326,12,1,0.8180423729559955
436573,88970,000000088970.jpg,OBLIQUE,2,15,22057.5,336.0,1,body7_official,rtmdet_ins_tiny,rtmdet_ins_tiny,2,0.9181,0.9496,0.9496,0,0.9325431875788909,0.9325431875788909,1.0,15,0,-0.4406938948410717,12,1,0.8143499248168048
436573,88970,000000088970.jpg,OBLIQUE,2,15,22057.5,336.0,1,body7_self,gt_box,gt_box,,,1.0,1.0,0,0.9364091242546803,0.9364091242546803,1.0,15,0,-0.44215906875328326,12,1,0.8180424080175512
436573,88970,000000088970.jpg,OBLIQUE,2,15,22057.5,336.0,1,body7_self,rtmdet_ins_tiny,rtmdet_ins_tiny,2,0.9181,0.9496,0.9496,0,0.9325431875788909,0.9325431875788909,1.0,15,0,-0.4406938948410717,12,1,0.8143498932614046
436573,88970,000000088970.jpg,OBLIQUE,2,15,22057.5,336.0,1,aic_coco_self,gt_box,gt_box,,,1.0,1.0,0,0.9368670412957697,0.9368670412957697,1.0,15,0,-0.44337888487698485,12,1,0.8649751719306497
436573,88970,000000088970.jpg,OBLIQUE,2,15,22057.5,336.0,1,aic_coco_self,rtmdet_ins_tiny,rtmdet_ins_tiny,2,0.9181,0.9496,0.9496,0,0.9350166949878217,0.9350166949878217,1.0,15,0,-0.4437760407360773,12,1,0.8667801057591158
436867,447314,000000447314.jpg,REAR,0,14,4331.2,115.6,1,body7_official,gt_box,gt_box,,,1.0,1.0,0,0.9558529533136374,0.9558529533136374,1.0,14,0,-0.45927790570708066,12,1,0.7083651774069842
436867,447314,000000447314.jpg,REAR,0,14,4331.2,115.6,1,body7_official,rtmdet_ins_tiny,rtmdet_ins_tiny,8,0.7845,0.9119,0.9119,0,0.9588001669648648,0.9588001669648648,1.0,14,0,-0.46335336359056634,12,1,0.7186985085992252
436867,447314,000000447314.jpg,REAR,0,14,4331.2,115.6,1,body7_self,gt_box,gt_box,,,1.0,1.0,0,0.9558529533136374,0.9558529533136374,1.0,14,0,-0.45927790570708066,12,1,0.7083651598762063
436867,447314,000000447314.jpg,REAR,0,14,4331.2,115.6,1,body7_self,rtmdet_ins_tiny,rtmdet_ins_tiny,8,0.7845,0.9119,0.9119,0,0.9588001669648648,0.9588001669648648,1.0,14,0,-0.46335336359056634,12,1,0.7186984244514915
436867,447314,000000447314.jpg,REAR,0,14,4331.2,115.6,1,aic_coco_self,gt_box,gt_box,,,1.0,1.0,0,0.965689043132223,0.965689043132223,1.0,14,0,-0.4707133736072504,12,1,0.7422365511164946
436867,447314,000000447314.jpg,REAR,0,14,4331.2,115.6,1,aic_coco_self,rtmdet_ins_tiny,rtmdet_ins_tiny,8,0.7845,0.9119,0.9119,0,0.952835835653909,0.952835835653909,1.0,14,0,-0.46536371505193025,12,1,0.7328527639893925
437440,531134,000000531134.jpg,REAR,0,14,2866.2,107.9,1,body7_official,gt_box,gt_box,,,1.0,1.0,0,0.8808552169000966,0.8808552169000966,0.9285714285714286,14,0,-0.20904850773390293,12,1,0.7024622033624088
437440,531134,000000531134.jpg,REAR,0,14,2866.2,107.9,1,body7_official,rtmdet_ins_tiny,rtmdet_ins_tiny,10,0.6963,0.6290,0.6290,0,0.8866216908962794,0.8866216908962794,0.9285714285714286,14,0,-0.21373164432672298,12,1,0.6748964576160207
437440,531134,000000531134.jpg,REAR,0,14,2866.2,107.9,1,body7_self,gt_box,gt_box,,,1.0,1.0,0,0.8808552169000966,0.8808552169000966,0.9285714285714286,14,0,-0.20904850773390293,12,1,0.702462201609331
437440,531134,000000531134.jpg,REAR,0,14,2866.2,107.9,1,body7_self,rtmdet_ins_tiny,rtmdet_ins_tiny,10,0.6963,0.6290,0.6290,0,0.8866216908962794,0.8866216908962794,0.9285714285714286,14,0,-0.21373164432672298,12,1,0.6748965978622437
437440,531134,000000531134.jpg,REAR,0,14,2866.2,107.9,1,aic_coco_self,gt_box,gt_box,,,1.0,1.0,0,0.8913271115795108,0.8913271115795108,0.9285714285714286,14,0,-0.2169731527458474,12,1,0.6938711194431081
437440,531134,000000531134.jpg,REAR,0,14,2866.2,107.9,1,aic_coco_self,rtmdet_ins_tiny,rtmdet_ins_tiny,10,0.6963,0.6290,0.6290,0,0.8720803065479255,0.8720803065479255,0.9285714285714286,14,0,-0.2108660688271305,12,1,0.6690704156370724
437827,359540,000000359540.jpg,PROFILE,1,14,7641.5,170.3,-1,body7_official,gt_box,gt_box,,,1.0,1.0,0,0.9647560647576182,0.9647560647576182,1.0,14,0,-0.25372508256308735,12,-1,0.8191208734231836
437827,359540,000000359540.jpg,PROFILE,1,14,7641.5,170.3,-1,body7_official,rtmdet_ins_tiny,rtmdet_ins_tiny,5,0.9274,0.9687,0.9687,0,0.9626072521286634,0.9626072521286634,1.0,14,0,-0.2561894778705727,12,-1,0.8132874579990611
437827,359540,000000359540.jpg,PROFILE,1,14,7641.5,170.3,-1,body7_self,gt_box,gt_box,,,1.0,1.0,0,0.9647560647576182,0.9647560647576182,1.0,14,0,-0.25372508256308735,12,-1,0.8191209645832286
437827,359540,000000359540.jpg,PROFILE,1,14,7641.5,170.3,-1,body7_self,rtmdet_ins_tiny,rtmdet_ins_tiny,5,0.9274,0.9687,0.9687,0,0.9626072521286634,0.9626072521286634,1.0,14,0,-0.2561894778705727,12,-1,0.8132874299498165
437827,359540,000000359540.jpg,PROFILE,1,14,7641.5,170.3,-1,aic_coco_self,gt_box,gt_box,,,1.0,1.0,0,0.9597530596902707,0.9597530596902707,1.0,14,0,-0.25887698517197805,12,-1,0.8116588767837075
437827,359540,000000359540.jpg,PROFILE,1,14,7641.5,170.3,-1,aic_coco_self,rtmdet_ins_tiny,rtmdet_ins_tiny,5,0.9274,0.9687,0.9687,0,0.9596894713573795,0.9596894713573795,1.0,14,0,-0.25982072130408684,12,-1,0.816596294150633
438066,567740,000000567740.jpg,FRONT,3,16,22125.0,307.8,-1,body7_official,gt_box,gt_box,,,1.0,1.0,0,0.9759326964616979,0.9759326964616979,1.0,16,0,-0.45334194849526627,12,-1,0.8687726925401127
438066,567740,000000567740.jpg,FRONT,3,16,22125.0,307.8,-1,body7_official,rtmdet_ins_tiny,rtmdet_ins_tiny,6,0.9016,0.9762,0.9762,0,0.976016944605414,0.976016944605414,1.0,16,0,-0.4532727962722577,12,-1,0.8648653521257288
438066,567740,000000567740.jpg,FRONT,3,16,22125.0,307.8,-1,body7_self,gt_box,gt_box,,,1.0,1.0,0,0.9759326964616979,0.9759326964616979,1.0,16,0,-0.45334194849526627,12,-1,0.8687727346139795
438066,567740,000000567740.jpg,FRONT,3,16,22125.0,307.8,-1,body7_self,rtmdet_ins_tiny,rtmdet_ins_tiny,6,0.9016,0.9762,0.9762,0,0.976016944605414,0.976016944605414,1.0,16,0,-0.4532727962722577,12,-1,0.8648653275826398
438066,567740,000000567740.jpg,FRONT,3,16,22125.0,307.8,-1,aic_coco_self,gt_box,gt_box,,,1.0,1.0,0,0.9817417768999177,0.9817417768999177,1.0,16,0,-0.46980179410962125,12,-1,0.8693198456483728
438066,567740,000000567740.jpg,FRONT,3,16,22125.0,307.8,-1,aic_coco_self,rtmdet_ins_tiny,rtmdet_ins_tiny,6,0.9016,0.9762,0.9762,0,0.9828412866876707,0.9828412866876707,1.0,16,0,-0.46741159449344893,12,-1,0.8709625040783602
438383,252716,000000252716.jpg,REAR,0,12,1694.0,106.6,-1,body7_official,gt_box,gt_box,,,1.0,1.0,0,0.9267296025108873,0.9267296025108873,1.0,12,0,-0.3415655153205192,12,-1,0.7793012051021352
438383,252716,000000252716.jpg,REAR,0,12,1694.0,106.6,-1,body7_official,rtmdet_ins_tiny,rtmdet_ins_tiny,15,0.8644,0.8810,0.8810,0,0.8553584853059943,0.8553584853059943,0.9166666666666666,12,0,-0.26198081377862664,12,-1,0.7034486023818746
438383,252716,000000252716.jpg,REAR,0,12,1694.0,106.6,-1,body7_self,gt_box,gt_box,,,1.0,1.0,0,0.9267296025108873,0.9267296025108873,1.0,12,0,-0.3415655153205192,12,-1,0.7793008790296667
438383,252716,000000252716.jpg,REAR,0,12,1694.0,106.6,-1,body7_self,rtmdet_ins_tiny,rtmdet_ins_tiny,15,0.8644,0.8810,0.8810,0,0.8553584853059943,0.8553584853059943,0.9166666666666666,12,0,-0.26198081377862664,12,-1,0.7034485760857078
438383,252716,000000252716.jpg,REAR,0,12,1694.0,106.6,-1,aic_coco_self,gt_box,gt_box,,,1.0,1.0,0,0.9492515723175354,0.9492515723175354,1.0,12,0,-0.3475197455932032,12,-1,0.7098596867393044
438383,252716,000000252716.jpg,REAR,0,12,1694.0,106.6,-1,aic_coco_self,rtmdet_ins_tiny,rtmdet_ins_tiny,15,0.8644,0.8810,0.8810,0,0.9233532800293229,0.9233532800293229,1.0,12,0,-0.3384799777084539,12,-1,0.6974372863769531
438603,129945,000000129945.jpg,FRONT,3,16,8201.8,183.3,-1,body7_official,gt_box,gt_box,,,1.0,1.0,0,0.9784453914958654,0.9784453914958654,1.0,16,0,-0.5257061748664272,12,-1,0.865049726822797
438603,129945,000000129945.jpg,FRONT,3,16,8201.8,183.3,-1,body7_official,rtmdet_ins_tiny,rtmdet_ins_tiny,15,0.9442,0.9327,0.9327,0,0.9837217802198821,0.9837217802198821,1.0,16,0,-0.5257045271906002,12,-1,0.8575857807608211
438603,129945,000000129945.jpg,FRONT,3,16,8201.8,183.3,-1,body7_self,gt_box,gt_box,,,1.0,1.0,0,0.9784453914958654,0.9784453914958654,1.0,16,0,-0.5257061748664272,12,-1,0.8650497899335974
438603,129945,000000129945.jpg,FRONT,3,16,8201.8,183.3,-1,body7_self,rtmdet_ins_tiny,rtmdet_ins_tiny,15,0.9442,0.9327,0.9327,0,0.9837217802198821,0.9837217802198821,1.0,16,0,-0.5257045271906002,12,-1,0.8575858088100657
438603,129945,000000129945.jpg,FRONT,3,16,8201.8,183.3,-1,aic_coco_self,gt_box,gt_box,,,1.0,1.0,0,0.9758246596776572,0.9758246596776572,1.0,16,0,-0.523242920183884,12,-1,0.8475809237536263
438603,129945,000000129945.jpg,FRONT,3,16,8201.8,183.3,-1,aic_coco_self,rtmdet_ins_tiny,rtmdet_ins_tiny,15,0.9442,0.9327,0.9327,0,0.9890997062926989,0.9890997062926989,1.0,16,0,-0.5238632546210965,12,-1,0.8444018854814417
439279,67616,000000067616.jpg,OBLIQUE,2,13,3657.0,133.5,1,body7_official,gt_box,gt_box,,,1.0,1.0,0,0.9589006468961642,0.9589006468961642,1.0,13,0,-0.21988610651645366,8,1,0.7390190152560964
439279,67616,000000067616.jpg,OBLIQUE,2,13,3657.0,133.5,1,body7_official,rtmdet_ins_tiny,rtmdet_ins_tiny,19,0.8906,0.9378,0.9378,0,0.9551413356074114,0.9551413356074114,1.0,13,0,-0.2202565502890379,8,1,0.7501393696841072
439279,67616,000000067616.jpg,OBLIQUE,2,13,3657.0,133.5,1,body7_self,gt_box,gt_box,,,1.0,1.0,0,0.9589006468961642,0.9589006468961642,1.0,13,0,-0.21988610651645366,8,1,0.7390188189113841
439279,67616,000000067616.jpg,OBLIQUE,2,13,3657.0,133.5,1,body7_self,rtmdet_ins_tiny,rtmdet_ins_tiny,19,0.8906,0.9378,0.9378,0,0.9551413356074114,0.9551413356074114,1.0,13,0,-0.2202565502890379,8,1,0.7501393486471737
439279,67616,000000067616.jpg,OBLIQUE,2,13,3657.0,133.5,1,aic_coco_self,gt_box,gt_box,,,1.0,1.0,0,0.9681008025289455,0.9681008025289455,1.0,13,0,-0.22463285219915932,8,1,0.7209620019968819
439279,67616,000000067616.jpg,OBLIQUE,2,13,3657.0,133.5,1,aic_coco_self,rtmdet_ins_tiny,rtmdet_ins_tiny,19,0.8906,0.9378,0.9378,0,0.9626266092910668,0.9626266092910668,1.0,13,0,-0.21912630107229444,8,1,0.725733229342629
439621,541055,000000541055.jpg,FRONT,3,14,7597.5,203.8,-1,body7_official,gt_box,gt_box,,,1.0,1.0,0,0.9680796589773228,0.9680796589773228,1.0,14,0,-0.16328189026214204,10,-1,0.7923903710701886
439621,541055,000000541055.jpg,FRONT,3,14,7597.5,203.8,-1,body7_official,rtmdet_ins_tiny,rtmdet_ins_tiny,13,0.8781,0.9705,0.9705,0,0.9709963179835606,0.9709963179835606,1.0,14,0,-0.15802688666497422,10,-1,0.799569613793317
439621,541055,000000541055.jpg,FRONT,3,14,7597.5,203.8,-1,body7_self,gt_box,gt_box,,,1.0,1.0,0,0.9680796589773228,0.9680796589773228,1.0,14,0,-0.16328189026214204,10,-1,0.7923903254901662
439621,541055,000000541055.jpg,FRONT,3,14,7597.5,203.8,-1,body7_self,rtmdet_ins_tiny,rtmdet_ins_tiny,13,0.8781,0.9705,0.9705,0,0.9709963179835606,0.9709963179835606,1.0,14,0,-0.15802688666497422,10,-1,0.7995695506825167
439621,541055,000000541055.jpg,FRONT,3,14,7597.5,203.8,-1,aic_coco_self,gt_box,gt_box,,,1.0,1.0,0,0.9754457616966288,0.9754457616966288,1.0,14,0,-0.16298002513693927,10,-1,0.8373845114427454
439621,541055,000000541055.jpg,FRONT,3,14,7597.5,203.8,-1,aic_coco_self,rtmdet_ins_tiny,rtmdet_ins_tiny,13,0.8781,0.9705,0.9705,0,0.9744206310595412,0.9744206310595412,1.0,14,0,-0.16344787287453427,10,-1,0.8438598443480099
439875,527427,000000527427.jpg,OBLIQUE,2,15,40846.0,328.6,-1,body7_official,gt_box,gt_box,,,1.0,1.0,0,0.9741086824935612,0.9741086824935612,1.0,15,0,-0.16582033894398268,12,-1,0.8140144207898308
439875,527427,000000527427.jpg,OBLIQUE,2,15,40846.0,328.6,-1,body7_official,rtmdet_ins_tiny,rtmdet_ins_tiny,5,0.8635,0.9307,0.9307,0,0.9588795762738747,0.9588795762738747,1.0,15,0,-0.1533626241256805,12,-1,0.8144355872098137
439875,527427,000000527427.jpg,OBLIQUE,2,15,40846.0,328.6,-1,body7_self,gt_box,gt_box,,,1.0,1.0,0,0.9741086824935612,0.9741086824935612,1.0,15,0,-0.16582033894398268,12,-1,0.8140144453329199
439875,527427,000000527427.jpg,OBLIQUE,2,15,40846.0,328.6,-1,body7_self,rtmdet_ins_tiny,rtmdet_ins_tiny,5,0.8635,0.9307,0.9307,0,0.9588795762738747,0.9588795762738747,1.0,15,0,-0.1533626241256805,12,-1,0.8144354644943687
439875,527427,000000527427.jpg,OBLIQUE,2,15,40846.0,328.6,-1,aic_coco_self,gt_box,gt_box,,,1.0,1.0,0,0.9457659061888197,0.9457659061888197,1.0,15,0,-0.1457726885201,12,-1,0.8554279804229736
439875,527427,000000527427.jpg,OBLIQUE,2,15,40846.0,328.6,-1,aic_coco_self,rtmdet_ins_tiny,rtmdet_ins_tiny,5,0.8635,0.9307,0.9307,0,0.9502706133956154,0.9502706133956154,1.0,15,0,-0.14444665491406286,12,-1,0.8281683466013741
440378,511760,000000511760.jpg,REAR,0,12,3105.7,100.2,1,body7_official,gt_box,gt_box,,,1.0,1.0,0,0.9771465561384086,0.9771465561384086,1.0,11,0,-0.3011107418906559,8,1,0.7323227665003609
440378,511760,000000511760.jpg,REAR,0,12,3105.7,100.2,1,body7_official,rtmdet_ins_tiny,rtmdet_ins_tiny,8,0.8741,0.8908,0.8908,0,0.9765888008758394,0.9765888008758394,1.0,11,0,-0.2965280612106236,8,1,0.7502567908343147
440378,511760,000000511760.jpg,REAR,0,12,3105.7,100.2,1,body7_self,gt_box,gt_box,,,1.0,1.0,0,0.9771465561384086,0.9771465561384086,1.0,11,0,-0.3011107418906559,8,1,0.7323227314388051
440378,511760,000000511760.jpg,REAR,0,12,3105.7,100.2,1,body7_self,rtmdet_ins_tiny,rtmdet_ins_tiny,8,0.8741,0.8908,0.8908,0,0.9765888008758394,0.9765888008758394,1.0,11,0,-0.2965280612106236,8,1,0.7502567680443034
440378,511760,000000511760.jpg,REAR,0,12,3105.7,100.2,1,aic_coco_self,gt_box,gt_box,,,1.0,1.0,0,0.973563301244755,0.973563301244755,1.0,11,0,-0.29740216132731545,8,1,0.7691745197071749
440378,511760,000000511760.jpg,REAR,0,12,3105.7,100.2,1,aic_coco_self,rtmdet_ins_tiny,rtmdet_ins_tiny,8,0.8741,0.8908,0.8908,0,0.975504824846042,0.975504824846042,1.0,11,0,-0.30073140085717315,8,1,0.7842005631502937
440794,394510,000000394510.jpg,FRONT,3,17,21972.9,316.4,-1,body7_official,gt_box,gt_box,,,1.0,1.0,0,0.9752527812204846,0.9752527812204846,1.0,17,0,-0.3804538203532242,12,-1,0.8571262289496029
440794,394510,000000394510.jpg,FRONT,3,17,21972.9,316.4,-1,body7_official,rtmdet_ins_tiny,rtmdet_ins_tiny,9,0.8906,0.9353,0.9353,0,0.9706494606787426,0.9706494606787426,1.0,17,0,-0.3797020066879859,12,-1,0.857273659285377
440794,394510,000000394510.jpg,FRONT,3,17,21972.9,316.4,-1,body7_self,gt_box,gt_box,,,1.0,1.0,0,0.9752527812204846,0.9752527812204846,1.0,17,0,-0.3804538203532242,12,-1,0.8571261903818916
440794,394510,000000394510.jpg,FRONT,3,17,21972.9,316.4,-1,body7_self,rtmdet_ins_tiny,rtmdet_ins_tiny,9,0.8906,0.9353,0.9353,0,0.9706494606787426,0.9706494606787426,1.0,17,0,-0.3797020066879859,12,-1,0.8572735716314877
440794,394510,000000394510.jpg,FRONT,3,17,21972.9,316.4,-1,aic_coco_self,gt_box,gt_box,,,1.0,1.0,0,0.9730009360178897,0.9730009360178897,1.0,17,0,-0.3819018891750807,12,-1,0.8743257978383232
440794,394510,000000394510.jpg,FRONT,3,17,21972.9,316.4,-1,aic_coco_self,rtmdet_ins_tiny,rtmdet_ins_tiny,9,0.8906,0.9353,0.9353,0,0.9733418022330476,0.9733418022330476,1.0,17,0,-0.38119117637681793,12,-1,0.8801463947576635
441086,67310,000000067310.jpg,OBLIQUE,2,15,20882.3,248.1,1,body7_official,gt_box,gt_box,,,1.0,1.0,0,0.9665556569964028,0.9665556569964028,1.0,15,0,-0.4489541909448021,12,1,0.8146478603867924
441086,67310,000000067310.jpg,OBLIQUE,2,15,20882.3,248.1,1,body7_official,rtmdet_ins_tiny,rtmdet_ins_tiny,7,0.8894,0.8704,0.8704,0,0.9737578655077428,0.9737578655077428,1.0,15,0,-0.45992561304369295,12,1,0.8248438975390266
441086,67310,000000067310.jpg,OBLIQUE,2,15,20882.3,248.1,1,body7_self,gt_box,gt_box,,,1.0,1.0,0,0.9665556569964028,0.9665556569964028,1.0,15,0,-0.4489541909448021,12,1,0.814647912979126
441086,67310,000000067310.jpg,OBLIQUE,2,15,20882.3,248.1,1,body7_self,rtmdet_ins_tiny,rtmdet_ins_tiny,7,0.8894,0.8704,0.8704,0,0.9737578655077428,0.9737578655077428,1.0,15,0,-0.45992561304369295,12,1,0.8248438765020931
441086,67310,000000067310.jpg,OBLIQUE,2,15,20882.3,248.1,1,aic_coco_self,gt_box,gt_box,,,1.0,1.0,0,0.9657750671272153,0.9657750671272153,1.0,15,0,-0.46347231449131765,12,1,0.8301812164923724
441086,67310,000000067310.jpg,OBLIQUE,2,15,20882.3,248.1,1,aic_coco_self,rtmdet_ins_tiny,rtmdet_ins_tiny,7,0.8894,0.8704,0.8704,0,0.9761384121756215,0.9761384121756215,1.0,15,0,-0.460974217316063,12,1,0.8386326397166532
441360,363666,000000363666.jpg,OBLIQUE,2,13,48401.1,344.9,-1,body7_official,gt_box,gt_box,,,1.0,1.0,0,0.9705536084398002,0.9705536084398002,1.0,11,0,-0.34220407261298763,8,-1,0.6508002176004297
441360,363666,000000363666.jpg,OBLIQUE,2,13,48401.1,344.9,-1,body7_official,rtmdet_ins_tiny,rtmdet_ins_tiny,5,0.8760,0.9418,0.9418,0,0.9648890371139193,0.9648890371139193,1.0,11,0,-0.3392727897643809,8,-1,0.6480789465062758
441360,363666,000000363666.jpg,OBLIQUE,2,13,48401.1,344.9,-1,body7_self,gt_box,gt_box,,,1.0,1.0,0,0.9705536084398002,0.9705536084398002,1.0,11,0,-0.34220407261298763,8,-1,0.6508001895511851
441360,363666,000000363666.jpg,OBLIQUE,2,13,48401.1,344.9,-1,body7_self,rtmdet_ins_tiny,rtmdet_ins_tiny,5,0.8760,0.9418,0.9418,0,0.9648890371139193,0.9648890371139193,1.0,11,0,-0.3392727897643809,8,-1,0.648078928975498
441360,363666,000000363666.jpg,OBLIQUE,2,13,48401.1,344.9,-1,aic_coco_self,gt_box,gt_box,,,1.0,1.0,0,0.9838055462450087,0.9838055462450087,1.0,11,0,-0.35653919342186174,8,-1,0.6681388441254111
441360,363666,000000363666.jpg,OBLIQUE,2,13,48401.1,344.9,-1,aic_coco_self,rtmdet_ins_tiny,rtmdet_ins_tiny,5,0.8760,0.9418,0.9418,0,0.985026978111807,0.985026978111807,1.0,11,0,-0.35102343967398075,8,-1,0.6667214544380412
441780,30504,000000030504.jpg,PROFILE,1,12,30586.3,381.2,1,body7_official,gt_box,gt_box,,,1.0,1.0,0,0.9362637448758865,0.9362637448758865,1.0,12,0,-0.22542975727580755,8,1,0.7281047982328078
441780,30504,000000030504.jpg,PROFILE,1,12,30586.3,381.2,1,body7_official,rtmdet_ins_tiny,rtmdet_ins_tiny,8,0.8483,0.9601,0.9601,0,0.931933647235717,0.931933647235717,1.0,12,0,-0.2231684920204439,8,1,0.7337206549504224
441780,30504,000000030504.jpg,PROFILE,1,12,30586.3,381.2,1,body7_self,gt_box,gt_box,,,1.0,1.0,0,0.9362637448758865,0.9362637448758865,1.0,12,0,-0.22542975727580755,8,1,0.7281047666774076
441780,30504,000000030504.jpg,PROFILE,1,12,30586.3,381.2,1,body7_self,rtmdet_ins_tiny,rtmdet_ins_tiny,8,0.8483,0.9601,0.9601,0,0.931933647235717,0.931933647235717,1.0,12,0,-0.2231684920204439,8,1,0.7337208092212677
441780,30504,000000030504.jpg,PROFILE,1,12,30586.3,381.2,1,aic_coco_self,gt_box,gt_box,,,1.0,1.0,0,0.9105848421786554,0.9105848421786554,1.0,12,0,-0.23089469914495714,8,1,0.7675683252951678
441780,30504,000000030504.jpg,PROFILE,1,12,30586.3,381.2,1,aic_coco_self,rtmdet_ins_tiny,rtmdet_ins_tiny,8,0.8483,0.9601,0.9601,0,0.9037847153581954,0.9037847153581954,1.0,12,0,-0.22165041183726697,8,1,0.769926947705886
442173,154087,000000154087.jpg,REAR,0,9,3008.3,114.6,1,body7_official,gt_box,gt_box,,,1.0,1.0,0,0.9550986290782668,0.9550986290782668,1.0,8,0,-0.23414082405019482,8,1,0.7017862148144666
442173,154087,000000154087.jpg,REAR,0,9,3008.3,114.6,1,body7_official,rtmdet_ins_tiny,rtmdet_ins_tiny,41,0.8413,0.8849,0.8849,0,0.955605989624867,0.955605989624867,1.0,8,0,-0.2350857732733189,8,1,0.7140827038708855
442173,154087,000000154087.jpg,REAR,0,9,3008.3,114.6,1,body7_self,gt_box,gt_box,,,1.0,1.0,0,0.9550986290782668,0.9550986290782668,1.0,8,0,-0.23414082405019482,8,1,0.7017862603944891
442173,154087,000000154087.jpg,REAR,0,9,3008.3,114.6,1,body7_self,rtmdet_ins_tiny,rtmdet_ins_tiny,41,0.8413,0.8849,0.8849,0,0.955605989624867,0.955605989624867,1.0,8,0,-0.2350857732733189,8,1,0.7140827021178078
442173,154087,000000154087.jpg,REAR,0,9,3008.3,114.6,1,aic_coco_self,gt_box,gt_box,,,1.0,1.0,0,0.9479870599244946,0.9479870599244946,1.0,8,0,-0.233333972278981,8,1,0.7177364580771503
442173,154087,000000154087.jpg,REAR,0,9,3008.3,114.6,1,aic_coco_self,rtmdet_ins_tiny,rtmdet_ins_tiny,41,0.8413,0.8849,0.8849,0,0.9526680868612475,0.9526680868612475,1.0,8,0,-0.23303470016443428,8,1,0.7269637935301837
442642,125472,000000125472.jpg,FRONT,3,15,60818.1,499.0,-1,body7_official,gt_box,gt_box,,,1.0,1.0,0,0.9654210270334863,0.9654210270334863,1.0,15,0,-0.5544247569171119,10,-1,0.8439639000331655
442642,125472,000000125472.jpg,FRONT,3,15,60818.1,499.0,-1,body7_official,rtmdet_ins_tiny,rtmdet_ins_tiny,1,0.9147,0.8933,0.8933,0,0.9743549256435181,0.9743549256435181,1.0,15,0,-0.5541753512549229,10,-1,0.8449196394752053
442642,125472,000000125472.jpg,FRONT,3,15,60818.1,499.0,-1,body7_self,gt_box,gt_box,,,1.0,1.0,0,0.9654210270334863,0.9654210270334863,1.0,15,0,-0.5544247569171119,10,-1,0.8439638684777653
442642,125472,000000125472.jpg,FRONT,3,15,60818.1,499.0,-1,body7_self,rtmdet_ins_tiny,rtmdet_ins_tiny,1,0.9147,0.8933,0.8933,0,0.9743549256435181,0.9743549256435181,1.0,15,0,-0.5541753512549229,10,-1,0.8449195553274715
442642,125472,000000125472.jpg,FRONT,3,15,60818.1,499.0,-1,aic_coco_self,gt_box,gt_box,,,1.0,1.0,0,0.973610262850162,0.973610262850162,1.0,15,0,-0.5547673117986383,10,-1,0.8570067531922284
442642,125472,000000125472.jpg,FRONT,3,15,60818.1,499.0,-1,aic_coco_self,rtmdet_ins_tiny,rtmdet_ins_tiny,1,0.9147,0.8933,0.8933,0,0.9705316564110191,0.9705316564110191,1.0,15,0,-0.5599834335829732,10,-1,0.8748637788435992
442946,479953,000000479953.jpg,OBLIQUE,2,15,6200.5,159.7,1,body7_official,gt_box,gt_box,,,1.0,1.0,0,0.9476167833374461,0.9476167833374461,1.0,15,0,-0.7321893585485317,12,1,0.7693986086284413
442946,479953,000000479953.jpg,OBLIQUE,2,15,6200.5,159.7,1,body7_official,rtmdet_ins_tiny,rtmdet_ins_tiny,3,0.9487,0.9604,0.9604,0,0.9500586592824792,0.9500586592824792,1.0,15,0,-0.7370497841093857,12,1,0.7640848159790039
442946,479953,000000479953.jpg,OBLIQUE,2,15,6200.5,159.7,1,body7_self,gt_box,gt_box,,,1.0,1.0,0,0.9476167833374461,0.9476167833374461,1.0,15,0,-0.7321893585485317,12,1,0.7693984438391293
442946,479953,000000479953.jpg,OBLIQUE,2,15,6200.5,159.7,1,body7_self,rtmdet_ins_tiny,rtmdet_ins_tiny,3,0.9487,0.9604,0.9604,0,0.9500586592824792,0.9500586592824792,1.0,15,0,-0.7370497841093857,12,1,0.7640844022526461
442946,479953,000000479953.jpg,OBLIQUE,2,15,6200.5,159.7,1,aic_coco_self,gt_box,gt_box,,,1.0,1.0,0,0.9528488949272361,0.9528488949272361,1.0,15,0,-0.7427335294822901,12,1,0.8619675706414616
442946,479953,000000479953.jpg,OBLIQUE,2,15,6200.5,159.7,1,aic_coco_self,rtmdet_ins_tiny,rtmdet_ins_tiny,3,0.9487,0.9604,0.9604,0,0.9536578113292922,0.9536578113292922,1.0,15,0,-0.7430553959424168,12,1,0.8634441284572377
443584,164885,000000164885.jpg,FRONT,3,16,5820.3,152.6,-1,body7_official,gt_box,gt_box,,,1.0,1.0,0,0.9633038911970822,0.9633038911970822,1.0,16,0,-0.3331598939317655,12,-1,0.7950253977495081
443584,164885,000000164885.jpg,FRONT,3,16,5820.3,152.6,-1,body7_official,rtmdet_ins_tiny,rtmdet_ins_tiny,29,0.8840,0.9393,0.9393,0,0.962532301951962,0.962532301951962,1.0,16,0,-0.3330473302579067,12,-1,0.7986554082702187
443584,164885,000000164885.jpg,FRONT,3,16,5820.3,152.6,-1,body7_self,gt_box,gt_box,,,1.0,1.0,0,0.9633038911970822,0.9633038911970822,1.0,16,0,-0.3331598939317655,12,-1,0.795025513452642
443584,164885,000000164885.jpg,FRONT,3,16,5820.3,152.6,-1,body7_self,rtmdet_ins_tiny,rtmdet_ins_tiny,29,0.8840,0.9393,0.9393,0,0.962532301951962,0.962532301951962,1.0,16,0,-0.3330473302579067,12,-1,0.7986554573563969
443584,164885,000000164885.jpg,FRONT,3,16,5820.3,152.6,-1,aic_coco_self,gt_box,gt_box,,,1.0,1.0,0,0.9676819708443527,0.9676819708443527,1.0,16,0,-0.3380774600808214,12,-1,0.7962208740851459
443584,164885,000000164885.jpg,FRONT,3,16,5820.3,152.6,-1,aic_coco_self,rtmdet_ins_tiny,rtmdet_ins_tiny,29,0.8840,0.9393,0.9393,0,0.9571085191970707,0.9571085191970707,1.0,16,0,-0.33775972721079534,12,-1,0.8158349009121165
444250,64462,000000064462.jpg,FRONT,3,17,24483.7,319.6,-1,body7_official,gt_box,gt_box,,,1.0,1.0,0,0.9678827914059575,0.9678827914059575,1.0,17,0,-0.4781889109634731,12,-1,0.882604297469644
444250,64462,000000064462.jpg,FRONT,3,17,24483.7,319.6,-1,body7_official,rtmdet_ins_tiny,rtmdet_ins_tiny,2,0.9378,0.9611,0.9611,0,0.9522001407625995,0.9522001407625995,1.0,17,0,-0.48107566162872667,12,-1,0.8722642660140991
444250,64462,000000064462.jpg,FRONT,3,17,24483.7,319.6,-1,body7_self,gt_box,gt_box,,,1.0,1.0,0,0.9678827914059575,0.9678827914059575,1.0,17,0,-0.4781889109634731,12,-1,0.8826043675927555
444250,64462,000000064462.jpg,FRONT,3,17,24483.7,319.6,-1,body7_self,rtmdet_ins_tiny,rtmdet_ins_tiny,2,0.9378,0.9611,0.9611,0,0.9522001407625995,0.9522001407625995,1.0,17,0,-0.48107566162872667,12,-1,0.8722642484833213
444250,64462,000000064462.jpg,FRONT,3,17,24483.7,319.6,-1,aic_coco_self,gt_box,gt_box,,,1.0,1.0,0,0.9788834341394416,0.9788834341394416,1.0,17,0,-0.4815170006581701,12,-1,0.8963580201653873
444250,64462,000000064462.jpg,FRONT,3,17,24483.7,319.6,-1,aic_coco_self,rtmdet_ins_tiny,rtmdet_ins_tiny,2,0.9378,0.9611,0.9611,0,0.9826054203368292,0.9826054203368292,1.0,17,0,-0.4802714299110416,12,-1,0.8921297227635103
444800,440184,000000440184.jpg,PROFILE,1,14,10358.8,208.2,1,body7_official,gt_box,gt_box,,,1.0,1.0,0,0.9694970109979362,0.9694970109979362,1.0,14,0,-0.2834411671027142,10,1,0.7455566841013291
444800,440184,000000440184.jpg,PROFILE,1,14,10358.8,208.2,1,body7_official,rtmdet_ins_tiny,rtmdet_ins_tiny,2,0.8769,0.8895,0.8895,0,0.9802020485211154,0.9802020485211154,1.0,14,0,-0.28662320328601015,10,1,0.749916136264801
444800,440184,000000440184.jpg,PROFILE,1,14,10358.8,208.2,1,body7_self,gt_box,gt_box,,,1.0,1.0,0,0.9694970109979362,0.9694970109979362,1.0,14,0,-0.2834411671027142,10,1,0.7455566665705513
444800,440184,000000440184.jpg,PROFILE,1,14,10358.8,208.2,1,body7_self,rtmdet_ins_tiny,rtmdet_ins_tiny,2,0.8769,0.8895,0.8895,0,0.9802020485211154,0.9802020485211154,1.0,14,0,-0.28662320328601015,10,1,0.7499161590548122
444800,440184,000000440184.jpg,PROFILE,1,14,10358.8,208.2,1,aic_coco_self,gt_box,gt_box,,,1.0,1.0,0,0.9729216711863834,0.9729216711863834,1.0,14,0,-0.28729113946033036,10,1,0.8492910458761103
444800,440184,000000440184.jpg,PROFILE,1,14,10358.8,208.2,1,aic_coco_self,rtmdet_ins_tiny,rtmdet_ins_tiny,2,0.8769,0.8895,0.8895,0,0.9647428273895936,0.9647428273895936,1.0,14,0,-0.2855921546429264,10,1,0.8396576011882109
445224,451714,000000451714.jpg,FRONT,3,17,40929.1,457.9,-1,body7_official,gt_box,gt_box,,,1.0,1.0,0,0.9437573199253888,0.9437573199253888,1.0,17,0,-0.2917087891999737,12,-1,0.8947456759565017
445224,451714,000000451714.jpg,FRONT,3,17,40929.1,457.9,-1,body7_official,rtmdet_ins_tiny,rtmdet_ins_tiny,13,0.8809,0.9363,0.9363,0,0.9538129872631226,0.9538129872631226,1.0,17,0,-0.2965392427177921,12,-1,0.9050320457009708
445224,451714,000000451714.jpg,FRONT,3,17,40929.1,457.9,-1,body7_self,gt_box,gt_box,,,1.0,1.0,0,0.9437573199253888,0.9437573199253888,1.0,17,0,-0.2917087891999737,12,-1,0.8947456619318794
445224,451714,000000451714.jpg,FRONT,3,17,40929.1,457.9,-1,body7_self,rtmdet_ins_tiny,rtmdet_ins_tiny,13,0.8809,0.9363,0.9363,0,0.9538129872631226,0.9538129872631226,1.0,17,0,-0.2965392427177921,12,-1,0.9050319685655481
445224,451714,000000451714.jpg,FRONT,3,17,40929.1,457.9,-1,aic_coco_self,gt_box,gt_box,,,1.0,1.0,0,0.9636653672760848,0.9636653672760848,1.0,17,0,-0.3005228808977117,12,-1,0.8932408865760354
445224,451714,000000451714.jpg,FRONT,3,17,40929.1,457.9,-1,aic_coco_self,rtmdet_ins_tiny,rtmdet_ins_tiny,13,0.8809,0.9363,0.9363,0,0.9651804952628855,0.9651804952628855,1.0,17,0,-0.3015738827601476,12,-1,0.8945743932443506
445644,416451,000000416451.jpg,FRONT,3,13,58521.1,391.7,-1,body7_official,gt_box,gt_box,,,1.0,1.0,0,0.8985589027439403,0.8985589027439403,1.0,12,0,-0.20387339723830605,8,-1,0.6878306199522579
445644,416451,000000416451.jpg,FRONT,3,13,58521.1,391.7,-1,body7_official,rtmdet_ins_tiny,rtmdet_ins_tiny,13,0.8086,0.9267,0.9267,0,0.8555083497966756,0.8555083497966756,1.0,12,0,-0.208662000790519,8,-1,0.6947833536302342
445644,416451,000000416451.jpg,FRONT,3,13,58521.1,391.7,-1,body7_self,gt_box,gt_box,,,1.0,1.0,0,0.8985589027439403,0.8985589027439403,1.0,12,0,-0.20387339723830605,8,-1,0.6878305568414576
445644,416451,000000416451.jpg,FRONT,3,13,58521.1,391.7,-1,body7_self,rtmdet_ins_tiny,rtmdet_ins_tiny,13,0.8086,0.9267,0.9267,0,0.8555083497966756,0.8555083497966756,1.0,12,0,-0.208662000790519,8,-1,0.6947833702844732
445644,416451,000000416451.jpg,FRONT,3,13,58521.1,391.7,-1,aic_coco_self,gt_box,gt_box,,,1.0,1.0,0,0.9097409172120853,0.9097409172120853,1.0,12,0,-0.21072517548928865,8,-1,0.7247030752546647
445644,416451,000000416451.jpg,FRONT,3,13,58521.1,391.7,-1,aic_coco_self,rtmdet_ins_tiny,rtmdet_ins_tiny,13,0.8086,0.9267,0.9267,0,0.9145377549874992,0.9145377549874992,1.0,12,0,-0.20841516619303524,8,-1,0.726000568445991
446456,292415,000000292415.jpg,REAR,0,14,5931.1,131.8,1,body7_official,gt_box,gt_box,,,1.0,1.0,0,0.11499746992216653,0.926760601287617,1.0,13,1,0.5784171611541401,12,-1,0.6819648497244891
446456,292415,000000292415.jpg,REAR,0,14,5931.1,131.8,1,body7_official,rtmdet_ins_tiny,rtmdet_ins_tiny,11,0.5418,0.8757,0.8757,0,0.11538644699187395,0.9186610227701334,1.0,13,1,0.5744139413210243,12,-1,0.6982552654602948
446456,292415,000000292415.jpg,REAR,0,14,5931.1,131.8,1,body7_self,gt_box,gt_box,,,1.0,1.0,0,0.11499746992216653,0.926760601287617,1.0,13,1,0.5784171611541401,12,-1,0.6819646253305323
446456,292415,000000292415.jpg,REAR,0,14,5931.1,131.8,1,body7_self,rtmdet_ins_tiny,rtmdet_ins_tiny,11,0.5418,0.8757,0.8757,0,0.11538644699187395,0.9186610227701334,1.0,13,1,0.5744139413210243,12,-1,0.6982550691155827
446456,292415,000000292415.jpg,REAR,0,14,5931.1,131.8,1,aic_coco_self,gt_box,gt_box,,,1.0,1.0,0,0.9688847645145044,0.9688847645145044,1.0,13,0,-0.60502178322181,12,1,0.7273133081548354
446456,292415,000000292415.jpg,REAR,0,14,5931.1,131.8,1,aic_coco_self,rtmdet_ins_tiny,rtmdet_ins_tiny,11,0.5418,0.8757,0.8757,0,0.9672903307270085,0.9672903307270085,1.0,13,0,-0.6022692793886183,12,1,0.7531582888434915
447701,182805,000000182805.jpg,PROFILE,1,13,64737.9,352.7,-1,body7_official,gt_box,gt_box,,,1.0,1.0,0,0.9145505234226872,0.9145505234226872,1.0,9,0,-0.16961675673562526,6,1,0.522112308179631
447701,182805,000000182805.jpg,PROFILE,1,13,64737.9,352.7,-1,body7_official,rtmdet_ins_tiny,rtmdet_ins_tiny,24,0.7170,0.7889,0.7889,0,0.9017343351377048,0.9017343351377048,0.8888888888888888,9,0,-0.17209777742723187,6,1,0.5329326215912314
447701,182805,000000182805.jpg,PROFILE,1,13,64737.9,352.7,-1,body7_self,gt_box,gt_box,,,1.0,1.0,0,0.9145505234226872,0.9145505234226872,1.0,9,0,-0.16961675673562526,6,1,0.5221122634761474
447701,182805,000000182805.jpg,PROFILE,1,13,64737.9,352.7,-1,body7_self,rtmdet_ins_tiny,rtmdet_ins_tiny,24,0.7170,0.7889,0.7889,0,0.9017343351377048,0.9017343351377048,0.8888888888888888,9,0,-0.17209777742723187,6,1,0.5329326619120205
447701,182805,000000182805.jpg,PROFILE,1,13,64737.9,352.7,-1,aic_coco_self,gt_box,gt_box,,,1.0,1.0,0,0.8380591317039974,0.8380591317039974,0.8888888888888888,9,0,-0.15635443170055732,6,-1,0.604691777159186
447701,182805,000000182805.jpg,PROFILE,1,13,64737.9,352.7,-1,aic_coco_self,rtmdet_ins_tiny,rtmdet_ins_tiny,24,0.7170,0.7889,0.7889,0,0.8815144194795691,0.8815144194795691,1.0,9,0,-0.16628126892410233,6,-1,0.6224982563187095
447895,343453,000000343453.jpg,FRONT,3,17,49317.3,418.6,-1,body7_official,gt_box,gt_box,,,1.0,1.0,0,0.9787273110428164,0.9787273110428164,1.0,15,0,-0.4103977929555298,10,-1,0.91523677110672
447895,343453,000000343453.jpg,FRONT,3,17,49317.3,418.6,-1,body7_official,rtmdet_ins_tiny,rtmdet_ins_tiny,6,0.9141,0.9371,0.9371,0,0.977045016602735,0.977045016602735,1.0,15,0,-0.41030806879727455,10,-1,0.9161786682465497
447895,343453,000000343453.jpg,FRONT,3,17,49317.3,418.6,-1,body7_self,gt_box,gt_box,,,1.0,1.0,0,0.9787273110428164,0.9787273110428164,1.0,15,0,-0.4103977929555298,10,-1,0.91523677110672
447895,343453,000000343453.jpg,FRONT,3,17,49317.3,418.6,-1,body7_self,rtmdet_ins_tiny,rtmdet_ins_tiny,6,0.9141,0.9371,0.9371,0,0.977045016602735,0.977045016602735,1.0,15,0,-0.41030806879727455,10,-1,0.9161785946172827
447895,343453,000000343453.jpg,FRONT,3,17,49317.3,418.6,-1,aic_coco_self,gt_box,gt_box,,,1.0,1.0,0,0.9794811313791201,0.9794811313791201,1.0,15,0,-0.4126110350335011,10,-1,0.9208687403622795
447895,343453,000000343453.jpg,FRONT,3,17,49317.3,418.6,-1,aic_coco_self,rtmdet_ins_tiny,rtmdet_ins_tiny,6,0.9141,0.9371,0.9371,0,0.9825911790304254,0.9825911790304254,1.0,15,0,-0.41526402690739717,10,-1,0.9182349794051227
448149,21839,000000021839.jpg,FRONT,3,17,6632.2,185.4,-1,body7_official,gt_box,gt_box,,,1.0,1.0,0,0.9515377160657447,0.9515377160657447,1.0,17,0,-0.3348579207777744,12,-1,0.85168636897031
448149,21839,000000021839.jpg,FRONT,3,17,6632.2,185.4,-1,body7_official,rtmdet_ins_tiny,rtmdet_ins_tiny,24,0.8859,0.9357,0.9357,0,0.9500778991243157,0.9500778991243157,1.0,17,0,-0.3314818619014501,12,-1,0.8704098357873804
448149,21839,000000021839.jpg,FRONT,3,17,6632.2,185.4,-1,body7_self,gt_box,gt_box,,,1.0,1.0,0,0.9515377160657447,0.9515377160657447,1.0,17,0,-0.3348579207777744,12,-1,0.8516862146994647
448149,21839,000000021839.jpg,FRONT,3,17,6632.2,185.4,-1,body7_self,rtmdet_ins_tiny,rtmdet_ins_tiny,24,0.8859,0.9357,0.9357,0,0.9500778991243157,0.9500778991243157,1.0,17,0,-0.3314818619014501,12,-1,0.8704098427996916
448149,21839,000000021839.jpg,FRONT,3,17,6632.2,185.4,-1,aic_coco_self,gt_box,gt_box,,,1.0,1.0,0,0.9802964626277076,0.9802964626277076,1.0,17,0,-0.352416314673388,12,-1,0.8340845178155338
448149,21839,000000021839.jpg,FRONT,3,17,6632.2,185.4,-1,aic_coco_self,rtmdet_ins_tiny,rtmdet_ins_tiny,24,0.8859,0.9357,0.9357,0,0.9653905550036255,0.9653905550036255,1.0,17,0,-0.3383133685677108,12,-1,0.8436824293697581
448645,235836,000000235836.jpg,FRONT,3,16,25778.1,325.5,-1,body7_official,gt_box,gt_box,,,1.0,1.0,0,0.9484040607508513,0.9484040607508513,1.0,16,0,-0.19558459309139378,12,-1,0.7932311857447905
448645,235836,000000235836.jpg,FRONT,3,16,25778.1,325.5,-1,body7_official,rtmdet_ins_tiny,rtmdet_ins_tiny,12,0.8131,0.8408,0.8408,0,0.9462492588143647,0.9462492588143647,1.0,16,0,-0.19156677406166006,12,-1,0.7931593270862803
448645,235836,000000235836.jpg,FRONT,3,16,25778.1,325.5,-1,body7_self,gt_box,gt_box,,,1.0,1.0,0,0.9484040607508513,0.9484040607508513,1.0,16,0,-0.19558459309139378,12,-1,0.7932310840662788
448645,235836,000000235836.jpg,FRONT,3,16,25778.1,325.5,-1,body7_self,rtmdet_ins_tiny,rtmdet_ins_tiny,12,0.8131,0.8408,0.8408,0,0.9462492588143647,0.9462492588143647,1.0,16,0,-0.19156677406166006,12,-1,0.7931593305924359
448645,235836,000000235836.jpg,FRONT,3,16,25778.1,325.5,-1,aic_coco_self,gt_box,gt_box,,,1.0,1.0,0,0.9720810726315625,0.9720810726315625,1.0,16,0,-0.20041354544457568,12,-1,0.8308020339292639
448645,235836,000000235836.jpg,FRONT,3,16,25778.1,325.5,-1,aic_coco_self,rtmdet_ins_tiny,rtmdet_ins_tiny,12,0.8131,0.8408,0.8408,0,0.9737841195886595,0.9737841195886595,1.0,16,0,-0.19762962386523006,12,-1,0.831042699954089
449097,451144,000000451144.jpg,REAR,0,13,7565.2,185.8,1,body7_official,gt_box,gt_box,,,1.0,1.0,0,0.9241354938050679,0.9241354938050679,1.0,13,0,-0.3561955471124007,12,1,0.7389484223197488
449097,451144,000000451144.jpg,REAR,0,13,7565.2,185.8,1,body7_official,rtmdet_ins_tiny,rtmdet_ins_tiny,9,0.8245,0.8569,0.8569,0,0.9144330066616319,0.9144330066616319,1.0,13,0,-0.34823245123386726,12,1,0.7786668574108797
449097,451144,000000451144.jpg,REAR,0,13,7565.2,185.8,1,body7_self,gt_box,gt_box,,,1.0,1.0,0,0.9241354938050679,0.9241354938050679,1.0,13,0,-0.3561955471124007,12,1,0.7389483837520375
449097,451144,000000451144.jpg,REAR,0,13,7565.2,185.8,1,body7_self,rtmdet_ins_tiny,rtmdet_ins_tiny,9,0.8245,0.8569,0.8569,0,0.9144330066616319,0.9144330066616319,1.0,13,0,-0.34823245123386726,12,1,0.7786669205216801
449097,451144,000000451144.jpg,REAR,0,13,7565.2,185.8,1,aic_coco_self,gt_box,gt_box,,,1.0,1.0,0,0.9435859860408661,0.9435859860408661,1.0,13,0,-0.36431934197692867,12,1,0.7748859559788424
449097,451144,000000451144.jpg,REAR,0,13,7565.2,185.8,1,aic_coco_self,rtmdet_ins_tiny,rtmdet_ins_tiny,9,0.8245,0.8569,0.8569,0,0.944370372190947,0.944370372190947,1.0,13,0,-0.36076183486027275,12,1,0.8156833403250751
450170,89697,000000089697.jpg,PROFILE,1,15,4731.1,127.0,-1,body7_official,gt_box,gt_box,,,1.0,1.0,0,0.9394676633978408,0.9394676633978408,1.0,14,0,-0.10466140386629877,12,-1,0.7343251635046566
450170,89697,000000089697.jpg,PROFILE,1,15,4731.1,127.0,-1,body7_official,rtmdet_ins_tiny,rtmdet_ins_tiny,17,0.5437,0.7436,0.7436,0,0.9586336876410534,0.9586336876410534,1.0,14,0,-0.10751482225081954,12,-1,0.7294500961023218
450170,89697,000000089697.jpg,PROFILE,1,15,4731.1,127.0,-1,body7_self,gt_box,gt_box,,,1.0,1.0,0,0.9394676633978408,0.9394676633978408,1.0,14,0,-0.10466140386629877,12,-1,0.7343250758507672
450170,89697,000000089697.jpg,PROFILE,1,15,4731.1,127.0,-1,body7_self,rtmdet_ins_tiny,rtmdet_ins_tiny,17,0.5437,0.7436,0.7436,0,0.9586336876410534,0.9586336876410534,1.0,14,0,-0.10751482225081954,12,-1,0.7294500610407662
450170,89697,000000089697.jpg,PROFILE,1,15,4731.1,127.0,-1,aic_coco_self,gt_box,gt_box,,,1.0,1.0,0,0.9611484292533631,0.9611484292533631,1.0,14,0,-0.1098300923379726,12,-1,0.7701990709585302
450170,89697,000000089697.jpg,PROFILE,1,15,4731.1,127.0,-1,aic_coco_self,rtmdet_ins_tiny,rtmdet_ins_tiny,17,0.5437,0.7436,0.7436,0,0.9521218922517022,0.9521218922517022,1.0,14,0,-0.10967361562465766,12,-1,0.7756834205459145
451122,356094,000000356094.jpg,OBLIQUE,2,9,37444.6,348.8,1,body7_official,gt_box,gt_box,,,1.0,1.0,0,0.9496071520618319,0.9496071520618319,1.0,9,0,-0.3016168734654289,4,1,0.6383900668691186
451122,356094,000000356094.jpg,OBLIQUE,2,9,37444.6,348.8,1,body7_official,rtmdet_ins_tiny,rtmdet_ins_tiny,14,0.8382,0.0000,0.9610,1,0.00036042827659820906,3.6282049489860577e-05,0.0,9,1,0.0006990509334104944,4,-1,0.7902303197804619
451122,356094,000000356094.jpg,OBLIQUE,2,9,37444.6,348.8,1,body7_self,gt_box,gt_box,,,1.0,1.0,0,0.9496071520618319,0.9496071520618319,1.0,9,0,-0.3016168734654289,4,1,0.6383900870295132
451122,356094,000000356094.jpg,OBLIQUE,2,9,37444.6,348.8,1,body7_self,rtmdet_ins_tiny,rtmdet_ins_tiny,14,0.8382,0.0000,0.9610,1,0.00036042827659820906,3.6282049489860577e-05,0.0,9,1,0.0006990509334104944,4,-1,0.7902302987435285
451122,356094,000000356094.jpg,OBLIQUE,2,9,37444.6,348.8,1,aic_coco_self,gt_box,gt_box,,,1.0,1.0,0,0.9187162409399178,0.9187162409399178,1.0,9,0,-0.3128167141805138,4,1,0.6548524297335568
451122,356094,000000356094.jpg,OBLIQUE,2,9,37444.6,348.8,1,aic_coco_self,rtmdet_ins_tiny,rtmdet_ins_tiny,14,0.8382,0.0000,0.9610,1,0.0003572577472900782,3.8316495331566295e-05,0.0,9,1,0.0007816743538653359,4,-1,0.8024333645315731
451486,485844,000000485844.jpg,FRONT,3,14,27716.0,346.2,1,body7_official,gt_box,gt_box,,,1.0,1.0,0,0.8141030918704653,0.6268162177290334,0.8571428571428571,14,1,0.0014804127570462594,10,-1,0.6591194885618546
451486,485844,000000485844.jpg,FRONT,3,14,27716.0,346.2,1,body7_official,rtmdet_ins_tiny,rtmdet_ins_tiny,4,0.7173,0.9153,0.9153,0,0.8146613711696903,0.8146613711696903,1.0,14,0,-0.010220230525488844,10,-1,0.6626551028560189
451486,485844,000000485844.jpg,FRONT,3,14,27716.0,346.2,1,body7_self,gt_box,gt_box,,,1.0,1.0,0,0.8141030918704653,0.6268162177290334,0.8571428571428571,14,1,0.0014804127570462594,10,-1,0.6591194850556991
451486,485844,000000485844.jpg,FRONT,3,14,27716.0,346.2,1,body7_self,rtmdet_ins_tiny,rtmdet_ins_tiny,4,0.7173,0.9153,0.9153,0,0.8146613711696903,0.8146613711696903,1.0,14,0,-0.010220230525488844,10,-1,0.6626550888313967
451486,485844,000000485844.jpg,FRONT,3,14,27716.0,346.2,1,aic_coco_self,gt_box,gt_box,,,1.0,1.0,0,0.7444688149238388,0.7444688149238388,0.8571428571428571,14,0,-0.008495882883896022,10,-1,0.6796550470239976
451486,485844,000000485844.jpg,FRONT,3,14,27716.0,346.2,1,aic_coco_self,rtmdet_ins_tiny,rtmdet_ins_tiny,4,0.7173,0.9153,0.9153,0,0.8030452787052208,0.8030452787052208,1.0,14,0,-0.028914374440762794,10,0,0.6890023666269639
452143,221291,000000221291.jpg,FRONT,3,12,12696.5,207.2,-1,body7_official,gt_box,gt_box,,,1.0,1.0,0,0.9779603764933805,0.9779603764933805,1.0,12,0,-0.4119465442405335,8,-1,0.8358889187083525
452143,221291,000000221291.jpg,FRONT,3,12,12696.5,207.2,-1,body7_official,rtmdet_ins_tiny,rtmdet_ins_tiny,16,0.8414,0.9447,0.9447,0,0.9851645167739549,0.9851645167739549,1.0,12,0,-0.4139504730195588,8,-1,0.836800151011523
452143,221291,000000221291.jpg,FRONT,3,12,12696.5,207.2,-1,body7_self,gt_box,gt_box,,,1.0,1.0,0,0.9779603764933805,0.9779603764933805,1.0,12,0,-0.4119465442405335,8,-1,0.8358890238930198
452143,221291,000000221291.jpg,FRONT,3,12,12696.5,207.2,-1,body7_self,rtmdet_ins_tiny,rtmdet_ins_tiny,16,0.8414,0.9447,0.9447,0,0.9851645167739549,0.9851645167739549,1.0,12,0,-0.4139504730195588,8,-1,0.836800151011523
452143,221291,000000221291.jpg,FRONT,3,12,12696.5,207.2,-1,aic_coco_self,gt_box,gt_box,,,1.0,1.0,0,0.9803098452882795,0.9803098452882795,1.0,12,0,-0.4030217455811852,8,-1,0.7846382146372515
452143,221291,000000221291.jpg,FRONT,3,12,12696.5,207.2,-1,aic_coco_self,rtmdet_ins_tiny,rtmdet_ins_tiny,16,0.8414,0.9447,0.9447,0,0.9781083186980442,0.9781083186980442,1.0,12,0,-0.4061761715315191,8,-1,0.7927465754396775
452702,16249,000000016249.jpg,FRONT,3,15,5683.4,126.2,-1,body7_official,gt_box,gt_box,,,1.0,1.0,0,0.9775609062640205,0.9775609062640205,1.0,13,0,-0.490247776899587,8,-1,0.7173531020388884
452702,16249,000000016249.jpg,FRONT,3,15,5683.4,126.2,-1,body7_official,rtmdet_ins_tiny,rtmdet_ins_tiny,25,0.7642,0.9668,0.9668,0,0.9748337113400676,0.9748337113400676,1.0,13,0,-0.4897658882327417,8,-1,0.715807178441216
452702,16249,000000016249.jpg,FRONT,3,15,5683.4,126.2,-1,body7_self,gt_box,gt_box,,,1.0,1.0,0,0.9775609062640205,0.9775609062640205,1.0,13,0,-0.490247776899587,8,-1,0.7173530459403992
452702,16249,000000016249.jpg,FRONT,3,15,5683.4,126.2,-1,body7_self,rtmdet_ins_tiny,rtmdet_ins_tiny,25,0.7642,0.9668,0.9668,0,0.9748337113400676,0.9748337113400676,1.0,13,0,-0.4897658882327417,8,-1,0.7158072099966162
452702,16249,000000016249.jpg,FRONT,3,15,5683.4,126.2,-1,aic_coco_self,gt_box,gt_box,,,1.0,1.0,0,0.9824808325275709,0.9824808325275709,1.0,13,0,-0.4948225181753808,8,-1,0.7319796944365782
452702,16249,000000016249.jpg,FRONT,3,15,5683.4,126.2,-1,aic_coco_self,rtmdet_ins_tiny,rtmdet_ins_tiny,25,0.7642,0.9668,0.9668,0,0.9830605197880915,0.9830605197880915,1.0,13,0,-0.4933576305740976,8,-1,0.725941110183211
453092,297578,000000297578.jpg,REAR,0,11,4683.5,154.1,1,body7_official,gt_box,gt_box,,,1.0,1.0,0,0.9296871532596218,0.9296871532596218,1.0,11,0,-0.08824425613822123,8,-1,0.6442507522947648
453092,297578,000000297578.jpg,REAR,0,11,4683.5,154.1,1,body7_official,rtmdet_ins_tiny,rtmdet_ins_tiny,29,0.7437,0.7208,0.7237,20,0.850676553679749,0.850676553679749,0.9090909090909091,11,0,-0.008496020885326833,8,-1,0.6503291638458476
453092,297578,000000297578.jpg,REAR,0,11,4683.5,154.1,1,body7_self,gt_box,gt_box,,,1.0,1.0,0,0.9296871532596218,0.9296871532596218,1.0,11,0,-0.08824425613822123,8,-1,0.6442505489377415
453092,297578,000000297578.jpg,REAR,0,11,4683.5,154.1,1,body7_self,rtmdet_ins_tiny,rtmdet_ins_tiny,29,0.7437,0.7208,0.7237,20,0.850676553679749,0.850676553679749,0.9090909090909091,11,0,-0.008496020885326833,8,-1,0.6503291866358589
453092,297578,000000297578.jpg,REAR,0,11,4683.5,154.1,1,aic_coco_self,gt_box,gt_box,,,1.0,1.0,0,0.9388886152683842,0.9388886152683842,1.0,11,0,-0.09492781014641602,8,-1,0.6583583758157843
453092,297578,000000297578.jpg,REAR,0,11,4683.5,154.1,1,aic_coco_self,rtmdet_ins_tiny,rtmdet_ins_tiny,29,0.7437,0.7208,0.7237,20,0.9105811543549744,0.9105811543549744,1.0,11,0,-0.12668802120902592,8,1,0.6534841358661652
453741,172648,000000172648.jpg,REAR,0,11,8202.9,190.9,1,body7_official,gt_box,gt_box,,,1.0,1.0,0,0.9712091131061643,0.9712091131061643,1.0,11,0,-0.21010908486106714,8,1,0.7648245692253113
453741,172648,000000172648.jpg,REAR,0,11,8202.9,190.9,1,body7_official,rtmdet_ins_tiny,rtmdet_ins_tiny,24,0.8112,0.9094,0.9094,0,0.9592921470784915,0.9592921470784915,1.0,11,0,-0.20675723568886384,8,1,0.7573453994358287
453741,172648,000000172648.jpg,REAR,0,11,8202.9,190.9,1,body7_self,gt_box,gt_box,,,1.0,1.0,0,0.9712091131061643,0.9712091131061643,1.0,11,0,-0.21010908486106714,8,1,0.764824662138434
453741,172648,000000172648.jpg,REAR,0,11,8202.9,190.9,1,body7_self,rtmdet_ins_tiny,rtmdet_ins_tiny,24,0.8112,0.9094,0.9094,0,0.9592921470784915,0.9592921470784915,1.0,11,0,-0.20675723568886384,8,1,0.757345446768929
453741,172648,000000172648.jpg,REAR,0,11,8202.9,190.9,1,aic_coco_self,gt_box,gt_box,,,1.0,1.0,0,0.964302786554271,0.964302786554271,1.0,11,0,-0.21168929750501964,8,1,0.7791176333146936
453741,172648,000000172648.jpg,REAR,0,11,8202.9,190.9,1,aic_coco_self,rtmdet_ins_tiny,rtmdet_ins_tiny,24,0.8112,0.9094,0.9094,0,0.9681599092418715,0.9681599092418715,1.0,11,0,-0.21159323590907717,8,1,0.7694083943086512
454311,346703,000000346703.jpg,FRONT,3,12,77309.2,365.1,-1,body7_official,gt_box,gt_box,,,1.0,1.0,0,0.9819971539719079,0.9819971539719079,1.0,12,0,-0.569827396050236,8,-1,0.7123978243154638
454311,346703,000000346703.jpg,FRONT,3,12,77309.2,365.1,-1,body7_official,rtmdet_ins_tiny,rtmdet_ins_tiny,26,0.8503,0.9090,0.9090,0,0.9834716837813868,0.9834716837813868,1.0,12,0,-0.5711224769354645,8,-1,0.7073368658037746
454311,346703,000000346703.jpg,FRONT,3,12,77309.2,365.1,-1,body7_self,gt_box,gt_box,,,1.0,1.0,0,0.9819971539719079,0.9819971539719079,1.0,12,0,-0.569827396050236,8,-1,0.7123979084631976
454311,346703,000000346703.jpg,FRONT,3,12,77309.2,365.1,-1,body7_self,rtmdet_ins_tiny,rtmdet_ins_tiny,26,0.8503,0.9090,0.9090,0,0.9834716837813868,0.9834716837813868,1.0,12,0,-0.5711224769354645,8,-1,0.7073368324952967
454311,346703,000000346703.jpg,FRONT,3,12,77309.2,365.1,-1,aic_coco_self,gt_box,gt_box,,,1.0,1.0,0,0.9785684654403624,0.9785684654403624,1.0,12,0,-0.5662012919738025,8,-1,0.6814478977638132
454311,346703,000000346703.jpg,FRONT,3,12,77309.2,365.1,-1,aic_coco_self,rtmdet_ins_tiny,rtmdet_ins_tiny,26,0.8503,0.9090,0.9090,0,0.9769899471232163,0.9769899471232163,1.0,12,0,-0.5636897931540983,8,-1,0.6858994250788408
455029,514797,000000514797.jpg,FRONT,3,15,6899.0,168.9,-1,body7_official,gt_box,gt_box,,,1.0,1.0,0,0.9845538271345575,0.9845538271345575,1.0,15,0,-0.41002284855662774,10,-1,0.8779401288313025
455029,514797,000000514797.jpg,FRONT,3,15,6899.0,168.9,-1,body7_official,rtmdet_ins_tiny,rtmdet_ins_tiny,3,0.8685,0.9716,0.9716,0,0.9851743367230994,0.9851743367230994,1.0,15,0,-0.40803424854828935,10,-1,0.8813707548029283
455029,514797,000000514797.jpg,FRONT,3,15,6899.0,168.9,-1,body7_self,gt_box,gt_box,,,1.0,1.0,0,0.9845538271345575,0.9845538271345575,1.0,15,0,-0.41002284855662774,10,-1,0.8779401077943689
455029,514797,000000514797.jpg,FRONT,3,15,6899.0,168.9,-1,body7_self,rtmdet_ins_tiny,rtmdet_ins_tiny,3,0.8685,0.9716,0.9716,0,0.9851743367230994,0.9851743367230994,1.0,15,0,-0.40803424854828935,10,-1,0.881370814407573
455029,514797,000000514797.jpg,FRONT,3,15,6899.0,168.9,-1,aic_coco_self,gt_box,gt_box,,,1.0,1.0,0,0.9853927308456132,0.9853927308456132,1.0,15,0,-0.410777263625704,10,-1,0.8791790920145371
455029,514797,000000514797.jpg,FRONT,3,15,6899.0,168.9,-1,aic_coco_self,rtmdet_ins_tiny,rtmdet_ins_tiny,3,0.8685,0.9716,0.9716,0,0.9854537554372788,0.9854537554372788,1.0,15,0,-0.4090950452514986,10,-1,0.8753467412555919
455593,146831,000000146831.jpg,REAR,0,12,7582.7,214.5,1,body7_official,gt_box,gt_box,,,1.0,1.0,0,0.9346032426414107,0.9346032426414107,0.9166666666666666,12,0,-0.12668717158601475,10,1,0.728357287014232
455593,146831,000000146831.jpg,REAR,0,12,7582.7,214.5,1,body7_official,rtmdet_ins_tiny,rtmdet_ins_tiny,11,0.7992,0.9082,0.9082,0,0.9381024196460506,0.9381024196460506,0.9166666666666666,12,0,-0.12516290603145405,10,1,0.7359668787787942
455593,146831,000000146831.jpg,REAR,0,12,7582.7,214.5,1,body7_self,gt_box,gt_box,,,1.0,1.0,0,0.9346032426414107,0.9346032426414107,0.9166666666666666,12,0,-0.12668717158601475,10,1,0.7283573045450098
455593,146831,000000146831.jpg,REAR,0,12,7582.7,214.5,1,body7_self,rtmdet_ins_tiny,rtmdet_ins_tiny,11,0.7992,0.9082,0.9082,0,0.9381024196460506,0.9381024196460506,0.9166666666666666,12,0,-0.12516290603145405,10,1,0.7359668507295496
455593,146831,000000146831.jpg,REAR,0,12,7582.7,214.5,1,aic_coco_self,gt_box,gt_box,,,1.0,1.0,0,0.9482838582931693,0.9482838582931693,1.0,12,0,-0.1281842742578457,10,1,0.7417761893833384
455593,146831,000000146831.jpg,REAR,0,12,7582.7,214.5,1,aic_coco_self,rtmdet_ins_tiny,rtmdet_ins_tiny,11,0.7992,0.9082,0.9082,0,0.9356726491271338,0.9356726491271338,1.0,12,0,-0.12572734617805126,10,1,0.7419872529366437
455962,370270,000000370270.jpg,FRONT,3,15,46728.5,431.0,-1,body7_official,gt_box,gt_box,,,1.0,1.0,0,0.9581308430739762,0.9581308430739762,1.0,15,0,-0.2521554231040294,10,-1,0.8244791837299571
455962,370270,000000370270.jpg,FRONT,3,15,46728.5,431.0,-1,body7_official,rtmdet_ins_tiny,rtmdet_ins_tiny,2,0.9192,0.9043,0.9043,0,0.9374874859864205,0.9374874859864205,1.0,15,0,-0.24663897256853706,10,-1,0.8340007031665129
455962,370270,000000370270.jpg,FRONT,3,15,46728.5,431.0,-1,body7_self,gt_box,gt_box,,,1.0,1.0,0,0.9581308430739762,0.9581308430739762,1.0,15,0,-0.2521554231040294,10,-1,0.8244791065945345
455962,370270,000000370270.jpg,FRONT,3,15,46728.5,431.0,-1,body7_self,rtmdet_ins_tiny,rtmdet_ins_tiny,2,0.9192,0.9043,0.9043,0,0.9374874859864205,0.9374874859864205,1.0,15,0,-0.24663897256853706,10,-1,0.8340006540803349
455962,370270,000000370270.jpg,FRONT,3,15,46728.5,431.0,-1,aic_coco_self,gt_box,gt_box,,,1.0,1.0,0,0.9671843875749886,0.9671843875749886,1.0,15,0,-0.2531163507820436,10,-1,0.829474547330071
455962,370270,000000370270.jpg,FRONT,3,15,46728.5,431.0,-1,aic_coco_self,rtmdet_ins_tiny,rtmdet_ins_tiny,2,0.9192,0.9043,0.9043,0,0.9666179234544761,0.9666179234544761,1.0,15,0,-0.25867101769842915,10,-1,0.8295362591743469
457438,74058,000000074058.jpg,FRONT,3,16,2685.8,126.3,-1,body7_official,gt_box,gt_box,,,1.0,1.0,0,0.9354108886799664,0.9354108886799664,1.0,13,0,-0.20227695768729329,8,-1,0.7721673074890586
457438,74058,000000074058.jpg,FRONT,3,16,2685.8,126.3,-1,body7_official,rtmdet_ins_tiny,rtmdet_ins_tiny,12,0.5410,0.8618,0.8618,0,0.9449962096640184,0.9449962096640184,1.0,13,0,-0.21231241896234754,8,-1,0.7937459700247821
457438,74058,000000074058.jpg,FRONT,3,16,2685.8,126.3,-1,body7_self,gt_box,gt_box,,,1.0,1.0,0,0.9354108886799664,0.9354108886799664,1.0,13,0,-0.20227695768729329,8,-1,0.77216736183447
457438,74058,000000074058.jpg,FRONT,3,16,2685.8,126.3,-1,body7_self,rtmdet_ins_tiny,rtmdet_ins_tiny,12,0.5410,0.8618,0.8618,0,0.9449962096640184,0.9449962096640184,1.0,13,0,-0.21231241896234754,8,-1,0.7937459419755375
457438,74058,000000074058.jpg,FRONT,3,16,2685.8,126.3,-1,aic_coco_self,gt_box,gt_box,,,1.0,1.0,0,0.9375793993596214,0.9375793993596214,1.0,13,0,-0.20723980112037557,8,-1,0.7743513899690965
457438,74058,000000074058.jpg,FRONT,3,16,2685.8,126.3,-1,aic_coco_self,rtmdet_ins_tiny,rtmdet_ins_tiny,12,0.5410,0.8618,0.8618,0,0.9496865571807415,0.9496865571807415,1.0,13,0,-0.20784952100191878,8,-1,0.8010293192723218
458077,308328,000000308328.jpg,FRONT,3,17,6721.9,175.5,-1,body7_official,gt_box,gt_box,,,1.0,1.0,0,0.9703577408204951,0.9703577408204951,1.0,15,0,-0.5121276624044424,8,-1,0.9357454285902136
458077,308328,000000308328.jpg,FRONT,3,17,6721.9,175.5,-1,body7_official,rtmdet_ins_tiny,rtmdet_ins_tiny,10,0.8658,0.9470,0.9470,0,0.9698467342917138,0.9698467342917138,1.0,15,0,-0.5098991895321014,8,-1,0.9430523374501396
458077,308328,000000308328.jpg,FRONT,3,17,6721.9,175.5,-1,body7_self,gt_box,gt_box,,,1.0,1.0,0,0.9703577408204951,0.9703577408204951,1.0,15,0,-0.5121276624044424,8,-1,0.9357454180717468
458077,308328,000000308328.jpg,FRONT,3,17,6721.9,175.5,-1,body7_self,rtmdet_ins_tiny,rtmdet_ins_tiny,10,0.8658,0.9470,0.9470,0,0.9698467342917138,0.9698467342917138,1.0,15,0,-0.5098991895321014,8,-1,0.943052376017851
458077,308328,000000308328.jpg,FRONT,3,17,6721.9,175.5,-1,aic_coco_self,gt_box,gt_box,,,1.0,1.0,0,0.9726496752458714,0.9726496752458714,1.0,15,0,-0.5126017205274974,8,-1,0.9005985365194433
458077,308328,000000308328.jpg,FRONT,3,17,6721.9,175.5,-1,aic_coco_self,rtmdet_ins_tiny,rtmdet_ins_tiny,10,0.8658,0.9470,0.9470,0,0.9726976927179626,0.9726976927179626,1.0,15,0,-0.511161216185463,8,-1,0.9046007780467763
459131,230993,000000230993.jpg,REAR,0,10,17351.1,211.8,-1,body7_official,gt_box,gt_box,,,1.0,1.0,0,0.943663119422691,0.943663119422691,1.0,8,0,-0.48319930708566616,8,-1,0.5469415889066809
459131,230993,000000230993.jpg,REAR,0,10,17351.1,211.8,-1,body7_official,rtmdet_ins_tiny,rtmdet_ins_tiny,12,0.5455,0.7051,0.7051,0,0.9556781891596251,0.9556781891596251,1.0,8,0,-0.4922767993828992,8,-1,0.5881239210858065
459131,230993,000000230993.jpg,REAR,0,10,17351.1,211.8,-1,body7_self,gt_box,gt_box,,,1.0,1.0,0,0.943663119422691,0.943663119422691,1.0,8,0,-0.48319930708566616,8,-1,0.5469414924874025
459131,230993,000000230993.jpg,REAR,0,10,17351.1,211.8,-1,body7_self,rtmdet_ins_tiny,rtmdet_ins_tiny,12,0.5455,0.7051,0.7051,0,0.9556781891596251,0.9556781891596251,1.0,8,0,-0.4922767993828992,8,-1,0.5881239859496846
459131,230993,000000230993.jpg,REAR,0,10,17351.1,211.8,-1,aic_coco_self,gt_box,gt_box,,,1.0,1.0,0,0.9577574893929911,0.9577574893929911,1.0,8,0,-0.49243383092263504,8,-1,0.5796569594565559
459131,230993,000000230993.jpg,REAR,0,10,17351.1,211.8,-1,aic_coco_self,rtmdet_ins_tiny,rtmdet_ins_tiny,12,0.5455,0.7051,0.7051,0,0.9559103951180532,0.9559103951180532,1.0,8,0,-0.486118693222677,8,-1,0.6408179858151604
459611,90284,000000090284.jpg,OBLIQUE,2,15,48774.7,421.7,1,body7_official,gt_box,gt_box,,,1.0,1.0,0,0.5937088032601174,0.5793020498170264,0.7333333333333333,15,1,0.32149341422869404,12,1,0.8321882556466496
459611,90284,000000090284.jpg,OBLIQUE,2,15,48774.7,421.7,1,body7_official,rtmdet_ins_tiny,rtmdet_ins_tiny,2,0.9482,0.9808,0.9808,0,0.5956482583604015,0.5784968395973825,0.7333333333333333,15,1,0.32175073438005597,12,1,0.8256225515814388
459611,90284,000000090284.jpg,OBLIQUE,2,15,48774.7,421.7,1,body7_self,gt_box,gt_box,,,1.0,1.0,0,0.5937088032601174,0.5793020498170264,0.7333333333333333,15,1,0.32149341422869404,12,1,0.8321883397943833
459611,90284,000000090284.jpg,OBLIQUE,2,15,48774.7,421.7,1,body7_self,rtmdet_ins_tiny,rtmdet_ins_tiny,2,0.9482,0.9808,0.9808,0,0.5956482583604015,0.5784968395973825,0.7333333333333333,15,1,0.32175073438005597,12,1,0.8256225270383498
459611,90284,000000090284.jpg,OBLIQUE,2,15,48774.7,421.7,1,aic_coco_self,gt_box,gt_box,,,1.0,1.0,0,0.6371618755476202,0.6429258892147789,0.7333333333333333,15,1,0.3253719617281049,12,1,0.8041976970784804
459611,90284,000000090284.jpg,OBLIQUE,2,15,48774.7,421.7,1,aic_coco_self,rtmdet_ins_tiny,rtmdet_ins_tiny,2,0.9482,0.9808,0.9808,0,0.6092159748495649,0.6405197311551906,0.7333333333333333,15,1,0.3437454924599145,12,1,0.8049004744080936
460342,515982,000000515982.jpg,REAR,0,12,19280.4,122.1,-1,body7_official,gt_box,gt_box,,,1.0,1.0,0,0.7853809774015229,0.7853809774015229,0.8333333333333334,12,0,-0.6415864394193344,12,-1,0.5701238828546861
460342,515982,000000515982.jpg,REAR,0,12,19280.4,122.1,-1,body7_official,rtmdet_ins_tiny,rtmdet_ins_tiny,19,0.6935,0.9491,0.9491,0,0.7918356754187381,0.7918356754187381,0.8333333333333334,12,0,-0.6517840418225436,12,-1,0.5923034653944128
460342,515982,000000515982.jpg,REAR,0,12,19280.4,122.1,-1,body7_self,gt_box,gt_box,,,1.0,1.0,0,0.7853809774015229,0.7853809774015229,0.8333333333333334,12,0,-0.6415864394193344,12,-1,0.5701239319408641
460342,515982,000000515982.jpg,REAR,0,12,19280.4,122.1,-1,body7_self,rtmdet_ins_tiny,rtmdet_ins_tiny,19,0.6935,0.9491,0.9491,0,0.7918356754187381,0.7918356754187381,0.8333333333333334,12,0,-0.6517840418225436,12,-1,0.5923035600606132
460342,515982,000000515982.jpg,REAR,0,12,19280.4,122.1,-1,aic_coco_self,gt_box,gt_box,,,1.0,1.0,0,0.8272244543050294,0.8272244543050294,0.9166666666666666,12,0,-0.6485367678440737,12,-1,0.7340036981246051
460342,515982,000000515982.jpg,REAR,0,12,19280.4,122.1,-1,aic_coco_self,rtmdet_ins_tiny,rtmdet_ins_tiny,19,0.6935,0.9491,0.9491,0,0.8163675517768306,0.8163675517768306,0.9166666666666666,12,0,-0.6523769376167247,12,-1,0.7144533010090098
460897,581317,000000581317.jpg,OBLIQUE,2,11,33684.5,298.1,-1,body7_official,gt_box,gt_box,,,1.0,1.0,0,0.9493765426462574,0.9493765426462574,1.0,11,0,-0.41701033518241737,8,-1,0.6608618857229457
460897,581317,000000581317.jpg,OBLIQUE,2,11,33684.5,298.1,-1,body7_official,rtmdet_ins_tiny,rtmdet_ins_tiny,3,0.9017,0.9494,0.9494,0,0.9541031584482994,0.9541031584482994,1.0,11,0,-0.42229789417998687,8,-1,0.6526127076324295
460897,581317,000000581317.jpg,OBLIQUE,2,11,33684.5,298.1,-1,body7_self,gt_box,gt_box,,,1.0,1.0,0,0.9493765426462574,0.9493765426462574,1.0,11,0,-0.41701033518241737,8,-1,0.6608619041302625
460897,581317,000000581317.jpg,OBLIQUE,2,11,33684.5,298.1,-1,body7_self,rtmdet_ins_tiny,rtmdet_ins_tiny,3,0.9017,0.9494,0.9494,0,0.9541031584482994,0.9541031584482994,1.0,11,0,-0.42229789417998687,8,-1,0.6526126602993292
460897,581317,000000581317.jpg,OBLIQUE,2,11,33684.5,298.1,-1,aic_coco_self,gt_box,gt_box,,,1.0,1.0,0,0.9556658265031411,0.9556658265031411,1.0,11,0,-0.42807561792510146,8,-1,0.6852367678109337
460897,581317,000000581317.jpg,OBLIQUE,2,11,33684.5,298.1,-1,aic_coco_self,rtmdet_ins_tiny,rtmdet_ins_tiny,3,0.9017,0.9494,0.9494,0,0.9521810180933755,0.9521810180933755,1.0,11,0,-0.4292006634142749,8,-1,0.6866963584633434
461614,46252,000000046252.jpg,OBLIQUE,2,15,8521.7,184.9,-1,body7_official,gt_box,gt_box,,,1.0,1.0,0,0.9655512537580545,0.9655512537580545,1.0,15,0,-0.5449184045776643,12,-1,0.8452899000223946
461614,46252,000000046252.jpg,OBLIQUE,2,15,8521.7,184.9,-1,body7_official,rtmdet_ins_tiny,rtmdet_ins_tiny,5,0.8525,0.9325,0.9325,0,0.9637940005819647,0.9637940005819647,1.0,15,0,-0.5458007468134563,12,-1,0.8727052211761475
461614,46252,000000046252.jpg,OBLIQUE,2,15,8521.7,184.9,-1,body7_self,gt_box,gt_box,,,1.0,1.0,0,0.9655512537580545,0.9655512537580545,1.0,15,0,-0.5449184045776643,12,-1,0.845289878985461
461614,46252,000000046252.jpg,OBLIQUE,2,15,8521.7,184.9,-1,body7_self,rtmdet_ins_tiny,rtmdet_ins_tiny,5,0.8525,0.9325,0.9325,0,0.9637940005819647,0.9637940005819647,1.0,15,0,-0.5458007468134563,12,-1,0.8727051580653471
461614,46252,000000046252.jpg,OBLIQUE,2,15,8521.7,184.9,-1,aic_coco_self,gt_box,gt_box,,,1.0,1.0,0,0.9687487951004715,0.9687487951004715,1.0,15,0,-0.5441520147526557,12,-1,0.8672937505385455
461614,46252,000000046252.jpg,OBLIQUE,2,15,8521.7,184.9,-1,aic_coco_self,rtmdet_ins_tiny,rtmdet_ins_tiny,5,0.8525,0.9325,0.9325,0,0.9678071360945729,0.9678071360945729,1.0,15,0,-0.5384163828775146,12,-1,0.8751820641405442
461736,404923,000000404923.jpg,REAR,0,13,28351.4,368.9,-1,body7_official,gt_box,gt_box,,,1.0,1.0,0,0.9666254110017434,0.9666254110017434,1.0,12,0,-0.14681217670896227,10,-1,0.7740013669518864
461736,404923,000000404923.jpg,REAR,0,13,28351.4,368.9,-1,body7_official,rtmdet_ins_tiny,rtmdet_ins_tiny,12,0.8783,0.9422,0.9422,0,0.9633221146193726,0.9633221146193726,1.0,12,0,-0.14122580533156517,10,-1,0.782866870655733
461736,404923,000000404923.jpg,REAR,0,13,28351.4,368.9,-1,body7_self,gt_box,gt_box,,,1.0,1.0,0,0.9666254110017434,0.9666254110017434,1.0,12,0,-0.14681217670896227,10,-1,0.7740013985072866
461736,404923,000000404923.jpg,REAR,0,13,28351.4,368.9,-1,body7_self,rtmdet_ins_tiny,rtmdet_ins_tiny,12,0.8783,0.9422,0.9422,0,0.9633221146193726,0.9633221146193726,1.0,12,0,-0.14122580533156517,10,-1,0.7828668671495774
461736,404923,000000404923.jpg,REAR,0,13,28351.4,368.9,-1,aic_coco_self,gt_box,gt_box,,,1.0,1.0,0,0.9646804110347517,0.9646804110347517,1.0,12,0,-0.14893489818617958,10,-1,0.8092022257692674
461736,404923,000000404923.jpg,REAR,0,13,28351.4,368.9,-1,aic_coco_self,rtmdet_ins_tiny,rtmdet_ins_tiny,12,0.8783,0.9422,0.9422,0,0.967827942228805,0.967827942228805,1.0,12,0,-0.14299601734632864,10,-1,0.8247779362341937
462207,60899,000000060899.jpg,FRONT,3,16,32066.9,375.4,-1,body7_official,gt_box,gt_box,,,1.0,1.0,0,0.9731295001613799,0.9731295001613799,1.0,16,0,-0.3266759192861444,12,-1,0.9122569070142859
462207,60899,000000060899.jpg,FRONT,3,16,32066.9,375.4,-1,body7_official,rtmdet_ins_tiny,rtmdet_ins_tiny,4,0.8050,0.9663,0.9663,0,0.9699422107089699,0.9699422107089699,1.0,16,0,-0.32361139213444295,12,-1,0.9083603865960065
462207,60899,000000060899.jpg,FRONT,3,16,32066.9,375.4,-1,body7_self,gt_box,gt_box,,,1.0,1.0,0,0.9731295001613799,0.9731295001613799,1.0,16,0,-0.3266759192861444,12,-1,0.9122569035081303
462207,60899,000000060899.jpg,FRONT,3,16,32066.9,375.4,-1,body7_self,rtmdet_ins_tiny,rtmdet_ins_tiny,4,0.8050,0.9663,0.9663,0,0.9699422107089699,0.9699422107089699,1.0,16,0,-0.32361139213444295,12,-1,0.9083603164728951
462207,60899,000000060899.jpg,FRONT,3,16,32066.9,375.4,-1,aic_coco_self,gt_box,gt_box,,,1.0,1.0,0,0.9736030755657643,0.9736030755657643,1.0,16,0,-0.327321136990971,12,-1,0.9084358285455143
462207,60899,000000060899.jpg,FRONT,3,16,32066.9,375.4,-1,aic_coco_self,rtmdet_ins_tiny,rtmdet_ins_tiny,4,0.8050,0.9663,0.9663,0,0.9734066333832503,0.9734066333832503,1.0,16,0,-0.32679911287804203,12,-1,0.9053493352497325
463106,429761,000000429761.jpg,REAR,0,14,17848.8,310.7,1,body7_official,gt_box,gt_box,,,1.0,1.0,0,0.9664775672822657,0.9664775672822657,1.0,13,0,-0.3612741983980282,10,1,0.8354433319147896
463106,429761,000000429761.jpg,REAR,0,14,17848.8,310.7,1,body7_official,rtmdet_ins_tiny,rtmdet_ins_tiny,5,0.9000,0.9589,0.9589,0,0.9649527574932946,0.9649527574932946,1.0,13,0,-0.36048119395007777,10,1,0.841526399640476
463106,429761,000000429761.jpg,REAR,0,14,17848.8,310.7,1,body7_self,gt_box,gt_box,,,1.0,1.0,0,0.9664775672822657,0.9664775672822657,1.0,13,0,-0.3612741983980282,10,1,0.8354433424332562
463106,429761,000000429761.jpg,REAR,0,14,17848.8,310.7,1,body7_self,rtmdet_ins_tiny,rtmdet_ins_tiny,5,0.9000,0.9589,0.9589,0,0.9649527574932946,0.9649527574932946,1.0,13,0,-0.36048119395007777,10,1,0.8415263382827535
463106,429761,000000429761.jpg,REAR,0,14,17848.8,310.7,1,aic_coco_self,gt_box,gt_box,,,1.0,1.0,0,0.9694746976089957,0.9694746976089957,1.0,13,0,-0.3639092473214443,10,1,0.8434869015918058
463106,429761,000000429761.jpg,REAR,0,14,17848.8,310.7,1,aic_coco_self,rtmdet_ins_tiny,rtmdet_ins_tiny,5,0.9000,0.9589,0.9589,0,0.969439860321712,0.969439860321712,1.0,13,0,-0.36394735298122355,10,1,0.8387401244219612
463569,60347,000000060347.jpg,OBLIQUE,2,15,33724.1,360.4,-1,body7_official,gt_box,gt_box,,,1.0,1.0,0,0.9602767570694825,0.9602767570694825,1.0,15,0,-0.23903594610777462,12,-1,0.8550508372923907
463569,60347,000000060347.jpg,OBLIQUE,2,15,33724.1,360.4,-1,body7_official,rtmdet_ins_tiny,rtmdet_ins_tiny,1,0.8342,0.9300,0.9300,0,0.9551407886246805,0.9551407886246805,1.0,15,0,-0.23482570600370267,12,-1,0.8529446475646075
463569,60347,000000060347.jpg,OBLIQUE,2,15,33724.1,360.4,-1,body7_self,gt_box,gt_box,,,1.0,1.0,0,0.9602767570694825,0.9602767570694825,1.0,15,0,-0.23903594610777462,12,-1,0.8550508863785687
463569,60347,000000060347.jpg,OBLIQUE,2,15,33724.1,360.4,-1,body7_self,rtmdet_ins_tiny,rtmdet_ins_tiny,1,0.8342,0.9300,0.9300,0,0.9551407886246805,0.9551407886246805,1.0,15,0,-0.23482570600370267,12,-1,0.852944717687719
463569,60347,000000060347.jpg,OBLIQUE,2,15,33724.1,360.4,-1,aic_coco_self,gt_box,gt_box,,,1.0,1.0,0,0.9671081612313384,0.9671081612313384,1.0,15,0,-0.23985971637330938,12,-1,0.8709744705873377
463569,60347,000000060347.jpg,OBLIQUE,2,15,33724.1,360.4,-1,aic_coco_self,rtmdet_ins_tiny,rtmdet_ins_tiny,1,0.8342,0.9300,0.9300,0,0.9640491274396193,0.9640491274396193,1.0,15,0,-0.23796033264512975,12,-1,0.8688134656232946
464561,319369,000000319369.jpg,FRONT,3,15,5327.4,121.4,-1,body7_official,gt_box,gt_box,,,1.0,1.0,0,0.9645725171808306,0.9645725171808306,1.0,13,0,-0.4688269263383784,8,-1,0.7568230383536395
464561,319369,000000319369.jpg,FRONT,3,15,5327.4,121.4,-1,body7_official,rtmdet_ins_tiny,rtmdet_ins_tiny,12,0.8263,0.9671,0.9671,0,0.9669488981785577,0.9669488981785577,1.0,13,0,-0.46849945467401233,8,-1,0.7603899731355555
464561,319369,000000319369.jpg,FRONT,3,15,5327.4,121.4,-1,body7_self,gt_box,gt_box,,,1.0,1.0,0,0.9645725171808306,0.9645725171808306,1.0,13,0,-0.4688269263383784,8,-1,0.7568230155636283
464561,319369,000000319369.jpg,FRONT,3,15,5327.4,121.4,-1,body7_self,rtmdet_ins_tiny,rtmdet_ins_tiny,12,0.8263,0.9671,0.9671,0,0.9669488981785577,0.9669488981785577,1.0,13,0,-0.46849945467401233,8,-1,0.7603899854071
464561,319369,000000319369.jpg,FRONT,3,15,5327.4,121.4,-1,aic_coco_self,gt_box,gt_box,,,1.0,1.0,0,0.9663677663429373,0.9663677663429373,1.0,13,0,-0.4659554417402066,8,-1,0.7580164688474992
464561,319369,000000319369.jpg,FRONT,3,15,5327.4,121.4,-1,aic_coco_self,rtmdet_ins_tiny,rtmdet_ins_tiny,12,0.8263,0.9671,0.9671,0,0.9678851601850377,0.9678851601850377,1.0,13,0,-0.4667157363688891,8,-1,0.7574643825783449
465064,513524,000000513524.jpg,OBLIQUE,2,15,22344.3,323.2,1,body7_official,gt_box,gt_box,,,1.0,1.0,0,0.8237089000324987,0.8237089000324987,0.9285714285714286,14,0,-0.4174343530454261,10,1,0.7015599380521214
465064,513524,000000513524.jpg,OBLIQUE,2,15,22344.3,323.2,1,body7_official,rtmdet_ins_tiny,rtmdet_ins_tiny,1,0.9289,0.9700,0.9700,0,0.8754803273741791,0.8754803273741791,1.0,14,0,-0.44713070336854555,10,1,0.7076296578435337
465064,513524,000000513524.jpg,OBLIQUE,2,15,22344.3,323.2,1,body7_self,gt_box,gt_box,,,1.0,1.0,0,0.8237089000324987,0.8237089000324987,0.9285714285714286,14,0,-0.4174343530454261,10,1,0.7015599108794156
465064,513524,000000513524.jpg,OBLIQUE,2,15,22344.3,323.2,1,body7_self,rtmdet_ins_tiny,rtmdet_ins_tiny,1,0.9289,0.9700,0.9700,0,0.8754803273741791,0.8754803273741791,1.0,14,0,-0.44713070336854555,10,1,0.7076296999174005
465064,513524,000000513524.jpg,OBLIQUE,2,15,22344.3,323.2,1,aic_coco_self,gt_box,gt_box,,,1.0,1.0,0,0.8987120001547562,0.8987120001547562,1.0,14,0,-0.4316478831066067,10,1,0.7505022673045888
465064,513524,000000513524.jpg,OBLIQUE,2,15,22344.3,323.2,1,aic_coco_self,rtmdet_ins_tiny,rtmdet_ins_tiny,1,0.9289,0.9700,0.9700,0,0.897733482555907,0.897733482555907,1.0,14,0,-0.4257402650314643,10,1,0.7472359117339639
466303,289960,000000289960.jpg,FRONT,3,17,1728.3,106.6,-1,body7_official,gt_box,gt_box,,,1.0,1.0,0,0.9710742366266608,0.9710742366266608,1.0,17,0,-0.44750147915914124,12,-1,0.8431140359710244
466303,289960,000000289960.jpg,FRONT,3,17,1728.3,106.6,-1,body7_official,rtmdet_ins_tiny,rtmdet_ins_tiny,7,0.8637,0.9583,0.9583,0,0.970162011418444,0.970162011418444,1.0,17,0,-0.4512526400236979,12,-1,0.839977478279787
466303,289960,000000289960.jpg,FRONT,3,17,1728.3,106.6,-1,body7_self,gt_box,gt_box,,,1.0,1.0,0,0.9710742366266608,0.9710742366266608,1.0,17,0,-0.44750147915914124,12,-1,0.8431138817001792
466303,289960,000000289960.jpg,FRONT,3,17,1728.3,106.6,-1,body7_self,rtmdet_ins_tiny,rtmdet_ins_tiny,7,0.8637,0.9583,0.9583,0,0.970162011418444,0.970162011418444,1.0,17,0,-0.4512526400236979,12,-1,0.8399773976382088
466303,289960,000000289960.jpg,FRONT,3,17,1728.3,106.6,-1,aic_coco_self,gt_box,gt_box,,,1.0,1.0,0,0.9733154041357079,0.9733154041357079,1.0,17,0,-0.4547500349917056,12,-1,0.847064354840447
466303,289960,000000289960.jpg,FRONT,3,17,1728.3,106.6,-1,aic_coco_self,rtmdet_ins_tiny,rtmdet_ins_tiny,7,0.8637,0.9583,0.9583,0,0.9759611878468145,0.9759611878468145,1.0,17,0,-0.4541756515925089,12,-1,0.8569459704791799
466735,442836,000000442836.jpg,FRONT,3,16,16041.0,268.0,-1,body7_official,gt_box,gt_box,,,1.0,1.0,0,0.9721797921848845,0.9721797921848845,1.0,16,0,-0.40760355026659295,12,-1,0.8645441391888786
466735,442836,000000442836.jpg,FRONT,3,16,16041.0,268.0,-1,body7_official,rtmdet_ins_tiny,rtmdet_ins_tiny,6,0.8911,0.9674,0.9674,0,0.9729918117735717,0.9729918117735717,1.0,16,0,-0.4045877571466026,12,-1,0.8596906872356639
466735,442836,000000442836.jpg,FRONT,3,16,16041.0,268.0,-1,body7_self,gt_box,gt_box,,,1.0,1.0,0,0.9721797921848845,0.9721797921848845,1.0,16,0,-0.40760355026659295,12,-1,0.8645442268427681
466735,442836,000000442836.jpg,FRONT,3,16,16041.0,268.0,-1,body7_self,rtmdet_ins_tiny,rtmdet_ins_tiny,6,0.8911,0.9674,0.9674,0,0.9729918117735717,0.9729918117735717,1.0,16,0,-0.4045877571466026,12,-1,0.8596906101002413
466735,442836,000000442836.jpg,FRONT,3,16,16041.0,268.0,-1,aic_coco_self,gt_box,gt_box,,,1.0,1.0,0,0.9674859341916044,0.9674859341916044,1.0,16,0,-0.40308220524986604,12,-1,0.8600365694831399
466735,442836,000000442836.jpg,FRONT,3,16,16041.0,268.0,-1,aic_coco_self,rtmdet_ins_tiny,rtmdet_ins_tiny,6,0.8911,0.9674,0.9674,0,0.9664726818967515,0.9664726818967515,1.0,16,0,-0.4026296283883684,12,-1,0.8601459965986364
467158,22935,000000022935.jpg,FRONT,3,13,86996.6,455.3,-1,body7_official,gt_box,gt_box,,,1.0,1.0,0,0.977682428850584,0.977682428850584,1.0,12,0,-0.6023042108733466,6,-1,0.7545733600854874
467158,22935,000000022935.jpg,FRONT,3,13,86996.6,455.3,-1,body7_official,rtmdet_ins_tiny,rtmdet_ins_tiny,15,0.8399,0.7035,0.7948,3,0.9561490149873065,0.9561490149873065,1.0,12,0,-0.5822484132304808,6,-1,0.7028285510399762
467158,22935,000000022935.jpg,FRONT,3,13,86996.6,455.3,-1,body7_self,gt_box,gt_box,,,1.0,1.0,0,0.977682428850584,0.977682428850584,1.0,12,0,-0.6023042108733466,6,-1,0.754573338172015
467158,22935,000000022935.jpg,FRONT,3,13,86996.6,455.3,-1,body7_self,rtmdet_ins_tiny,rtmdet_ins_tiny,15,0.8399,0.7035,0.7948,3,0.9561490149873065,0.9561490149873065,1.0,12,0,-0.5822484132304808,6,-1,0.7028285405215096
467158,22935,000000022935.jpg,FRONT,3,13,86996.6,455.3,-1,aic_coco_self,gt_box,gt_box,,,1.0,1.0,0,0.9765997092933886,0.9765997092933886,1.0,12,0,-0.5999837580423824,6,-1,0.779031027765835
467158,22935,000000022935.jpg,FRONT,3,13,86996.6,455.3,-1,aic_coco_self,rtmdet_ins_tiny,rtmdet_ins_tiny,15,0.8399,0.7035,0.7948,3,0.9320329785628618,0.9320329785628618,1.0,12,0,-0.5748764419645649,6,-1,0.6957609364215065
467384,69356,000000069356.jpg,FRONT,3,16,24102.5,378.5,-1,body7_official,gt_box,gt_box,,,1.0,1.0,0,0.9568983051684306,0.9568983051684306,1.0,16,0,-0.10482517134667928,12,-1,0.8249407743706423
467384,69356,000000069356.jpg,FRONT,3,16,24102.5,378.5,-1,body7_official,rtmdet_ins_tiny,rtmdet_ins_tiny,2,0.8407,0.9488,0.9488,0,0.9539667646972083,0.9539667646972083,1.0,16,0,-0.11198581089402158,12,-1,0.8464448469526628
467384,69356,000000069356.jpg,FRONT,3,16,24102.5,378.5,-1,body7_self,gt_box,gt_box,,,1.0,1.0,0,0.9568983051684306,0.9568983051684306,1.0,16,0,-0.10482517134667928,12,-1,0.8249407130129197
467384,69356,000000069356.jpg,FRONT,3,16,24102.5,378.5,-1,body7_self,rtmdet_ins_tiny,rtmdet_ins_tiny,2,0.8407,0.9488,0.9488,0,0.9539667646972083,0.9539667646972083,1.0,16,0,-0.11198581089402158,12,-1,0.8464447891010958
467384,69356,000000069356.jpg,FRONT,3,16,24102.5,378.5,-1,aic_coco_self,gt_box,gt_box,,,1.0,1.0,0,0.9719546808024608,0.9719546808024608,1.0,16,0,-0.11390051912879876,12,-1,0.8269572678734275
467384,69356,000000069356.jpg,FRONT,3,16,24102.5,378.5,-1,aic_coco_self,rtmdet_ins_tiny,rtmdet_ins_tiny,2,0.8407,0.9488,0.9488,0,0.9692625752651031,0.9692625752651031,1.0,16,0,-0.11206387390290873,12,-1,0.8150003271944383
468075,161875,000000161875.jpg,FRONT,3,17,21048.4,312.9,-1,body7_official,gt_box,gt_box,,,1.0,1.0,0,0.9660717650001411,0.9660717650001411,1.0,16,0,-0.22666741112490485,10,-1,0.8507418071522432
468075,161875,000000161875.jpg,FRONT,3,17,21048.4,312.9,-1,body7_official,rtmdet_ins_tiny,rtmdet_ins_tiny,8,0.8665,0.9210,0.9210,0,0.9718129555258749,0.9718129555258749,1.0,16,0,-0.23030916576054272,10,-1,0.8669177995008581
468075,161875,000000161875.jpg,FRONT,3,17,21048.4,312.9,-1,body7_self,gt_box,gt_box,,,1.0,1.0,0,0.9660717650001411,0.9660717650001411,1.0,16,0,-0.22666741112490485,10,-1,0.8507417370291317
468075,161875,000000161875.jpg,FRONT,3,17,21048.4,312.9,-1,body7_self,rtmdet_ins_tiny,rtmdet_ins_tiny,8,0.8665,0.9210,0.9210,0,0.9718129555258749,0.9718129555258749,1.0,16,0,-0.23030916576054272,10,-1,0.8669178555993473
468075,161875,000000161875.jpg,FRONT,3,17,21048.4,312.9,-1,aic_coco_self,gt_box,gt_box,,,1.0,1.0,0,0.9738401817827953,0.9738401817827953,1.0,16,0,-0.22658300651487068,10,-1,0.8447883164181429
468075,161875,000000161875.jpg,FRONT,3,17,21048.4,312.9,-1,aic_coco_self,rtmdet_ins_tiny,rtmdet_ins_tiny,8,0.8665,0.9210,0.9210,0,0.9633874252739525,0.9633874252739525,1.0,16,0,-0.2257943838195907,10,-1,0.8509068559197819
468886,305309,000000305309.jpg,FRONT,3,17,18946.6,322.2,-1,body7_official,gt_box,gt_box,,,1.0,1.0,0,0.9841826772138449,0.9841826772138449,1.0,17,0,-0.34425475809806055,12,-1,0.8541021872969234
468886,305309,000000305309.jpg,FRONT,3,17,18946.6,322.2,-1,body7_official,rtmdet_ins_tiny,rtmdet_ins_tiny,2,0.8621,0.8834,0.8834,0,0.9493569571537405,0.9493569571537405,1.0,17,0,-0.34070173752388566,12,-1,0.8374396141837624
468886,305309,000000305309.jpg,FRONT,3,17,18946.6,322.2,-1,body7_self,gt_box,gt_box,,,1.0,1.0,0,0.9841826772138449,0.9841826772138449,1.0,17,0,-0.34425475809806055,12,-1,0.8541021206799675
468886,305309,000000305309.jpg,FRONT,3,17,18946.6,322.2,-1,body7_self,rtmdet_ins_tiny,rtmdet_ins_tiny,2,0.8621,0.8834,0.8834,0,0.9493569571537405,0.9493569571537405,1.0,17,0,-0.34070173752388566,12,-1,0.8374396562576294
468886,305309,000000305309.jpg,FRONT,3,17,18946.6,322.2,-1,aic_coco_self,gt_box,gt_box,,,1.0,1.0,0,0.9395182490838658,0.9395182490838658,1.0,17,0,-0.3455615354080648,12,-1,0.8511350575615378
468886,305309,000000305309.jpg,FRONT,3,17,18946.6,322.2,-1,aic_coco_self,rtmdet_ins_tiny,rtmdet_ins_tiny,2,0.8621,0.8834,0.8834,0,0.9296349223752283,0.9296349223752283,1.0,17,0,-0.34554053876505564,12,-1,0.8477048172670252
469201,581062,000000581062.jpg,PROFILE,1,14,2470.7,113.5,-1,body7_official,gt_box,gt_box,,,1.0,1.0,0,0.9772908531770497,0.9772908531770497,1.0,14,0,-0.44160799741127843,12,-1,0.8289597770747017
469201,581062,000000581062.jpg,PROFILE,1,14,2470.7,113.5,-1,body7_official,rtmdet_ins_tiny,rtmdet_ins_tiny,10,0.8647,0.9473,0.9473,0,0.9736553505009616,0.9736553505009616,1.0,14,0,-0.43869353438955433,12,-1,0.8199756215600407
469201,581062,000000581062.jpg,PROFILE,1,14,2470.7,113.5,-1,body7_self,gt_box,gt_box,,,1.0,1.0,0,0.9772908531770497,0.9772908531770497,1.0,14,0,-0.44160799741127843,12,-1,0.8289598296670353
469201,581062,000000581062.jpg,PROFILE,1,14,2470.7,113.5,-1,body7_self,rtmdet_ins_tiny,rtmdet_ins_tiny,10,0.8647,0.9473,0.9473,0,0.9736553505009616,0.9736553505009616,1.0,14,0,-0.43869353438955433,12,-1,0.8199754848199732
469201,581062,000000581062.jpg,PROFILE,1,14,2470.7,113.5,-1,aic_coco_self,gt_box,gt_box,,,1.0,1.0,0,0.9640873670833144,0.9640873670833144,1.0,14,0,-0.44486849661808975,12,-1,0.8405470146852381
469201,581062,000000581062.jpg,PROFILE,1,14,2470.7,113.5,-1,aic_coco_self,rtmdet_ins_tiny,rtmdet_ins_tiny,10,0.8647,0.9473,0.9473,0,0.9476565771980621,0.9476565771980621,1.0,14,0,-0.44658485313596086,12,-1,0.8364666910732493
469488,32081,000000032081.jpg,OBLIQUE,2,15,20865.2,391.0,-1,body7_official,gt_box,gt_box,,,1.0,1.0,0,0.9747349582742177,0.9747349582742177,1.0,15,0,-0.47292548035399545,12,-1,0.8353676234974581
469488,32081,000000032081.jpg,OBLIQUE,2,15,20865.2,391.0,-1,body7_official,rtmdet_ins_tiny,rtmdet_ins_tiny,3,0.8761,0.9457,0.9457,0,0.9760559531677556,0.9760559531677556,1.0,15,0,-0.4764822970721851,12,-1,0.8362609673948849
469488,32081,000000032081.jpg,OBLIQUE,2,15,20865.2,391.0,-1,body7_self,gt_box,gt_box,,,1.0,1.0,0,0.9747349582742177,0.9747349582742177,1.0,15,0,-0.47292548035399545,12,-1,0.8353676690774805
469488,32081,000000032081.jpg,OBLIQUE,2,15,20865.2,391.0,-1,body7_self,rtmdet_ins_tiny,rtmdet_ins_tiny,3,0.8761,0.9457,0.9457,0,0.9760559531677556,0.9760559531677556,1.0,15,0,-0.4764822970721851,12,-1,0.8362610024564406
469488,32081,000000032081.jpg,OBLIQUE,2,15,20865.2,391.0,-1,aic_coco_self,gt_box,gt_box,,,1.0,1.0,0,0.9610800971714166,0.9610800971714166,1.0,15,0,-0.485151577716645,12,-1,0.8453326190219206
469488,32081,000000032081.jpg,OBLIQUE,2,15,20865.2,391.0,-1,aic_coco_self,rtmdet_ins_tiny,rtmdet_ins_tiny,3,0.8761,0.9457,0.9457,0,0.980412548014428,0.980412548014428,1.0,15,0,-0.48187204415204027,12,-1,0.8632816742448246
470070,187990,000000187990.jpg,OBLIQUE,2,13,10169.5,152.9,-1,body7_official,gt_box,gt_box,,,1.0,1.0,0,0.9607081325039851,0.9607081325039851,1.0,13,0,-0.03959968965542173,8,-1,0.742446103516747
470070,187990,000000187990.jpg,OBLIQUE,2,13,10169.5,152.9,-1,body7_official,rtmdet_ins_tiny,rtmdet_ins_tiny,9,0.3537,0.7501,0.7501,0,0.9523725081312364,0.9523725081312364,1.0,13,0,-0.03504725741805492,8,-1,0.6675539507585413
470070,187990,000000187990.jpg,OBLIQUE,2,13,10169.5,152.9,-1,body7_self,gt_box,gt_box,,,1.0,1.0,0,0.9607081325039851,0.9607081325039851,1.0,13,0,-0.03959968965542173,8,-1,0.7424460544305689
470070,187990,000000187990.jpg,OBLIQUE,2,13,10169.5,152.9,-1,body7_self,rtmdet_ins_tiny,rtmdet_ins_tiny,9,0.3537,0.7501,0.7501,0,0.9523725081312364,0.9523725081312364,1.0,13,0,-0.03504725741805492,8,-1,0.6675540349062752
470070,187990,000000187990.jpg,OBLIQUE,2,13,10169.5,152.9,-1,aic_coco_self,gt_box,gt_box,,,1.0,1.0,0,0.9561070836326178,0.9561070836326178,1.0,13,0,-0.0353469854430306,8,-1,0.7212391881381764
470070,187990,000000187990.jpg,OBLIQUE,2,13,10169.5,152.9,-1,aic_coco_self,rtmdet_ins_tiny,rtmdet_ins_tiny,9,0.3537,0.7501,0.7501,0,0.941494679109717,0.941494679109717,1.0,13,0,-0.03186212327956574,8,-1,0.6428496276631075
471260,393226,000000393226.jpg,OBLIQUE,2,15,4010.8,143.8,-1,body7_official,gt_box,gt_box,,,1.0,1.0,0,0.9540488230752237,0.9540488230752237,1.0,15,0,-0.2752181910266961,12,-1,0.7728927731513977
471260,393226,000000393226.jpg,OBLIQUE,2,15,4010.8,143.8,-1,body7_official,rtmdet_ins_tiny,rtmdet_ins_tiny,25,0.9040,0.9675,0.9675,0,0.9539323187242701,0.9539323187242701,1.0,15,0,-0.2779603734858917,12,-1,0.7745265119216022
471260,393226,000000393226.jpg,OBLIQUE,2,15,4010.8,143.8,-1,body7_self,gt_box,gt_box,,,1.0,1.0,0,0.9540488230752237,0.9540488230752237,1.0,15,0,-0.2752181910266961,12,-1,0.7728927556206199
471260,393226,000000393226.jpg,OBLIQUE,2,15,4010.8,143.8,-1,body7_self,rtmdet_ins_tiny,rtmdet_ins_tiny,25,0.9040,0.9675,0.9675,0,0.9539323187242701,0.9539323187242701,1.0,15,0,-0.2779603734858917,12,-1,0.774526462835424
471260,393226,000000393226.jpg,OBLIQUE,2,15,4010.8,143.8,-1,aic_coco_self,gt_box,gt_box,,,1.0,1.0,0,0.9524869695565106,0.9524869695565106,1.0,15,0,-0.2759328696726173,12,-1,0.819565639776342
471260,393226,000000393226.jpg,OBLIQUE,2,15,4010.8,143.8,-1,aic_coco_self,rtmdet_ins_tiny,rtmdet_ins_tiny,25,0.9040,0.9675,0.9675,0,0.948981586305672,0.948981586305672,1.0,15,0,-0.27715406496289624,12,-1,0.8129432832493502
471874,322724,000000322724.jpg,FRONT,3,15,11924.8,224.5,-1,body7_official,gt_box,gt_box,,,1.0,1.0,0,0.9367299406739464,0.9367299406739464,1.0,14,0,-0.3959580996475938,10,-1,0.8176710044636446
471874,322724,000000322724.jpg,FRONT,3,15,11924.8,224.5,-1,body7_official,rtmdet_ins_tiny,rtmdet_ins_tiny,15,0.9129,0.8791,0.8791,0,0.9438666459241606,0.9438666459241606,1.0,14,0,-0.3985486739071184,10,-1,0.8363331416073967
471874,322724,000000322724.jpg,FRONT,3,15,11924.8,224.5,-1,body7_self,gt_box,gt_box,,,1.0,1.0,0,0.9367299406739464,0.9367299406739464,1.0,14,0,-0.3959580996475938,10,-1,0.8176710886113784
471874,322724,000000322724.jpg,FRONT,3,15,11924.8,224.5,-1,body7_self,rtmdet_ins_tiny,rtmdet_ins_tiny,15,0.9129,0.8791,0.8791,0,0.9438666459241606,0.9438666459241606,1.0,14,0,-0.3985486739071184,10,-1,0.8363331135581521
471874,322724,000000322724.jpg,FRONT,3,15,11924.8,224.5,-1,aic_coco_self,gt_box,gt_box,,,1.0,1.0,0,0.9614861495248105,0.9614861495248105,1.0,14,0,-0.3992592623555291,10,-1,0.8224441409111023
471874,322724,000000322724.jpg,FRONT,3,15,11924.8,224.5,-1,aic_coco_self,rtmdet_ins_tiny,rtmdet_ins_tiny,15,0.9129,0.8791,0.8791,0,0.9550705855497142,0.9550705855497142,1.0,14,0,-0.39761725180441077,10,-1,0.8483443435500649
472316,365745,000000365745.jpg,FRONT,3,15,5942.9,155.3,-1,body7_official,gt_box,gt_box,,,1.0,1.0,0,0.9849175622935448,0.9849175622935448,1.0,14,0,-0.3224042483996004,8,-1,0.8282902451122508
472316,365745,000000365745.jpg,FRONT,3,15,5942.9,155.3,-1,body7_official,rtmdet_ins_tiny,rtmdet_ins_tiny,34,0.8521,0.9775,0.9775,0,0.9843502056772769,0.9843502056772769,1.0,14,0,-0.3243897103301253,8,-1,0.845477069125456
472316,365745,000000365745.jpg,FRONT,3,15,5942.9,155.3,-1,body7_self,gt_box,gt_box,,,1.0,1.0,0,0.9849175622935448,0.9849175622935448,1.0,14,0,-0.3224042483996004,8,-1,0.828290203038384
472316,365745,000000365745.jpg,FRONT,3,15,5942.9,155.3,-1,body7_self,rtmdet_ins_tiny,rtmdet_ins_tiny,34,0.8521,0.9775,0.9775,0,0.9843502056772769,0.9843502056772769,1.0,14,0,-0.3243897103301253,8,-1,0.8454770586069893
472316,365745,000000365745.jpg,FRONT,3,15,5942.9,155.3,-1,aic_coco_self,gt_box,gt_box,,,1.0,1.0,0,0.9869018679689522,0.9869018679689522,1.0,14,0,-0.3291542044608036,8,-1,0.8537222182049471
472316,365745,000000365745.jpg,FRONT,3,15,5942.9,155.3,-1,aic_coco_self,rtmdet_ins_tiny,rtmdet_ins_tiny,34,0.8521,0.9775,0.9775,0,0.9868216629863013,0.9868216629863013,1.0,14,0,-0.32674299118715944,8,-1,0.8561197904979482
472775,518326,000000518326.jpg,REAR,0,10,9258.0,184.0,1,body7_official,gt_box,gt_box,,,1.0,1.0,0,0.9842824835686214,0.9842824835686214,1.0,9,0,-0.24591457906393654,8,1,0.7075003052459043
472775,518326,000000518326.jpg,REAR,0,10,9258.0,184.0,1,body7_official,rtmdet_ins_tiny,rtmdet_ins_tiny,50,0.7068,0.8160,0.8160,0,0.9811529814177806,0.9811529814177806,1.0,9,0,-0.24263006851925062,8,1,0.6975438822718227
472775,518326,000000518326.jpg,REAR,0,10,9258.0,184.0,1,body7_self,gt_box,gt_box,,,1.0,1.0,0,0.9842824835686214,0.9842824835686214,1.0,9,0,-0.24591457906393654,8,1,0.7075005173683167
472775,518326,000000518326.jpg,REAR,0,10,9258.0,184.0,1,body7_self,rtmdet_ins_tiny,rtmdet_ins_tiny,50,0.7068,0.8160,0.8160,0,0.9811529814177806,0.9811529814177806,1.0,9,0,-0.24263006851925062,8,1,0.6975442591835471
472775,518326,000000518326.jpg,REAR,0,10,9258.0,184.0,1,aic_coco_self,gt_box,gt_box,,,1.0,1.0,0,0.9838872832666696,0.9838872832666696,1.0,9,0,-0.24767222339225864,8,1,0.7238610176479116
472775,518326,000000518326.jpg,REAR,0,10,9258.0,184.0,1,aic_coco_self,rtmdet_ins_tiny,rtmdet_ins_tiny,50,0.7068,0.8160,0.8160,0,0.9782507891252789,0.9782507891252789,1.0,9,0,-0.24658008654367472,8,1,0.7323485753115486
473235,32887,000000032887.jpg,FRONT,3,17,23864.7,345.3,-1,body7_official,gt_box,gt_box,,,1.0,1.0,0,0.9709599871479303,0.9709599871479303,1.0,17,0,-0.3594070276053656,12,-1,0.9464868727852317
473235,32887,000000032887.jpg,FRONT,3,17,23864.7,345.3,-1,body7_official,rtmdet_ins_tiny,rtmdet_ins_tiny,12,0.8930,0.9735,0.9735,0,0.9721801646916696,0.9721801646916696,1.0,17,0,-0.3622202892230662,12,-1,0.9430907333598417
473235,32887,000000032887.jpg,FRONT,3,17,23864.7,345.3,-1,body7_self,gt_box,gt_box,,,1.0,1.0,0,0.9709599871479303,0.9709599871479303,1.0,17,0,-0.3594070276053656,12,-1,0.9464869604391211
473235,32887,000000032887.jpg,FRONT,3,17,23864.7,345.3,-1,body7_self,rtmdet_ins_tiny,rtmdet_ins_tiny,12,0.8930,0.9735,0.9735,0,0.9721801646916696,0.9721801646916696,1.0,17,0,-0.3622202892230662,12,-1,0.9430908490629757
473235,32887,000000032887.jpg,FRONT,3,17,23864.7,345.3,-1,aic_coco_self,gt_box,gt_box,,,1.0,1.0,0,0.9698408374469945,0.9698408374469945,1.0,17,0,-0.3620681910703262,12,-1,0.9016786568305072
473235,32887,000000032887.jpg,FRONT,3,17,23864.7,345.3,-1,aic_coco_self,rtmdet_ins_tiny,rtmdet_ins_tiny,12,0.8930,0.9735,0.9735,0,0.9723283451689272,0.9723283451689272,1.0,17,0,-0.3635042932508194,12,-1,0.903615183690015
473712,507015,000000507015.jpg,PROFILE,1,15,4363.1,142.5,-1,body7_official,gt_box,gt_box,,,1.0,1.0,0,0.9731724266693353,0.9731724266693353,1.0,14,0,-0.4682369720724557,12,-1,0.8278949225650114
473712,507015,000000507015.jpg,PROFILE,1,15,4363.1,142.5,-1,body7_official,rtmdet_ins_tiny,rtmdet_ins_tiny,13,0.9011,0.8734,0.8734,0,0.9665058642824713,0.9665058642824713,1.0,14,0,-0.4650743684900777,12,-1,0.8363095662173103
473712,507015,000000507015.jpg,PROFILE,1,15,4363.1,142.5,-1,body7_self,gt_box,gt_box,,,1.0,1.0,0,0.9731724266693353,0.9731724266693353,1.0,14,0,-0.4682369720724557,12,-1,0.8278950067127452
473712,507015,000000507015.jpg,PROFILE,1,15,4363.1,142.5,-1,body7_self,rtmdet_ins_tiny,rtmdet_ins_tiny,13,0.9011,0.8734,0.8734,0,0.9665058642824713,0.9665058642824713,1.0,14,0,-0.4650743684900777,12,-1,0.8363095837480882
473712,507015,000000507015.jpg,PROFILE,1,15,4363.1,142.5,-1,aic_coco_self,gt_box,gt_box,,,1.0,1.0,0,0.9681279794232883,0.9681279794232883,1.0,14,0,-0.4609353921956033,12,-1,0.8714274588753196
473712,507015,000000507015.jpg,PROFILE,1,15,4363.1,142.5,-1,aic_coco_self,rtmdet_ins_tiny,rtmdet_ins_tiny,13,0.9011,0.8734,0.8734,0,0.962148438199139,0.962148438199139,1.0,14,0,-0.4622534317150934,12,-1,0.8772078296717476
473979,100624,000000100624.jpg,REAR,0,11,4376.4,133.2,1,body7_official,gt_box,gt_box,,,1.0,1.0,0,0.9517235475232181,0.9517235475232181,1.0,11,0,-0.3078611537414164,10,1,0.6644067168235779
473979,100624,000000100624.jpg,REAR,0,11,4376.4,133.2,1,body7_official,rtmdet_ins_tiny,rtmdet_ins_tiny,40,0.4072,0.0000,0.7685,1,7.938946900819775e-05,7.938946900819775e-05,0.0,11,0,-0.0041870877583518595,10,1,0.6050299563828636
473979,100624,000000100624.jpg,REAR,0,11,4376.4,133.2,1,body7_self,gt_box,gt_box,,,1.0,1.0,0,0.9517235475232181,0.9517235475232181,1.0,11,0,-0.3078611537414164,10,1,0.6644066326758441
473979,100624,000000100624.jpg,REAR,0,11,4376.4,133.2,1,body7_self,rtmdet_ins_tiny,rtmdet_ins_tiny,40,0.4072,0.0000,0.7685,1,7.938946900819775e-05,7.938946900819775e-05,0.0,11,0,-0.0041870877583518595,10,1,0.6050301544806537
473979,100624,000000100624.jpg,REAR,0,11,4376.4,133.2,1,aic_coco_self,gt_box,gt_box,,,1.0,1.0,0,0.9454129501061252,0.9454129501061252,1.0,11,0,-0.3007918554054218,10,1,0.6959182584986967
473979,100624,000000100624.jpg,REAR,0,11,4376.4,133.2,1,aic_coco_self,rtmdet_ins_tiny,rtmdet_ins_tiny,40,0.4072,0.0000,0.7685,1,5.834820096486699e-05,5.834820096486699e-05,0.0,11,0,-0.007833285574574633,10,1,0.5591171857188729
474463,316404,000000316404.jpg,FRONT,3,11,46796.5,411.1,-1,body7_official,gt_box,gt_box,,,1.0,1.0,0,0.9090287637191872,0.9090287637191872,1.0,11,0,-0.16357511205989128,6,-1,0.6930918132557589
474463,316404,000000316404.jpg,FRONT,3,11,46796.5,411.1,-1,body7_official,rtmdet_ins_tiny,rtmdet_ins_tiny,9,0.8995,0.9714,0.9714,0,0.9084982029534316,0.9084982029534316,1.0,11,0,-0.16492650419337285,6,-1,0.7053299143033869
474463,316404,000000316404.jpg,FRONT,3,11,46796.5,411.1,-1,body7_self,gt_box,gt_box,,,1.0,1.0,0,0.9090287637191872,0.9090287637191872,1.0,11,0,-0.16357511205989128,6,-1,0.6930917273549473
474463,316404,000000316404.jpg,FRONT,3,11,46796.5,411.1,-1,body7_self,rtmdet_ins_tiny,rtmdet_ins_tiny,9,0.8995,0.9714,0.9714,0,0.9084982029534316,0.9084982029534316,1.0,11,0,-0.16492650419337285,6,-1,0.7053300019572762
474463,316404,000000316404.jpg,FRONT,3,11,46796.5,411.1,-1,aic_coco_self,gt_box,gt_box,,,1.0,1.0,0,0.8901890793485076,0.8901890793485076,1.0,11,0,-0.15490661054437954,6,-1,0.6885931640863419
474463,316404,000000316404.jpg,FRONT,3,11,46796.5,411.1,-1,aic_coco_self,rtmdet_ins_tiny,rtmdet_ins_tiny,9,0.8995,0.9714,0.9714,0,0.8990595835446982,0.8990595835446982,1.0,11,0,-0.1615768940672085,6,-1,0.7020175281692954
474803,280779,000000280779.jpg,FRONT,3,16,16593.7,301.7,-1,body7_official,gt_box,gt_box,,,1.0,1.0,0,0.9662594468781123,0.9662594468781123,1.0,16,0,-0.3547021794533208,12,-1,0.884836312602548
474803,280779,000000280779.jpg,FRONT,3,16,16593.7,301.7,-1,body7_official,rtmdet_ins_tiny,rtmdet_ins_tiny,3,0.9408,0.8929,0.8929,0,0.9737241733310917,0.9737241733310917,1.0,16,0,-0.35969514594651053,12,-1,0.8784277894917656
474803,280779,000000280779.jpg,FRONT,3,16,16593.7,301.7,-1,body7_self,gt_box,gt_box,,,1.0,1.0,0,0.9662594468781123,0.9662594468781123,1.0,16,0,-0.3547021794533208,12,-1,0.884836238973281
474803,280779,000000280779.jpg,FRONT,3,16,16593.7,301.7,-1,body7_self,rtmdet_ins_tiny,rtmdet_ins_tiny,3,0.9408,0.8929,0.8929,0,0.9737241733310917,0.9737241733310917,1.0,16,0,-0.35969514594651053,12,-1,0.8784276808009428
474803,280779,000000280779.jpg,FRONT,3,16,16593.7,301.7,-1,aic_coco_self,gt_box,gt_box,,,1.0,1.0,0,0.9735323677589418,0.9735323677589418,1.0,16,0,-0.356842307609047,12,-1,0.8986321161775028
474803,280779,000000280779.jpg,FRONT,3,16,16593.7,301.7,-1,aic_coco_self,rtmdet_ins_tiny,rtmdet_ins_tiny,3,0.9408,0.8929,0.8929,0,0.9754856220835612,0.9754856220835612,1.0,16,0,-0.35718175031715527,12,-1,0.889669747913585
475362,439522,000000439522.jpg,OBLIQUE,2,16,83160.5,581.0,-1,body7_official,gt_box,gt_box,,,1.0,1.0,0,0.9718923705390589,0.9718923705390589,1.0,15,0,-0.4540493367766031,12,-1,0.8899473547935486
475362,439522,000000439522.jpg,OBLIQUE,2,16,83160.5,581.0,-1,body7_official,rtmdet_ins_tiny,rtmdet_ins_tiny,4,0.9448,0.9792,0.9792,0,0.9580640397379939,0.9580640397379939,1.0,15,0,-0.45060819308756744,12,-1,0.8851751930573407
475362,439522,000000439522.jpg,OBLIQUE,2,16,83160.5,581.0,-1,body7_self,gt_box,gt_box,,,1.0,1.0,0,0.9718923705390589,0.9718923705390589,1.0,15,0,-0.4540493367766031,12,-1,0.889947466990527
475362,439522,000000439522.jpg,OBLIQUE,2,16,83160.5,581.0,-1,body7_self,rtmdet_ins_tiny,rtmdet_ins_tiny,4,0.9448,0.9792,0.9792,0,0.9580640397379939,0.9580640397379939,1.0,15,0,-0.45060819308756744,12,-1,0.885175157995785
475362,439522,000000439522.jpg,OBLIQUE,2,16,83160.5,581.0,-1,aic_coco_self,gt_box,gt_box,,,1.0,1.0,0,0.9768350124569192,0.9768350124569192,1.0,15,0,-0.4579992851668222,12,-1,0.870372845846064
475362,439522,000000439522.jpg,OBLIQUE,2,16,83160.5,581.0,-1,aic_coco_self,rtmdet_ins_tiny,rtmdet_ins_tiny,4,0.9448,0.9792,0.9792,0,0.9746457433630319,0.9746457433630319,1.0,15,0,-0.4570058733400032,12,-1,0.8732099603204166
476437,286553,000000286553.jpg,FRONT,3,11,86516.8,421.2,-1,body7_official,gt_box,gt_box,,,1.0,1.0,0,0.9746074636857623,0.9746074636857623,1.0,11,0,-0.48374775860029207,4,-1,0.6714499093153897
476437,286553,000000286553.jpg,FRONT,3,11,86516.8,421.2,-1,body7_official,rtmdet_ins_tiny,rtmdet_ins_tiny,3,0.9141,0.9636,0.9636,0,0.9717390502403235,0.9717390502403235,1.0,11,0,-0.4851326751642617,4,-1,0.6720822120414061
476437,286553,000000286553.jpg,FRONT,3,11,86516.8,421.2,-1,body7_self,gt_box,gt_box,,,1.0,1.0,0,0.9746074636857623,0.9746074636857623,1.0,11,0,-0.48374775860029207,4,-1,0.6714499285992455
476437,286553,000000286553.jpg,FRONT,3,11,86516.8,421.2,-1,body7_self,rtmdet_ins_tiny,rtmdet_ins_tiny,3,0.9141,0.9636,0.9636,0,0.9717390502403235,0.9717390502403235,1.0,11,0,-0.4851326751642617,4,-1,0.672082187498317
476437,286553,000000286553.jpg,FRONT,3,11,86516.8,421.2,-1,aic_coco_self,gt_box,gt_box,,,1.0,1.0,0,0.9733275774281374,0.9733275774281374,1.0,11,0,-0.4771057022378924,4,-1,0.704564094543457
476437,286553,000000286553.jpg,FRONT,3,11,86516.8,421.2,-1,aic_coco_self,rtmdet_ins_tiny,rtmdet_ins_tiny,3,0.9141,0.9636,0.9636,0,0.9729329706434915,0.9729329706434915,1.0,11,0,-0.481415305090823,4,-1,0.701102498699637
477030,128748,000000128748.jpg,REAR,0,13,53807.5,534.5,1,body7_official,gt_box,gt_box,,,1.0,1.0,0,0.9676133358869566,0.9676133358869566,1.0,13,0,-0.20422436847278663,10,1,0.7967418572481941
477030,128748,000000128748.jpg,REAR,0,13,53807.5,534.5,1,body7_official,rtmdet_ins_tiny,rtmdet_ins_tiny,28,0.8539,0.9651,0.9651,0,0.9691063049401495,0.9691063049401495,1.0,13,0,-0.2049002406881335,10,1,0.7993530210326699
477030,128748,000000128748.jpg,REAR,0,13,53807.5,534.5,1,body7_self,gt_box,gt_box,,,1.0,1.0,0,0.9676133358869566,0.9676133358869566,1.0,13,0,-0.20422436847278663,10,1,0.7967418291989494
477030,128748,000000128748.jpg,REAR,0,13,53807.5,534.5,1,body7_self,rtmdet_ins_tiny,rtmdet_ins_tiny,28,0.8539,0.9651,0.9651,0,0.9691063049401495,0.9691063049401495,1.0,13,0,-0.2049002406881335,10,1,0.7993529789588031
477030,128748,000000128748.jpg,REAR,0,13,53807.5,534.5,1,aic_coco_self,gt_box,gt_box,,,1.0,1.0,0,0.9708735365376167,0.9708735365376167,1.0,13,0,-0.20842712482067594,10,1,0.8154909856179181
477030,128748,000000128748.jpg,REAR,0,13,53807.5,534.5,1,aic_coco_self,rtmdet_ins_tiny,rtmdet_ins_tiny,28,0.8539,0.9651,0.9651,0,0.971285104701647,0.971285104701647,1.0,13,0,-0.20894587533207226,10,1,0.819353864473455
477700,248284,000000248284.jpg,FRONT,3,16,19155.0,260.2,-1,body7_official,gt_box,gt_box,,,1.0,1.0,0,0.9659307536520172,0.9659307536520172,1.0,15,0,-0.2690057378037013,10,-1,0.7650215730947607
477700,248284,000000248284.jpg,FRONT,3,16,19155.0,260.2,-1,body7_official,rtmdet_ins_tiny,rtmdet_ins_tiny,52,0.7874,0.7572,0.7572,0,0.9711045078595089,0.9711045078595089,1.0,15,0,-0.2721438138441845,10,-1,0.8065874716814827
477700,248284,000000248284.jpg,FRONT,3,16,19155.0,260.2,-1,body7_self,gt_box,gt_box,,,1.0,1.0,0,0.9659307536520172,0.9659307536520172,1.0,15,0,-0.2690057378037013,10,-1,0.7650216186747831
477700,248284,000000248284.jpg,FRONT,3,16,19155.0,260.2,-1,body7_self,rtmdet_ins_tiny,rtmdet_ins_tiny,52,0.7874,0.7572,0.7572,0,0.9711045078595089,0.9711045078595089,1.0,15,0,-0.2721438138441845,10,-1,0.8065874751876382
477700,248284,000000248284.jpg,FRONT,3,16,19155.0,260.2,-1,aic_coco_self,gt_box,gt_box,,,1.0,1.0,0,0.9703716741961882,0.9703716741961882,1.0,15,0,-0.27212213103275507,10,-1,0.8040586639853085
477700,248284,000000248284.jpg,FRONT,3,16,19155.0,260.2,-1,aic_coco_self,rtmdet_ins_tiny,rtmdet_ins_tiny,52,0.7874,0.7572,0.7572,0,0.9632026727277021,0.9632026727277021,1.0,15,0,-0.27269972040578605,10,-1,0.8072985831428977
478879,406417,000000406417.jpg,FRONT,3,14,24979.6,365.3,-1,body7_official,gt_box,gt_box,,,1.0,1.0,0,0.9638960253892042,0.9638960253892042,1.0,12,0,-0.2850338792519731,6,-1,0.8431663407998926
478879,406417,000000406417.jpg,FRONT,3,14,24979.6,365.3,-1,body7_official,rtmdet_ins_tiny,rtmdet_ins_tiny,4,0.8955,0.8890,0.8890,0,0.961532174196289,0.961532174196289,1.0,12,0,-0.2855930245270675,6,-1,0.8597851851407219
478879,406417,000000406417.jpg,FRONT,3,14,24979.6,365.3,-1,body7_self,gt_box,gt_box,,,1.0,1.0,0,0.9638960253892042,0.9638960253892042,1.0,12,0,-0.2850338792519731,6,-1,0.8431663758614484
478879,406417,000000406417.jpg,FRONT,3,14,24979.6,365.3,-1,body7_self,rtmdet_ins_tiny,rtmdet_ins_tiny,4,0.8955,0.8890,0.8890,0,0.961532174196289,0.961532174196289,1.0,12,0,-0.2855930245270675,6,-1,0.8597850554129657
478879,406417,000000406417.jpg,FRONT,3,14,24979.6,365.3,-1,aic_coco_self,gt_box,gt_box,,,1.0,1.0,0,0.9605813080637745,0.9605813080637745,1.0,12,0,-0.28343713119701275,6,-1,0.8329374965499429
478879,406417,000000406417.jpg,FRONT,3,14,24979.6,365.3,-1,aic_coco_self,rtmdet_ins_tiny,rtmdet_ins_tiny,4,0.8955,0.8890,0.8890,0,0.9552007452841772,0.9552007452841772,1.0,12,0,-0.2828482089727814,6,-1,0.839168510016273
479186,212573,000000212573.jpg,PROFILE,1,13,19446.3,346.7,1,body7_official,gt_box,gt_box,,,1.0,1.0,0,0.9456600674337644,0.9456600674337644,1.0,12,0,-0.13424859941651435,8,1,0.7736917734146118
479186,212573,000000212573.jpg,PROFILE,1,13,19446.3,346.7,1,body7_official,rtmdet_ins_tiny,rtmdet_ins_tiny,16,0.8756,0.0684,0.9372,1,0.0016521965777452866,0.0016521965777452866,0.0,12,0,-0.0037774097404367213,8,1,0.707030746866675
479186,212573,000000212573.jpg,PROFILE,1,13,19446.3,346.7,1,body7_self,gt_box,gt_box,,,1.0,1.0,0,0.9456600674337644,0.9456600674337644,1.0,12,0,-0.13424859941651435,8,1,0.7736918242538676
479186,212573,000000212573.jpg,PROFILE,1,13,19446.3,346.7,1,body7_self,rtmdet_ins_tiny,rtmdet_ins_tiny,16,0.8756,0.0684,0.9372,1,0.0016521965777452866,0.0016521965777452866,0.0,12,0,-0.0037774097404367213,8,1,0.7070309028905981
479186,212573,000000212573.jpg,PROFILE,1,13,19446.3,346.7,1,aic_coco_self,gt_box,gt_box,,,1.0,1.0,0,0.9317843153600699,0.9317843153600699,1.0,12,0,-0.13645806772261743,8,1,0.7438837920918184
479186,212573,000000212573.jpg,PROFILE,1,13,19446.3,346.7,1,aic_coco_self,rtmdet_ins_tiny,rtmdet_ins_tiny,16,0.8756,0.0684,0.9372,1,0.0017922423704325164,0.0017922423704325164,0.0,12,0,-0.0039765821470794105,8,1,0.74426129285027
479793,153529,000000153529.jpg,OBLIQUE,2,14,4628.0,162.4,-1,body7_official,gt_box,gt_box,,,1.0,1.0,0,0.9682531905113168,0.9682531905113168,1.0,14,0,-0.2542944017232258,10,-1,0.8086201057714575
479793,153529,000000153529.jpg,OBLIQUE,2,14,4628.0,162.4,-1,body7_official,rtmdet_ins_tiny,rtmdet_ins_tiny,20,0.8687,0.9214,0.9214,0,0.9666892665791887,0.9666892665791887,1.0,14,0,-0.2546640153835951,10,-1,0.8065071421511033
479793,153529,000000153529.jpg,OBLIQUE,2,14,4628.0,162.4,-1,body7_self,gt_box,gt_box,,,1.0,1.0,0,0.9682531905113168,0.9682531905113168,1.0,14,0,-0.2542944017232258,10,-1,0.8086200777222129
479793,153529,000000153529.jpg,OBLIQUE,2,14,4628.0,162.4,-1,body7_self,rtmdet_ins_tiny,rtmdet_ins_tiny,20,0.8687,0.9214,0.9214,0,0.9666892665791887,0.9666892665791887,1.0,14,0,-0.2546640153835951,10,-1,0.8065071246203255
479793,153529,000000153529.jpg,OBLIQUE,2,14,4628.0,162.4,-1,aic_coco_self,gt_box,gt_box,,,1.0,1.0,0,0.9786006772412997,0.9786006772412997,1.0,14,0,-0.2510751165054592,10,-1,0.7965586185455322
479793,153529,000000153529.jpg,OBLIQUE,2,14,4628.0,162.4,-1,aic_coco_self,rtmdet_ins_tiny,rtmdet_ins_tiny,20,0.8687,0.9214,0.9214,0,0.9719783829413924,0.9719783829413924,1.0,14,0,-0.25369304682090027,10,-1,0.8432397737222559
480351,191672,000000191672.jpg,OBLIQUE,2,13,5768.5,102.9,1,body7_official,gt_box,gt_box,,,1.0,1.0,0,0.9799877639033574,0.9799877639033574,1.0,13,0,-0.5194756917789792,8,1,0.7736731872839087
480351,191672,000000191672.jpg,OBLIQUE,2,13,5768.5,102.9,1,body7_official,rtmdet_ins_tiny,rtmdet_ins_tiny,2,0.8740,0.9016,0.9016,0,0.9789884703640327,0.9789884703640327,1.0,13,0,-0.5168391113736284,8,1,0.764233303420684
480351,191672,000000191672.jpg,OBLIQUE,2,13,5768.5,102.9,1,body7_self,gt_box,gt_box,,,1.0,1.0,0,0.9799877639033574,0.9799877639033574,1.0,13,0,-0.5194756917789792,8,1,0.773673134691575
480351,191672,000000191672.jpg,OBLIQUE,2,13,5768.5,102.9,1,body7_self,rtmdet_ins_tiny,rtmdet_ins_tiny,2,0.8740,0.9016,0.9016,0,0.9789884703640327,0.9789884703640327,1.0,13,0,-0.5168391113736284,8,1,0.7642333384822396
480351,191672,000000191672.jpg,OBLIQUE,2,13,5768.5,102.9,1,aic_coco_self,gt_box,gt_box,,,1.0,1.0,0,0.9777721732048476,0.9777721732048476,1.0,13,0,-0.521941103536594,8,1,0.7976854127996108
480351,191672,000000191672.jpg,OBLIQUE,2,13,5768.5,102.9,1,aic_coco_self,rtmdet_ins_tiny,rtmdet_ins_tiny,2,0.8740,0.9016,0.9016,0,0.9758191057516916,0.9758191057516916,1.0,13,0,-0.5241007925135895,8,1,0.8040584588752073
481237,486104,000000486104.jpg,PROFILE,1,13,2182.4,102.8,-1,body7_official,gt_box,gt_box,,,1.0,1.0,0,0.9679437958422606,0.9679437958422606,1.0,12,0,-0.20724314773710767,8,-1,0.6836635452859542
481237,486104,000000486104.jpg,PROFILE,1,13,2182.4,102.8,-1,body7_official,rtmdet_ins_tiny,rtmdet_ins_tiny,42,0.8486,0.9341,0.9341,0,0.9761772362503293,0.9761772362503293,1.0,12,0,-0.205335458054221,8,-1,0.685001427636427
481237,486104,000000486104.jpg,PROFILE,1,13,2182.4,102.8,-1,body7_self,gt_box,gt_box,,,1.0,1.0,0,0.9679437958422606,0.9679437958422606,1.0,12,0,-0.20724314773710767,8,-1,0.6836636083967546
481237,486104,000000486104.jpg,PROFILE,1,13,2182.4,102.8,-1,body7_self,rtmdet_ins_tiny,rtmdet_ins_tiny,42,0.8486,0.9341,0.9341,0,0.9761772362503293,0.9761772362503293,1.0,12,0,-0.205335458054221,8,-1,0.6850014346487382
481237,486104,000000486104.jpg,PROFILE,1,13,2182.4,102.8,-1,aic_coco_self,gt_box,gt_box,,,1.0,1.0,0,0.974047600003745,0.974047600003745,1.0,12,0,-0.21376417383935153,8,-1,0.7286385578267714
481237,486104,000000486104.jpg,PROFILE,1,13,2182.4,102.8,-1,aic_coco_self,rtmdet_ins_tiny,rtmdet_ins_tiny,42,0.8486,0.9341,0.9341,0,0.9761277940198406,0.9761277940198406,1.0,12,0,-0.21212359359391805,8,-1,0.7220911348567289
481975,329827,000000329827.jpg,REAR,0,11,3737.7,112.3,1,body7_official,gt_box,gt_box,,,1.0,1.0,0,0.9076185749963842,0.9076185749963842,1.0,11,0,-0.10509486256265227,8,1,0.7204559445381165
481975,329827,000000329827.jpg,REAR,0,11,3737.7,112.3,1,body7_official,rtmdet_ins_tiny,rtmdet_ins_tiny,16,0.5300,0.1838,0.7485,3,0.6144899559601945,0.6144899559601945,0.6363636363636364,11,0,-0.08465629884580916,8,1,0.4024030969423406
481975,329827,000000329827.jpg,REAR,0,11,3737.7,112.3,1,body7_self,gt_box,gt_box,,,1.0,1.0,0,0.9076185749963842,0.9076185749963842,1.0,11,0,-0.10509486256265227,8,1,0.7204559270073386
481975,329827,000000329827.jpg,REAR,0,11,3737.7,112.3,1,body7_self,rtmdet_ins_tiny,rtmdet_ins_tiny,16,0.5300,0.1838,0.7485,3,0.6144899559601945,0.6144899559601945,0.6363636363636364,11,0,-0.08465629884580916,8,1,0.40240302506615133
481975,329827,000000329827.jpg,REAR,0,11,3737.7,112.3,1,aic_coco_self,gt_box,gt_box,,,1.0,1.0,0,0.9004642353758322,0.9004642353758322,1.0,11,0,-0.10497496600311153,8,1,0.7741510412272286
481975,329827,000000329827.jpg,REAR,0,11,3737.7,112.3,1,aic_coco_self,rtmdet_ins_tiny,rtmdet_ins_tiny,16,0.5300,0.1838,0.7485,3,0.5775295154992824,0.5775295154992824,0.6363636363636364,11,0,-0.08332485633566122,8,1,0.46368589383714337
483466,263679,000000263679.jpg,PROFILE,1,12,4131.7,144.3,1,body7_official,gt_box,gt_box,,,1.0,1.0,0,0.9585254786278857,0.9585254786278857,1.0,12,0,-0.18011983108264948,8,1,0.7624260642949272
483466,263679,000000263679.jpg,PROFILE,1,12,4131.7,144.3,1,body7_official,rtmdet_ins_tiny,rtmdet_ins_tiny,25,0.8581,0.9273,0.9273,0,0.9596299357767532,0.9596299357767532,1.0,12,0,-0.18068206292731653,8,1,0.7735702395439148
483466,263679,000000263679.jpg,PROFILE,1,12,4131.7,144.3,1,body7_self,gt_box,gt_box,,,1.0,1.0,0,0.9585254786278857,0.9585254786278857,1.0,12,0,-0.18011983108264948,8,1,0.762426066048005
483466,263679,000000263679.jpg,PROFILE,1,12,4131.7,144.3,1,body7_self,rtmdet_ins_tiny,rtmdet_ins_tiny,25,0.8581,0.9273,0.9273,0,0.9596299357767532,0.9596299357767532,1.0,12,0,-0.18068206292731653,8,1,0.7735702009762034
483466,263679,000000263679.jpg,PROFILE,1,12,4131.7,144.3,1,aic_coco_self,gt_box,gt_box,,,1.0,1.0,0,0.9621632228036545,0.9621632228036545,1.0,12,0,-0.18110593136766887,8,1,0.7834566025172963
483466,263679,000000263679.jpg,PROFILE,1,12,4131.7,144.3,1,aic_coco_self,rtmdet_ins_tiny,rtmdet_ins_tiny,25,0.8581,0.9273,0.9273,0,0.9609028877394397,0.9609028877394397,1.0,12,0,-0.1806783284763102,8,1,0.8064366579055786
483933,308328,000000308328.jpg,REAR,0,10,4513.2,115.1,1,body7_official,gt_box,gt_box,,,1.0,1.0,0,0.9642214861233995,0.9642214861233995,1.0,8,0,-0.30003485463188795,4,1,0.5656666194691378
483933,308328,000000308328.jpg,REAR,0,10,4513.2,115.1,1,body7_official,rtmdet_ins_tiny,rtmdet_ins_tiny,20,0.7148,0.9509,0.9509,0,0.957327710245315,0.957327710245315,1.0,8,0,-0.30212177274774576,4,1,0.5797896052108091
483933,308328,000000308328.jpg,REAR,0,10,4513.2,115.1,1,body7_self,gt_box,gt_box,,,1.0,1.0,0,0.9642214861233995,0.9642214861233995,1.0,8,0,-0.30003485463188795,4,1,0.5656665949260488
483933,308328,000000308328.jpg,REAR,0,10,4513.2,115.1,1,body7_self,rtmdet_ins_tiny,rtmdet_ins_tiny,20,0.7148,0.9509,0.9509,0,0.957327710245315,0.957327710245315,1.0,8,0,-0.30212177274774576,4,1,0.5797895719023312
483933,308328,000000308328.jpg,REAR,0,10,4513.2,115.1,1,aic_coco_self,gt_box,gt_box,,,1.0,1.0,0,0.958782327226519,0.958782327226519,1.0,8,0,-0.29199162596638223,4,1,0.5761151997482076
483933,308328,000000308328.jpg,REAR,0,10,4513.2,115.1,1,aic_coco_self,rtmdet_ins_tiny,rtmdet_ins_tiny,20,0.7148,0.9509,0.9509,0,0.9712719768937256,0.9712719768937256,1.0,8,0,-0.30489453512387144,4,1,0.5879230955067802
484052,535523,000000535523.jpg,PROFILE,1,13,11381.8,205.5,1,body7_official,gt_box,gt_box,,,1.0,1.0,0,0.9007603513532556,0.9007603513532556,1.0,9,0,-0.3127337000671686,4,1,0.62851042081328
484052,535523,000000535523.jpg,PROFILE,1,13,11381.8,205.5,1,body7_official,rtmdet_ins_tiny,rtmdet_ins_tiny,8,0.4688,0.6618,0.6618,0,0.8840408661470003,0.8840408661470003,1.0,9,0,-0.3056152506062104,4,1,0.6583365342196297
484052,535523,000000535523.jpg,PROFILE,1,13,11381.8,205.5,1,body7_self,gt_box,gt_box,,,1.0,1.0,0,0.9007603513532556,0.9007603513532556,1.0,9,0,-0.3127337000671686,4,1,0.6285102858262903
484052,535523,000000535523.jpg,PROFILE,1,13,11381.8,205.5,1,body7_self,rtmdet_ins_tiny,rtmdet_ins_tiny,8,0.4688,0.6618,0.6618,0,0.8840408661470003,0.8840408661470003,1.0,9,0,-0.3056152506062104,4,1,0.6583364360472735
484052,535523,000000535523.jpg,PROFILE,1,13,11381.8,205.5,1,aic_coco_self,gt_box,gt_box,,,1.0,1.0,0,0.9153708403130436,0.9153708403130436,1.0,9,0,-0.31333107722524955,4,1,0.6695830033105963
484052,535523,000000535523.jpg,PROFILE,1,13,11381.8,205.5,1,aic_coco_self,rtmdet_ins_tiny,rtmdet_ins_tiny,8,0.4688,0.6618,0.6618,0,0.9465872898546572,0.9465872898546572,1.0,9,0,-0.31276971045863294,4,1,0.6900892047321096
484807,554328,000000554328.jpg,OBLIQUE,2,12,55782.7,410.1,-1,body7_official,gt_box,gt_box,,,1.0,1.0,0,0.9724428226808716,0.9724428226808716,1.0,11,0,-0.4277371777846973,8,-1,0.7285970116362852
484807,554328,000000554328.jpg,OBLIQUE,2,12,55782.7,410.1,-1,body7_official,rtmdet_ins_tiny,rtmdet_ins_tiny,13,0.9090,0.9496,0.9496,0,0.9763845026101308,0.9763845026101308,1.0,11,0,-0.4292603928042901,8,-1,0.7347333185813006
484807,554328,000000554328.jpg,OBLIQUE,2,12,55782.7,410.1,-1,body7_self,gt_box,gt_box,,,1.0,1.0,0,0.9724428226808716,0.9724428226808716,1.0,11,0,-0.4277371777846973,8,-1,0.7285970440682243
484807,554328,000000554328.jpg,OBLIQUE,2,12,55782.7,410.1,-1,body7_self,rtmdet_ins_tiny,rtmdet_ins_tiny,13,0.9090,0.9496,0.9496,0,0.9763845026101308,0.9763845026101308,1.0,11,0,-0.4292603928042901,8,-1,0.7347333203343784
484807,554328,000000554328.jpg,OBLIQUE,2,12,55782.7,410.1,-1,aic_coco_self,gt_box,gt_box,,,1.0,1.0,0,0.9800051351454354,0.9800051351454354,1.0,11,0,-0.43557399835679966,8,-1,0.7519340287236607
484807,554328,000000554328.jpg,OBLIQUE,2,12,55782.7,410.1,-1,aic_coco_self,rtmdet_ins_tiny,rtmdet_ins_tiny,13,0.9090,0.9496,0.9496,0,0.9771372993198667,0.9771372993198667,1.0,11,0,-0.43339590235295505,8,-1,0.7588003093705458
485485,427077,000000427077.jpg,FRONT,3,16,19829.7,330.9,-1,body7_official,gt_box,gt_box,,,1.0,1.0,0,0.93630037338465,0.93630037338465,1.0,16,0,-0.1762019047270998,12,-1,0.8548813567442053
485485,427077,000000427077.jpg,FRONT,3,16,19829.7,330.9,-1,body7_official,rtmdet_ins_tiny,rtmdet_ins_tiny,2,0.8626,0.9522,0.9522,0,0.9293322619350224,0.9293322619350224,1.0,16,0,-0.1744861685495098,12,-1,0.8610335413147422
485485,427077,000000427077.jpg,FRONT,3,16,19829.7,330.9,-1,body7_self,gt_box,gt_box,,,1.0,1.0,0,0.93630037338465,0.93630037338465,1.0,16,0,-0.1762019047270998,12,-1,0.8548812655841603
485485,427077,000000427077.jpg,FRONT,3,16,19829.7,330.9,-1,body7_self,rtmdet_ins_tiny,rtmdet_ins_tiny,2,0.8626,0.9522,0.9522,0,0.9293322619350224,0.9293322619350224,1.0,16,0,-0.1744861685495098,12,-1,0.8610335307962754
485485,427077,000000427077.jpg,FRONT,3,16,19829.7,330.9,-1,aic_coco_self,gt_box,gt_box,,,1.0,1.0,0,0.9549415657292142,0.9549415657292142,1.0,16,0,-0.18568637165391694,12,-1,0.8615689067279592
485485,427077,000000427077.jpg,FRONT,3,16,19829.7,330.9,-1,aic_coco_self,rtmdet_ins_tiny,rtmdet_ins_tiny,2,0.8626,0.9522,0.9522,0,0.9493482338103605,0.9493482338103605,1.0,16,0,-0.1839312441344907,12,-1,0.8593627494924209
486112,530820,000000530820.jpg,FRONT,3,12,56096.4,414.7,-1,body7_official,gt_box,gt_box,,,1.0,1.0,0,0.9828912854934164,0.9828912854934164,1.0,12,0,-0.46378862377130997,8,-1,0.8126772133743062
486112,530820,000000530820.jpg,FRONT,3,12,56096.4,414.7,-1,body7_official,rtmdet_ins_tiny,rtmdet_ins_tiny,2,0.8988,0.9635,0.9635,0,0.9851208615314455,0.9851208615314455,1.0,12,0,-0.46073252168285983,8,-1,0.814703122657888
486112,530820,000000530820.jpg,FRONT,3,12,56096.4,414.7,-1,body7_self,gt_box,gt_box,,,1.0,1.0,0,0.9828912854934164,0.9828912854934164,1.0,12,0,-0.46378862377130997,8,-1,0.8126771309796501
486112,530820,000000530820.jpg,FRONT,3,12,56096.4,414.7,-1,body7_self,rtmdet_ins_tiny,rtmdet_ins_tiny,2,0.8988,0.9635,0.9635,0,0.9851208615314455,0.9851208615314455,1.0,12,0,-0.46073252168285983,8,-1,0.8147032155710108
486112,530820,000000530820.jpg,FRONT,3,12,56096.4,414.7,-1,aic_coco_self,gt_box,gt_box,,,1.0,1.0,0,0.984758156572003,0.984758156572003,1.0,12,0,-0.46029396966352804,8,-1,0.8128819544525707
486112,530820,000000530820.jpg,FRONT,3,12,56096.4,414.7,-1,aic_coco_self,rtmdet_ins_tiny,rtmdet_ins_tiny,2,0.8988,0.9635,0.9635,0,0.9842351928541365,0.9842351928541365,1.0,12,0,-0.45987222976934233,8,-1,0.8094433563597062
487327,258541,000000258541.jpg,FRONT,3,13,69430.5,413.9,-1,body7_official,gt_box,gt_box,,,1.0,1.0,0,0.9730918913439752,0.9730918913439752,1.0,13,0,-0.5298414052440487,8,-1,0.8196722093750449
487327,258541,000000258541.jpg,FRONT,3,13,69430.5,413.9,-1,body7_official,rtmdet_ins_tiny,rtmdet_ins_tiny,1,0.9350,0.9697,0.9697,0,0.9709168102523231,0.9709168102523231,1.0,13,0,-0.5314379072342706,8,-1,0.8238905861097223
487327,258541,000000258541.jpg,FRONT,3,13,69430.5,413.9,-1,body7_self,gt_box,gt_box,,,1.0,1.0,0,0.9730918913439752,0.9730918913439752,1.0,13,0,-0.5298414052440487,8,-1,0.8196721357457778
487327,258541,000000258541.jpg,FRONT,3,13,69430.5,413.9,-1,body7_self,rtmdet_ins_tiny,rtmdet_ins_tiny,1,0.9350,0.9697,0.9697,0,0.9709168102523231,0.9709168102523231,1.0,13,0,-0.5314379072342706,8,-1,0.8238904721596662
487327,258541,000000258541.jpg,FRONT,3,13,69430.5,413.9,-1,aic_coco_self,gt_box,gt_box,,,1.0,1.0,0,0.9732893087776474,0.9732893087776474,1.0,13,0,-0.530823515225332,8,-1,0.8454215421396143
487327,258541,000000258541.jpg,FRONT,3,13,69430.5,413.9,-1,aic_coco_self,rtmdet_ins_tiny,rtmdet_ins_tiny,1,0.9350,0.9697,0.9697,0,0.9726990529794428,0.9726990529794428,1.0,13,0,-0.5291376881742961,8,-1,0.8474428618655485
487727,161781,000000161781.jpg,OBLIQUE,2,15,29623.2,343.1,-1,body7_official,gt_box,gt_box,,,1.0,1.0,0,0.9060252527347281,0.9060252527347281,1.0,15,0,-0.3197437578381582,12,-1,0.7667183981222265
487727,161781,000000161781.jpg,OBLIQUE,2,15,29623.2,343.1,-1,body7_official,rtmdet_ins_tiny,rtmdet_ins_tiny,6,0.8945,0.9670,0.9670,0,0.8825689503368033,0.8825689503368033,1.0,15,0,-0.31670861684641205,12,-1,0.7776566463358262
487727,161781,000000161781.jpg,OBLIQUE,2,15,29623.2,343.1,-1,body7_self,gt_box,gt_box,,,1.0,1.0,0,0.9060252527347281,0.9060252527347281,1.0,15,0,-0.3197437578381582,12,-1,0.7667184507145601
487727,161781,000000161781.jpg,OBLIQUE,2,15,29623.2,343.1,-1,body7_self,rtmdet_ins_tiny,rtmdet_ins_tiny,6,0.8945,0.9670,0.9670,0,0.8825689503368033,0.8825689503368033,1.0,15,0,-0.31670861684641205,12,-1,0.7776566007558037
487727,161781,000000161781.jpg,OBLIQUE,2,15,29623.2,343.1,-1,aic_coco_self,gt_box,gt_box,,,1.0,1.0,0,0.9541712261864047,0.9541712261864047,1.0,15,0,-0.3130664896297432,12,-1,0.7973965160986957
487727,161781,000000161781.jpg,OBLIQUE,2,15,29623.2,343.1,-1,aic_coco_self,rtmdet_ins_tiny,rtmdet_ins_tiny,6,0.8945,0.9670,0.9670,0,0.9430022273346832,0.9430022273346832,1.0,15,0,-0.31738292231719933,12,-1,0.7958332230063045
488647,274708,000000274708.jpg,REAR,0,12,2375.1,102.0,-1,body7_official,gt_box,gt_box,,,1.0,1.0,0,0.9800636583271514,0.9800636583271514,1.0,12,0,-0.3154177698288365,10,-1,0.7052784036187565
488647,274708,000000274708.jpg,REAR,0,12,2375.1,102.0,-1,body7_official,rtmdet_ins_tiny,rtmdet_ins_tiny,10,0.8006,0.9231,0.9231,0,0.9783256269040694,0.9783256269040694,1.0,12,0,-0.3151667036620891,10,-1,0.7149784144233254
488647,274708,000000274708.jpg,REAR,0,12,2375.1,102.0,-1,body7_self,gt_box,gt_box,,,1.0,1.0,0,0.9800636583271514,0.9800636583271514,1.0,12,0,-0.3154177698288365,10,-1,0.7052784667295569
488647,274708,000000274708.jpg,REAR,0,12,2375.1,102.0,-1,body7_self,rtmdet_ins_tiny,rtmdet_ins_tiny,10,0.8006,0.9231,0.9231,0,0.9783256269040694,0.9783256269040694,1.0,12,0,-0.3151667036620891,10,-1,0.7149785967434154
488647,274708,000000274708.jpg,REAR,0,12,2375.1,102.0,-1,aic_coco_self,gt_box,gt_box,,,1.0,1.0,0,0.9734964997258659,0.9734964997258659,1.0,12,0,-0.3156443249031628,10,-1,0.7169272058150348
488647,274708,000000274708.jpg,REAR,0,12,2375.1,102.0,-1,aic_coco_self,rtmdet_ins_tiny,rtmdet_ins_tiny,10,0.8006,0.9231,0.9231,0,0.969066232353339,0.969066232353339,1.0,12,0,-0.31306407869076636,10,-1,0.7499656992800096
490210,281759,000000281759.jpg,OBLIQUE,2,15,17377.3,305.1,-1,body7_official,gt_box,gt_box,,,1.0,1.0,0,0.9694364692381371,0.9694364692381371,1.0,15,0,-0.3119539617593134,12,-1,0.8711870698367848
490210,281759,000000281759.jpg,OBLIQUE,2,15,17377.3,305.1,-1,body7_official,rtmdet_ins_tiny,rtmdet_ins_tiny,22,0.9114,0.9535,0.9535,0,0.9672008459468552,0.9672008459468552,1.0,15,0,-0.31479181795975153,12,-1,0.8755676430814406
490210,281759,000000281759.jpg,OBLIQUE,2,15,17377.3,305.1,-1,body7_self,gt_box,gt_box,,,1.0,1.0,0,0.9694364692381371,0.9694364692381371,1.0,15,0,-0.3119539617593134,12,-1,0.8711869576398064
490210,281759,000000281759.jpg,OBLIQUE,2,15,17377.3,305.1,-1,body7_self,rtmdet_ins_tiny,rtmdet_ins_tiny,22,0.9114,0.9535,0.9535,0,0.9672008459468552,0.9672008459468552,1.0,15,0,-0.31479181795975153,12,-1,0.8755676641183741
490210,281759,000000281759.jpg,OBLIQUE,2,15,17377.3,305.1,-1,aic_coco_self,gt_box,gt_box,,,1.0,1.0,0,0.9812306009542039,0.9812306009542039,1.0,15,0,-0.317386139324565,12,-1,0.901826749829685
490210,281759,000000281759.jpg,OBLIQUE,2,15,17377.3,305.1,-1,aic_coco_self,rtmdet_ins_tiny,rtmdet_ins_tiny,22,0.9114,0.9535,0.9535,0,0.9731368997778586,0.9731368997778586,1.0,15,0,-0.3089413267592323,12,-1,0.9089185034527498
490881,350002,000000350002.jpg,FRONT,3,14,128105.0,531.0,-1,body7_official,gt_box,gt_box,,,1.0,1.0,0,0.9720453773364757,0.9720453773364757,1.0,14,0,-0.16467536640104463,10,-1,0.7413009352543775
490881,350002,000000350002.jpg,FRONT,3,14,128105.0,531.0,-1,body7_official,rtmdet_ins_tiny,rtmdet_ins_tiny,3,0.8059,0.9517,0.9517,0,0.9715148080414365,0.9715148080414365,1.0,14,0,-0.16394198843194796,10,-1,0.7427865056430593
490881,350002,000000350002.jpg,FRONT,3,14,128105.0,531.0,-1,body7_self,gt_box,gt_box,,,1.0,1.0,0,0.9720453773364757,0.9720453773364757,1.0,14,0,-0.16467536640104463,10,-1,0.7413010001182556
490881,350002,000000350002.jpg,FRONT,3,14,128105.0,531.0,-1,body7_self,rtmdet_ins_tiny,rtmdet_ins_tiny,3,0.8059,0.9517,0.9517,0,0.9715148080414365,0.9715148080414365,1.0,14,0,-0.16394198843194796,10,-1,0.7427865231738371
490881,350002,000000350002.jpg,FRONT,3,14,128105.0,531.0,-1,aic_coco_self,gt_box,gt_box,,,1.0,1.0,0,0.9783743314925871,0.9783743314925871,1.0,14,0,-0.16189396990013194,10,-1,0.7507111289921928
490881,350002,000000350002.jpg,FRONT,3,14,128105.0,531.0,-1,aic_coco_self,rtmdet_ins_tiny,rtmdet_ins_tiny,3,0.8059,0.9517,0.9517,0,0.9782023452845958,0.9782023452845958,1.0,14,0,-0.1633820472265539,10,-1,0.762865341761533
491289,426203,000000426203.jpg,FRONT,3,15,11743.0,192.1,-1,body7_official,gt_box,gt_box,,,1.0,1.0,0,0.9590209052340365,0.9590209052340365,1.0,15,0,-0.6039124508851504,8,-1,0.747266073437298
491289,426203,000000426203.jpg,FRONT,3,15,11743.0,192.1,-1,body7_official,rtmdet_ins_tiny,rtmdet_ins_tiny,6,0.8193,0.9475,0.9475,0,0.9525281567086569,0.9525281567086569,1.0,15,0,-0.6017979742554056,8,-1,0.7481756368104149
491289,426203,000000426203.jpg,FRONT,3,15,11743.0,192.1,-1,body7_self,gt_box,gt_box,,,1.0,1.0,0,0.9590209052340365,0.9590209052340365,1.0,15,0,-0.6039124508851504,8,-1,0.7472661049926982
491289,426203,000000426203.jpg,FRONT,3,15,11743.0,192.1,-1,body7_self,rtmdet_ins_tiny,rtmdet_ins_tiny,6,0.8193,0.9475,0.9475,0,0.9525281567086569,0.9525281567086569,1.0,15,0,-0.6017979742554056,8,-1,0.7481757560197044
491289,426203,000000426203.jpg,FRONT,3,15,11743.0,192.1,-1,aic_coco_self,gt_box,gt_box,,,1.0,1.0,0,0.9495412951744152,0.9495412951744152,1.0,15,0,-0.5907642445271242,8,-1,0.7823401111013749
491289,426203,000000426203.jpg,FRONT,3,15,11743.0,192.1,-1,aic_coco_self,rtmdet_ins_tiny,rtmdet_ins_tiny,6,0.8193,0.9475,0.9475,0,0.947496792405537,0.947496792405537,1.0,15,0,-0.5935621759412153,8,-1,0.7862953806624693
492205,434459,000000434459.jpg,PROFILE,1,14,3192.1,138.3,-1,body7_official,gt_box,gt_box,,,1.0,1.0,0,0.8110739981059962,0.8110739981059962,0.8571428571428571,14,0,-0.21596469340857302,12,-1,0.7008437286405003
492205,434459,000000434459.jpg,PROFILE,1,14,3192.1,138.3,-1,body7_official,rtmdet_ins_tiny,rtmdet_ins_tiny,10,0.6152,0.7598,0.7598,0,0.8830475809124071,0.8830475809124071,1.0,14,0,-0.21650970762973845,12,-1,0.6623496483354008
492205,434459,000000434459.jpg,PROFILE,1,14,3192.1,138.3,-1,body7_self,gt_box,gt_box,,,1.0,1.0,0,0.8110739981059962,0.8110739981059962,0.8571428571428571,14,0,-0.21596469340857302,12,-1,0.7008438040228451
492205,434459,000000434459.jpg,PROFILE,1,14,3192.1,138.3,-1,body7_self,rtmdet_ins_tiny,rtmdet_ins_tiny,10,0.6152,0.7598,0.7598,0,0.8830475809124071,0.8830475809124071,1.0,14,0,-0.21650970762973845,12,-1,0.6623497219646678
492205,434459,000000434459.jpg,PROFILE,1,14,3192.1,138.3,-1,aic_coco_self,gt_box,gt_box,,,1.0,1.0,0,0.7939110120665734,0.7939110120665734,0.7857142857142857,14,0,-0.21430451646834053,12,-1,0.6498502878581777
492205,434459,000000434459.jpg,PROFILE,1,14,3192.1,138.3,-1,aic_coco_self,rtmdet_ins_tiny,rtmdet_ins_tiny,10,0.6152,0.7598,0.7598,0,0.8483936020324413,0.8483936020324413,0.9285714285714286,14,0,-0.20976408802336244,12,-1,0.6155169255593244
492587,64718,000000064718.jpg,FRONT,3,15,45446.2,412.9,-1,body7_official,gt_box,gt_box,,,1.0,1.0,0,0.9772091820003032,0.9772091820003032,1.0,14,0,-0.6096665000864044,10,-1,0.8374765164711896
492587,64718,000000064718.jpg,FRONT,3,15,45446.2,412.9,-1,body7_official,rtmdet_ins_tiny,rtmdet_ins_tiny,11,0.9023,0.9239,0.9239,0,0.9822434744726019,0.9822434744726019,1.0,14,0,-0.6160036224669632,10,-1,0.8444423114552218
492587,64718,000000064718.jpg,FRONT,3,15,45446.2,412.9,-1,body7_self,gt_box,gt_box,,,1.0,1.0,0,0.9772091820003032,0.9772091820003032,1.0,14,0,-0.6096665000864044,10,-1,0.8374764428419226
492587,64718,000000064718.jpg,FRONT,3,15,45446.2,412.9,-1,body7_self,rtmdet_ins_tiny,rtmdet_ins_tiny,11,0.9023,0.9239,0.9239,0,0.9822434744726019,0.9822434744726019,1.0,14,0,-0.6160036224669632,10,-1,0.8444424201460445
492587,64718,000000064718.jpg,FRONT,3,15,45446.2,412.9,-1,aic_coco_self,gt_box,gt_box,,,1.0,1.0,0,0.9665397373071308,0.9665397373071308,1.0,14,0,-0.6020181970442342,10,-1,0.8107495351749308
492587,64718,000000064718.jpg,FRONT,3,15,45446.2,412.9,-1,aic_coco_self,rtmdet_ins_tiny,rtmdet_ins_tiny,11,0.9023,0.9239,0.9239,0,0.9756735134894761,0.9756735134894761,1.0,14,0,-0.6104162528264424,10,-1,0.8128352112629834
493019,491008,000000491008.jpg,FRONT,3,12,17893.2,251.4,-1,body7_official,gt_box,gt_box,,,1.0,1.0,0,0.935610916057301,0.935610916057301,1.0,10,0,-0.3140632664364148,4,-1,0.7282183275503271
493019,491008,000000491008.jpg,FRONT,3,12,17893.2,251.4,-1,body7_official,rtmdet_ins_tiny,rtmdet_ins_tiny,6,0.7382,0.0000,0.9179,1,1.2719051042242501e-05,1.2719051042242501e-05,0.0,10,0,-0.0026499653651865795,4,-1,0.7499748924199272
493019,491008,000000491008.jpg,FRONT,3,12,17893.2,251.4,-1,body7_self,gt_box,gt_box,,,1.0,1.0,0,0.935610916057301,0.935610916057301,1.0,10,0,-0.3140632664364148,4,-1,0.7282182223656598
493019,491008,000000491008.jpg,FRONT,3,12,17893.2,251.4,-1,body7_self,rtmdet_ins_tiny,rtmdet_ins_tiny,6,0.7382,0.0000,0.9179,1,1.2719051042242501e-05,1.2719051042242501e-05,0.0,10,0,-0.0026499653651865795,4,-1,0.7499748065191156
493019,491008,000000491008.jpg,FRONT,3,12,17893.2,251.4,-1,aic_coco_self,gt_box,gt_box,,,1.0,1.0,0,0.9563710486722229,0.9563710486722229,1.0,10,0,-0.343847804525327,4,-1,0.7250849630902795
493019,491008,000000491008.jpg,FRONT,3,12,17893.2,251.4,-1,aic_coco_self,rtmdet_ins_tiny,rtmdet_ins_tiny,6,0.7382,0.0000,0.9179,1,8.697981131912041e-06,8.697981131912041e-06,0.0,10,0,-0.002575091263956386,4,-1,0.7188987609218148
493908,468632,000000468632.jpg,REAR,0,14,10044.9,233.6,1,body7_official,gt_box,gt_box,,,1.0,1.0,0,0.959520262930553,0.959520262930553,1.0,13,0,-0.29014067355975076,10,1,0.7607832060140722
493908,468632,000000468632.jpg,REAR,0,14,10044.9,233.6,1,body7_official,rtmdet_ins_tiny,rtmdet_ins_tiny,22,0.9087,0.9469,0.9469,0,0.953932068872532,0.953932068872532,1.0,13,0,-0.28870994805582934,10,1,0.7752244086826549
493908,468632,000000468632.jpg,REAR,0,14,10044.9,233.6,1,body7_self,gt_box,gt_box,,,1.0,1.0,0,0.959520262930553,0.959520262930553,1.0,13,0,-0.29014067355975076,10,1,0.760783174458672
493908,468632,000000468632.jpg,REAR,0,14,10044.9,233.6,1,body7_self,rtmdet_ins_tiny,rtmdet_ins_tiny,22,0.9087,0.9469,0.9469,0,0.953932068872532,0.953932068872532,1.0,13,0,-0.28870994805582934,10,1,0.7752244367318994
493908,468632,000000468632.jpg,REAR,0,14,10044.9,233.6,1,aic_coco_self,gt_box,gt_box,,,1.0,1.0,0,0.9679985429806182,0.9679985429806182,1.0,13,0,-0.30524673081526926,10,1,0.8161676561131197
493908,468632,000000468632.jpg,REAR,0,14,10044.9,233.6,1,aic_coco_self,rtmdet_ins_tiny,rtmdet_ins_tiny,22,0.9087,0.9469,0.9469,0,0.9654109078060387,0.9654109078060387,1.0,13,0,-0.30464789563722083,10,1,0.8160557571579429
494213,119445,000000119445.jpg,REAR,0,13,11146.3,209.2,-1,body7_official,gt_box,gt_box,,,1.0,1.0,0,0.8892552846257703,0.8892552846257703,0.9230769230769231,13,0,-0.2720372325478288,12,1,0.7826723736875197
494213,119445,000000119445.jpg,REAR,0,13,11146.3,209.2,-1,body7_official,rtmdet_ins_tiny,rtmdet_ins_tiny,4,0.9460,0.9292,0.9292,0,0.8822049327936372,0.8822049327936372,0.9230769230769231,13,0,-0.2759204469243287,12,1,0.7812899316058439
494213,119445,000000119445.jpg,REAR,0,13,11146.3,209.2,-1,body7_self,gt_box,gt_box,,,1.0,1.0,0,0.8892552846257703,0.8892552846257703,0.9230769230769231,13,0,-0.2720372325478288,12,1,0.7826722755151636
494213,119445,000000119445.jpg,REAR,0,13,11146.3,209.2,-1,body7_self,rtmdet_ins_tiny,rtmdet_ins_tiny,4,0.9460,0.9292,0.9292,0,0.8822049327936372,0.8822049327936372,0.9230769230769231,13,0,-0.2759204469243287,12,1,0.7812899280996883
494213,119445,000000119445.jpg,REAR,0,13,11146.3,209.2,-1,aic_coco_self,gt_box,gt_box,,,1.0,1.0,0,0.882109932157226,0.882109932157226,0.9230769230769231,13,0,-0.27223838411223655,12,1,0.8108799527673161
494213,119445,000000119445.jpg,REAR,0,13,11146.3,209.2,-1,aic_coco_self,rtmdet_ins_tiny,rtmdet_ins_tiny,4,0.9460,0.9292,0.9292,0,0.8823818748983587,0.8823818748983587,0.9230769230769231,13,0,-0.2717030986105849,12,1,0.8077424168586731
494874,526728,000000526728.jpg,FRONT,3,15,5947.7,128.4,-1,body7_official,gt_box,gt_box,,,1.0,1.0,0,0.9589737160602039,0.9589737160602039,1.0,13,0,-0.5425789883198872,8,-1,0.7063892799265244
494874,526728,000000526728.jpg,FRONT,3,15,5947.7,128.4,-1,body7_official,rtmdet_ins_tiny,rtmdet_ins_tiny,19,0.7750,0.0612,0.9481,1,0.0005051103754515339,0.0005051103754515339,0.0,13,0,-0.03276592415065216,8,-1,0.6927819900652942
494874,526728,000000526728.jpg,FRONT,3,15,5947.7,128.4,-1,body7_self,gt_box,gt_box,,,1.0,1.0,0,0.9589737160602039,0.9589737160602039,1.0,13,0,-0.5425789883198872,8,-1,0.7063892729142133
494874,526728,000000526728.jpg,FRONT,3,15,5947.7,128.4,-1,body7_self,rtmdet_ins_tiny,rtmdet_ins_tiny,19,0.7750,0.0612,0.9481,1,0.0005051103754515339,0.0005051103754515339,0.0,13,0,-0.03276592415065216,8,-1,0.6927819444852716
494874,526728,000000526728.jpg,FRONT,3,15,5947.7,128.4,-1,aic_coco_self,gt_box,gt_box,,,1.0,1.0,0,0.9496699735870119,0.9496699735870119,1.0,13,0,-0.5309228086521863,8,-1,0.6981015380691079
494874,526728,000000526728.jpg,FRONT,3,15,5947.7,128.4,-1,aic_coco_self,rtmdet_ins_tiny,rtmdet_ins_tiny,19,0.7750,0.0612,0.9481,1,0.0005261020476366587,0.0005261020476366587,0.0,13,0,-0.030798500732833634,8,-1,0.7110270156579859
495245,303893,000000303893.jpg,FRONT,3,17,42183.3,363.5,-1,body7_official,gt_box,gt_box,,,1.0,1.0,0,0.985829732730802,0.985829732730802,1.0,17,0,-0.41729717930137744,12,-1,0.8793546557426453
495245,303893,000000303893.jpg,FRONT,3,17,42183.3,363.5,-1,body7_official,rtmdet_ins_tiny,rtmdet_ins_tiny,12,0.8114,0.8819,0.8819,0,0.9834942878512605,0.9834942878512605,1.0,17,0,-0.41771887983773504,12,-1,0.873326978262733
495245,303893,000000303893.jpg,FRONT,3,17,42183.3,363.5,-1,body7_self,gt_box,gt_box,,,1.0,1.0,0,0.985829732730802,0.985829732730802,1.0,17,0,-0.41729717930137744,12,-1,0.879354764433468
495245,303893,000000303893.jpg,FRONT,3,17,42183.3,363.5,-1,body7_self,rtmdet_ins_tiny,rtmdet_ins_tiny,12,0.8114,0.8819,0.8819,0,0.9834942878512605,0.9834942878512605,1.0,17,0,-0.41771887983773504,12,-1,0.8733269712504219
495245,303893,000000303893.jpg,FRONT,3,17,42183.3,363.5,-1,aic_coco_self,gt_box,gt_box,,,1.0,1.0,0,0.9837017209028212,0.9837017209028212,1.0,17,0,-0.4208106511409314,12,-1,0.9063424257671132
495245,303893,000000303893.jpg,FRONT,3,17,42183.3,363.5,-1,aic_coco_self,rtmdet_ins_tiny,rtmdet_ins_tiny,12,0.8114,0.8819,0.8819,0,0.9857896086154324,0.9857896086154324,1.0,17,0,-0.4219505800657796,12,-1,0.903487503528595
496288,326128,000000326128.jpg,FRONT,3,17,30317.4,408.9,-1,body7_official,gt_box,gt_box,,,1.0,1.0,0,0.9689607035139858,0.9689607035139858,1.0,15,0,-0.2845430771089593,10,-1,0.8384183189448189
496288,326128,000000326128.jpg,FRONT,3,17,30317.4,408.9,-1,body7_official,rtmdet_ins_tiny,rtmdet_ins_tiny,21,0.8943,0.9738,0.9738,0,0.965421858422875,0.965421858422875,1.0,15,0,-0.28429867879483334,10,-1,0.8399270001579734
496288,326128,000000326128.jpg,FRONT,3,17,30317.4,408.9,-1,body7_self,gt_box,gt_box,,,1.0,1.0,0,0.9689607035139858,0.9689607035139858,1.0,15,0,-0.2845430771089593,10,-1,0.8384181997355293
496288,326128,000000326128.jpg,FRONT,3,17,30317.4,408.9,-1,body7_self,rtmdet_ins_tiny,rtmdet_ins_tiny,21,0.8943,0.9738,0.9738,0,0.965421858422875,0.965421858422875,1.0,15,0,-0.28429867879483334,10,-1,0.839927028207218
496288,326128,000000326128.jpg,FRONT,3,17,30317.4,408.9,-1,aic_coco_self,gt_box,gt_box,,,1.0,1.0,0,0.96207883083155,0.96207883083155,1.0,15,0,-0.2896455315085953,10,-1,0.872494168141309
496288,326128,000000326128.jpg,FRONT,3,17,30317.4,408.9,-1,aic_coco_self,rtmdet_ins_tiny,rtmdet_ins_tiny,21,0.8943,0.9738,0.9738,0,0.9736478207663143,0.9736478207663143,1.0,15,0,-0.2926822659155429,10,-1,0.8760798889047959
497270,377239,000000377239.jpg,OBLIQUE,2,15,10840.6,229.3,1,body7_official,gt_box,gt_box,,,1.0,1.0,0,0.9502503129464702,0.9502503129464702,1.0,15,0,-0.08093935388538659,12,1,0.6456727420582491
497270,377239,000000377239.jpg,OBLIQUE,2,15,10840.6,229.3,1,body7_official,rtmdet_ins_tiny,rtmdet_ins_tiny,37,0.7894,0.0000,0.8118,1,3.0157543887928353e-05,4.822899853615612e-06,0.0,15,1,0.00015893841746938975,12,-1,0.6968989302130306
497270,377239,000000377239.jpg,OBLIQUE,2,15,10840.6,229.3,1,body7_self,gt_box,gt_box,,,1.0,1.0,0,0.9502503129464702,0.9502503129464702,1.0,15,0,-0.08093935388538659,12,1,0.6456726649228264
497270,377239,000000377239.jpg,OBLIQUE,2,15,10840.6,229.3,1,body7_self,rtmdet_ins_tiny,rtmdet_ins_tiny,37,0.7894,0.0000,0.8118,1,3.0157543887928353e-05,4.822899853615612e-06,0.0,15,1,0.00015893841746938975,12,-1,0.6968987408806296
497270,377239,000000377239.jpg,OBLIQUE,2,15,10840.6,229.3,1,aic_coco_self,gt_box,gt_box,,,1.0,1.0,0,0.9320223710637874,0.9320223710637874,1.0,15,0,-0.08397691604058771,12,1,0.7014469749787274
497270,377239,000000377239.jpg,OBLIQUE,2,15,10840.6,229.3,1,aic_coco_self,rtmdet_ins_tiny,rtmdet_ins_tiny,37,0.7894,0.0000,0.8118,1,2.64388246938583e-05,4.728215272903266e-06,0.0,15,1,0.0008183740770220105,12,-1,0.7560693902127883
498459,142790,000000142790.jpg,OBLIQUE,2,12,9280.0,110.3,-1,body7_official,gt_box,gt_box,,,1.0,1.0,0,0.8163729126344611,0.8163729126344611,0.8333333333333334,12,0,-0.18392980612315682,8,-1,0.5574651413104114
498459,142790,000000142790.jpg,OBLIQUE,2,12,9280.0,110.3,-1,body7_official,rtmdet_ins_tiny,rtmdet_ins_tiny,14,0.2995,0.6874,0.6874,0,0.798248805570986,0.798248805570986,0.8333333333333334,12,0,-0.16683787497008495,8,-1,0.5818870646112105
498459,142790,000000142790.jpg,OBLIQUE,2,12,9280.0,110.3,-1,body7_self,gt_box,gt_box,,,1.0,1.0,0,0.8163729126344611,0.8163729126344611,0.8333333333333334,12,0,-0.18392980612315682,8,-1,0.5574651395573336
498459,142790,000000142790.jpg,OBLIQUE,2,12,9280.0,110.3,-1,body7_self,rtmdet_ins_tiny,rtmdet_ins_tiny,14,0.2995,0.6874,0.6874,0,0.798248805570986,0.798248805570986,0.8333333333333334,12,0,-0.16683787497008495,8,-1,0.5818870558458216
498459,142790,000000142790.jpg,OBLIQUE,2,12,9280.0,110.3,-1,aic_coco_self,gt_box,gt_box,,,1.0,1.0,0,0.573395531596634,0.6362297924459994,0.6666666666666666,12,1,0.032832912997697944,8,1,0.5476409004015081
498459,142790,000000142790.jpg,OBLIQUE,2,12,9280.0,110.3,-1,aic_coco_self,rtmdet_ins_tiny,rtmdet_ins_tiny,14,0.2995,0.6874,0.6874,0,0.6056792587569486,0.6444456980821048,0.75,12,1,0.023166565358054947,8,1,0.5749329731744879
499548,544444,000000544444.jpg,FRONT,3,17,26147.5,257.4,-1,body7_official,gt_box,gt_box,,,1.0,1.0,0,0.9436813880437581,0.9436813880437581,1.0,16,0,-0.5778827125970591,10,-1,0.8373861347927767
499548,544444,000000544444.jpg,FRONT,3,17,26147.5,257.4,-1,body7_official,rtmdet_ins_tiny,rtmdet_ins_tiny,3,0.8732,0.9108,0.9108,0,0.9351006739258373,0.9351006739258373,1.0,16,0,-0.5787759148025214,10,-1,0.8589407240643221
499548,544444,000000544444.jpg,FRONT,3,17,26147.5,257.4,-1,body7_self,gt_box,gt_box,,,1.0,1.0,0,0.9436813880437581,0.9436813880437581,1.0,16,0,-0.5778827125970591,10,-1,0.8373861277804655
499548,544444,000000544444.jpg,FRONT,3,17,26147.5,257.4,-1,body7_self,rtmdet_ins_tiny,rtmdet_ins_tiny,3,0.8732,0.9108,0.9108,0,0.9351006739258373,0.9351006739258373,1.0,16,0,-0.5787759148025214,10,-1,0.8589408011997447
499548,544444,000000544444.jpg,FRONT,3,17,26147.5,257.4,-1,aic_coco_self,gt_box,gt_box,,,1.0,1.0,0,0.9446025365877271,0.9446025365877271,1.0,16,0,-0.5808907791361296,10,-1,0.8422088307492873
499548,544444,000000544444.jpg,FRONT,3,17,26147.5,257.4,-1,aic_coco_self,rtmdet_ins_tiny,rtmdet_ins_tiny,3,0.8732,0.9108,0.9108,0,0.9361612432873088,0.9361612432873088,1.0,16,0,-0.5816618695443277,10,-1,0.8478280551293317
500446,239773,000000239773.jpg,PROFILE,1,13,26395.1,276.7,-1,body7_official,gt_box,gt_box,,,1.0,1.0,0,0.9740143708222059,0.9740143708222059,1.0,13,0,-0.16249816875339512,10,-1,0.6903436727383557
500446,239773,000000239773.jpg,PROFILE,1,13,26395.1,276.7,-1,body7_official,rtmdet_ins_tiny,rtmdet_ins_tiny,15,0.8191,0.8885,0.8885,0,0.9755525255656192,0.9755525255656192,1.0,13,0,-0.15457671485352825,10,-1,0.682599828523748
500446,239773,000000239773.jpg,PROFILE,1,13,26395.1,276.7,-1,body7_self,gt_box,gt_box,,,1.0,1.0,0,0.9740143708222059,0.9740143708222059,1.0,13,0,-0.16249816875339512,10,-1,0.6903436867629781
500446,239773,000000239773.jpg,PROFILE,1,13,26395.1,276.7,-1,body7_self,rtmdet_ins_tiny,rtmdet_ins_tiny,15,0.8191,0.8885,0.8885,0,0.9755525255656192,0.9755525255656192,1.0,13,0,-0.15457671485352825,10,-1,0.6825997908325756
500446,239773,000000239773.jpg,PROFILE,1,13,26395.1,276.7,-1,aic_coco_self,gt_box,gt_box,,,1.0,1.0,0,0.9753453937626936,0.9753453937626936,1.0,13,0,-0.1622184160812486,10,-1,0.7591107277309194
500446,239773,000000239773.jpg,PROFILE,1,13,26395.1,276.7,-1,aic_coco_self,rtmdet_ins_tiny,rtmdet_ins_tiny,15,0.8191,0.8885,0.8885,0,0.9737950720368167,0.9737950720368167,1.0,13,0,-0.15778932552788386,10,-1,0.757188502480002
501166,278973,000000278973.jpg,FRONT,3,14,20961.0,192.4,-1,body7_official,gt_box,gt_box,,,1.0,1.0,0,0.9397269821150932,0.9397269821150932,1.0,14,0,-0.6172581420866886,8,-1,0.6827910086687874
501166,278973,000000278973.jpg,FRONT,3,14,20961.0,192.4,-1,body7_official,rtmdet_ins_tiny,rtmdet_ins_tiny,5,0.7384,0.8415,0.8415,0,0.9479748017733355,0.9479748017733355,1.0,14,0,-0.6218366247702277,8,-1,0.6707318284932304
501166,278973,000000278973.jpg,FRONT,3,14,20961.0,192.4,-1,body7_self,gt_box,gt_box,,,1.0,1.0,0,0.9397269821150932,0.9397269821150932,1.0,14,0,-0.6172581420866886,8,-1,0.6827909385456759
501166,278973,000000278973.jpg,FRONT,3,14,20961.0,192.4,-1,body7_self,rtmdet_ins_tiny,rtmdet_ins_tiny,5,0.7384,0.8415,0.8415,0,0.9479748017733355,0.9479748017733355,1.0,14,0,-0.6218366247702277,8,-1,0.6707318547893973
501166,278973,000000278973.jpg,FRONT,3,14,20961.0,192.4,-1,aic_coco_self,gt_box,gt_box,,,1.0,1.0,0,0.9583128159557861,0.9583128159557861,1.0,14,0,-0.6441266058725973,8,-1,0.7029218621113721
501166,278973,000000278973.jpg,FRONT,3,14,20961.0,192.4,-1,aic_coco_self,rtmdet_ins_tiny,rtmdet_ins_tiny,5,0.7384,0.8415,0.8415,0,0.9514581766037133,0.9514581766037133,1.0,14,0,-0.6225927498063762,8,-1,0.68555406963124
501709,507015,000000507015.jpg,OBLIQUE,2,13,8647.6,221.1,-1,body7_official,gt_box,gt_box,,,1.0,1.0,0,0.9788573985358915,0.9788573985358915,1.0,13,0,-0.1811170845057592,8,-1,0.8065712276627036
501709,507015,000000507015.jpg,OBLIQUE,2,13,8647.6,221.1,-1,body7_official,rtmdet_ins_tiny,rtmdet_ins_tiny,8,0.8336,0.9490,0.9490,0,0.9835263629785451,0.9835263629785451,1.0,13,0,-0.18383483590718652,8,-1,0.806968043832218
501709,507015,000000507015.jpg,OBLIQUE,2,13,8647.6,221.1,-1,body7_self,gt_box,gt_box,,,1.0,1.0,0,0.9788573985358915,0.9788573985358915,1.0,13,0,-0.1811170845057592,8,-1,0.8065712557119482
501709,507015,000000507015.jpg,OBLIQUE,2,13,8647.6,221.1,-1,body7_self,rtmdet_ins_tiny,rtmdet_ins_tiny,8,0.8336,0.9490,0.9490,0,0.9835263629785451,0.9835263629785451,1.0,13,0,-0.18383483590718652,8,-1,0.8069680753876182
501709,507015,000000507015.jpg,OBLIQUE,2,13,8647.6,221.1,-1,aic_coco_self,gt_box,gt_box,,,1.0,1.0,0,0.9822262881065513,0.9822262881065513,1.0,13,0,-0.1830410403571147,8,-1,0.822826227721046
501709,507015,000000507015.jpg,OBLIQUE,2,13,8647.6,221.1,-1,aic_coco_self,rtmdet_ins_tiny,rtmdet_ins_tiny,8,0.8336,0.9490,0.9490,0,0.9806965198509539,0.9806965198509539,1.0,13,0,-0.18117591208276493,8,-1,0.8383396618506488
502422,414673,000000414673.jpg,FRONT,3,16,3378.1,122.8,-1,body7_official,gt_box,gt_box,,,1.0,1.0,0,0.9853818353306347,0.9853818353306347,1.0,16,0,-0.4316100157637706,12,-1,0.8213288573657765
502422,414673,000000414673.jpg,FRONT,3,16,3378.1,122.8,-1,body7_official,rtmdet_ins_tiny,rtmdet_ins_tiny,10,0.8949,0.9130,0.9130,0,0.9764254942821553,0.9764254942821553,1.0,16,0,-0.4363352682876582,12,-1,0.8417652494767133
502422,414673,000000414673.jpg,FRONT,3,16,3378.1,122.8,-1,body7_self,gt_box,gt_box,,,1.0,1.0,0,0.9853818353306347,0.9853818353306347,1.0,16,0,-0.4316100157637706,12,-1,0.8213288713903988
502422,414673,000000414673.jpg,FRONT,3,16,3378.1,122.8,-1,body7_self,rtmdet_ins_tiny,rtmdet_ins_tiny,10,0.8949,0.9130,0.9130,0,0.9764254942821553,0.9764254942821553,1.0,16,0,-0.4363352682876582,12,-1,0.8417652775259579
502422,414673,000000414673.jpg,FRONT,3,16,3378.1,122.8,-1,aic_coco_self,gt_box,gt_box,,,1.0,1.0,0,0.986785870223115,0.986785870223115,1.0,16,0,-0.43574074795385725,12,-1,0.8355039463323706
502422,414673,000000414673.jpg,FRONT,3,16,3378.1,122.8,-1,aic_coco_self,rtmdet_ins_tiny,rtmdet_ins_tiny,10,0.8949,0.9130,0.9130,0,0.9795441265518736,0.9795441265518736,1.0,16,0,-0.4366165565661837,12,-1,0.8642303417710697
502819,135604,000000135604.jpg,OBLIQUE,2,15,17341.5,300.1,-1,body7_official,gt_box,gt_box,,,1.0,1.0,0,0.9754877673497295,0.9754877673497295,1.0,15,0,-0.2421333590954082,12,-1,0.8343502353219425
502819,135604,000000135604.jpg,OBLIQUE,2,15,17341.5,300.1,-1,body7_official,rtmdet_ins_tiny,rtmdet_ins_tiny,14,0.8920,0.9491,0.9491,0,0.9733147069296041,0.9733147069296041,1.0,15,0,-0.23594013085116866,12,-1,0.8416431020287907
502819,135604,000000135604.jpg,OBLIQUE,2,15,17341.5,300.1,-1,body7_self,gt_box,gt_box,,,1.0,1.0,0,0.9754877673497295,0.9754877673497295,1.0,15,0,-0.2421333590954082,12,-1,0.8343501792234533
502819,135604,000000135604.jpg,OBLIQUE,2,15,17341.5,300.1,-1,body7_self,rtmdet_ins_tiny,rtmdet_ins_tiny,14,0.8920,0.9491,0.9491,0,0.9733147069296041,0.9733147069296041,1.0,15,0,-0.23594013085116866,12,-1,0.8416430915103239
502819,135604,000000135604.jpg,OBLIQUE,2,15,17341.5,300.1,-1,aic_coco_self,gt_box,gt_box,,,1.0,1.0,0,0.9773219667303162,0.9773219667303162,1.0,15,0,-0.2394548814588196,12,-1,0.831176221370697
502819,135604,000000135604.jpg,OBLIQUE,2,15,17341.5,300.1,-1,aic_coco_self,rtmdet_ins_tiny,rtmdet_ins_tiny,14,0.8920,0.9491,0.9491,0,0.9747421558787912,0.9747421558787912,1.0,15,0,-0.24032823315733895,12,-1,0.8309784110854653
504438,313562,000000313562.jpg,OBLIQUE,2,11,12137.1,206.9,-1,body7_official,gt_box,gt_box,,,1.0,1.0,0,0.9055720149881386,0.9055720149881386,1.0,9,0,-0.11459138954327461,4,-1,0.5777990975800682
504438,313562,000000313562.jpg,OBLIQUE,2,11,12137.1,206.9,-1,body7_official,rtmdet_ins_tiny,rtmdet_ins_tiny,18,0.7616,0.8430,0.8430,0,0.9418878862894962,0.9418878862894962,1.0,9,0,-0.1133796282041172,4,-1,0.605549147900413
504438,313562,000000313562.jpg,OBLIQUE,2,11,12137.1,206.9,-1,body7_self,gt_box,gt_box,,,1.0,1.0,0,0.9055720149881386,0.9055720149881386,1.0,9,0,-0.11459138954327461,4,-1,0.5777991238762351
504438,313562,000000313562.jpg,OBLIQUE,2,11,12137.1,206.9,-1,body7_self,rtmdet_ins_tiny,rtmdet_ins_tiny,18,0.7616,0.8430,0.8430,0,0.9418878862894962,0.9418878862894962,1.0,9,0,-0.1133796282041172,4,-1,0.6055491198511684
504438,313562,000000313562.jpg,OBLIQUE,2,11,12137.1,206.9,-1,aic_coco_self,gt_box,gt_box,,,1.0,1.0,0,0.9510068309700331,0.9510068309700331,1.0,9,0,-0.0930234795695479,4,-1,0.5790588627843296
504438,313562,000000313562.jpg,OBLIQUE,2,11,12137.1,206.9,-1,aic_coco_self,rtmdet_ins_tiny,rtmdet_ins_tiny,18,0.7616,0.8430,0.8430,0,0.9485994922702683,0.9485994922702683,1.0,9,0,-0.08161394636832386,4,-1,0.5977968152831582
505171,54593,000000054593.jpg,FRONT,3,16,10586.7,165.6,-1,body7_official,gt_box,gt_box,,,1.0,1.0,0,0.9864970095474624,0.9864970095474624,1.0,15,0,-0.36673932382385876,10,-1,0.7667178441496456
505171,54593,000000054593.jpg,FRONT,3,16,10586.7,165.6,-1,body7_official,rtmdet_ins_tiny,rtmdet_ins_tiny,23,0.8338,0.9188,0.9188,0,0.9837707549348819,0.9837707549348819,1.0,15,0,-0.3616159891297275,10,-1,0.7834254818804124
505171,54593,000000054593.jpg,FRONT,3,16,10586.7,165.6,-1,body7_self,gt_box,gt_box,,,1.0,1.0,0,0.9864970095474624,0.9864970095474624,1.0,15,0,-0.36673932382385876,10,-1,0.766717833631179
505171,54593,000000054593.jpg,FRONT,3,16,10586.7,165.6,-1,body7_self,rtmdet_ins_tiny,rtmdet_ins_tiny,23,0.8338,0.9188,0.9188,0,0.9837707549348819,0.9837707549348819,1.0,15,0,-0.3616159891297275,10,-1,0.7834254923988792
505171,54593,000000054593.jpg,FRONT,3,16,10586.7,165.6,-1,aic_coco_self,gt_box,gt_box,,,1.0,1.0,0,0.9823858277140509,0.9823858277140509,1.0,15,0,-0.3722792995869199,10,-1,0.8004337444024927
505171,54593,000000054593.jpg,FRONT,3,16,10586.7,165.6,-1,aic_coco_self,rtmdet_ins_tiny,rtmdet_ins_tiny,23,0.8338,0.9188,0.9188,0,0.9810022127986464,0.9810022127986464,1.0,15,0,-0.36782451657014126,10,-1,0.811861003146452
505635,294695,000000294695.jpg,FRONT,3,16,1900.7,109.7,-1,body7_official,gt_box,gt_box,,,1.0,1.0,0,0.9508564703651444,0.9508564703651444,1.0,15,0,-0.3158981104472229,10,-1,0.8022400526439443
505635,294695,000000294695.jpg,FRONT,3,16,1900.7,109.7,-1,body7_official,rtmdet_ins_tiny,rtmdet_ins_tiny,7,0.8625,0.9670,0.9670,0,0.9444633587413764,0.9444633587413764,1.0,15,0,-0.31554058536628765,10,-1,0.7974672001950881
505635,294695,000000294695.jpg,FRONT,3,16,1900.7,109.7,-1,body7_self,gt_box,gt_box,,,1.0,1.0,0,0.9508564703651444,0.9508564703651444,1.0,15,0,-0.3158981104472229,10,-1,0.8022400175823885
505635,294695,000000294695.jpg,FRONT,3,16,1900.7,109.7,-1,body7_self,rtmdet_ins_tiny,rtmdet_ins_tiny,7,0.8625,0.9670,0.9670,0,0.9444633587413764,0.9444633587413764,1.0,15,0,-0.31554058536628765,10,-1,0.7974672878489775
505635,294695,000000294695.jpg,FRONT,3,16,1900.7,109.7,-1,aic_coco_self,gt_box,gt_box,,,1.0,1.0,0,0.947468431299676,0.947468431299676,1.0,15,0,-0.30692597285446377,10,-1,0.8240979383973515
505635,294695,000000294695.jpg,FRONT,3,16,1900.7,109.7,-1,aic_coco_self,rtmdet_ins_tiny,rtmdet_ins_tiny,7,0.8625,0.9670,0.9670,0,0.9490868948300927,0.9490868948300927,1.0,15,0,-0.30696861935166997,10,-1,0.8295311647302964
506856,308793,000000308793.jpg,OBLIQUE,2,13,6473.3,150.9,1,body7_official,gt_box,gt_box,,,1.0,1.0,0,0.9357825707801349,0.9357825707801349,1.0,13,0,-0.2468075876629311,8,1,0.685860754812465
506856,308793,000000308793.jpg,OBLIQUE,2,13,6473.3,150.9,1,body7_official,rtmdet_ins_tiny,rtmdet_ins_tiny,5,0.7882,0.9521,0.9521,0,0.9445035236276168,0.9445035236276168,1.0,13,0,-0.24751816298835191,8,1,0.6981702534591451
506856,308793,000000308793.jpg,OBLIQUE,2,13,6473.3,150.9,1,body7_self,gt_box,gt_box,,,1.0,1.0,0,0.9357825707801349,0.9357825707801349,1.0,13,0,-0.2468075876629311,8,1,0.6858606706647312
506856,308793,000000308793.jpg,OBLIQUE,2,13,6473.3,150.9,1,body7_self,rtmdet_ins_tiny,rtmdet_ins_tiny,5,0.7882,0.9521,0.9521,0,0.9445035236276168,0.9445035236276168,1.0,13,0,-0.24751816298835191,8,1,0.6981701622991001
506856,308793,000000308793.jpg,OBLIQUE,2,13,6473.3,150.9,1,aic_coco_self,gt_box,gt_box,,,1.0,1.0,0,0.951280757414254,0.951280757414254,1.0,13,0,-0.2504256604858056,8,1,0.6975522882798139
506856,308793,000000308793.jpg,OBLIQUE,2,13,6473.3,150.9,1,aic_coco_self,rtmdet_ins_tiny,rtmdet_ins_tiny,5,0.7882,0.9521,0.9521,0,0.9513802185734579,0.9513802185734579,1.0,13,0,-0.2446082759684621,8,1,0.7171598629039877
507503,245311,000000245311.jpg,OBLIQUE,2,11,36295.4,321.9,-1,body7_official,gt_box,gt_box,,,1.0,1.0,0,0.9398471510970605,0.9398471510970605,1.0,8,0,-0.1935678947472193,6,-1,0.5288134077016045
507503,245311,000000245311.jpg,OBLIQUE,2,11,36295.4,321.9,-1,body7_official,rtmdet_ins_tiny,rtmdet_ins_tiny,2,0.8177,0.9145,0.9145,0,0.923441212670457,0.923441212670457,1.0,8,0,-0.18497675609639974,6,-1,0.5185281897292418
507503,245311,000000245311.jpg,OBLIQUE,2,11,36295.4,321.9,-1,body7_self,gt_box,gt_box,,,1.0,1.0,0,0.9398471510970605,0.9398471510970605,1.0,8,0,-0.1935678947472193,6,-1,0.52881339543006
507503,245311,000000245311.jpg,OBLIQUE,2,11,36295.4,321.9,-1,body7_self,rtmdet_ins_tiny,rtmdet_ins_tiny,2,0.8177,0.9145,0.9145,0,0.923441212670457,0.923441212670457,1.0,8,0,-0.18497675609639974,6,-1,0.5185281231122858
507503,245311,000000245311.jpg,OBLIQUE,2,11,36295.4,321.9,-1,aic_coco_self,gt_box,gt_box,,,1.0,1.0,0,0.9455137230311212,0.9455137230311212,1.0,8,0,-0.20661124073700723,6,-1,0.5808317608693067
507503,245311,000000245311.jpg,OBLIQUE,2,11,36295.4,321.9,-1,aic_coco_self,rtmdet_ins_tiny,rtmdet_ins_tiny,2,0.8177,0.9145,0.9145,0,0.9403641689645638,0.9403641689645638,1.0,8,0,-0.21136276802235204,6,-1,0.5652094290536993
508301,13201,000000013201.jpg,FRONT,3,16,34807.6,423.3,-1,body7_official,gt_box,gt_box,,,1.0,1.0,0,0.9536895829971954,0.9536895829971954,1.0,16,0,-0.5082260711514685,12,-1,0.8335945255616132
508301,13201,000000013201.jpg,FRONT,3,16,34807.6,423.3,-1,body7_official,rtmdet_ins_tiny,rtmdet_ins_tiny,10,0.7839,0.9156,0.9156,0,0.9549247038750633,0.9549247038750633,1.0,16,0,-0.5082042785596201,12,-1,0.841985730563893
508301,13201,000000013201.jpg,FRONT,3,16,34807.6,423.3,-1,body7_self,gt_box,gt_box,,,1.0,1.0,0,0.9536895829971954,0.9536895829971954,1.0,16,0,-0.5082260711514685,12,-1,0.8335945430923911
508301,13201,000000013201.jpg,FRONT,3,16,34807.6,423.3,-1,body7_self,rtmdet_ins_tiny,rtmdet_ins_tiny,10,0.7839,0.9156,0.9156,0,0.9549247038750633,0.9549247038750633,1.0,16,0,-0.5082042785596201,12,-1,0.8419856674530927
508301,13201,000000013201.jpg,FRONT,3,16,34807.6,423.3,-1,aic_coco_self,gt_box,gt_box,,,1.0,1.0,0,0.9644476855065129,0.9644476855065129,1.0,16,0,-0.5077965755550222,12,-1,0.8847614947487327
508301,13201,000000013201.jpg,FRONT,3,16,34807.6,423.3,-1,aic_coco_self,rtmdet_ins_tiny,rtmdet_ins_tiny,10,0.7839,0.9156,0.9156,0,0.9667337712980795,0.9667337712980795,1.0,16,0,-0.509705289463461,12,-1,0.8694294515778037
509683,79031,000000079031.jpg,FRONT,3,15,42510.6,369.7,1,body7_official,gt_box,gt_box,,,1.0,1.0,0,0.9648057295672013,0.9648057295672013,1.0,15,0,-0.42424475833452996,10,1,0.7218262763584361
509683,79031,000000079031.jpg,FRONT,3,15,42510.6,369.7,1,body7_official,rtmdet_ins_tiny,rtmdet_ins_tiny,3,0.8937,0.9388,0.9388,0,0.9778316052500851,0.9778316052500851,1.0,15,0,-0.42349675593894437,10,1,0.7188852587166954
509683,79031,000000079031.jpg,FRONT,3,15,42510.6,369.7,1,body7_self,gt_box,gt_box,,,1.0,1.0,0,0.9648057295672013,0.9648057295672013,1.0,15,0,-0.42424475833452996,10,1,0.7218263289507698
509683,79031,000000079031.jpg,FRONT,3,15,42510.6,369.7,1,body7_self,rtmdet_ins_tiny,rtmdet_ins_tiny,3,0.8937,0.9388,0.9388,0,0.9778316052500851,0.9778316052500851,1.0,15,0,-0.42349675593894437,10,1,0.7188852604697732
509683,79031,000000079031.jpg,FRONT,3,15,42510.6,369.7,1,aic_coco_self,gt_box,gt_box,,,1.0,1.0,0,0.9732305464771109,0.9732305464771109,1.0,15,0,-0.42258549946738105,10,1,0.7934049595804775
509683,79031,000000079031.jpg,FRONT,3,15,42510.6,369.7,1,aic_coco_self,rtmdet_ins_tiny,rtmdet_ins_tiny,3,0.8937,0.9388,0.9388,0,0.9605667876291868,0.9605667876291868,1.0,15,0,-0.42437003419783764,10,1,0.7853406317093793
510267,171788,000000171788.jpg,FRONT,3,15,46423.0,517.5,1,body7_official,gt_box,gt_box,,,1.0,1.0,0,0.9723302119985245,0.9723302119985245,1.0,15,0,-0.5210229470464547,10,1,0.8079305834629956
510267,171788,000000171788.jpg,FRONT,3,15,46423.0,517.5,1,body7_official,rtmdet_ins_tiny,rtmdet_ins_tiny,8,0.8266,0.9440,0.9440,0,0.9695071763874452,0.9695071763874452,1.0,15,0,-0.5204846203809635,10,1,0.8067987666410559
510267,171788,000000171788.jpg,FRONT,3,15,46423.0,517.5,1,body7_self,gt_box,gt_box,,,1.0,1.0,0,0.9723302119985245,0.9723302119985245,1.0,15,0,-0.5210229470464547,10,1,0.8079305150929619
510267,171788,000000171788.jpg,FRONT,3,15,46423.0,517.5,1,body7_self,rtmdet_ins_tiny,rtmdet_ins_tiny,8,0.8266,0.9440,0.9440,0,0.9695071763874452,0.9695071763874452,1.0,15,0,-0.5204846203809635,10,1,0.8067987491102779
510267,171788,000000171788.jpg,FRONT,3,15,46423.0,517.5,1,aic_coco_self,gt_box,gt_box,,,1.0,1.0,0,0.959277537830914,0.959277537830914,1.0,15,0,-0.5121832724406612,10,1,0.8068457841873169
510267,171788,000000171788.jpg,FRONT,3,15,46423.0,517.5,1,aic_coco_self,rtmdet_ins_tiny,rtmdet_ins_tiny,8,0.8266,0.9440,0.9440,0,0.973331856046648,0.973331856046648,1.0,15,0,-0.524826230403505,10,1,0.8083421973621144
511685,278705,000000278705.jpg,FRONT,3,16,7378.3,174.2,-1,body7_official,gt_box,gt_box,,,1.0,1.0,0,0.9750017208642751,0.9750017208642751,1.0,15,0,-0.476264966866186,10,-1,0.8566792992984548
511685,278705,000000278705.jpg,FRONT,3,16,7378.3,174.2,-1,body7_official,rtmdet_ins_tiny,rtmdet_ins_tiny,20,0.8571,0.9609,0.9609,0,0.9732880179722659,0.9732880179722659,1.0,15,0,-0.4750718291025083,10,-1,0.8546421703170327
511685,278705,000000278705.jpg,FRONT,3,16,7378.3,174.2,-1,body7_self,gt_box,gt_box,,,1.0,1.0,0,0.9750017208642751,0.9750017208642751,1.0,15,0,-0.476264966866186,10,-1,0.8566792747553658
511685,278705,000000278705.jpg,FRONT,3,16,7378.3,174.2,-1,body7_self,rtmdet_ins_tiny,rtmdet_ins_tiny,20,0.8571,0.9609,0.9609,0,0.9732880179722659,0.9732880179722659,1.0,15,0,-0.4750718291025083,10,-1,0.8546422158970552
511685,278705,000000278705.jpg,FRONT,3,16,7378.3,174.2,-1,aic_coco_self,gt_box,gt_box,,,1.0,1.0,0,0.975095569106371,0.975095569106371,1.0,15,0,-0.4778922340322488,10,-1,0.8652052668964162
511685,278705,000000278705.jpg,FRONT,3,16,7378.3,174.2,-1,aic_coco_self,rtmdet_ins_tiny,rtmdet_ins_tiny,20,0.8571,0.9609,0.9609,0,0.976360534803031,0.976360534803031,1.0,15,0,-0.47881745072689863,10,-1,0.866600934196921
512673,322163,000000322163.jpg,OBLIQUE,2,8,4035.0,125.6,1,body7_official,gt_box,gt_box,,,1.0,1.0,0,0.9347327184606014,0.9347327184606014,1.0,7,0,-0.21482105219169095,4,1,0.5518378922167946
512673,322163,000000322163.jpg,OBLIQUE,2,8,4035.0,125.6,1,body7_official,rtmdet_ins_tiny,rtmdet_ins_tiny,18,0.5961,0.2212,0.8077,1,0.3387608901135067,0.17736380672308788,0.2857142857142857,7,1,0.018949453677288397,4,-1,0.32206757804926706
512673,322163,000000322163.jpg,OBLIQUE,2,8,4035.0,125.6,1,body7_self,gt_box,gt_box,,,1.0,1.0,0,0.9347327184606014,0.9347327184606014,1.0,7,0,-0.21482105219169095,4,1,0.5518379299079671
512673,322163,000000322163.jpg,OBLIQUE,2,8,4035.0,125.6,1,body7_self,rtmdet_ins_tiny,rtmdet_ins_tiny,18,0.5961,0.2212,0.8077,1,0.3387608901135067,0.17736380672308788,0.2857142857142857,7,1,0.018949453677288397,4,-1,0.3220675302778973
512673,322163,000000322163.jpg,OBLIQUE,2,8,4035.0,125.6,1,aic_coco_self,gt_box,gt_box,,,1.0,1.0,0,0.9530986184909033,0.9530986184909033,1.0,7,0,-0.22744761467648855,4,1,0.5744374745032367
512673,322163,000000322163.jpg,OBLIQUE,2,8,4035.0,125.6,1,aic_coco_self,rtmdet_ins_tiny,rtmdet_ins_tiny,18,0.5961,0.2212,0.8077,1,0.002977306857983998,0.002977306857983998,0.0,7,0,-0.003997007255279517,4,1,0.39680247622377735
513995,25228,000000025228.jpg,OBLIQUE,2,13,28826.2,263.8,-1,body7_official,gt_box,gt_box,,,1.0,1.0,0,0.9075371499092181,0.9075371499092181,0.9230769230769231,13,0,-0.611107011720988,10,-1,0.7137061690582949
513995,25228,000000025228.jpg,OBLIQUE,2,13,28826.2,263.8,-1,body7_official,rtmdet_ins_tiny,rtmdet_ins_tiny,12,0.7633,0.8269,0.8269,0,0.9053229327887369,0.9053229327887369,0.9230769230769231,13,0,-0.6132400860338307,10,-1,0.7199073766960817
513995,25228,000000025228.jpg,OBLIQUE,2,13,28826.2,263.8,-1,body7_self,gt_box,gt_box,,,1.0,1.0,0,0.9075371499092181,0.9075371499092181,0.9230769230769231,13,0,-0.611107011720988,10,-1,0.7137061883421505
513995,25228,000000025228.jpg,OBLIQUE,2,13,28826.2,263.8,-1,body7_self,rtmdet_ins_tiny,rtmdet_ins_tiny,12,0.7633,0.8269,0.8269,0,0.9053229327887369,0.9053229327887369,0.9230769230769231,13,0,-0.6132400860338307,10,-1,0.7199074564611211
513995,25228,000000025228.jpg,OBLIQUE,2,13,28826.2,263.8,-1,aic_coco_self,gt_box,gt_box,,,1.0,1.0,0,0.9456901407298889,0.9456901407298889,1.0,13,0,-0.6833123278813833,10,-1,0.7562804923338049
513995,25228,000000025228.jpg,OBLIQUE,2,13,28826.2,263.8,-1,aic_coco_self,rtmdet_ins_tiny,rtmdet_ins_tiny,12,0.7633,0.8269,0.8269,0,0.9601042946461644,0.9601042946461644,1.0,13,0,-0.6903577139387099,10,-1,0.7587513169821571
514404,412894,000000412894.jpg,OBLIQUE,2,16,3256.0,130.9,-1,body7_official,gt_box,gt_box,,,1.0,1.0,0,0.9884052701271221,0.9884052701271221,1.0,14,0,-0.2970608164157085,10,-1,0.8304319907637203
514404,412894,000000412894.jpg,OBLIQUE,2,16,3256.0,130.9,-1,body7_official,rtmdet_ins_tiny,rtmdet_ins_tiny,37,0.8908,0.9275,0.9275,0,0.9851403677703189,0.9851403677703189,1.0,14,0,-0.2913975531109123,10,-1,0.8557208040181328
514404,412894,000000412894.jpg,OBLIQUE,2,16,3256.0,130.9,-1,body7_self,gt_box,gt_box,,,1.0,1.0,0,0.9884052701271221,0.9884052701271221,1.0,14,0,-0.2970608164157085,10,-1,0.8304319557021645
514404,412894,000000412894.jpg,OBLIQUE,2,16,3256.0,130.9,-1,body7_self,rtmdet_ins_tiny,rtmdet_ins_tiny,37,0.8908,0.9275,0.9275,0,0.9851403677703189,0.9851403677703189,1.0,14,0,-0.2913975531109123,10,-1,0.8557207794750438
514404,412894,000000412894.jpg,OBLIQUE,2,16,3256.0,130.9,-1,aic_coco_self,gt_box,gt_box,,,1.0,1.0,0,0.9885249328981522,0.9885249328981522,1.0,14,0,-0.297280326681942,10,-1,0.8204304049996769
514404,412894,000000412894.jpg,OBLIQUE,2,16,3256.0,130.9,-1,aic_coco_self,rtmdet_ins_tiny,rtmdet_ins_tiny,37,0.8908,0.9275,0.9275,0,0.9876374277254502,0.9876374277254502,1.0,14,0,-0.29701311828977855,10,-1,0.8176649142714107
515072,25393,000000025393.jpg,FRONT,3,17,29891.5,401.1,-1,body7_official,gt_box,gt_box,,,1.0,1.0,0,0.9534262872345565,0.9534262872345565,1.0,17,0,-0.3862789183534648,12,-1,0.9538314342498779
515072,25393,000000025393.jpg,FRONT,3,17,29891.5,401.1,-1,body7_official,rtmdet_ins_tiny,rtmdet_ins_tiny,39,0.9029,0.9357,0.9357,0,0.942004297635159,0.942004297635159,1.0,17,0,-0.38478066525657034,12,-1,0.9538585789063397
515072,25393,000000025393.jpg,FRONT,3,17,29891.5,401.1,-1,body7_self,gt_box,gt_box,,,1.0,1.0,0,0.9534262872345565,0.9534262872345565,1.0,17,0,-0.3862789183534648,12,-1,0.9538313851636999
515072,25393,000000025393.jpg,FRONT,3,17,29891.5,401.1,-1,body7_self,rtmdet_ins_tiny,rtmdet_ins_tiny,39,0.9029,0.9357,0.9357,0,0.942004297635159,0.942004297635159,1.0,17,0,-0.38478066525657034,12,-1,0.9538585298201617
515072,25393,000000025393.jpg,FRONT,3,17,29891.5,401.1,-1,aic_coco_self,gt_box,gt_box,,,1.0,1.0,0,0.9620143610144292,0.9620143610144292,1.0,17,0,-0.3909318886716059,12,-1,0.923547534381642
515072,25393,000000025393.jpg,FRONT,3,17,29891.5,401.1,-1,aic_coco_self,rtmdet_ins_tiny,rtmdet_ins_tiny,39,0.9029,0.9357,0.9357,0,0.9483382702172006,0.9483382702172006,1.0,17,0,-0.3881495114128968,12,-1,0.9321314622374142
517783,116068,000000116068.jpg,PROFILE,1,14,9070.6,235.7,-1,body7_official,gt_box,gt_box,,,1.0,1.0,0,0.9888715573820264,0.9888715573820264,1.0,13,0,-0.2673260381512936,10,-1,0.8822419713525211
517783,116068,000000116068.jpg,PROFILE,1,14,9070.6,235.7,-1,body7_official,rtmdet_ins_tiny,rtmdet_ins_tiny,24,0.9069,0.8882,0.8882,0,0.9850692297518966,0.9850692297518966,1.0,13,0,-0.26554558138740686,10,-1,0.8785196682986092
517783,116068,000000116068.jpg,PROFILE,1,14,9070.6,235.7,-1,body7_self,gt_box,gt_box,,,1.0,1.0,0,0.9888715573820264,0.9888715573820264,1.0,13,0,-0.2673260381512936,10,-1,0.8822418836986318
517783,116068,000000116068.jpg,PROFILE,1,14,9070.6,235.7,-1,body7_self,rtmdet_ins_tiny,rtmdet_ins_tiny,24,0.9069,0.8882,0.8882,0,0.9850692297518966,0.9850692297518966,1.0,13,0,-0.26554558138740686,10,-1,0.8785197804955875
517783,116068,000000116068.jpg,PROFILE,1,14,9070.6,235.7,-1,aic_coco_self,gt_box,gt_box,,,1.0,1.0,0,0.9883997435197068,0.9883997435197068,1.0,13,0,-0.2693901647582653,10,-1,0.8872601880746729
517783,116068,000000116068.jpg,PROFILE,1,14,9070.6,235.7,-1,aic_coco_self,rtmdet_ins_tiny,rtmdet_ins_tiny,24,0.9069,0.8882,0.8882,0,0.9891259309040756,0.9891259309040756,1.0,13,0,-0.2694373892855377,10,-1,0.8901196613031275
518817,32901,000000032901.jpg,FRONT,3,12,43433.1,434.4,-1,body7_official,gt_box,gt_box,,,1.0,1.0,0,0.976998989271344,0.976998989271344,1.0,11,0,-0.3316893024880842,4,-1,0.7671186503242043
518817,32901,000000032901.jpg,FRONT,3,12,43433.1,434.4,-1,body7_official,rtmdet_ins_tiny,rtmdet_ins_tiny,10,0.8710,0.0698,0.9404,1,0.00980958086546696,0.00980958086546696,0.0,11,0,-0.0005220557021375916,4,-1,0.7115228211178499
518817,32901,000000032901.jpg,FRONT,3,12,43433.1,434.4,-1,body7_self,gt_box,gt_box,,,1.0,1.0,0,0.976998989271344,0.976998989271344,1.0,11,0,-0.3316893024880842,4,-1,0.7671186766203713
518817,32901,000000032901.jpg,FRONT,3,12,43433.1,434.4,-1,body7_self,rtmdet_ins_tiny,rtmdet_ins_tiny,10,0.8710,0.0698,0.9404,1,0.00980958086546696,0.00980958086546696,0.0,11,0,-0.0005220557021375916,4,-1,0.7115228772163391
518817,32901,000000032901.jpg,FRONT,3,12,43433.1,434.4,-1,aic_coco_self,gt_box,gt_box,,,1.0,1.0,0,0.972300092895851,0.972300092895851,1.0,11,0,-0.32784368995498353,4,-1,0.7324526958605823
518817,32901,000000032901.jpg,FRONT,3,12,43433.1,434.4,-1,aic_coco_self,rtmdet_ins_tiny,rtmdet_ins_tiny,10,0.8710,0.0698,0.9404,1,0.015402003551486559,0.015402003551486559,0.0,11,0,-0.0005822618381609024,4,-1,0.6809646557359135
519905,325838,000000325838.jpg,FRONT,3,12,27805.9,313.9,-1,body7_official,gt_box,gt_box,,,1.0,1.0,0,0.9808571071361327,0.9808571071361327,1.0,12,0,-0.416128266034307,8,-1,0.7175487314953524
519905,325838,000000325838.jpg,FRONT,3,12,27805.9,313.9,-1,body7_official,rtmdet_ins_tiny,rtmdet_ins_tiny,8,0.6609,0.9449,0.9449,0,0.9806855581379786,0.9806855581379786,1.0,12,0,-0.4204403000032765,8,-1,0.7364289655404932
519905,325838,000000325838.jpg,FRONT,3,12,27805.9,313.9,-1,body7_self,gt_box,gt_box,,,1.0,1.0,0,0.9808571071361327,0.9808571071361327,1.0,12,0,-0.416128266034307,8,-1,0.7175486631253186
519905,325838,000000325838.jpg,FRONT,3,12,27805.9,313.9,-1,body7_self,rtmdet_ins_tiny,rtmdet_ins_tiny,8,0.6609,0.9449,0.9449,0,0.9806855581379786,0.9806855581379786,1.0,12,0,-0.4204403000032765,8,-1,0.7364289970958934
519905,325838,000000325838.jpg,FRONT,3,12,27805.9,313.9,-1,aic_coco_self,gt_box,gt_box,,,1.0,1.0,0,0.9791320315588835,0.9791320315588835,1.0,12,0,-0.4160547629674276,8,-1,0.7293525268049801
519905,325838,000000325838.jpg,FRONT,3,12,27805.9,313.9,-1,aic_coco_self,rtmdet_ins_tiny,rtmdet_ins_tiny,8,0.6609,0.9449,0.9449,0,0.9770244003629918,0.9770244003629918,1.0,12,0,-0.41339977763374236,8,-1,0.7411875304053811
521385,18150,000000018150.jpg,OBLIQUE,2,12,86553.9,452.9,1,body7_official,gt_box,gt_box,,,1.0,1.0,0,0.7927481926554197,0.7927481926554197,0.8333333333333334,12,0,-0.13362320220841184,8,1,0.5351840310236987
521385,18150,000000018150.jpg,OBLIQUE,2,12,86553.9,452.9,1,body7_official,rtmdet_ins_tiny,rtmdet_ins_tiny,22,0.8439,0.9282,0.9282,0,0.7775681786506986,0.7775681786506986,0.8333333333333334,12,0,-0.12467795375278523,8,1,0.5535511023858014
521385,18150,000000018150.jpg,OBLIQUE,2,12,86553.9,452.9,1,body7_self,gt_box,gt_box,,,1.0,1.0,0,0.7927481926554197,0.7927481926554197,0.8333333333333334,12,0,-0.13362320220841184,8,1,0.5351840056040708
521385,18150,000000018150.jpg,OBLIQUE,2,12,86553.9,452.9,1,body7_self,rtmdet_ins_tiny,rtmdet_ins_tiny,22,0.8439,0.9282,0.9282,0,0.7775681786506986,0.7775681786506986,0.8333333333333334,12,0,-0.12467795375278523,8,1,0.5535512014346964
521385,18150,000000018150.jpg,OBLIQUE,2,12,86553.9,452.9,1,aic_coco_self,gt_box,gt_box,,,1.0,1.0,0,0.733354037998957,0.733354037998957,0.8333333333333334,12,0,-0.07705716747918759,8,1,0.6013443680370555
521385,18150,000000018150.jpg,OBLIQUE,2,12,86553.9,452.9,1,aic_coco_self,rtmdet_ins_tiny,rtmdet_ins_tiny,22,0.8439,0.9282,0.9282,0,0.7360657242222487,0.7360657242222487,0.8333333333333334,12,0,-0.06659389615584971,8,1,0.5981661011190975
523581,273715,000000273715.jpg,OBLIQUE,2,15,2255.6,117.6,-1,body7_official,gt_box,gt_box,,,1.0,1.0,0,0.9625771182497703,0.9625771182497703,1.0,11,0,-0.22793190918401493,4,-1,0.8905812642153572
523581,273715,000000273715.jpg,OBLIQUE,2,15,2255.6,117.6,-1,body7_official,rtmdet_ins_tiny,rtmdet_ins_tiny,67,0.8315,0.8965,0.8965,0,0.9676468191254508,0.9676468191254508,1.0,11,0,-0.22649765960097748,4,-1,0.874051125610576
523581,273715,000000273715.jpg,OBLIQUE,2,15,2255.6,117.6,-1,body7_self,gt_box,gt_box,,,1.0,1.0,0,0.9625771182497703,0.9625771182497703,1.0,11,0,-0.22793190918401493,4,-1,0.8905811835737789
523581,273715,000000273715.jpg,OBLIQUE,2,15,2255.6,117.6,-1,body7_self,rtmdet_ins_tiny,rtmdet_ins_tiny,67,0.8315,0.8965,0.8965,0,0.9676468191254508,0.9676468191254508,1.0,11,0,-0.22649765960097748,4,-1,0.874051199239843
523581,273715,000000273715.jpg,OBLIQUE,2,15,2255.6,117.6,-1,aic_coco_self,gt_box,gt_box,,,1.0,1.0,0,0.9738030908477513,0.9738030908477513,1.0,11,0,-0.22970026647904446,4,-1,0.8748874313691083
523581,273715,000000273715.jpg,OBLIQUE,2,15,2255.6,117.6,-1,aic_coco_self,rtmdet_ins_tiny,rtmdet_ins_tiny,67,0.8315,0.8965,0.8965,0,0.9735510639659513,0.9735510639659513,1.0,11,0,-0.2279988580534114,4,-1,0.9150528627283433
524874,6954,000000006954.jpg,FRONT,3,14,8287.7,164.7,-1,body7_official,gt_box,gt_box,,,1.0,1.0,0,0.952470288603088,0.952470288603088,1.0,14,0,-0.40835462419648877,6,-1,0.7207448850659763
524874,6954,000000006954.jpg,FRONT,3,14,8287.7,164.7,-1,body7_official,rtmdet_ins_tiny,rtmdet_ins_tiny,26,0.5705,0.9065,0.9065,0,0.9372411750760642,0.9372411750760642,1.0,14,0,-0.40000238267683075,6,-1,0.723111587412217
524874,6954,000000006954.jpg,FRONT,3,14,8287.7,164.7,-1,body7_self,gt_box,gt_box,,,1.0,1.0,0,0.952470288603088,0.952470288603088,1.0,14,0,-0.40835462419648877,6,-1,0.720744895584443
524874,6954,000000006954.jpg,FRONT,3,14,8287.7,164.7,-1,body7_self,rtmdet_ins_tiny,rtmdet_ins_tiny,26,0.5705,0.9065,0.9065,0,0.9372411750760642,0.9372411750760642,1.0,14,0,-0.40000238267683075,6,-1,0.7231116066960728
524874,6954,000000006954.jpg,FRONT,3,14,8287.7,164.7,-1,aic_coco_self,gt_box,gt_box,,,1.0,1.0,0,0.944646494744352,0.944646494744352,1.0,14,0,-0.41238679281525825,6,-1,0.7364620338467991
524874,6954,000000006954.jpg,FRONT,3,14,8287.7,164.7,-1,aic_coco_self,rtmdet_ins_tiny,rtmdet_ins_tiny,26,0.5705,0.9065,0.9065,0,0.9501783881462194,0.9501783881462194,1.0,14,0,-0.40729735487908036,6,-1,0.7447403406395632
527400,96427,000000096427.jpg,FRONT,3,16,25803.3,335.4,-1,body7_official,gt_box,gt_box,,,1.0,1.0,0,0.9756774194422921,0.9756774194422921,1.0,15,0,-0.279303445509342,8,-1,0.9041106630774105
527400,96427,000000096427.jpg,FRONT,3,16,25803.3,335.4,-1,body7_official,rtmdet_ins_tiny,rtmdet_ins_tiny,11,0.8648,0.9647,0.9647,0,0.9754435391053927,0.9754435391053927,1.0,15,0,-0.2791031878434606,8,-1,0.9168655977529638
527400,96427,000000096427.jpg,FRONT,3,16,25803.3,335.4,-1,body7_self,gt_box,gt_box,,,1.0,1.0,0,0.9756774194422921,0.9756774194422921,1.0,15,0,-0.279303445509342,8,-1,0.9041107507312999
527400,96427,000000096427.jpg,FRONT,3,16,25803.3,335.4,-1,body7_self,rtmdet_ins_tiny,rtmdet_ins_tiny,11,0.8648,0.9647,0.9647,0,0.9754435391053927,0.9754435391053927,1.0,15,0,-0.2791031878434606,8,-1,0.9168656608637642
527400,96427,000000096427.jpg,FRONT,3,16,25803.3,335.4,-1,aic_coco_self,gt_box,gt_box,,,1.0,1.0,0,0.9710519022748078,0.9710519022748078,1.0,15,0,-0.2721518937880958,8,-1,0.855111185242148
527400,96427,000000096427.jpg,FRONT,3,16,25803.3,335.4,-1,aic_coco_self,rtmdet_ins_tiny,rtmdet_ins_tiny,11,0.8648,0.9647,0.9647,0,0.9686204580309733,0.9686204580309733,1.0,15,0,-0.27254590031861614,8,-1,0.8568027896039626
529042,291619,000000291619.jpg,FRONT,3,16,6069.1,183.7,-1,body7_official,gt_box,gt_box,,,1.0,1.0,0,0.9503720283271848,0.9503720283271848,1.0,16,0,-0.4272035801246514,12,-1,0.8060868312330807
529042,291619,000000291619.jpg,FRONT,3,16,6069.1,183.7,-1,body7_official,rtmdet_ins_tiny,rtmdet_ins_tiny,3,0.8100,0.8909,0.8909,0,0.954947264276478,0.954947264276478,1.0,16,0,-0.4280074471152596,12,-1,0.8175907029825098
529042,291619,000000291619.jpg,FRONT,3,16,6069.1,183.7,-1,body7_self,gt_box,gt_box,,,1.0,1.0,0,0.9503720283271848,0.9503720283271848,1.0,16,0,-0.4272035801246514,12,-1,0.8060869890100816
529042,291619,000000291619.jpg,FRONT,3,16,6069.1,183.7,-1,body7_self,rtmdet_ins_tiny,rtmdet_ins_tiny,3,0.8100,0.8909,0.8909,0,0.954947264276478,0.954947264276478,1.0,16,0,-0.4280074471152596,12,-1,0.8175906083163094
529042,291619,000000291619.jpg,FRONT,3,16,6069.1,183.7,-1,aic_coco_self,gt_box,gt_box,,,1.0,1.0,0,0.966330160334292,0.966330160334292,1.0,16,0,-0.4379792552645609,12,-1,0.8144064966370078
529042,291619,000000291619.jpg,FRONT,3,16,6069.1,183.7,-1,aic_coco_self,rtmdet_ins_tiny,rtmdet_ins_tiny,3,0.8100,0.8909,0.8909,0,0.9619979854981282,0.9619979854981282,1.0,16,0,-0.43959853006473054,12,-1,0.8189915769240436
530019,329456,000000329456.jpg,FRONT,3,16,11356.3,261.4,1,body7_official,gt_box,gt_box,,,1.0,1.0,0,0.9580656706061652,0.9580656706061652,1.0,16,0,-0.24747269294215857,12,1,0.8077964993084178
530019,329456,000000329456.jpg,FRONT,3,16,11356.3,261.4,1,body7_official,rtmdet_ins_tiny,rtmdet_ins_tiny,27,0.8752,0.9824,0.9824,0,0.9553244526714666,0.9553244526714666,1.0,16,0,-0.24617997716599813,12,1,0.8159075835171867
530019,329456,000000329456.jpg,FRONT,3,16,11356.3,261.4,1,body7_self,gt_box,gt_box,,,1.0,1.0,0,0.9580656706061652,0.9580656706061652,1.0,16,0,-0.24747269294215857,12,1,0.8077964432099286
530019,329456,000000329456.jpg,FRONT,3,16,11356.3,261.4,1,body7_self,rtmdet_ins_tiny,rtmdet_ins_tiny,27,0.8752,0.9824,0.9824,0,0.9553244526714666,0.9553244526714666,1.0,16,0,-0.24617997716599813,12,1,0.8159076080602758
530019,329456,000000329456.jpg,FRONT,3,16,11356.3,261.4,1,aic_coco_self,gt_box,gt_box,,,1.0,1.0,0,0.9675287539220013,0.9675287539220013,1.0,16,0,-0.25886816185265016,12,1,0.7819722960976994
530019,329456,000000329456.jpg,FRONT,3,16,11356.3,261.4,1,aic_coco_self,rtmdet_ins_tiny,rtmdet_ins_tiny,27,0.8752,0.9824,0.9824,0,0.9651338621255428,0.9651338621255428,1.0,16,0,-0.25679729557971226,12,1,0.7872051210964427
531979,465836,000000465836.jpg,FRONT,3,17,6431.0,185.9,-1,body7_official,gt_box,gt_box,,,1.0,1.0,0,0.9400815991792069,0.9400815991792069,1.0,16,0,-0.3236287827981076,12,-1,0.8132878191330853
531979,465836,000000465836.jpg,FRONT,3,17,6431.0,185.9,-1,body7_official,rtmdet_ins_tiny,rtmdet_ins_tiny,4,0.9121,0.0103,0.9685,2,0.003939485879793352,0.003939485879793352,0.0,16,0,-0.004461035764856347,12,-1,0.87217777967453
531979,465836,000000465836.jpg,FRONT,3,17,6431.0,185.9,-1,body7_self,gt_box,gt_box,,,1.0,1.0,0,0.9400815991792069,0.9400815991792069,1.0,16,0,-0.3236287827981076,12,-1,0.8132878401700188
531979,465836,000000465836.jpg,FRONT,3,17,6431.0,185.9,-1,body7_self,rtmdet_ins_tiny,rtmdet_ins_tiny,4,0.9121,0.0103,0.9685,2,0.003939485879793352,0.003939485879793352,0.0,16,0,-0.004461035764856347,12,-1,0.8721778357730192
531979,465836,000000465836.jpg,FRONT,3,17,6431.0,185.9,-1,aic_coco_self,gt_box,gt_box,,,1.0,1.0,0,0.9608658871662537,0.9608658871662537,1.0,16,0,-0.32147733972754716,12,-1,0.8289749657406527
531979,465836,000000465836.jpg,FRONT,3,17,6431.0,185.9,-1,aic_coco_self,rtmdet_ins_tiny,rtmdet_ins_tiny,4,0.9121,0.0103,0.9685,2,0.002397982514716056,0.002397982514716056,0.0,16,0,-0.005601944819662363,12,-1,0.8777769137831295
533524,100238,000000100238.jpg,FRONT,3,11,25486.3,263.8,-1,body7_official,gt_box,gt_box,,,1.0,1.0,0,0.9889189722721269,0.9889189722721269,1.0,11,0,-0.3712988592282727,4,-1,0.7579594105482101
533524,100238,000000100238.jpg,FRONT,3,11,25486.3,263.8,-1,body7_official,rtmdet_ins_tiny,rtmdet_ins_tiny,15,0.8711,0.9643,0.9643,0,0.9885577330599605,0.9885577330599605,1.0,11,0,-0.3707137652110769,4,-1,0.7545241047354305
533524,100238,000000100238.jpg,FRONT,3,11,25486.3,263.8,-1,body7_self,gt_box,gt_box,,,1.0,1.0,0,0.9889189722721269,0.9889189722721269,1.0,11,0,-0.3712988592282727,4,-1,0.7579594464863048
533524,100238,000000100238.jpg,FRONT,3,11,25486.3,263.8,-1,body7_self,rtmdet_ins_tiny,rtmdet_ins_tiny,15,0.8711,0.9643,0.9643,0,0.9885577330599605,0.9885577330599605,1.0,11,0,-0.3707137652110769,4,-1,0.7545240477604025
533524,100238,000000100238.jpg,FRONT,3,11,25486.3,263.8,-1,aic_coco_self,gt_box,gt_box,,,1.0,1.0,0,0.9904366973806664,0.9904366973806664,1.0,11,0,-0.3753455782997515,4,-1,0.7182517376016168
533524,100238,000000100238.jpg,FRONT,3,11,25486.3,263.8,-1,aic_coco_self,rtmdet_ins_tiny,rtmdet_ins_tiny,15,0.8711,0.9643,0.9643,0,0.9909194642682785,0.9909194642682785,1.0,11,0,-0.375629527547105,4,-1,0.7157958903733421
535085,218997,000000218997.jpg,FRONT,3,14,7652.6,128.6,-1,body7_official,gt_box,gt_box,,,1.0,1.0,0,0.9672066879765212,0.9672066879765212,1.0,14,0,-0.2564020160851052,6,-1,0.7777302756029016
535085,218997,000000218997.jpg,FRONT,3,14,7652.6,128.6,-1,body7_official,rtmdet_ins_tiny,rtmdet_ins_tiny,30,0.8089,0.8811,0.8811,0,0.9657991848253635,0.9657991848253635,1.0,14,0,-0.25667898009709433,6,-1,0.8034883632379419
535085,218997,000000218997.jpg,FRONT,3,14,7652.6,128.6,-1,body7_self,gt_box,gt_box,,,1.0,1.0,0,0.9672066879765212,0.9672066879765212,1.0,14,0,-0.2564020160851052,6,-1,0.7777304140960469
535085,218997,000000218997.jpg,FRONT,3,14,7652.6,128.6,-1,body7_self,rtmdet_ins_tiny,rtmdet_ins_tiny,30,0.8089,0.8811,0.8811,0,0.9657991848253635,0.9657991848253635,1.0,14,0,-0.25667898009709433,6,-1,0.8034882300040301
535085,218997,000000218997.jpg,FRONT,3,14,7652.6,128.6,-1,aic_coco_self,gt_box,gt_box,,,1.0,1.0,0,0.9723344553582274,0.9723344553582274,1.0,14,0,-0.24949766846463856,6,-1,0.7944539610077354
535085,218997,000000218997.jpg,FRONT,3,14,7652.6,128.6,-1,aic_coco_self,rtmdet_ins_tiny,rtmdet_ins_tiny,30,0.8089,0.8811,0.8811,0,0.9671335550058944,0.9671335550058944,1.0,14,0,-0.25145176693424265,6,-1,0.8292409882825964
536670,282037,000000282037.jpg,FRONT,3,17,3003.7,125.7,-1,body7_official,gt_box,gt_box,,,1.0,1.0,0,0.9766353834656265,0.9766353834656265,1.0,16,0,-0.24230339550459917,10,-1,0.9082088821074542
536670,282037,000000282037.jpg,FRONT,3,17,3003.7,125.7,-1,body7_official,rtmdet_ins_tiny,rtmdet_ins_tiny,27,0.9099,0.9221,0.9221,0,0.9785583112012177,0.9785583112012177,1.0,16,0,-0.25151909967760017,10,-1,0.9086151613908655
536670,282037,000000282037.jpg,FRONT,3,17,3003.7,125.7,-1,body7_self,gt_box,gt_box,,,1.0,1.0,0,0.9766353834656265,0.9766353834656265,1.0,16,0,-0.24230339550459917,10,-1,0.9082088856136098
536670,282037,000000282037.jpg,FRONT,3,17,3003.7,125.7,-1,body7_self,rtmdet_ins_tiny,rtmdet_ins_tiny,27,0.9099,0.9221,0.9221,0,0.9785583112012177,0.9785583112012177,1.0,16,0,-0.25151909967760017,10,-1,0.9086151052923763
536670,282037,000000282037.jpg,FRONT,3,17,3003.7,125.7,-1,aic_coco_self,gt_box,gt_box,,,1.0,1.0,0,0.9790423846792332,0.9790423846792332,1.0,16,0,-0.2467666329469763,10,-1,0.9172904842040118
536670,282037,000000282037.jpg,FRONT,3,17,3003.7,125.7,-1,aic_coco_self,rtmdet_ins_tiny,rtmdet_ins_tiny,27,0.9099,0.9221,0.9221,0,0.9817620009770002,0.9817620009770002,1.0,16,0,-0.24883045357188388,10,-1,0.9298135007128996
538927,572900,000000572900.jpg,FRONT,3,16,3444.2,135.7,-1,body7_official,gt_box,gt_box,,,1.0,1.0,0,0.9766501002938557,0.9766501002938557,1.0,16,0,-0.3433890311430122,12,-1,0.8585738504634184
538927,572900,000000572900.jpg,FRONT,3,16,3444.2,135.7,-1,body7_official,rtmdet_ins_tiny,rtmdet_ins_tiny,7,0.9076,0.9236,0.9236,0,0.9752531730890113,0.9752531730890113,1.0,16,0,-0.3431088960374597,12,-1,0.8841864045928506
538927,572900,000000572900.jpg,FRONT,3,16,3444.2,135.7,-1,body7_self,gt_box,gt_box,,,1.0,1.0,0,0.9766501002938557,0.9766501002938557,1.0,16,0,-0.3433890311430122,12,-1,0.8585738855249742
538927,572900,000000572900.jpg,FRONT,3,16,3444.2,135.7,-1,body7_self,rtmdet_ins_tiny,rtmdet_ins_tiny,7,0.9076,0.9236,0.9236,0,0.9752531730890113,0.9752531730890113,1.0,16,0,-0.3431088960374597,12,-1,0.8841864501728731
538927,572900,000000572900.jpg,FRONT,3,16,3444.2,135.7,-1,aic_coco_self,gt_box,gt_box,,,1.0,1.0,0,0.9814959450818161,0.9814959450818161,1.0,16,0,-0.34297699289674277,12,-1,0.8650153594858506
538927,572900,000000572900.jpg,FRONT,3,16,3444.2,135.7,-1,aic_coco_self,rtmdet_ins_tiny,rtmdet_ins_tiny,7,0.9076,0.9236,0.9236,0,0.9787468285673874,0.9787468285673874,1.0,16,0,-0.3461536839532869,12,-1,0.8791324250838336
541133,119088,000000119088.jpg,FRONT,3,16,3062.6,121.3,-1,body7_official,gt_box,gt_box,,,1.0,1.0,0,0.9702835135120911,0.9702835135120911,1.0,15,0,-0.37175336433191486,10,-1,0.7784734087831834
541133,119088,000000119088.jpg,FRONT,3,16,3062.6,121.3,-1,body7_official,rtmdet_ins_tiny,rtmdet_ins_tiny,9,0.8496,0.9153,0.9153,0,0.9577273570790921,0.9577273570790921,1.0,15,0,-0.36807974990602177,10,-1,0.800655557828791
541133,119088,000000119088.jpg,FRONT,3,16,3062.6,121.3,-1,body7_self,gt_box,gt_box,,,1.0,1.0,0,0.9702835135120911,0.9702835135120911,1.0,15,0,-0.37175336433191486,10,-1,0.778473370215472
541133,119088,000000119088.jpg,FRONT,3,16,3062.6,121.3,-1,body7_self,rtmdet_ins_tiny,rtmdet_ins_tiny,9,0.8496,0.9153,0.9153,0,0.9577273570790921,0.9577273570790921,1.0,15,0,-0.36807974990602177,10,-1,0.8006555543226355
541133,119088,000000119088.jpg,FRONT,3,16,3062.6,121.3,-1,aic_coco_self,gt_box,gt_box,,,1.0,1.0,0,0.9566341069731717,0.9566341069731717,1.0,15,0,-0.3615432477277895,10,-1,0.77410208828309
541133,119088,000000119088.jpg,FRONT,3,16,3062.6,121.3,-1,aic_coco_self,rtmdet_ins_tiny,rtmdet_ins_tiny,9,0.8496,0.9153,0.9153,0,0.9576399287336523,0.9576399287336523,1.0,15,0,-0.3629301656441478,10,-1,0.7965880141538733
541988,334719,000000334719.jpg,OBLIQUE,2,15,2548.3,111.9,-1,body7_official,gt_box,gt_box,,,1.0,1.0,0,0.9402014897151718,0.9402014897151718,1.0,14,0,-0.16440302688745995,10,-1,0.7661238593213698
541988,334719,000000334719.jpg,OBLIQUE,2,15,2548.3,111.9,-1,body7_official,rtmdet_ins_tiny,rtmdet_ins_tiny,30,0.7835,0.9092,0.9092,0,0.9222518170182444,0.9222518170182444,1.0,14,0,-0.1669747115150747,10,-1,0.7864423499387854
541988,334719,000000334719.jpg,OBLIQUE,2,15,2548.3,111.9,-1,body7_self,gt_box,gt_box,,,1.0,1.0,0,0.9402014897151718,0.9402014897151718,1.0,14,0,-0.16440302688745995,10,-1,0.7661238032228807
541988,334719,000000334719.jpg,OBLIQUE,2,15,2548.3,111.9,-1,body7_self,rtmdet_ins_tiny,rtmdet_ins_tiny,30,0.7835,0.9092,0.9092,0,0.9222518170182444,0.9222518170182444,1.0,14,0,-0.1669747115150747,10,-1,0.786442335914163
541988,334719,000000334719.jpg,OBLIQUE,2,15,2548.3,111.9,-1,aic_coco_self,gt_box,gt_box,,,1.0,1.0,0,0.9694644105037049,0.9694644105037049,1.0,14,0,-0.1601142151554791,10,-1,0.7449207726646873
541988,334719,000000334719.jpg,OBLIQUE,2,15,2548.3,111.9,-1,aic_coco_self,rtmdet_ins_tiny,rtmdet_ins_tiny,30,0.7835,0.9092,0.9092,0,0.9534221531648294,0.9534221531648294,1.0,14,0,-0.15973500005191382,10,-1,0.7818020617260653
544087,42628,000000042628.jpg,REAR,0,14,2195.0,100.1,1,body7_official,gt_box,gt_box,,,1.0,1.0,0,0.9287245935263242,0.9287245935263242,1.0,10,0,-0.15591863894550334,10,-1,0.6185214203946731
544087,42628,000000042628.jpg,REAR,0,14,2195.0,100.1,1,body7_official,rtmdet_ins_tiny,rtmdet_ins_tiny,16,0.5694,0.7515,0.7515,0,0.8946498507997163,0.8946498507997163,0.9,10,0,-0.14646970845172805,10,-1,0.5605470923816457
544087,42628,000000042628.jpg,REAR,0,14,2195.0,100.1,1,body7_self,gt_box,gt_box,,,1.0,1.0,0,0.9287245935263242,0.9287245935263242,1.0,10,0,-0.15591863894550334,10,-1,0.6185213502715615
544087,42628,000000042628.jpg,REAR,0,14,2195.0,100.1,1,body7_self,rtmdet_ins_tiny,rtmdet_ins_tiny,16,0.5694,0.7515,0.7515,0,0.8946498507997163,0.8946498507997163,0.9,10,0,-0.14646970845172805,10,-1,0.5605473080102135
544087,42628,000000042628.jpg,REAR,0,14,2195.0,100.1,1,aic_coco_self,gt_box,gt_box,,,1.0,1.0,0,0.9282274966226405,0.9282274966226405,1.0,10,0,-0.15672176675588034,10,1,0.6846616162973291
544087,42628,000000042628.jpg,REAR,0,14,2195.0,100.1,1,aic_coco_self,rtmdet_ins_tiny,rtmdet_ins_tiny,16,0.5694,0.7515,0.7515,0,0.9090434319953014,0.9090434319953014,1.0,10,0,-0.15231773871510818,10,-1,0.6562098229632658
544290,123633,000000123633.jpg,REAR,0,11,23647.6,283.2,1,body7_official,gt_box,gt_box,,,1.0,1.0,0,0.97113035565574,0.97113035565574,1.0,10,0,-0.49845784565001705,8,1,0.6922910493962905
544290,123633,000000123633.jpg,REAR,0,11,23647.6,283.2,1,body7_official,rtmdet_ins_tiny,rtmdet_ins_tiny,14,0.7980,0.9382,0.9382,0,0.9673357633391666,0.9673357633391666,1.0,10,0,-0.5012761235914286,8,1,0.7044909701627844
544290,123633,000000123633.jpg,REAR,0,11,23647.6,283.2,1,body7_self,gt_box,gt_box,,,1.0,1.0,0,0.97113035565574,0.97113035565574,1.0,10,0,-0.49845784565001705,8,1,0.6922910721863017
544290,123633,000000123633.jpg,REAR,0,11,23647.6,283.2,1,body7_self,rtmdet_ins_tiny,rtmdet_ins_tiny,14,0.7980,0.9382,0.9382,0,0.9673357633391666,0.9673357633391666,1.0,10,0,-0.5012761235914286,8,1,0.7044909947058734
544290,123633,000000123633.jpg,REAR,0,11,23647.6,283.2,1,aic_coco_self,gt_box,gt_box,,,1.0,1.0,0,0.9693975481992269,0.9693975481992269,1.0,10,0,-0.49752974998160804,8,1,0.7506042753948885
544290,123633,000000123633.jpg,REAR,0,11,23647.6,283.2,1,aic_coco_self,rtmdet_ins_tiny,rtmdet_ins_tiny,14,0.7980,0.9382,0.9382,0,0.9731957494627521,0.9731957494627521,1.0,10,0,-0.4961672596166675,8,1,0.7731681851779714
546413,468965,000000468965.jpg,FRONT,3,16,2860.7,124.4,-1,body7_official,gt_box,gt_box,,,1.0,1.0,0,0.9648749374209256,0.9648749374209256,1.0,15,0,-0.2728872427341279,10,-1,0.8135851095704472
546413,468965,000000468965.jpg,FRONT,3,16,2860.7,124.4,-1,body7_official,rtmdet_ins_tiny,rtmdet_ins_tiny,31,0.7653,0.9431,0.9431,0,0.9633915892108936,0.9633915892108936,1.0,15,0,-0.27671576548203475,10,-1,0.8217804992900175
546413,468965,000000468965.jpg,FRONT,3,16,2860.7,124.4,-1,body7_self,gt_box,gt_box,,,1.0,1.0,0,0.9648749374209256,0.9648749374209256,1.0,15,0,-0.2728872427341279,10,-1,0.8135850885335136
546413,468965,000000468965.jpg,FRONT,3,16,2860.7,124.4,-1,body7_self,rtmdet_ins_tiny,rtmdet_ins_tiny,31,0.7653,0.9431,0.9431,0,0.9633915892108936,0.9633915892108936,1.0,15,0,-0.27671576548203475,10,-1,0.8217804502038395
546413,468965,000000468965.jpg,FRONT,3,16,2860.7,124.4,-1,aic_coco_self,gt_box,gt_box,,,1.0,1.0,0,0.9682136977294367,0.9682136977294367,1.0,15,0,-0.2695477197398625,10,-1,0.7899657382684595
546413,468965,000000468965.jpg,FRONT,3,16,2860.7,124.4,-1,aic_coco_self,rtmdet_ins_tiny,rtmdet_ins_tiny,31,0.7653,0.9431,0.9431,0,0.9669146066926577,0.9669146066926577,1.0,15,0,-0.2690893575320953,10,-1,0.7889514670652502
548361,574823,000000574823.jpg,FRONT,3,14,3025.8,119.3,-1,body7_official,gt_box,gt_box,,,1.0,1.0,0,0.9221600839032724,0.9221600839032724,1.0,13,0,-0.18848561988406135,8,-1,0.6116519097019645
548361,574823,000000574823.jpg,FRONT,3,14,3025.8,119.3,-1,body7_official,rtmdet_ins_tiny,rtmdet_ins_tiny,56,0.6441,0.1234,0.8715,1,0.07795331734358824,0.013720846827735696,0.0,13,1,0.006728850743253356,8,1,0.6877213155522066
548361,574823,000000574823.jpg,FRONT,3,14,3025.8,119.3,-1,body7_self,gt_box,gt_box,,,1.0,1.0,0,0.9221600839032724,0.9221600839032724,1.0,13,0,-0.18848561988406135,8,-1,0.6116513627416947
548361,574823,000000574823.jpg,FRONT,3,14,3025.8,119.3,-1,body7_self,rtmdet_ins_tiny,rtmdet_ins_tiny,56,0.6441,0.1234,0.8715,1,0.07795331734358824,0.013720846827735696,0.0,13,1,0.006728850743253356,8,1,0.6877212594537174
548361,574823,000000574823.jpg,FRONT,3,14,3025.8,119.3,-1,aic_coco_self,gt_box,gt_box,,,1.0,1.0,0,0.9451283450970498,0.9451283450970498,1.0,13,0,-0.18825562547088082,8,-1,0.6710834678481606
548361,574823,000000574823.jpg,FRONT,3,14,3025.8,119.3,-1,aic_coco_self,rtmdet_ins_tiny,rtmdet_ins_tiny,56,0.6441,0.1234,0.8715,1,0.08440294142653298,0.014316007671816752,0.0,13,1,0.005850286159377327,8,1,0.7314836908789242
549911,414673,000000414673.jpg,OBLIQUE,2,14,2609.4,125.1,-1,body7_official,gt_box,gt_box,,,1.0,1.0,0,0.9109224959446993,0.9109224959446993,1.0,13,0,-0.19443189530465574,8,-1,0.7272602810579187
549911,414673,000000414673.jpg,OBLIQUE,2,14,2609.4,125.1,-1,body7_official,rtmdet_ins_tiny,rtmdet_ins_tiny,46,0.8047,0.9172,0.9172,0,0.9159274649363992,0.9159274649363992,1.0,13,0,-0.19222931781328836,8,-1,0.7346127208541421
549911,414673,000000414673.jpg,OBLIQUE,2,14,2609.4,125.1,-1,body7_self,gt_box,gt_box,,,1.0,1.0,0,0.9109224959446993,0.9109224959446993,1.0,13,0,-0.19443189530465574,8,-1,0.7272602915763855
549911,414673,000000414673.jpg,OBLIQUE,2,14,2609.4,125.1,-1,body7_self,rtmdet_ins_tiny,rtmdet_ins_tiny,46,0.8047,0.9172,0.9172,0,0.9159274649363992,0.9159274649363992,1.0,13,0,-0.19222931781328836,8,-1,0.7346127594218534
549911,414673,000000414673.jpg,OBLIQUE,2,14,2609.4,125.1,-1,aic_coco_self,gt_box,gt_box,,,1.0,1.0,0,0.9248199026038011,0.9248199026038011,1.0,13,0,-0.20795613991022183,8,-1,0.7655678531702828
549911,414673,000000414673.jpg,OBLIQUE,2,14,2609.4,125.1,-1,aic_coco_self,rtmdet_ins_tiny,rtmdet_ins_tiny,46,0.8047,0.9172,0.9172,0,0.9219249041554285,0.9219249041554285,1.0,13,0,-0.2067082353787485,8,-1,0.7716845203848446
556314,456303,000000456303.jpg,REAR,0,12,12930.5,181.8,-1,body7_official,gt_box,gt_box,,,1.0,1.0,0,0.6650272209685886,0.6650272209685886,0.7272727272727273,11,0,-0.3941637376702339,10,-1,0.40830759791766896
556314,456303,000000456303.jpg,REAR,0,12,12930.5,181.8,-1,body7_official,rtmdet_ins_tiny,rtmdet_ins_tiny,5,0.2318,0.2128,0.7119,2,0.1958958676498415,0.27446516218863387,0.2727272727272727,11,1,0.033800917207364445,10,1,0.25931425304973826
556314,456303,000000456303.jpg,REAR,0,12,12930.5,181.8,-1,body7_self,gt_box,gt_box,,,1.0,1.0,0,0.6650272209685886,0.6650272209685886,0.7272727272727273,11,0,-0.3941637376702339,10,-1,0.40830783984240365
556314,456303,000000456303.jpg,REAR,0,12,12930.5,181.8,-1,body7_self,rtmdet_ins_tiny,rtmdet_ins_tiny,5,0.2318,0.2128,0.7119,2,0.1958958676498415,0.27446516218863387,0.2727272727272727,11,1,0.033800917207364445,10,1,0.2593144888387007
556314,456303,000000456303.jpg,REAR,0,12,12930.5,181.8,-1,aic_coco_self,gt_box,gt_box,,,1.0,1.0,0,0.6874117342729257,0.6874117342729257,0.7272727272727273,11,0,-0.29350395582835653,10,-1,0.43881699881132913
556314,456303,000000456303.jpg,REAR,0,12,12930.5,181.8,-1,aic_coco_self,rtmdet_ins_tiny,rtmdet_ins_tiny,5,0.2318,0.2128,0.7119,2,0.07035508753207383,0.112224096421286,0.09090909090909091,11,1,0.05100439701840975,10,1,0.18363310856854215
558949,269316,000000269316.jpg,OBLIQUE,2,13,16955.2,269.3,-1,body7_official,gt_box,gt_box,,,1.0,1.0,0,0.9633108790363093,0.9633108790363093,1.0,13,0,-0.5247480072556983,8,-1,0.8089867269291597
558949,269316,000000269316.jpg,OBLIQUE,2,13,16955.2,269.3,-1,body7_official,rtmdet_ins_tiny,rtmdet_ins_tiny,13,0.9191,0.9290,0.9290,0,0.9704221878973852,0.9704221878973852,1.0,13,0,-0.5241545613587109,8,-1,0.828749278012444
558949,269316,000000269316.jpg,OBLIQUE,2,13,16955.2,269.3,-1,body7_self,gt_box,gt_box,,,1.0,1.0,0,0.9633108790363093,0.9633108790363093,1.0,13,0,-0.5247480072556983,8,-1,0.8089867549784043
558949,269316,000000269316.jpg,OBLIQUE,2,13,16955.2,269.3,-1,body7_self,rtmdet_ins_tiny,rtmdet_ins_tiny,13,0.9191,0.9290,0.9290,0,0.9704221878973852,0.9704221878973852,1.0,13,0,-0.5241545613587109,8,-1,0.8287492429508883
558949,269316,000000269316.jpg,OBLIQUE,2,13,16955.2,269.3,-1,aic_coco_self,gt_box,gt_box,,,1.0,1.0,0,0.9652542361462222,0.9652542361462222,1.0,13,0,-0.5258508357304893,8,-1,0.8254651655169094
558949,269316,000000269316.jpg,OBLIQUE,2,13,16955.2,269.3,-1,aic_coco_self,rtmdet_ins_tiny,rtmdet_ins_tiny,13,0.9191,0.9290,0.9290,0,0.9653204036408854,0.9653204036408854,1.0,13,0,-0.5245088670336657,8,-1,0.8311088576036341
561382,269316,000000269316.jpg,REAR,0,14,16537.7,270.6,1,body7_official,gt_box,gt_box,,,1.0,1.0,0,0.9710580932065126,0.9710580932065126,1.0,14,0,-0.27793699904916574,12,1,0.7922784651027006
561382,269316,000000269316.jpg,REAR,0,14,16537.7,270.6,1,body7_official,rtmdet_ins_tiny,rtmdet_ins_tiny,6,0.9321,0.9629,0.9629,0,0.9628836358331192,0.9628836358331192,1.0,14,0,-0.2717769681239332,12,1,0.7881562359192792
561382,269316,000000269316.jpg,REAR,0,14,16537.7,270.6,1,body7_self,gt_box,gt_box,,,1.0,1.0,0,0.9710580932065126,0.9710580932065126,1.0,14,0,-0.27793699904916574,12,1,0.7922785632750567
561382,269316,000000269316.jpg,REAR,0,14,16537.7,270.6,1,body7_self,rtmdet_ins_tiny,rtmdet_ins_tiny,6,0.9321,0.9629,0.9629,0,0.9628836358331192,0.9628836358331192,1.0,14,0,-0.2717769681239332,12,1,0.788156221894657
561382,269316,000000269316.jpg,REAR,0,14,16537.7,270.6,1,aic_coco_self,gt_box,gt_box,,,1.0,1.0,0,0.9745237780078383,0.9745237780078383,1.0,14,0,-0.28980950503802816,12,1,0.7875489697736853
561382,269316,000000269316.jpg,REAR,0,14,16537.7,270.6,1,aic_coco_self,rtmdet_ins_tiny,rtmdet_ins_tiny,6,0.9321,0.9629,0.9629,0,0.9778689707078877,0.9778689707078877,1.0,14,0,-0.2883785735527073,12,1,0.7874165773391724
563019,531134,000000531134.jpg,REAR,0,10,3219.1,122.1,1,body7_official,gt_box,gt_box,,,1.0,1.0,0,0.858356739625003,0.858356739625003,1.0,9,0,-0.168405490667551,8,1,0.5274782759301803
563019,531134,000000531134.jpg,REAR,0,10,3219.1,122.1,1,body7_official,rtmdet_ins_tiny,rtmdet_ins_tiny,58,0.7256,0.8205,0.8205,0,0.8429962682550258,0.8429962682550258,1.0,9,0,-0.15278500367806658,8,1,0.5078762015875649
563019,531134,000000531134.jpg,REAR,0,10,3219.1,122.1,1,body7_self,gt_box,gt_box,,,1.0,1.0,0,0.858356739625003,0.858356739625003,1.0,9,0,-0.168405490667551,8,1,0.5274783793617698
563019,531134,000000531134.jpg,REAR,0,10,3219.1,122.1,1,body7_self,rtmdet_ins_tiny,rtmdet_ins_tiny,58,0.7256,0.8205,0.8205,0,0.8429962682550258,0.8429962682550258,1.0,9,0,-0.15278500367806658,8,1,0.5078762261306539
563019,531134,000000531134.jpg,REAR,0,10,3219.1,122.1,1,aic_coco_self,gt_box,gt_box,,,1.0,1.0,0,0.9003744783554358,0.9003744783554358,1.0,9,0,-0.1742391669876766,8,1,0.5964135369833778
563019,531134,000000531134.jpg,REAR,0,10,3219.1,122.1,1,aic_coco_self,rtmdet_ins_tiny,rtmdet_ins_tiny,58,0.7256,0.8205,0.8205,0,0.8808589136662928,0.8808589136662928,1.0,9,0,-0.1690182049161833,8,1,0.5980461695614983
567373,129062,000000129062.jpg,REAR,0,8,6451.0,131.6,-1,body7_official,gt_box,gt_box,,,1.0,1.0,0,0.3606214965889466,0.3606214965889466,0.25,8,0,-0.00933615395284304,6,1,0.27148551537710075
567373,129062,000000129062.jpg,REAR,0,8,6451.0,131.6,-1,body7_official,rtmdet_ins_tiny,rtmdet_ins_tiny,18,0.2050,0.5356,0.5485,2,0.39440893060156085,0.39440893060156085,0.25,8,0,-0.025372902732559044,6,1,0.2166459832121344
567373,129062,000000129062.jpg,REAR,0,8,6451.0,131.6,-1,body7_self,gt_box,gt_box,,,1.0,1.0,0,0.3606214965889466,0.3606214965889466,0.25,8,0,-0.00933615395284304,6,1,0.27148553115480084
567373,129062,000000129062.jpg,REAR,0,8,6451.0,131.6,-1,body7_self,rtmdet_ins_tiny,rtmdet_ins_tiny,18,0.2050,0.5356,0.5485,2,0.39440893060156085,0.39440893060156085,0.25,8,0,-0.025372902732559044,6,1,0.2166460822610294
567373,129062,000000129062.jpg,REAR,0,8,6451.0,131.6,-1,aic_coco_self,gt_box,gt_box,,,1.0,1.0,0,0.3088233311794155,0.4334235282199529,0.375,8,1,0.16893285963090665,6,1,0.24957024525193608
567373,129062,000000129062.jpg,REAR,0,8,6451.0,131.6,-1,aic_coco_self,rtmdet_ins_tiny,rtmdet_ins_tiny,18,0.2050,0.5356,0.5485,2,0.4567382614479142,0.34779929606614063,0.25,8,1,0.03388886079018727,6,-1,0.25767139038618875
1201758,568439,000000568439.jpg,FRONT,3,16,9113.0,195.8,-1,body7_official,gt_box,gt_box,,,1.0,1.0,0,0.9829454196647368,0.9829454196647368,1.0,16,0,-0.35235219019438424,12,-1,0.9045543249915627
1201758,568439,000000568439.jpg,FRONT,3,16,9113.0,195.8,-1,body7_official,rtmdet_ins_tiny,rtmdet_ins_tiny,48,0.9308,0.9529,0.9529,0,0.9819643311007902,0.9819643311007902,1.0,16,0,-0.3520642337656715,12,-1,0.9161803056212032
1201758,568439,000000568439.jpg,FRONT,3,16,9113.0,195.8,-1,body7_self,gt_box,gt_box,,,1.0,1.0,0,0.9829454196647368,0.9829454196647368,1.0,16,0,-0.35235219019438424,12,-1,0.9045543635592741
1201758,568439,000000568439.jpg,FRONT,3,16,9113.0,195.8,-1,body7_self,rtmdet_ins_tiny,rtmdet_ins_tiny,48,0.9308,0.9529,0.9529,0,0.9819643311007902,0.9819643311007902,1.0,16,0,-0.3520642337656715,12,-1,0.9161802565350252
1201758,568439,000000568439.jpg,FRONT,3,16,9113.0,195.8,-1,aic_coco_self,gt_box,gt_box,,,1.0,1.0,0,0.9850388136379569,0.9850388136379569,1.0,16,0,-0.34892570515001575,12,-1,0.904991511036368
1201758,568439,000000568439.jpg,FRONT,3,16,9113.0,195.8,-1,aic_coco_self,rtmdet_ins_tiny,rtmdet_ins_tiny,48,0.9308,0.9529,0.9529,0,0.986215590770678,0.986215590770678,1.0,16,0,-0.35015921486934576,12,-1,0.9068143683321336
1203490,76468,000000076468.jpg,OBLIQUE,2,15,5899.0,171.6,1,body7_official,gt_box,gt_box,,,1.0,1.0,0,0.9419277551121944,0.9419277551121944,1.0,15,0,-0.23965292831687443,12,1,0.7600815050742206
1203490,76468,000000076468.jpg,OBLIQUE,2,15,5899.0,171.6,1,body7_official,rtmdet_ins_tiny,rtmdet_ins_tiny,28,0.8794,0.9627,0.9627,0,0.9416677434658761,0.9416677434658761,1.0,15,0,-0.23392099211076192,12,1,0.7472137388061074
1203490,76468,000000076468.jpg,OBLIQUE,2,15,5899.0,171.6,1,body7_self,gt_box,gt_box,,,1.0,1.0,0,0.9419277551121944,0.9419277551121944,1.0,15,0,-0.23965292831687443,12,1,0.7600814980619094
1203490,76468,000000076468.jpg,OBLIQUE,2,15,5899.0,171.6,1,body7_self,rtmdet_ins_tiny,rtmdet_ins_tiny,28,0.8794,0.9627,0.9627,0,0.9416677434658761,0.9416677434658761,1.0,15,0,-0.23392099211076192,12,1,0.7472138054230634
1203490,76468,000000076468.jpg,OBLIQUE,2,15,5899.0,171.6,1,aic_coco_self,gt_box,gt_box,,,1.0,1.0,0,0.9279739056297692,0.9279739056297692,1.0,15,0,-0.2372555865735821,12,1,0.7109741673750036
1203490,76468,000000076468.jpg,OBLIQUE,2,15,5899.0,171.6,1,aic_coco_self,rtmdet_ins_tiny,rtmdet_ins_tiny,28,0.8794,0.9627,0.9627,0,0.9338525611414826,0.9338525611414826,1.0,15,0,-0.23417621203557354,12,1,0.7074093117433435
1205525,449432,000000449432.jpg,REAR,0,14,4644.5,133.0,1,body7_official,gt_box,gt_box,,,1.0,1.0,0,0.9542115594070416,0.9542115594070416,1.0,12,0,-0.42851043445813,12,1,0.8078817339504466
1205525,449432,000000449432.jpg,REAR,0,14,4644.5,133.0,1,body7_official,rtmdet_ins_tiny,rtmdet_ins_tiny,31,0.8737,0.9001,0.9001,0,0.9546350893311758,0.9546350893311758,1.0,12,0,-0.42852474602568325,12,1,0.8383454855750588
1205525,449432,000000449432.jpg,REAR,0,14,4644.5,133.0,1,body7_self,gt_box,gt_box,,,1.0,1.0,0,0.9542115594070416,0.9542115594070416,1.0,12,0,-0.42851043445813,12,1,0.8078816778519574
1205525,449432,000000449432.jpg,REAR,0,14,4644.5,133.0,1,body7_self,rtmdet_ins_tiny,rtmdet_ins_tiny,31,0.8737,0.9001,0.9001,0,0.9546350893311758,0.9546350893311758,1.0,12,0,-0.42852474602568325,12,1,0.838345468044281
1205525,449432,000000449432.jpg,REAR,0,14,4644.5,133.0,1,aic_coco_self,gt_box,gt_box,,,1.0,1.0,0,0.9510346999077998,0.9510346999077998,1.0,12,0,-0.42566434077988935,12,1,0.8340105098836562
1205525,449432,000000449432.jpg,REAR,0,14,4644.5,133.0,1,aic_coco_self,rtmdet_ins_tiny,rtmdet_ins_tiny,31,0.8737,0.9001,0.9001,0,0.9538491718125709,0.9538491718125709,1.0,12,0,-0.4266642329872501,12,1,0.8383461552507737
1207410,200961,000000200961.jpg,REAR,0,12,7833.6,160.8,1,body7_official,gt_box,gt_box,,,1.0,1.0,0,0.8827786924818741,0.8827786924818741,0.9166666666666666,12,0,-0.4387937820948231,12,1,0.5211020339937771
1207410,200961,000000200961.jpg,REAR,0,12,7833.6,160.8,1,body7_official,rtmdet_ins_tiny,rtmdet_ins_tiny,27,0.7335,0.9201,0.9201,0,0.8762332583552456,0.8762332583552456,0.9166666666666666,12,0,-0.42989188926064115,12,1,0.5285080005140865
1207410,200961,000000200961.jpg,REAR,0,12,7833.6,160.8,1,body7_self,gt_box,gt_box,,,1.0,1.0,0,0.8827786924818741,0.8827786924818741,0.9166666666666666,12,0,-0.4387937820948231,12,1,0.5211018709575429
1207410,200961,000000200961.jpg,REAR,0,12,7833.6,160.8,1,body7_self,rtmdet_ins_tiny,rtmdet_ins_tiny,27,0.7335,0.9201,0.9201,0,0.8762332583552456,0.8762332583552456,0.9166666666666666,12,0,-0.42989188926064115,12,1,0.5285080390817979
1207410,200961,000000200961.jpg,REAR,0,12,7833.6,160.8,1,aic_coco_self,gt_box,gt_box,,,1.0,1.0,0,0.713470235447954,0.713470235447954,0.75,12,0,-0.3189050653128045,12,1,0.5305584371089935
1207410,200961,000000200961.jpg,REAR,0,12,7833.6,160.8,1,aic_coco_self,rtmdet_ins_tiny,rtmdet_ins_tiny,27,0.7335,0.9201,0.9201,0,0.8001080007473919,0.8001080007473919,0.8333333333333334,12,0,-0.3674020091892216,12,1,0.543177422355203
1208626,559348,000000559348.jpg,REAR,0,13,8893.3,190.6,1,body7_official,gt_box,gt_box,,,1.0,1.0,0,0.971940847481734,0.971940847481734,1.0,13,0,-0.5143819741811444,10,1,0.7728202413110172
1208626,559348,000000559348.jpg,REAR,0,13,8893.3,190.6,1,body7_official,rtmdet_ins_tiny,rtmdet_ins_tiny,15,0.9235,0.9615,0.9615,0,0.9739691490129695,0.9739691490129695,1.0,13,0,-0.5161114047964813,10,1,0.781972744885613
1208626,559348,000000559348.jpg,REAR,0,13,8893.3,190.6,1,body7_self,gt_box,gt_box,,,1.0,1.0,0,0.971940847481734,0.971940847481734,1.0,13,0,-0.5143819741811444,10,1,0.7728203605203068
1208626,559348,000000559348.jpg,REAR,0,13,8893.3,190.6,1,body7_self,rtmdet_ins_tiny,rtmdet_ins_tiny,15,0.9235,0.9615,0.9615,0,0.9739691490129695,0.9739691490129695,1.0,13,0,-0.5161114047964813,10,1,0.7819727624163908
1208626,559348,000000559348.jpg,REAR,0,13,8893.3,190.6,1,aic_coco_self,gt_box,gt_box,,,1.0,1.0,0,0.9753552765950502,0.9753552765950502,1.0,13,0,-0.5153682758192629,10,1,0.8146965258261737
1208626,559348,000000559348.jpg,REAR,0,13,8893.3,190.6,1,aic_coco_self,rtmdet_ins_tiny,rtmdet_ins_tiny,15,0.9235,0.9615,0.9615,0,0.9771926770755524,0.9771926770755524,1.0,13,0,-0.5196228778839549,10,1,0.827844970366534
1211032,410456,000000410456.jpg,FRONT,3,16,3680.8,114.1,-1,body7_official,gt_box,gt_box,,,1.0,1.0,0,0.9717822334031219,0.9717822334031219,1.0,15,0,-0.35861336928296983,10,-1,0.8261061731506797
1211032,410456,000000410456.jpg,FRONT,3,16,3680.8,114.1,-1,body7_official,rtmdet_ins_tiny,rtmdet_ins_tiny,15,0.8068,0.8187,0.8187,0,0.965193969807283,0.965193969807283,1.0,15,0,-0.3558066658630177,10,-1,0.879397476420683
1211032,410456,000000410456.jpg,FRONT,3,16,3680.8,114.1,-1,body7_self,gt_box,gt_box,,,1.0,1.0,0,0.9717822334031219,0.9717822334031219,1.0,15,0,-0.35861336928296983,10,-1,0.8261061626322129
1211032,410456,000000410456.jpg,FRONT,3,16,3680.8,114.1,-1,body7_self,rtmdet_ins_tiny,rtmdet_ins_tiny,15,0.8068,0.8187,0.8187,0,0.965193969807283,0.965193969807283,1.0,15,0,-0.3558066658630177,10,-1,0.8793974974576164
1211032,410456,000000410456.jpg,FRONT,3,16,3680.8,114.1,-1,aic_coco_self,gt_box,gt_box,,,1.0,1.0,0,0.9685097539450293,0.9685097539450293,1.0,15,0,-0.360327722058007,10,-1,0.8590694665908813
1211032,410456,000000410456.jpg,FRONT,3,16,3680.8,114.1,-1,aic_coco_self,rtmdet_ins_tiny,rtmdet_ins_tiny,15,0.8068,0.8187,0.8187,0,0.9665294975727717,0.9665294975727717,1.0,15,0,-0.3615164070574267,10,-1,0.8836449244443108
1212963,500257,000000500257.jpg,PROFILE,1,12,8783.0,193.3,1,body7_official,gt_box,gt_box,,,1.0,1.0,0,0.9849072224858016,0.9849072224858016,1.0,12,0,-0.3233570538768466,8,1,0.7958946350742789
1212963,500257,000000500257.jpg,PROFILE,1,12,8783.0,193.3,1,body7_official,rtmdet_ins_tiny,rtmdet_ins_tiny,19,0.9222,0.9612,0.9612,0,0.9842180379128215,0.9842180379128215,1.0,12,0,-0.32325021605505005,8,1,0.7993035632021287
1212963,500257,000000500257.jpg,PROFILE,1,12,8783.0,193.3,1,body7_self,gt_box,gt_box,,,1.0,1.0,0,0.9849072224858016,0.9849072224858016,1.0,12,0,-0.3233570538768466,8,1,0.795894650851979
1212963,500257,000000500257.jpg,PROFILE,1,12,8783.0,193.3,1,body7_self,rtmdet_ins_tiny,rtmdet_ins_tiny,19,0.9222,0.9612,0.9612,0,0.9842180379128215,0.9842180379128215,1.0,12,0,-0.32325021605505005,8,1,0.7993036263129291
1212963,500257,000000500257.jpg,PROFILE,1,12,8783.0,193.3,1,aic_coco_self,gt_box,gt_box,,,1.0,1.0,0,0.9852025213627972,0.9852025213627972,1.0,12,0,-0.3269188662780087,8,1,0.8166370514561149
1212963,500257,000000500257.jpg,PROFILE,1,12,8783.0,193.3,1,aic_coco_self,rtmdet_ins_tiny,rtmdet_ins_tiny,19,0.9222,0.9612,0.9612,0,0.9826910789510719,0.9826910789510719,1.0,12,0,-0.3282903585132021,8,1,0.8233934921376845
1215247,481390,000000481390.jpg,FRONT,3,15,4460.5,139.9,-1,body7_official,gt_box,gt_box,,,1.0,1.0,0,0.9224159238557164,0.9224159238557164,1.0,13,0,-0.742820742931045,8,-1,0.786008208990097
1215247,481390,000000481390.jpg,FRONT,3,15,4460.5,139.9,-1,body7_official,rtmdet_ins_tiny,rtmdet_ins_tiny,58,0.7580,0.9279,0.9279,0,0.9110652824514364,0.9110652824514364,1.0,13,0,-0.7416814362541199,8,-1,0.780471426599166
1215247,481390,000000481390.jpg,FRONT,3,15,4460.5,139.9,-1,body7_self,gt_box,gt_box,,,1.0,1.0,0,0.9224159238557164,0.9224159238557164,1.0,13,0,-0.742820742931045,8,-1,0.7860081195831299
1215247,481390,000000481390.jpg,FRONT,3,15,4460.5,139.9,-1,body7_self,rtmdet_ins_tiny,rtmdet_ins_tiny,58,0.7580,0.9279,0.9279,0,0.9110652824514364,0.9110652824514364,1.0,13,0,-0.7416814362541199,8,-1,0.7804714879568886
1215247,481390,000000481390.jpg,FRONT,3,15,4460.5,139.9,-1,aic_coco_self,gt_box,gt_box,,,1.0,1.0,0,0.9114041987495285,0.9114041987495285,1.0,13,0,-0.7345236976542815,8,-1,0.798255510189954
1215247,481390,000000481390.jpg,FRONT,3,15,4460.5,139.9,-1,aic_coco_self,rtmdet_ins_tiny,rtmdet_ins_tiny,58,0.7580,0.9279,0.9279,0,0.91736677153457,0.91736677153457,1.0,13,0,-0.731778216031104,8,-1,0.7906768111621633
1217950,361103,000000361103.jpg,REAR,0,13,3711.7,121.9,1,body7_official,gt_box,gt_box,,,1.0,1.0,0,0.9066434331342915,0.9066434331342915,0.9090909090909091,11,0,-0.514674256650885,8,1,0.674095819978153
1217950,361103,000000361103.jpg,REAR,0,13,3711.7,121.9,1,body7_official,rtmdet_ins_tiny,rtmdet_ins_tiny,10,0.8808,0.9676,0.9676,0,0.9059049160049635,0.9059049160049635,0.9090909090909091,11,0,-0.5140162506472821,8,1,0.6846763158545774
1217950,361103,000000361103.jpg,REAR,0,13,3711.7,121.9,1,body7_self,gt_box,gt_box,,,1.0,1.0,0,0.9066434331342915,0.9066434331342915,0.9090909090909091,11,0,-0.514674256650885,8,1,0.6740958129658419
1217950,361103,000000361103.jpg,REAR,0,13,3711.7,121.9,1,body7_self,rtmdet_ins_tiny,rtmdet_ins_tiny,10,0.8808,0.9676,0.9676,0,0.9059049160049635,0.9059049160049635,0.9090909090909091,11,0,-0.5140162506472821,8,1,0.6846764052615446
1217950,361103,000000361103.jpg,REAR,0,13,3711.7,121.9,1,aic_coco_self,gt_box,gt_box,,,1.0,1.0,0,0.9263654712784017,0.9263654712784017,0.9090909090909091,11,0,-0.5114911561299729,8,1,0.7071525138967177
1217950,361103,000000361103.jpg,REAR,0,13,3711.7,121.9,1,aic_coco_self,rtmdet_ins_tiny,rtmdet_ins_tiny,10,0.8808,0.9676,0.9676,0,0.920269640328942,0.920269640328942,0.9090909090909091,11,0,-0.5069868634891832,8,1,0.7088583146824556
1219507,188296,000000188296.jpg,FRONT,3,16,22112.7,302.3,-1,body7_official,gt_box,gt_box,,,1.0,1.0,0,0.9072838667621126,0.9072838667621126,1.0,16,0,-0.3249217837643286,12,-1,0.7524794059641221
1219507,188296,000000188296.jpg,FRONT,3,16,22112.7,302.3,-1,body7_official,rtmdet_ins_tiny,rtmdet_ins_tiny,27,0.8928,0.9013,0.9013,0,0.8903483252820151,0.8903483252820151,1.0,16,0,-0.3195993935186031,12,-1,0.7399748984505149
1219507,188296,000000188296.jpg,FRONT,3,16,22112.7,302.3,-1,body7_self,gt_box,gt_box,,,1.0,1.0,0,0.9072838667621126,0.9072838667621126,1.0,16,0,-0.3249217837643286,12,-1,0.7524793779148775
1219507,188296,000000188296.jpg,FRONT,3,16,22112.7,302.3,-1,body7_self,rtmdet_ins_tiny,rtmdet_ins_tiny,27,0.8928,0.9013,0.9013,0,0.8903483252820151,0.8903483252820151,1.0,16,0,-0.3195993935186031,12,-1,0.7399749159812927
1219507,188296,000000188296.jpg,FRONT,3,16,22112.7,302.3,-1,aic_coco_self,gt_box,gt_box,,,1.0,1.0,0,0.9387420073561838,0.9387420073561838,1.0,16,0,-0.3272939765514696,12,-1,0.7523001783034381
1219507,188296,000000188296.jpg,FRONT,3,16,22112.7,302.3,-1,aic_coco_self,rtmdet_ins_tiny,rtmdet_ins_tiny,27,0.8928,0.9013,0.9013,0,0.9030915059919062,0.9030915059919062,1.0,16,0,-0.32275265877667136,12,-1,0.764046756660237
1220947,279541,000000279541.jpg,REAR,0,8,7091.2,124.6,-1,body7_official,gt_box,gt_box,,,1.0,1.0,0,0.8096174526346811,0.8096174526346811,0.875,8,0,-0.1925364727899041,8,-1,0.4627820472506916
1220947,279541,000000279541.jpg,REAR,0,8,7091.2,124.6,-1,body7_official,rtmdet_ins_tiny,rtmdet_ins_tiny,9,0.3945,0.2311,0.7869,4,0.8354298106734674,0.8354298106734674,0.875,8,0,-0.22026521687876185,8,-1,0.31882572787649494
1220947,279541,000000279541.jpg,REAR,0,8,7091.2,124.6,-1,body7_self,gt_box,gt_box,,,1.0,1.0,0,0.8096174526346811,0.8096174526346811,0.875,8,0,-0.1925364727899041,8,-1,0.46278201481875253
1220947,279541,000000279541.jpg,REAR,0,8,7091.2,124.6,-1,body7_self,rtmdet_ins_tiny,rtmdet_ins_tiny,9,0.3945,0.2311,0.7869,4,0.8354298106734674,0.8354298106734674,0.875,8,0,-0.22026521687876185,8,-1,0.3188256437287611
1220947,279541,000000279541.jpg,REAR,0,8,7091.2,124.6,-1,aic_coco_self,gt_box,gt_box,,,1.0,1.0,0,0.8191593123602711,0.8191593123602711,0.875,8,0,-0.20341742408846528,8,-1,0.49243447184562683
1220947,279541,000000279541.jpg,REAR,0,8,7091.2,124.6,-1,aic_coco_self,rtmdet_ins_tiny,rtmdet_ins_tiny,9,0.3945,0.2311,0.7869,4,0.8696374966830692,0.8696374966830692,1.0,8,0,-0.23475321137813637,8,-1,0.3568701844881563
1223162,85682,000000085682.jpg,REAR,0,10,3147.5,107.5,1,body7_official,gt_box,gt_box,,,1.0,1.0,0,0.9468835782986902,0.9468835782986902,1.0,9,0,-0.2403879347458922,6,1,0.6504943493534537
1223162,85682,000000085682.jpg,REAR,0,10,3147.5,107.5,1,body7_official,rtmdet_ins_tiny,rtmdet_ins_tiny,35,0.5895,0.0000,0.8435,2,0.001092386802123293,0.001092386802123293,0.0,9,0,-0.0029113956154926957,6,1,0.6448729283669415
1223162,85682,000000085682.jpg,REAR,0,10,3147.5,107.5,1,body7_self,gt_box,gt_box,,,1.0,1.0,0,0.9468835782986902,0.9468835782986902,1.0,9,0,-0.2403879347458922,6,1,0.650494354612687
1223162,85682,000000085682.jpg,REAR,0,10,3147.5,107.5,1,body7_self,rtmdet_ins_tiny,rtmdet_ins_tiny,35,0.5895,0.0000,0.8435,2,0.001092386802123293,0.001092386802123293,0.0,9,0,-0.0029113956154926957,6,1,0.6448729704408085
1223162,85682,000000085682.jpg,REAR,0,10,3147.5,107.5,1,aic_coco_self,gt_box,gt_box,,,1.0,1.0,0,0.9576506405666374,0.9576506405666374,1.0,9,0,-0.24581671308769587,6,1,0.6992191251586465
1223162,85682,000000085682.jpg,REAR,0,10,3147.5,107.5,1,aic_coco_self,rtmdet_ins_tiny,rtmdet_ins_tiny,35,0.5895,0.0000,0.8435,2,0.0009000560689489163,0.0009000560689489163,0.0,9,0,-0.0029527131607347545,6,1,0.6046298111186308
1224190,133244,000000133244.jpg,OBLIQUE,2,15,9207.6,204.1,-1,body7_official,gt_box,gt_box,,,1.0,1.0,0,0.9695605221569166,0.9695605221569166,1.0,15,0,-0.5775558296993669,12,-1,0.8889509579714607
1224190,133244,000000133244.jpg,OBLIQUE,2,15,9207.6,204.1,-1,body7_official,rtmdet_ins_tiny,rtmdet_ins_tiny,7,0.9137,0.9641,0.9641,0,0.9627232295395028,0.9627232295395028,1.0,15,0,-0.5745878748265004,12,-1,0.876632455517264
1224190,133244,000000133244.jpg,OBLIQUE,2,15,9207.6,204.1,-1,body7_self,gt_box,gt_box,,,1.0,1.0,0,0.9695605221569166,0.9695605221569166,1.0,15,0,-0.5775558296993669,12,-1,0.8889509264160605
1224190,133244,000000133244.jpg,OBLIQUE,2,15,9207.6,204.1,-1,body7_self,rtmdet_ins_tiny,rtmdet_ins_tiny,7,0.9137,0.9641,0.9641,0,0.9627232295395028,0.9627232295395028,1.0,15,0,-0.5745878748265004,12,-1,0.876632455517264
1224190,133244,000000133244.jpg,OBLIQUE,2,15,9207.6,204.1,-1,aic_coco_self,gt_box,gt_box,,,1.0,1.0,0,0.9691231193392859,0.9691231193392859,1.0,15,0,-0.5779246892339432,12,-1,0.9184171697672676
1224190,133244,000000133244.jpg,OBLIQUE,2,15,9207.6,204.1,-1,aic_coco_self,rtmdet_ins_tiny,rtmdet_ins_tiny,7,0.9137,0.9641,0.9641,0,0.9723584360105667,0.9723584360105667,1.0,15,0,-0.5777172090971376,12,-1,0.9158056132933673
1225115,481390,000000481390.jpg,REAR,0,12,7278.4,169.9,1,body7_official,gt_box,gt_box,,,1.0,1.0,0,0.9426470281218126,0.9426470281218126,1.0,12,0,-0.3130682331755825,10,1,0.7450342371183283
1225115,481390,000000481390.jpg,REAR,0,12,7278.4,169.9,1,body7_official,rtmdet_ins_tiny,rtmdet_ins_tiny,5,0.7225,0.9308,0.9308,0,0.9406972424006702,0.9406972424006702,1.0,12,0,-0.31212581343766393,10,1,0.7497691792600295
1225115,481390,000000481390.jpg,REAR,0,12,7278.4,169.9,1,body7_self,gt_box,gt_box,,,1.0,1.0,0,0.9426470281218126,0.9426470281218126,1.0,12,0,-0.3130682331755825,10,1,0.7450342862045064
1225115,481390,000000481390.jpg,REAR,0,12,7278.4,169.9,1,body7_self,rtmdet_ins_tiny,rtmdet_ins_tiny,5,0.7225,0.9308,0.9308,0,0.9406972424006702,0.9406972424006702,1.0,12,0,-0.31212581343766393,10,1,0.7497692599016077
1225115,481390,000000481390.jpg,REAR,0,12,7278.4,169.9,1,aic_coco_self,gt_box,gt_box,,,1.0,1.0,0,0.9255480229877993,0.9255480229877993,1.0,12,0,-0.3097266776392894,10,1,0.8212221510270062
1225115,481390,000000481390.jpg,REAR,0,12,7278.4,169.9,1,aic_coco_self,rtmdet_ins_tiny,rtmdet_ins_tiny,5,0.7225,0.9308,0.9308,0,0.9263017879999719,0.9263017879999719,1.0,12,0,-0.3087226030600212,10,1,0.8240053969271043
1226213,559547,000000559547.jpg,FRONT,3,15,49651.5,489.9,-1,body7_official,gt_box,gt_box,,,1.0,1.0,0,0.9659327539382986,0.9659327539382986,1.0,15,0,-0.32988721728010856,10,-1,0.8053335477324093
1226213,559547,000000559547.jpg,FRONT,3,15,49651.5,489.9,-1,body7_official,rtmdet_ins_tiny,rtmdet_ins_tiny,26,0.7958,0.7775,0.7775,0,0.9623957198460705,0.9623957198460705,1.0,15,0,-0.3270185823734834,10,-1,0.7735206099117503
1226213,559547,000000559547.jpg,FRONT,3,15,49651.5,489.9,-1,body7_self,gt_box,gt_box,,,1.0,1.0,0,0.9659327539382986,0.9659327539382986,1.0,15,0,-0.32988721728010856,10,-1,0.805333533707787
1226213,559547,000000559547.jpg,FRONT,3,15,49651.5,489.9,-1,body7_self,rtmdet_ins_tiny,rtmdet_ins_tiny,26,0.7958,0.7775,0.7775,0,0.9623957198460705,0.9623957198460705,1.0,15,0,-0.3270185823734834,10,-1,0.7735205923809725
1226213,559547,000000559547.jpg,FRONT,3,15,49651.5,489.9,-1,aic_coco_self,gt_box,gt_box,,,1.0,1.0,0,0.9665645893170791,0.9665645893170791,1.0,15,0,-0.3349116249580564,10,-1,0.8139230012893677
1226213,559547,000000559547.jpg,FRONT,3,15,49651.5,489.9,-1,aic_coco_self,rtmdet_ins_tiny,rtmdet_ins_tiny,26,0.7958,0.7775,0.7775,0,0.9528597220428299,0.9528597220428299,1.0,15,0,-0.321210052066519,10,-1,0.7660515676526463
1227106,410456,000000410456.jpg,REAR,0,10,5540.4,178.1,-1,body7_official,gt_box,gt_box,,,1.0,1.0,0,0.13806626991948892,0.9585565297418412,1.0,7,1,0.3328009698239286,6,1,0.6845807380536023
1227106,410456,000000410456.jpg,REAR,0,10,5540.4,178.1,-1,body7_official,rtmdet_ins_tiny,rtmdet_ins_tiny,19,0.8883,0.9308,0.9308,0,0.134765465892396,0.9557367188772593,1.0,7,1,0.3327989774968215,6,1,0.6958938451374278
1227106,410456,000000410456.jpg,REAR,0,10,5540.4,178.1,-1,body7_self,gt_box,gt_box,,,1.0,1.0,0,0.13806626991948892,0.9585565297418412,1.0,7,1,0.3328009698239286,6,1,0.6845808134359472
1227106,410456,000000410456.jpg,REAR,0,10,5540.4,178.1,-1,body7_self,rtmdet_ins_tiny,rtmdet_ins_tiny,19,0.8883,0.9308,0.9308,0,0.134765465892396,0.9557367188772593,1.0,7,1,0.3327989774968215,6,1,0.6958939275320839
1227106,410456,000000410456.jpg,REAR,0,10,5540.4,178.1,-1,aic_coco_self,gt_box,gt_box,,,1.0,1.0,0,0.1377670181164839,0.9351473567922033,1.0,7,1,0.31730739236397804,6,1,0.6915007110904244
1227106,410456,000000410456.jpg,REAR,0,10,5540.4,178.1,-1,aic_coco_self,rtmdet_ins_tiny,rtmdet_ins_tiny,19,0.8883,0.9308,0.9308,0,0.14386066683525184,0.9495427778123972,1.0,7,1,0.3239462738839397,6,1,0.6819126132656547
1229463,388056,000000388056.jpg,REAR,0,10,14010.2,244.7,1,body7_official,gt_box,gt_box,,,1.0,1.0,0,0.9707910004127498,0.9707910004127498,1.0,10,0,-0.5597248438732745,8,1,0.8210587641772102
1229463,388056,000000388056.jpg,REAR,0,10,14010.2,244.7,1,body7_official,rtmdet_ins_tiny,rtmdet_ins_tiny,57,0.8885,0.9288,0.9288,0,0.9764283985861963,0.9764283985861963,1.0,10,0,-0.560539964225145,8,1,0.8242052372764138
1229463,388056,000000388056.jpg,REAR,0,10,14010.2,244.7,1,body7_self,gt_box,gt_box,,,1.0,1.0,0,0.9707910004127498,0.9707910004127498,1.0,10,0,-0.5597248438732745,8,1,0.8210586695110097
1229463,388056,000000388056.jpg,REAR,0,10,14010.2,244.7,1,body7_self,rtmdet_ins_tiny,rtmdet_ins_tiny,57,0.8885,0.9288,0.9288,0,0.9764283985861963,0.9764283985861963,1.0,10,0,-0.560539964225145,8,1,0.8242052092271692
1229463,388056,000000388056.jpg,REAR,0,10,14010.2,244.7,1,aic_coco_self,gt_box,gt_box,,,1.0,1.0,0,0.9760543661045441,0.9760543661045441,1.0,10,0,-0.561328741771114,8,1,0.8190359964090235
1229463,388056,000000388056.jpg,REAR,0,10,14010.2,244.7,1,aic_coco_self,rtmdet_ins_tiny,rtmdet_ins_tiny,57,0.8885,0.9288,0.9288,0,0.9766284625631938,0.9766284625631938,1.0,10,0,-0.5621168119499795,8,1,0.8326823711395264
1231358,12670,000000012670.jpg,FRONT,3,14,7830.5,196.2,-1,body7_official,gt_box,gt_box,,,1.0,1.0,0,0.9504305996576663,0.9504305996576663,1.0,13,0,-0.21301422844570114,6,-1,0.7988320343634662
1231358,12670,000000012670.jpg,FRONT,3,14,7830.5,196.2,-1,body7_official,rtmdet_ins_tiny,rtmdet_ins_tiny,75,0.8317,0.8830,0.8830,0,0.9608860361649403,0.9608860361649403,1.0,13,0,-0.214521983095958,6,-1,0.8078641856417936
1231358,12670,000000012670.jpg,FRONT,3,14,7830.5,196.2,-1,body7_self,gt_box,gt_box,,,1.0,1.0,0,0.9504305996576663,0.9504305996576663,1.0,13,0,-0.21301422844570114,6,-1,0.7988320203388438
1231358,12670,000000012670.jpg,FRONT,3,14,7830.5,196.2,-1,body7_self,rtmdet_ins_tiny,rtmdet_ins_tiny,75,0.8317,0.8830,0.8830,0,0.9608860361649403,0.9608860361649403,1.0,13,0,-0.214521983095958,6,-1,0.8078641225309933
1231358,12670,000000012670.jpg,FRONT,3,14,7830.5,196.2,-1,aic_coco_self,gt_box,gt_box,,,1.0,1.0,0,0.9582309626949832,0.9582309626949832,1.0,13,0,-0.2092007266556879,6,-1,0.8169555208262276
1231358,12670,000000012670.jpg,FRONT,3,14,7830.5,196.2,-1,aic_coco_self,rtmdet_ins_tiny,rtmdet_ins_tiny,75,0.8317,0.8830,0.8830,0,0.9552541507136587,0.9552541507136587,1.0,13,0,-0.20445437724396587,6,-1,0.8207710770999684
1234912,226417,000000226417.jpg,REAR,0,12,3503.7,119.0,1,body7_official,gt_box,gt_box,,,1.0,1.0,0,0.9912850432317036,0.9912850432317036,1.0,12,0,-0.3501328174538805,12,1,0.7211718313834247
1234912,226417,000000226417.jpg,REAR,0,12,3503.7,119.0,1,body7_official,rtmdet_ins_tiny,rtmdet_ins_tiny,14,0.9098,0.9524,0.9524,0,0.9884589759158254,0.9884589759158254,1.0,12,0,-0.3470878079561364,12,1,0.7203377835890826
1234912,226417,000000226417.jpg,REAR,0,12,3503.7,119.0,1,body7_self,gt_box,gt_box,,,1.0,1.0,0,0.9912850432317036,0.9912850432317036,1.0,12,0,-0.3501328174538805,12,1,0.7211717963218689
1234912,226417,000000226417.jpg,REAR,0,12,3503.7,119.0,1,body7_self,rtmdet_ins_tiny,rtmdet_ins_tiny,14,0.9098,0.9524,0.9524,0,0.9884589759158254,0.9884589759158254,1.0,12,0,-0.3470878079561364,12,1,0.7203377345029045
1234912,226417,000000226417.jpg,REAR,0,12,3503.7,119.0,1,aic_coco_self,gt_box,gt_box,,,1.0,1.0,0,0.9837713243725209,0.9837713243725209,1.0,12,0,-0.34185960351129424,12,1,0.7395409275503719
1234912,226417,000000226417.jpg,REAR,0,12,3503.7,119.0,1,aic_coco_self,rtmdet_ins_tiny,rtmdet_ins_tiny,14,0.9098,0.9524,0.9524,0,0.9862256941676758,0.9862256941676758,1.0,12,0,-0.34607983211485666,12,1,0.7350000283297371
1236407,127394,000000127394.jpg,FRONT,3,10,10559.6,172.6,-1,body7_official,gt_box,gt_box,,,1.0,1.0,0,0.9501296134101379,0.9501296134101379,1.0,9,0,-0.2212754332273792,4,-1,0.6463269012815812
1236407,127394,000000127394.jpg,FRONT,3,10,10559.6,172.6,-1,body7_official,rtmdet_ins_tiny,rtmdet_ins_tiny,7,0.8236,0.8977,0.8977,0,0.9528185275274483,0.9528185275274483,1.0,9,0,-0.2264405378450918,4,-1,0.6414550332462087
1236407,127394,000000127394.jpg,FRONT,3,10,10559.6,172.6,-1,body7_self,gt_box,gt_box,,,1.0,1.0,0,0.9501296134101379,0.9501296134101379,1.0,9,0,-0.2212754332273792,4,-1,0.646326918812359
